brand,year,mileage,engine_size,price
Nissan,2015,17021,2.2,28086
Hyundai,2021,74650,3.0,34336
Kia,2022,73120,2.9,10001
Chevrolet,2023,14740,2.5,11535
Nissan,2014,149391,3.3,14184
BMW,2016,91391,2.1,30533
Ford,2022,141314,2.7,14116
Nissan,2021,51169,3.8,29628
Kia,2014,68711,3.3,40809
Chevrolet,2020,58504,2.4,29026
Hyundai,2010,84630,2.8,11130
Kia,2021,119481,2.5,39352
Kia,2018,110619,1.7,24652
Ford,2012,119050,2.3,30257
Mazda,2011,17988,3.6,13821
Chevrolet,2019,83734,2.6,8146
Honda,2015,20995,2.9,23240
Kia,2017,109484,1.9,25684
Mazda,2011,145948,2.3,7593
Honda,2013,23537,3.8,26856
Chevrolet,2011,60160,2.2,16188
Toyota,2021,93295,2.1,30931
BMW,2021,131097,1.5,38543
Mazda,2018,141350,1.7,35084
Volkswagen,2019,15031,2.9,26119
Toyota,2022,67745,3.1,38502
BMW,2011,95389,3.1,7114
Ford,2019,91140,2.8,38941
Nissan,2011,110891,2.7,34829
Hyundai,2023,96455,1.6,14428
Volkswagen,2022,79442,3.6,32256
Ford,2014,113001,2.7,31812
Chevrolet,2021,56866,1.7,22625
Ford,2014,71883,1.8,25224
Nissan,2021,60237,2.7,15450
Chevrolet,2016,29553,2.0,17630
Volkswagen,2010,140940,3.8,40303
Nissan,2021,101441,2.7,14185
Honda,2011,140032,3.9,31946
Hyundai,2020,146016,3.3,42357
Volkswagen,2020,119147,3.5,39726
Honda,2015,120796,2.4,30551
BMW,2011,89599,1.7,23434
Volkswagen,2013,141832,3.2,40353
BMW,2019,112407,2.5,12620
Chevrolet,2015,121784,3.9,20286
Honda,2022,130893,1.9,37770
Hyundai,2021,38126,3.0,7843
Nissan,2016,35961,3.7,6267
Kia,2019,19088,2.4,7474
Ford,2014,143308,3.9,27020
Toyota,2017,108975,1.6,17117
Hyundai,2015,59967,2.9,15860
Honda,2014,92684,3.4,31687
Kia,2013,108278,1.9,22114
Hyundai,2015,56454,1.6,34992
Honda,2015,38843,1.6,40581
Mazda,2015,19433,2.2,42960
Mazda,2010,41245,2.0,22347
BMW,2015,87922,2.0,16385
Hyundai,2010,126074,2.6,8386
Mazda,2014,129407,1.6,11879
Honda,2016,19702,4.0,7497
BMW,2010,106125,3.2,18039
Honda,2022,49185,1.5,34476
BMW,2010,97393,3.2,7803
Hyundai,2022,79222,3.5,16825
Kia,2022,129018,1.9,6217
Nissan,2015,7416,3.6,5525
Volkswagen,2016,129236,3.0,12566
Kia,2015,96265,3.5,38048
Chevrolet,2014,122937,3.3,26961
Honda,2015,125003,3.2,24803
Chevrolet,2022,5207,1.8,41591
Kia,2023,81382,2.2,39489
BMW,2012,111968,2.8,44289
Volkswagen,2018,26511,1.7,23167
Volkswagen,2014,134633,2.6,35135
Toyota,2011,107660,2.6,30076
Volkswagen,2023,142096,2.0,18197
Nissan,2023,110909,1.9,21467
Volkswagen,2021,27759,2.0,16532
Kia,2019,97260,3.0,13225
Toyota,2019,66586,2.5,8799
Kia,2016,146869,2.5,24828
Kia,2012,64727,1.9,44734
Ford,2010,95557,3.4,25439
Toyota,2012,106085,3.2,10252
Kia,2018,47500,2.5,8032
Ford,2014,114266,1.8,42930
Ford,2016,24986,3.3,9199
Toyota,2012,45694,3.7,18328
Chevrolet,2013,117100,1.9,20448
BMW,2010,76036,3.0,37233
Nissan,2012,34666,2.5,30412
BMW,2016,141474,1.6,14769
Volkswagen,2013,42549,3.3,28438
Nissan,2011,132910,1.6,27464
Volkswagen,2023,114433,3.2,44614
Kia,2014,17099,2.1,24511
Honda,2014,119159,2.9,32306
Toyota,2011,116882,1.8,33241
Nissan,2020,27097,2.4,10313
Nissan,2015,75719,1.7,39677
Kia,2019,54094,2.6,13260
Chevrolet,2013,101596,2.0,15536
Ford,2023,21696,1.9,24642
Kia,2010,13354,1.7,31673
Mazda,2012,26880,3.4,12325
Ford,2023,113061,3.1,6149
Toyota,2018,86296,1.8,33377
Ford,2019,75304,2.6,29888
Chevrolet,2016,28951,3.1,44811
Ford,2022,118548,3.7,17549
Toyota,2015,23326,1.6,22004
Chevrolet,2023,38007,2.3,21977
BMW,2010,44232,3.0,32472
Nissan,2018,38439,1.4,19816
Nissan,2022,56771,2.0,38379
Volkswagen,2018,40229,3.3,35314
BMW,2010,56258,2.3,18144
BMW,2023,25532,1.6,19668
Ford,2022,77312,3.0,15159
Nissan,2022,145406,2.1,31654
Toyota,2015,124069,3.2,32579
Hyundai,2016,129945,3.7,12723
Hyundai,2011,33484,2.8,15646
Chevrolet,2019,33831,3.0,18799
Nissan,2017,34205,2.7,17928
Nissan,2017,77590,3.5,23311
Hyundai,2015,133609,2.0,25091
Nissan,2018,146440,2.4,8360
Ford,2012,26435,3.7,12886
Mazda,2011,119426,3.3,24259
Honda,2011,149466,2.2,6577
BMW,2015,105159,3.6,42065
Volkswagen,2016,133117,2.0,44483
Chevrolet,2015,119623,3.0,41201
Mazda,2020,101284,3.9,37653
Hyundai,2012,123117,2.9,37050
BMW,2014,59428,3.5,36730
Nissan,2017,14880,3.3,40192
Volkswagen,2015,93376,3.7,37666
Nissan,2011,142586,3.9,21917
Toyota,2016,42668,1.5,18785
Toyota,2017,50369,1.5,12615
Volkswagen,2013,54179,2.9,8454
Volkswagen,2021,53069,3.9,26527
Hyundai,2010,71565,2.7,16805
Volkswagen,2011,39764,3.6,16344
Ford,2013,53461,3.4,35614
Nissan,2016,38142,2.7,41640
Mazda,2011,49329,2.7,39273
Kia,2015,139117,2.5,15482
Volkswagen,2011,34713,2.1,20002
Chevrolet,2021,84374,3.6,14533
Toyota,2016,27659,1.9,6758
Ford,2011,142424,3.8,39712
BMW,2012,93566,2.3,26953
Kia,2018,103582,1.5,22939
Mazda,2022,46747,1.8,6602
Kia,2013,34623,3.7,23937
Volkswagen,2023,22716,1.7,13767
Hyundai,2014,148636,3.3,5869
Toyota,2018,24531,1.9,39093
Toyota,2016,45760,2.7,27971
BMW,2017,8449,1.9,9247
Hyundai,2020,103736,2.3,11050
Nissan,2012,38777,1.7,24990
Honda,2020,12279,2.8,32143
Ford,2020,10191,2.4,10333
Toyota,2013,79044,2.4,25111
Chevrolet,2016,10307,1.5,29517
Toyota,2013,140288,1.8,10606
Kia,2011,110100,3.2,15172
Toyota,2023,145199,2.2,20347
Toyota,2019,90438,2.5,25222
Honda,2015,115283,3.4,14534
Honda,2018,5495,2.6,30480
Mazda,2011,74128,2.0,15054
Nissan,2010,72768,2.8,42487
Chevrolet,2017,45816,3.5,17056
Toyota,2010,85203,3.0,21919
Toyota,2010,18000,2.5,20398
Ford,2012,142791,1.7,38454
Honda,2014,74981,2.0,25156
Chevrolet,2022,52941,3.9,44524
BMW,2021,105671,3.4,13929
Mazda,2018,44323,1.6,40681
Nissan,2020,147491,1.4,22171
Hyundai,2019,31403,1.9,22156
Nissan,2011,33298,3.9,29811
Kia,2021,42365,2.9,12546
Toyota,2021,94573,3.6,21061
Mazda,2010,77771,2.6,38457
Kia,2010,66966,3.5,12955
Chevrolet,2017,43056,1.5,26972
Hyundai,2019,61965,2.5,10267
Honda,2019,117618,2.4,30349
Mazda,2019,69237,4.0,35380
Mazda,2011,147267,2.2,29726
Toyota,2022,68539,2.5,34592
Volkswagen,2018,91315,3.4,33675
Mazda,2018,81202,3.7,31041
Ford,2011,90915,3.7,41787
Hyundai,2012,36709,2.4,9211
Hyundai,2011,119439,3.9,10986
Ford,2015,128000,3.1,40355
BMW,2016,45537,3.6,32635
Ford,2021,130981,3.8,41240
Ford,2015,35949,2.0,26883
Hyundai,2012,118290,2.7,25512
Nissan,2021,63529,2.9,28356
Hyundai,2012,68371,3.5,10084
Volkswagen,2021,55607,2.4,15096
Toyota,2011,55366,1.9,7060
Kia,2011,34871,3.3,12463
Nissan,2020,67284,2.9,24709
Honda,2021,113043,3.7,42222
Kia,2014,141762,3.1,38590
Toyota,2020,70116,1.4,23445
Volkswagen,2020,132086,3.9,32911
Volkswagen,2017,146105,2.9,29735
Honda,2015,78583,2.9,22290
Nissan,2018,9902,3.8,24170
BMW,2020,127793,3.1,37068
Ford,2014,137568,2.6,36788
Nissan,2019,66263,1.7,19788
BMW,2013,32664,3.9,36553
Volkswagen,2018,47203,1.6,32289
Hyundai,2021,9582,1.8,44709
Toyota,2019,34482,3.5,9428
Honda,2020,46476,2.7,36611
Toyota,2023,36872,1.9,6573
Chevrolet,2014,87754,2.1,16248
Chevrolet,2010,55716,4.0,15343
Nissan,2014,100363,2.9,41018
Volkswagen,2014,118195,2.4,34070
Volkswagen,2014,102143,3.7,39109
Ford,2022,32005,2.6,26088
Ford,2011,36475,2.2,7077
Ford,2022,38683,1.8,9529
Hyundai,2015,81810,3.3,22414
Kia,2014,51049,3.0,23214
Mazda,2011,104483,1.6,10564
Kia,2021,128045,2.9,30290
Toyota,2019,117177,1.8,10028
Kia,2023,35288,4.0,28860
Hyundai,2017,117880,2.1,13781
Toyota,2015,128060,3.2,24094
Kia,2020,96428,3.1,26881
Hyundai,2019,125800,3.2,13378
Mazda,2021,30682,2.5,14243
Kia,2020,72125,1.6,14559
Hyundai,2012,89406,3.9,9786
Ford,2018,79215,1.9,23129
Volkswagen,2022,144875,3.4,32843
Ford,2020,57572,1.8,33886
Volkswagen,2020,124896,2.1,12880
Honda,2023,65538,2.9,11258
Honda,2013,112893,2.5,9898
Honda,2012,110518,3.9,30738
Mazda,2016,48153,3.6,42942
Ford,2021,53657,3.8,30169
Volkswagen,2022,145601,3.1,40353
Hyundai,2023,53208,2.0,30085
Toyota,2017,80928,2.7,24952
Hyundai,2016,122555,3.4,8609
Toyota,2010,140655,1.6,5312
Chevrolet,2010,31690,3.6,16485
Hyundai,2022,146400,3.0,25046
Kia,2014,92174,3.3,37750
Kia,2023,21238,3.2,12208
Nissan,2017,61235,3.6,27516
Ford,2023,133596,1.6,35098
Toyota,2019,21761,2.4,39559
Toyota,2020,147248,2.7,33705
Ford,2012,109245,2.8,18157
Mazda,2017,104450,3.9,32048
Nissan,2012,53329,1.5,29407
Mazda,2013,30639,3.7,41817
Mazda,2019,118733,2.8,22993
Mazda,2016,37657,2.8,42379
Ford,2012,43217,2.2,42822
Mazda,2013,88383,3.1,18332
Kia,2017,22900,3.1,18119
Honda,2013,16242,1.9,35873
Chevrolet,2018,101609,3.2,20205
Toyota,2013,69930,2.1,11094
Toyota,2022,98722,3.2,34591
Chevrolet,2023,130272,3.0,14737
Ford,2013,126208,3.3,20824
Hyundai,2022,18606,1.5,13223
Ford,2014,12421,1.7,7632
Toyota,2010,60729,3.6,11376
Toyota,2016,7548,2.4,42262
Chevrolet,2018,12252,3.6,28042
Mazda,2021,83385,1.6,37871
Ford,2018,117131,3.4,11178
Volkswagen,2010,126328,1.6,38394
Chevrolet,2015,142817,2.6,44221
Kia,2012,43049,3.8,36436
Toyota,2013,145712,1.6,31009
Chevrolet,2017,133956,2.3,34266
Ford,2013,112118,2.7,12521
Toyota,2017,58568,3.7,43690
Hyundai,2013,71045,2.3,17955
Chevrolet,2018,77351,3.5,21124
Nissan,2015,112560,3.3,8696
Toyota,2010,63312,2.2,21762
Ford,2022,47398,2.3,24599
Honda,2019,65865,1.9,33591
Volkswagen,2011,107175,3.2,25722
BMW,2016,125201,2.9,8920
Mazda,2019,83812,1.8,22099
BMW,2016,110468,3.0,40733
Ford,2012,139572,2.7,18323
Kia,2010,56351,1.6,8641
Kia,2017,148618,3.9,28334
Honda,2022,45526,3.6,26253
Mazda,2022,109374,1.6,32655
Nissan,2019,5229,3.8,43454
Honda,2023,36879,3.8,30949
BMW,2020,101654,1.5,11204
Honda,2020,140789,1.9,24709
BMW,2019,83771,3.2,7386
Toyota,2016,10189,3.8,12005
Kia,2019,132029,3.5,27488
Toyota,2017,91859,2.1,40119
Volkswagen,2010,126383,1.5,40434
Mazda,2023,82508,2.6,43263
Nissan,2012,110498,1.6,11427
BMW,2022,137937,2.0,16297
Nissan,2011,126389,3.1,20672
BMW,2010,140612,2.7,16842
Ford,2014,84132,2.4,13671
Honda,2012,85922,3.8,11762
Volkswagen,2019,69761,1.9,44843
Kia,2017,62276,2.7,13834
BMW,2015,108793,2.9,35553
Nissan,2019,109389,2.2,21329
Volkswagen,2023,74721,3.2,28615
Hyundai,2018,41994,3.7,8687
Hyundai,2018,95016,2.8,20302
Toyota,2020,123569,3.4,42945
Kia,2015,12692,1.6,21213
Ford,2011,131728,1.8,18875
Nissan,2018,139229,2.6,18578
Honda,2011,84241,3.8,36620
Honda,2012,90016,2.8,30925
Nissan,2015,97235,2.5,35278
Mazda,2011,100106,3.0,44279
Ford,2014,17793,1.7,5590
Volkswagen,2011,91169,3.1,35088
BMW,2021,133929,1.6,28531
Mazda,2013,20637,2.9,30259
BMW,2020,90331,3.3,15901
BMW,2020,99058,2.5,28349
Mazda,2012,79774,3.8,39740
Toyota,2014,135479,1.8,21317
Hyundai,2015,114422,1.8,44345
BMW,2022,53179,2.7,39922
Mazda,2016,126170,3.8,23457
Mazda,2019,145328,2.4,9008
Chevrolet,2017,59947,3.8,7686
Toyota,2018,136589,3.2,29199
Kia,2023,130334,3.4,28575
Chevrolet,2013,92138,3.8,20335
Chevrolet,2013,19676,2.9,13460
Nissan,2016,146853,3.1,7378
Hyundai,2021,89192,2.9,42610
Mazda,2019,105612,3.4,10261
Hyundai,2019,69758,2.1,24501
Ford,2020,54962,3.4,43638
Nissan,2018,50528,3.3,35860
Kia,2020,144340,3.0,10271
Hyundai,2011,111212,1.5,32023
Honda,2022,53139,3.4,26020
BMW,2020,149299,1.7,7066
Ford,2015,48701,3.9,33603
Toyota,2019,100238,1.6,8550
Kia,2019,76925,3.3,13412
Ford,2017,67425,2.3,29144
BMW,2022,114724,3.3,38350
Nissan,2014,50229,2.7,29293
BMW,2014,90478,3.0,25804
Chevrolet,2017,30268,1.6,28162
BMW,2010,67448,3.9,34167
Chevrolet,2015,147301,1.4,36181
Nissan,2019,50292,3.8,23810
Volkswagen,2022,11300,2.9,13380
Chevrolet,2018,44934,2.1,17736
Toyota,2021,70873,3.1,22025
BMW,2015,149517,3.1,36068
BMW,2016,6867,3.3,9793
Toyota,2013,99117,1.4,42704
Honda,2021,140714,4.0,9123
Mazda,2019,135230,3.0,11816
Volkswagen,2010,107190,2.4,8667
Kia,2018,13352,2.9,40614
Chevrolet,2021,138108,1.9,16311
Toyota,2015,19722,2.0,24838
Nissan,2012,53324,1.6,6018
Chevrolet,2013,64085,3.7,30132
Mazda,2019,113003,2.1,30122
Nissan,2021,133501,3.3,8492
Ford,2015,96487,2.1,6594
BMW,2015,7281,1.8,6944
Ford,2021,101231,1.7,13879
Chevrolet,2018,137673,3.6,15325
Mazda,2013,114976,1.7,34331
Volkswagen,2014,137371,1.6,7958
Chevrolet,2014,63054,1.4,42992
Toyota,2012,100684,2.4,19513
Hyundai,2011,118052,3.9,15448
Chevrolet,2017,101633,3.8,34764
BMW,2019,106185,1.7,5910
BMW,2018,121505,1.4,16326
Chevrolet,2019,89118,3.4,10290
Nissan,2020,139404,2.2,36101
Hyundai,2022,114970,3.6,22717
Toyota,2018,68455,2.0,21058
Chevrolet,2023,105481,2.7,43904
Nissan,2014,43809,1.5,30599
BMW,2020,100264,3.7,37930
BMW,2018,85068,1.9,31474
Mazda,2013,44828,2.2,40450
Chevrolet,2011,96181,2.6,26565
Hyundai,2012,50329,2.1,41606
Honda,2010,20956,1.5,30743
Hyundai,2014,68756,1.5,25879
BMW,2010,108250,3.9,35559
BMW,2021,85604,2.2,17831
Ford,2020,92745,2.3,13549
BMW,2010,67809,3.8,15277
Toyota,2023,92964,3.6,22062
Kia,2020,9089,3.2,21829
Chevrolet,2020,35788,3.1,20806
Hyundai,2022,97959,3.5,39408
Kia,2016,84535,1.8,11159
Nissan,2011,79478,3.1,29629
Honda,2017,139322,1.7,29317
Toyota,2015,60714,1.7,26228
Hyundai,2013,90358,2.0,41750
Kia,2018,85037,3.2,22155
Honda,2019,60509,3.7,28076
Ford,2017,15768,3.2,28952
Toyota,2022,129751,2.5,20312
Toyota,2019,69684,2.7,11831
Ford,2012,125834,3.3,32370
Chevrolet,2012,124678,3.0,16712
Ford,2013,23167,2.8,21692
Toyota,2023,53505,2.0,15385
Toyota,2018,10117,3.0,24238
Kia,2018,45706,1.4,10580
BMW,2014,146405,2.9,24874
Honda,2021,19922,3.5,42192
Ford,2018,89053,1.9,39128
Honda,2015,62861,1.7,38550
Ford,2017,7477,3.9,19920
Nissan,2020,91878,3.6,12014
Toyota,2017,11137,2.2,17050
BMW,2021,40644,1.9,38751
Kia,2019,103346,2.3,20038
BMW,2016,133823,2.5,30369
BMW,2013,144667,3.5,14973
BMW,2013,51261,2.0,5771
Honda,2015,113712,3.3,12312
Ford,2023,93266,3.8,20488
Volkswagen,2018,110153,2.4,22097
Nissan,2016,142758,1.5,32254
Hyundai,2014,68039,3.6,40946
BMW,2014,64737,3.2,40938
Chevrolet,2017,99649,1.8,42769
Honda,2015,55029,3.0,32312
Kia,2010,39654,3.5,13590
Hyundai,2010,88032,1.9,31668
Volkswagen,2018,77988,2.0,27841
Chevrolet,2017,134694,1.9,42029
Volkswagen,2015,31474,4.0,24970
Hyundai,2022,102409,2.0,26495
BMW,2010,126483,2.1,9976
Chevrolet,2023,19426,1.5,43359
Volkswagen,2011,131689,4.0,42562
Kia,2019,35541,2.0,32232
Ford,2012,125646,3.3,31814
Toyota,2019,79916,1.5,32395
Ford,2021,130475,3.4,38004
Hyundai,2012,82340,3.4,41540
Honda,2011,96092,1.6,13723
Toyota,2021,141037,1.7,25308
Nissan,2011,127400,2.2,40472
Kia,2015,72468,2.3,30153
Nissan,2016,19213,3.4,41757
Chevrolet,2013,29839,1.6,7481
Toyota,2010,35325,3.1,32077
Nissan,2015,96583,2.0,37536
Nissan,2016,15207,2.4,8198
Volkswagen,2013,100971,1.4,11134
Ford,2015,108318,2.2,42290
Volkswagen,2018,22684,1.8,26904
Toyota,2013,8373,2.7,11564
Toyota,2021,95685,1.8,34107
Hyundai,2023,113033,3.6,8662
Volkswagen,2019,104687,3.7,7329
Mazda,2013,20178,3.6,34080
Ford,2019,30956,4.0,28966
Toyota,2021,123225,3.8,24357
Hyundai,2014,45692,2.1,15608
Volkswagen,2012,49119,2.2,12589
Ford,2019,96635,2.8,8707
Volkswagen,2011,9991,2.4,16860
Nissan,2018,10202,3.9,37667
Hyundai,2022,132492,2.3,28923
Ford,2010,25316,3.3,36716
BMW,2014,34695,2.9,25380
Chevrolet,2014,139694,3.9,13151
Chevrolet,2017,120152,3.3,10732
Ford,2015,62132,2.2,14285
Volkswagen,2015,6610,1.9,12017
Hyundai,2015,131092,3.6,17132
Chevrolet,2013,100862,3.8,38182
Hyundai,2010,7602,3.6,19392
Chevrolet,2012,97295,3.3,26933
Nissan,2022,60625,2.2,16393
Volkswagen,2022,90720,2.7,15833
Nissan,2019,111464,3.8,17337
Chevrolet,2021,85934,1.8,13123
BMW,2020,20903,2.7,38576
BMW,2015,147381,2.3,41337
Nissan,2014,13070,3.2,5205
BMW,2019,126378,3.0,11233
Chevrolet,2010,38217,2.9,31482
Ford,2014,134301,2.1,5169
Nissan,2011,99961,1.8,6423
Honda,2010,66305,3.4,34861
Volkswagen,2013,20106,4.0,38164
BMW,2015,38837,1.8,16450
BMW,2016,9017,1.6,28815
Toyota,2018,34420,3.3,18398
Mazda,2014,106123,2.3,40124
Nissan,2017,18582,2.0,34386
Kia,2017,84403,2.8,19070
BMW,2020,112686,3.2,21114
Volkswagen,2018,86483,2.0,13471
Honda,2012,82468,4.0,42064
BMW,2012,147057,2.3,9586
Honda,2018,142447,2.2,6994
Chevrolet,2016,20805,2.5,42161
Chevrolet,2013,22107,3.3,13639
Mazda,2010,78071,3.7,32738
Ford,2016,11846,2.2,13012
Kia,2019,74685,1.7,11204
Toyota,2015,34925,2.1,20158
Mazda,2012,58989,1.6,38219
Hyundai,2023,118333,3.0,21235
Toyota,2014,73748,3.3,8864
Nissan,2012,101080,2.5,29774
Volkswagen,2017,102601,3.9,28351
Hyundai,2014,97601,3.3,11119
Hyundai,2019,27694,2.4,30750
Mazda,2019,142114,1.7,24495
Ford,2015,144085,2.7,17658
Mazda,2011,36285,2.7,15232
Nissan,2017,47446,2.8,17764
BMW,2018,57679,3.2,9153
BMW,2012,95184,2.1,40363
Ford,2022,8754,1.4,36996
Nissan,2015,16187,3.5,13905
Ford,2015,119311,3.5,15478
Honda,2011,71082,3.8,27911
BMW,2019,110654,3.9,36911
Hyundai,2017,116693,1.8,13087
Kia,2014,105272,2.3,23132
Volkswagen,2020,9516,3.6,23732
Nissan,2020,71795,3.8,8948
Toyota,2017,28376,1.4,19938
Ford,2023,94676,2.4,38349
Volkswagen,2022,89853,1.7,19040
Toyota,2023,73045,3.4,35713
Volkswagen,2017,49968,3.3,23785
Kia,2021,148336,3.4,38408
Toyota,2012,132560,2.4,17920
Mazda,2014,31365,2.5,44093
Chevrolet,2016,68913,2.1,20484
Mazda,2014,101100,2.3,21493
BMW,2015,61350,4.0,8457
Chevrolet,2011,21588,1.5,33393
Mazda,2017,135804,2.2,44075
Chevrolet,2014,98606,3.5,15342
Chevrolet,2015,77585,2.4,34075
Hyundai,2010,61989,3.9,44979
Ford,2019,9737,2.3,43027
Ford,2011,55257,3.6,18093
Hyundai,2020,86563,3.5,18980
Volkswagen,2013,15015,1.4,37562
Honda,2020,64991,2.4,7460
Volkswagen,2018,41965,2.1,23166
Toyota,2015,119776,2.6,13161
Toyota,2017,68386,2.6,28376
Chevrolet,2011,132583,3.8,13723
Mazda,2019,113702,1.9,31270
Mazda,2014,57337,1.9,18342
Ford,2021,17573,1.7,23655
Nissan,2021,22248,3.3,22910
Volkswagen,2022,111550,3.8,41394
BMW,2010,124359,2.4,15748
Kia,2013,97192,1.6,26866
Mazda,2019,21941,1.8,5709
Kia,2010,83554,1.7,15143
Chevrolet,2020,149160,2.9,37485
Kia,2020,91211,2.1,40854
BMW,2018,21124,3.7,26971
Hyundai,2011,8819,1.8,32403
BMW,2016,100822,3.8,17008
Kia,2012,16164,2.3,11636
BMW,2023,37701,3.7,38693
Honda,2011,120295,3.9,24292
Chevrolet,2022,112747,4.0,36645
Volkswagen,2013,41603,3.5,39237
Hyundai,2016,127857,1.7,30576
Mazda,2016,9235,1.5,25752
Toyota,2018,129558,3.3,11038
Volkswagen,2021,17015,3.7,6048
Toyota,2022,19601,1.8,42620
Chevrolet,2012,12509,3.8,32461
Hyundai,2016,45975,3.0,36989
Ford,2015,46520,1.7,41308
Mazda,2019,40693,1.8,12957
Honda,2016,31959,1.6,10840
Ford,2016,5909,1.8,23947
Chevrolet,2019,85041,3.3,39873
Volkswagen,2014,108312,2.0,7219
Honda,2018,136190,2.9,35992
BMW,2016,73649,3.3,26940
Kia,2016,114556,3.7,16538
Honda,2021,109457,2.9,26333
Chevrolet,2023,85301,2.9,10688
Nissan,2012,23480,3.8,41174
Kia,2010,12944,2.2,31923
Toyota,2023,40022,1.9,44832
Mazda,2023,95625,3.7,36740
Toyota,2014,53707,1.6,26561
Honda,2017,33708,1.9,14483
Toyota,2014,63823,2.5,21415
Chevrolet,2019,43399,2.3,7478
BMW,2012,129420,3.2,6961
Volkswagen,2018,123431,1.6,43488
Mazda,2011,25838,2.6,27578
Toyota,2012,49035,3.5,26288
Toyota,2021,35294,3.2,9990
Honda,2013,133557,3.0,11740
Volkswagen,2019,79233,2.0,35148
Ford,2010,141700,2.4,40879
Toyota,2020,108217,1.9,35261
Chevrolet,2013,115367,2.7,8025
Nissan,2013,75254,2.9,43052
Mazda,2018,24060,3.0,34611
Toyota,2017,136168,3.7,27865
Chevrolet,2011,88883,1.6,15100
Chevrolet,2022,100932,2.4,15763
Mazda,2016,127455,2.9,22812
Ford,2015,16058,2.9,30629
Chevrolet,2016,148290,1.5,25776
Nissan,2020,65325,1.9,44758
Chevrolet,2013,95540,3.6,6947
Chevrolet,2023,51622,2.7,21989
Chevrolet,2023,49741,2.5,11575
BMW,2014,51908,3.7,40704
BMW,2015,121455,1.6,40546
Ford,2018,108468,3.8,27031
Toyota,2011,96628,1.5,17171
Chevrolet,2020,71875,2.9,17779
Volkswagen,2018,53316,2.8,44843
Toyota,2019,148358,3.1,39702
Ford,2010,68539,1.5,24090
Hyundai,2013,34235,2.8,5729
Toyota,2021,30552,1.7,15186
Toyota,2014,18629,1.8,18211
Kia,2018,51489,2.0,19191
Honda,2015,109770,3.0,11570
Kia,2013,100461,2.4,44764
Nissan,2011,108767,1.6,44807
BMW,2014,148915,2.2,31924
BMW,2017,102571,1.6,9134
Honda,2017,28988,3.1,20326
Mazda,2015,120958,2.8,13782
Mazda,2020,103219,2.5,26464
Ford,2010,38301,3.8,8223
Honda,2017,85513,2.7,38708
Toyota,2013,144023,3.7,24747
Mazda,2023,96607,2.9,34547
Chevrolet,2011,80101,2.4,28043
Volkswagen,2010,33715,2.8,26184
Toyota,2016,57975,1.8,26386
Nissan,2011,42109,3.2,43552
Chevrolet,2022,81870,4.0,19897
Chevrolet,2013,119372,2.0,41721
Honda,2013,130085,2.2,7611
Ford,2022,24369,2.5,35981
Nissan,2019,115150,2.7,29277
Mazda,2010,65216,3.3,39574
Honda,2011,118886,1.8,6653
Mazda,2010,69305,2.2,39236
Honda,2015,23506,2.8,6404
Honda,2022,77232,2.9,42150
Honda,2012,8981,2.8,7593
Ford,2010,87391,2.5,16844
Honda,2021,24789,3.2,41801
Hyundai,2017,136380,1.9,28930
Volkswagen,2023,98046,2.1,35091
Mazda,2021,99908,2.6,36725
Toyota,2023,31497,3.2,30869
Kia,2013,101060,1.6,34514
Nissan,2019,149438,1.7,43366
BMW,2016,42649,3.4,43112
Ford,2019,91117,2.1,18913
Toyota,2011,29105,3.9,41278
Chevrolet,2015,24843,3.9,38826
Hyundai,2015,115250,3.2,15266
BMW,2016,131000,3.3,26124
Kia,2021,111643,3.1,16338
Toyota,2010,125606,1.9,22330
BMW,2023,135258,2.7,13934
Toyota,2021,26457,3.5,36323
Hyundai,2010,55222,3.4,39163
Kia,2011,98857,3.7,40011
Chevrolet,2023,91245,3.7,39422
Honda,2020,73907,2.1,17200
Mazda,2011,5157,3.3,40343
Chevrolet,2014,86568,3.1,40444
Honda,2010,63266,3.7,18609
Ford,2020,139390,1.9,23835
Volkswagen,2011,126399,3.3,33861
Nissan,2015,110525,2.5,26875
Nissan,2012,79493,2.4,11587
Mazda,2013,73148,1.5,22704
Kia,2010,148092,3.9,6408
Hyundai,2014,83309,3.2,36247
Kia,2013,35247,2.9,26813
Hyundai,2017,5443,2.1,20388
Kia,2012,43741,3.1,28239
Volkswagen,2019,7910,3.9,6217
Ford,2010,49169,1.8,43637
Ford,2023,105105,4.0,11807
Honda,2022,22309,2.5,29638
BMW,2019,99499,3.9,33471
Ford,2014,100441,3.0,32117
Ford,2023,119360,2.2,40085
Chevrolet,2010,63095,2.4,41788
Chevrolet,2020,7922,2.2,23090
Honda,2014,63006,2.3,22536
BMW,2018,32771,3.1,26365
Mazda,2014,145848,1.4,13831
Chevrolet,2011,42772,3.9,44562
Mazda,2022,58371,3.4,15387
Toyota,2011,127947,3.8,28630
Chevrolet,2019,80494,3.3,39011
Volkswagen,2018,141647,2.7,28368
BMW,2021,133345,1.9,23835
Honda,2023,56105,2.7,13126
Toyota,2014,56720,3.3,14806
BMW,2020,117498,3.6,12273
Volkswagen,2017,59080,2.2,14312
BMW,2019,86393,2.7,44389
Volkswagen,2013,37309,3.0,25303
Volkswagen,2011,132984,2.9,7608
Mazda,2013,38368,1.5,22829
Kia,2021,98278,2.7,8799
Toyota,2020,82670,3.5,20770
BMW,2013,130689,3.5,14540
Hyundai,2020,133450,2.7,31068
Toyota,2018,16580,3.9,16690
Kia,2019,25966,3.5,28906
Toyota,2020,89615,3.3,33997
Ford,2015,20231,2.7,23440
Hyundai,2019,147912,2.9,24436
Kia,2015,138124,2.0,34786
Mazda,2014,38399,2.8,23717
BMW,2015,137826,2.8,18454
Nissan,2010,126708,1.9,34395
Kia,2022,80306,3.9,14142
Honda,2014,136097,2.0,23209
BMW,2021,146473,1.7,40155
Kia,2015,118172,2.6,11962
Ford,2017,11553,3.2,20451
Nissan,2013,76295,1.9,39022
Ford,2023,12755,1.9,41376
Nissan,2014,108300,2.1,43026
Honda,2013,102910,2.2,5881
BMW,2016,43409,2.0,29346
Mazda,2019,102904,2.6,34333
Ford,2015,60049,1.4,29928
Ford,2023,51669,1.6,15278
Volkswagen,2013,77905,3.3,38864
Nissan,2015,140869,2.5,12029
Chevrolet,2022,135216,2.3,9117
BMW,2013,83053,1.4,24745
Nissan,2021,21943,2.2,24267
Volkswagen,2017,113374,3.5,16706
Toyota,2020,31831,2.3,22844
Nissan,2012,47044,3.9,35056
Mazda,2017,123602,2.4,15210
BMW,2022,29814,2.6,15965
Volkswagen,2011,78586,3.5,9149
Toyota,2015,64439,4.0,8653
Hyundai,2017,43355,2.4,21480
Volkswagen,2010,64389,1.7,14076
Hyundai,2015,20784,2.8,41487
BMW,2018,139755,2.9,21262
Ford,2022,78932,3.9,11461
Volkswagen,2019,143419,2.5,18681
Honda,2019,90520,1.6,44986
Hyundai,2011,93563,3.1,11430
Mazda,2020,88133,1.5,42513
Honda,2022,61499,2.5,41435
Kia,2010,19072,2.5,33914
Kia,2011,17026,2.1,43178
Toyota,2014,57832,3.9,38180
Ford,2015,129559,2.4,15461
BMW,2010,45966,3.7,31464
Volkswagen,2016,36041,2.7,14063
Chevrolet,2020,101523,3.5,35448
Mazda,2013,108810,2.6,28521
Hyundai,2018,72673,4.0,22889
BMW,2015,127343,3.1,5095
Honda,2018,95044,1.8,21608
Kia,2010,59100,1.4,16609
Mazda,2013,86156,3.8,18278
Chevrolet,2011,85359,3.2,28835
Volkswagen,2015,107169,1.7,39469
Toyota,2013,125136,3.3,25203
Chevrolet,2018,107800,2.0,13329
Mazda,2023,124140,3.5,16117
Chevrolet,2012,105850,3.0,20075
Mazda,2010,95230,1.7,9690
Mazda,2020,77750,1.6,26019
Nissan,2022,149382,2.6,25164
Hyundai,2020,105699,3.8,36831
Kia,2010,94591,2.9,37116
Nissan,2021,137774,3.4,24065
Volkswagen,2018,62873,2.6,35086
Nissan,2018,19537,2.4,14729
Ford,2014,86428,3.5,21106
Ford,2011,33544,2.6,16529
Kia,2018,70549,1.8,27609
Chevrolet,2022,126875,2.1,26193
Hyundai,2021,56955,2.9,40173
Kia,2022,115024,2.4,37948
Mazda,2017,7169,2.4,43402
Honda,2022,115064,3.1,34686
Hyundai,2020,15423,3.1,19895
Hyundai,2019,98988,2.2,30735
Mazda,2019,13017,2.3,10384
Mazda,2015,37948,3.4,5202
Toyota,2016,96529,3.8,26985
Kia,2021,106768,2.2,6120
Mazda,2015,82147,2.2,8958
Ford,2014,37219,2.1,37861
Volkswagen,2013,120217,1.8,30615
Honda,2016,84601,2.4,26963
Kia,2013,105494,2.7,5210
BMW,2019,114713,2.8,33691
Ford,2019,29869,3.2,29596
Chevrolet,2019,76164,1.5,44605
Mazda,2018,34093,2.9,41111
BMW,2014,122299,2.1,18334
Mazda,2017,73925,2.0,5107
Hyundai,2021,106367,3.5,26315
Ford,2022,60553,1.8,10796
Hyundai,2021,62279,2.3,23455
Toyota,2021,40608,3.1,37572
Hyundai,2015,65840,3.1,24207
Toyota,2013,15770,1.5,35236
Toyota,2021,60461,1.6,7162
BMW,2012,31627,3.1,27921
Mazda,2020,11146,3.9,38719
Chevrolet,2015,93481,4.0,7667
Hyundai,2010,64753,4.0,33309
Ford,2011,95480,2.3,34449
Toyota,2016,57079,2.0,24027
Mazda,2013,122081,1.7,35099
Honda,2014,63074,2.2,18914
Kia,2020,87816,2.1,24557
BMW,2019,99771,2.9,33937
Chevrolet,2010,18322,2.4,37039
Nissan,2011,12747,2.0,9341
BMW,2013,122068,3.0,5810
Honda,2017,102748,2.2,6010
Kia,2019,119702,2.3,34847
Honda,2013,63697,3.0,18685
Hyundai,2023,40903,1.7,17958
Toyota,2012,47207,3.4,20854
Chevrolet,2012,117352,3.9,13189
Volkswagen,2021,55812,2.7,23234
Toyota,2014,39531,2.9,6141
Volkswagen,2012,65032,2.4,9030
Kia,2017,106058,3.9,12541
Mazda,2014,96040,1.7,36946
Nissan,2021,78637,3.5,41844
Ford,2023,55578,3.1,33484
Toyota,2021,75744,3.5,25678
Chevrolet,2023,80961,3.9,22150
Honda,2016,33485,2.7,6100
Chevrolet,2020,103059,2.1,8497
Kia,2017,149254,3.4,14886
Volkswagen,2014,19480,3.6,19092
Honda,2017,68094,3.2,22856
Ford,2021,106107,3.6,28664
Ford,2012,109513,3.3,18862
Toyota,2023,40061,3.9,31464
Kia,2021,88545,2.9,35718
Mazda,2016,20789,2.4,42161
Kia,2017,125497,3.2,17667
Volkswagen,2016,103875,1.6,37934
Chevrolet,2023,31287,2.7,15601
Ford,2011,20014,3.4,24909
Chevrolet,2017,144646,1.8,27120
Chevrolet,2015,22467,2.4,7806
Chevrolet,2019,92450,2.3,9552
Ford,2012,82897,2.3,22242
BMW,2013,125118,3.1,31264
Hyundai,2016,90417,2.7,40592
Volkswagen,2012,26880,3.5,21034
BMW,2010,124618,1.6,34466
Volkswagen,2015,57546,2.6,24692
Honda,2012,129083,1.4,27514
Kia,2020,120461,2.0,14642
Kia,2019,49016,3.4,29636
Nissan,2015,30979,1.7,43596
Kia,2019,66516,1.7,40727
Ford,2021,53741,2.4,9187
Mazda,2012,62133,3.4,30473
Toyota,2015,18360,3.1,38737
Nissan,2020,71939,3.4,7578
Toyota,2013,41088,1.5,42881
Volkswagen,2022,85318,2.9,14211
Toyota,2013,143492,2.6,35651
Toyota,2019,94059,3.7,6653
Nissan,2019,38637,3.3,37111
Honda,2020,36453,2.5,6260
Chevrolet,2011,145347,2.8,8362
Kia,2023,96337,2.5,10480
Kia,2013,53162,2.5,36881
Ford,2020,37199,3.0,32247
Nissan,2021,22572,2.0,31865
Ford,2013,141219,2.3,25771
Mazda,2020,8443,2.1,37631
Mazda,2016,99521,3.5,30335
Ford,2014,76220,3.8,40893
Nissan,2017,18595,2.5,11671
Ford,2016,71857,1.6,41913
Kia,2019,19810,1.6,16038
BMW,2018,142812,2.4,27716
Hyundai,2017,37712,2.4,16776
Toyota,2018,10468,1.8,24632
Hyundai,2010,132611,3.5,19554
Nissan,2019,134468,2.7,32282
Hyundai,2022,84054,1.7,28247
Mazda,2021,17704,1.7,43143
Volkswagen,2012,70974,2.6,16064
Toyota,2014,70700,1.7,19983
Chevrolet,2018,141750,2.9,7237
Nissan,2017,134443,2.4,10967
Toyota,2023,69882,3.8,39251
Hyundai,2019,106654,2.5,26512
Mazda,2016,40297,3.0,44791
Honda,2011,33753,3.5,18991
BMW,2020,115710,2.2,35180
Chevrolet,2015,90765,2.7,18500
BMW,2013,141828,1.7,44958
Toyota,2014,65630,2.5,5296
Mazda,2023,107897,2.4,21022
Mazda,2014,36256,2.5,26459
Hyundai,2022,60814,1.7,6775
Kia,2013,37961,2.4,21394
Hyundai,2013,34731,3.7,24597
Kia,2013,11401,3.8,15758
Kia,2020,127992,2.0,10242
Chevrolet,2011,129197,2.2,42307
Hyundai,2010,105041,1.4,33183
Honda,2021,66012,1.7,36462
Ford,2011,147432,2.3,14091
Ford,2016,69357,3.2,26742
Hyundai,2021,37235,2.2,27682
Hyundai,2010,86395,1.6,16197
BMW,2015,15428,3.3,17725
Chevrolet,2013,90171,2.6,31056
Hyundai,2011,82660,2.7,12616
BMW,2012,118020,2.2,11759
Kia,2016,44633,3.0,34534
Mazda,2015,127104,3.7,13806
Mazda,2015,19407,2.8,19166
Kia,2017,78860,2.9,28490
Nissan,2017,12407,2.4,30785
BMW,2015,42433,1.6,9783
BMW,2010,9220,2.5,25377
Kia,2019,82267,3.8,15143
Honda,2022,127262,3.2,44428
Volkswagen,2016,27554,2.7,5521
Toyota,2017,82021,3.0,41383
Kia,2014,70847,2.9,19268
Hyundai,2022,97541,3.8,6620
Hyundai,2020,108738,2.0,33585
Chevrolet,2013,86103,3.7,27385
Kia,2016,55748,3.2,5504
Chevrolet,2021,38518,1.7,13086
Kia,2021,54257,2.4,24848
BMW,2020,11934,2.5,11198
Toyota,2022,79787,1.6,42511
BMW,2015,100781,2.8,28531
Volkswagen,2021,82895,2.1,28607
Mazda,2015,148927,2.6,30526
Ford,2023,122926,2.5,14965
Kia,2012,22628,2.8,31442
Volkswagen,2020,28249,3.6,13247
Mazda,2019,138347,3.4,17451
Nissan,2013,128332,3.7,29465
Toyota,2014,5765,2.9,25254
Chevrolet,2018,88417,3.0,7536
Chevrolet,2017,122526,2.5,28139
BMW,2012,103793,3.3,29562
Hyundai,2015,31999,1.9,37914
Mazda,2019,114792,2.6,35101
Nissan,2010,145367,3.3,9290
Volkswagen,2012,127500,3.4,21841
Toyota,2019,133685,2.0,34100
Mazda,2023,129479,1.9,13386
Nissan,2021,98393,2.2,35330
Ford,2016,110768,3.8,37504
Kia,2016,34867,1.7,33068
Chevrolet,2011,131040,3.9,39865
Volkswagen,2012,115441,4.0,12437
Chevrolet,2016,128105,3.4,10723
Volkswagen,2021,11286,3.4,37285
BMW,2015,116299,3.9,33792
Hyundai,2022,140221,2.2,28194
Volkswagen,2016,109152,1.7,40393
Chevrolet,2019,110960,3.5,37868
BMW,2018,72881,1.8,18644
Volkswagen,2017,109984,1.5,14510
Ford,2015,23082,1.9,26929
Hyundai,2021,116091,2.5,20443
Volkswagen,2023,15863,2.7,28358
BMW,2013,11984,1.6,38638
Mazda,2023,132181,2.6,27582
Honda,2022,60189,3.0,15385
Nissan,2019,98039,3.8,39465
Honda,2018,109855,2.0,23799
Honda,2016,54430,1.9,10292
Toyota,2014,72004,2.4,6616
Ford,2011,132652,4.0,12062
Mazda,2018,145204,2.3,24486
Kia,2023,40086,1.5,30992
Volkswagen,2016,108651,2.1,32426
Nissan,2018,19462,2.9,43296
Hyundai,2020,27323,2.5,19237
Mazda,2018,23167,3.4,25740
Chevrolet,2019,15067,3.0,22051
Kia,2014,66987,2.9,12686
Toyota,2016,8226,2.2,10993
Toyota,2014,118576,2.8,34941
Mazda,2012,106123,3.0,30463
BMW,2019,41738,1.9,26929
Honda,2017,80794,3.3,40640
Chevrolet,2017,120112,2.4,25197
Toyota,2018,36655,3.3,32071
Nissan,2020,105409,1.9,41475
Toyota,2023,23854,3.1,42393
Hyundai,2021,89811,1.5,39932
Volkswagen,2015,40915,1.8,15478
Toyota,2011,82789,3.7,24372
Hyundai,2012,33737,2.6,18051
Mazda,2022,143973,2.7,32241
Mazda,2020,88094,3.8,37930
Kia,2021,15001,2.7,26373
Toyota,2019,125804,3.1,35916
Nissan,2020,103538,2.0,37568
Toyota,2015,127600,1.6,12630
Nissan,2010,108074,2.3,6563
Ford,2023,136018,3.5,37779
Kia,2011,64489,2.6,42058
Ford,2017,42896,1.8,6289
Toyota,2020,45927,2.8,6798
Kia,2017,26185,2.1,27186
Ford,2015,131734,3.9,26997
Honda,2012,75300,2.9,8316
Toyota,2023,85125,4.0,36505
Ford,2011,15037,1.5,7412
Honda,2022,141492,1.4,42810
Honda,2015,105117,2.6,32684
Mazda,2010,14779,3.6,42835
Toyota,2023,16444,2.8,35087
Honda,2019,95654,3.7,25221
Mazda,2015,77623,1.7,28144
Ford,2018,129149,3.2,8067
Hyundai,2016,144865,3.1,28794
Toyota,2018,138221,2.8,19290
Kia,2011,46347,2.5,30541
Nissan,2020,135978,3.1,7011
Nissan,2023,57832,2.8,16441
Ford,2014,7696,2.1,34842
BMW,2018,17626,1.7,30136
BMW,2016,58303,2.4,8485
Ford,2018,49793,2.7,29484
Honda,2023,51207,2.7,17122
Toyota,2020,38484,2.5,6477
Nissan,2015,92765,2.3,13400
Nissan,2016,141830,2.3,8886
Honda,2019,69495,2.1,30565
Nissan,2014,57807,2.9,12250
Kia,2015,111809,3.6,12624
Toyota,2010,105584,3.7,6658
Volkswagen,2010,56774,4.0,34089
Nissan,2011,79615,1.6,14453
Ford,2020,91262,2.0,29921
Kia,2023,62201,3.3,9461
Nissan,2013,41797,3.1,25836
Kia,2020,139135,1.7,17348
Mazda,2018,48147,3.0,32007
Volkswagen,2016,74428,2.5,28714
Chevrolet,2015,88657,3.9,42441
Ford,2010,31484,3.6,19348
Ford,2014,133593,1.6,15811
Toyota,2020,64321,1.6,24562
Kia,2021,105758,2.5,6288
Honda,2022,20828,1.4,19228
Ford,2013,132139,1.6,16371
Kia,2014,9957,3.8,18120
Kia,2020,23671,3.5,40504
Hyundai,2018,127838,3.1,32460
Hyundai,2021,109596,3.6,44146
Chevrolet,2012,131054,2.1,18204
Mazda,2013,79232,3.3,43716
Chevrolet,2017,80495,3.0,11358
Nissan,2012,134798,3.6,25935
Honda,2022,20383,2.1,24033
Nissan,2012,13892,3.4,22102
BMW,2022,32780,3.6,22572
Nissan,2018,124801,2.8,10160
Toyota,2014,99257,2.5,10332
Nissan,2019,124478,3.9,10580
Chevrolet,2010,50081,1.8,24590
Ford,2016,101905,1.5,27560
Ford,2016,18095,1.9,20910
Hyundai,2015,31634,3.2,16615
Honda,2015,139749,3.5,40560
Honda,2012,52873,3.3,26492
Toyota,2012,96084,2.5,13871
Chevrolet,2019,64798,3.9,9595
Hyundai,2020,42932,2.6,31097
BMW,2018,79569,4.0,10398
Honda,2010,126548,3.8,41289
Ford,2016,127793,2.5,13493
Nissan,2022,70820,1.8,22684
Nissan,2021,108874,1.6,6474
Hyundai,2020,92651,2.8,16477
Chevrolet,2019,61763,3.4,26104
Chevrolet,2016,89355,1.9,25435
Mazda,2017,45291,2.2,15932
Volkswagen,2015,104333,3.0,28580
Honda,2017,29475,2.6,38124
Chevrolet,2010,58603,3.0,36122
Ford,2010,24350,3.2,18927
Hyundai,2018,78291,2.4,26598
BMW,2021,103857,3.4,44914
Mazda,2013,84739,3.2,35067
Kia,2012,28519,3.2,35923
Toyota,2015,71776,1.8,31943
BMW,2019,74695,2.6,11282
Kia,2021,89409,2.9,21136
Nissan,2022,146852,2.0,6515
Toyota,2021,144733,3.4,36328
Honda,2018,33512,1.7,26685
Ford,2019,23403,1.8,40445
Toyota,2020,133812,2.5,24169
Volkswagen,2013,47983,1.8,21880
Kia,2018,47549,1.4,28680
Honda,2014,100085,2.5,27025
Volkswagen,2022,53719,3.1,6676
Nissan,2016,75849,2.7,22052
Volkswagen,2012,118351,1.5,39414
Mazda,2012,112915,2.0,26764
Mazda,2021,30456,2.8,33618
Hyundai,2012,13461,3.3,8162
BMW,2017,75363,3.5,43566
BMW,2023,93907,2.8,9531
Honda,2015,83439,3.1,7778
Nissan,2018,84936,3.7,19058
Chevrolet,2018,127512,1.6,16821
Mazda,2017,84726,1.7,30688
Honda,2010,89204,2.6,27822
Chevrolet,2015,36869,3.0,24497
BMW,2013,128263,1.4,34359
Hyundai,2013,50301,2.6,15822
Volkswagen,2012,118568,1.8,36192
Mazda,2021,119550,3.1,37536
Honda,2018,52369,2.1,18266
Toyota,2011,122496,3.7,39273
Chevrolet,2010,52331,1.6,5975
Volkswagen,2023,33911,3.5,17289
Mazda,2019,128976,2.4,24993
BMW,2012,11521,3.6,22223
Nissan,2022,44123,3.5,20833
Chevrolet,2013,36514,2.0,27036
BMW,2013,42539,1.5,27813
Mazda,2015,40464,3.2,11898
Chevrolet,2010,50226,1.9,34482
Volkswagen,2010,76332,3.8,9220
Mazda,2011,38576,1.6,36034
Kia,2013,8293,2.2,37314
Honda,2016,112801,1.4,25523
Volkswagen,2015,139531,2.2,16806
Chevrolet,2020,23803,2.8,15404
Nissan,2018,74760,3.1,33005
BMW,2016,12571,3.3,41654
Toyota,2021,30772,3.6,20871
BMW,2014,58719,1.7,34382
Chevrolet,2015,19171,3.4,16482
BMW,2019,118627,2.1,38433
Honda,2018,123212,1.8,11327
Mazda,2010,110055,2.1,42304
Toyota,2020,80253,3.6,17864
Ford,2018,76773,3.0,36098
Chevrolet,2015,145308,3.0,44585
Hyundai,2021,51927,2.9,19386
Ford,2013,104679,2.5,14051
BMW,2021,135328,2.5,8628
Chevrolet,2014,111434,1.8,37110
Kia,2022,92321,2.3,8342
Hyundai,2010,110296,2.7,7953
Toyota,2016,18850,3.0,29794
Nissan,2022,90236,1.6,31942
Kia,2022,88518,2.3,27993
Ford,2017,9949,2.3,33792
Mazda,2020,35581,2.7,21445
Honda,2014,77108,3.2,7021
Nissan,2011,54790,3.1,6005
Kia,2017,136717,2.9,41275
Mazda,2019,28052,2.2,18186
Mazda,2016,82997,3.6,34941
Chevrolet,2019,87009,3.4,31633
Kia,2018,85957,1.9,5576
Toyota,2013,64710,3.1,16247
BMW,2020,103854,3.8,44670
Hyundai,2018,127939,2.5,20776
Hyundai,2013,10224,3.8,29924
Ford,2012,43349,1.5,32042
Ford,2020,66566,2.7,30778
Hyundai,2012,14435,2.1,25533
Toyota,2019,74015,2.1,21702
Honda,2011,63984,3.7,34741
Volkswagen,2019,109395,2.2,9525
BMW,2012,40401,1.5,32000
Honda,2023,136961,2.8,44402
Chevrolet,2017,144837,3.9,23133
Volkswagen,2020,61398,1.6,34929
Volkswagen,2017,41928,2.1,7059
Kia,2011,56382,2.6,19885
Toyota,2020,59337,3.6,21364
Toyota,2011,119531,2.1,29212
Volkswagen,2011,84068,2.3,33054
Kia,2019,7283,2.4,36198
BMW,2016,69446,2.4,16179
Volkswagen,2015,102259,1.9,25139
Nissan,2021,44605,3.8,26469
Ford,2020,51500,3.5,27741
Ford,2010,144787,3.9,15988
Honda,2011,106881,2.4,30620
Chevrolet,2023,85275,1.5,26352
Ford,2010,147662,1.7,37603
Mazda,2021,23645,2.3,5444
Honda,2020,137095,3.8,9815
Ford,2016,29897,4.0,40026
Chevrolet,2015,20437,3.5,36383
Toyota,2011,48791,2.0,13298
Toyota,2011,53198,3.1,30246
BMW,2011,110539,3.0,11660
Volkswagen,2017,66619,3.5,8536
Nissan,2023,146691,2.7,24136
Toyota,2016,25141,2.2,14892
Kia,2010,133680,1.5,36007
Ford,2013,71820,3.5,21065
Kia,2020,33094,2.8,33449
Chevrolet,2013,47137,2.8,26532
Toyota,2016,111825,3.9,24573
Nissan,2011,113385,2.7,9228
Chevrolet,2013,21365,2.2,37925
Mazda,2010,92930,2.3,16436
Mazda,2022,20971,1.4,29209
Kia,2022,134076,1.7,31957
Volkswagen,2020,113363,1.5,10379
Honda,2020,36359,2.0,24312
Volkswagen,2013,38180,1.6,18869
BMW,2020,56567,2.3,33539
Volkswagen,2023,31140,1.7,19132
BMW,2010,44325,3.8,44777
BMW,2011,81003,3.8,21519
Nissan,2011,85662,3.0,25695
Toyota,2021,73418,3.5,11607
Nissan,2019,148877,3.2,43533
BMW,2021,9400,3.5,36967
Chevrolet,2012,46614,3.1,35438
Mazda,2017,87100,2.5,12662
BMW,2020,71300,3.7,38809
Nissan,2015,81094,2.5,10323
Chevrolet,2015,65642,2.4,33779
Nissan,2018,132867,3.0,32046
Volkswagen,2017,133042,3.8,39670
Ford,2011,77335,2.5,6536
Kia,2015,146046,2.9,25044
Honda,2010,108985,2.7,33782
Nissan,2022,55498,3.8,13308
Honda,2023,64571,3.2,24523
Hyundai,2018,11997,2.5,27311
Nissan,2013,41900,3.0,14706
Ford,2013,7453,1.8,36335
Honda,2018,5538,2.3,17414
BMW,2012,81151,3.3,33929
Nissan,2014,35593,2.9,22195
Toyota,2010,138375,2.2,16512
Kia,2015,63384,2.3,10637
Ford,2012,55543,3.5,16306
Honda,2010,89092,2.8,41604
Ford,2019,79227,2.0,39194
Chevrolet,2015,68175,2.2,37966
Kia,2023,94268,2.6,37144
BMW,2021,28940,3.4,33276
Nissan,2019,41481,4.0,7228
Nissan,2011,74240,1.9,13131
Nissan,2017,38978,3.4,25610
Kia,2023,53866,3.0,22150
Toyota,2022,41513,2.8,22816
Hyundai,2020,80714,3.9,37931
Mazda,2021,37441,2.2,34846
Volkswagen,2011,27844,1.9,40576
Honda,2013,57200,3.7,23545
Toyota,2023,124607,1.6,8675
BMW,2012,50986,3.5,30547
Honda,2018,76646,2.9,6991
Nissan,2011,99476,1.8,38595
Ford,2012,39585,2.0,44272
BMW,2016,77149,1.8,31812
Honda,2013,42087,3.3,22157
Nissan,2015,143303,1.8,21130
Honda,2012,147286,3.2,25553
Ford,2010,73413,1.7,40869
Nissan,2020,102743,3.5,24722
Hyundai,2015,137219,3.8,44554
Toyota,2013,54389,2.9,17302
Chevrolet,2011,121810,3.9,14781
Volkswagen,2016,143681,2.4,25096
Kia,2019,124283,2.0,14228
Volkswagen,2022,14737,1.9,33582
BMW,2021,41751,2.6,41709
Volkswagen,2022,115859,1.7,16330
Nissan,2014,45902,3.7,25381
Hyundai,2015,10606,3.4,43507
Chevrolet,2015,55775,2.9,11568
Toyota,2023,131001,3.3,39379
Toyota,2018,126914,1.5,13143
Ford,2021,115397,1.9,28157
Kia,2011,137167,3.0,43485
Honda,2021,70262,2.6,34349
Hyundai,2015,87915,3.0,42387
Honda,2018,27065,1.6,7865
Chevrolet,2021,53844,3.1,43119
Volkswagen,2013,89703,3.5,23079
Toyota,2022,128035,2.8,43820
Chevrolet,2021,146159,2.3,30282
Volkswagen,2022,10682,1.9,23200
Toyota,2022,129656,2.1,12250
Volkswagen,2020,43729,2.8,21228
Kia,2015,91688,2.1,37369
Hyundai,2016,125448,3.4,32749
BMW,2010,108508,1.7,19440
Chevrolet,2014,78088,2.7,17384
Chevrolet,2013,130300,2.7,8380
Mazda,2022,62398,1.8,15771
Nissan,2022,21468,4.0,32455
Kia,2022,77620,3.5,13623
Kia,2019,48848,2.4,22319
Honda,2011,76591,3.2,7045
Volkswagen,2011,73205,3.3,23199
Nissan,2011,82564,3.1,38605
Hyundai,2016,71544,2.5,38675
Hyundai,2020,56516,3.7,42503
Kia,2022,20523,3.4,10891
Hyundai,2020,126456,2.8,13815
Mazda,2013,7199,1.4,33620
Chevrolet,2015,75231,2.0,18294
Ford,2016,6006,2.7,31308
BMW,2018,12114,3.7,22804
Honda,2020,114548,3.0,13555
Volkswagen,2011,88063,2.5,28644
BMW,2019,104528,1.5,37406
Volkswagen,2021,107799,3.0,34001
Toyota,2022,82977,2.3,43355
BMW,2018,5181,2.8,38112
Ford,2020,148884,3.4,22059
Kia,2014,27716,3.5,11705
Mazda,2022,131995,3.6,16028
Chevrolet,2015,45218,3.1,41949
Chevrolet,2015,31633,3.8,35208
Mazda,2020,15939,3.2,35772
Nissan,2012,15072,3.4,26616
Toyota,2020,100534,3.2,22823
Volkswagen,2020,89751,3.7,29589
Ford,2019,36619,2.0,33454
Hyundai,2016,134729,3.4,22705
BMW,2022,112696,1.7,28964
Toyota,2016,67017,1.6,42628
BMW,2017,129412,2.7,10407
Ford,2014,51075,2.2,5010
Honda,2011,140722,2.9,25635
Honda,2022,106287,3.2,6791
Toyota,2012,42343,2.0,25531
Kia,2018,50197,3.2,29232
Ford,2015,6782,4.0,26682
Ford,2017,9412,3.4,20264
Mazda,2017,64687,1.9,14178
Kia,2023,118043,3.0,43968
Volkswagen,2014,52855,1.4,28509
Volkswagen,2010,101169,2.6,29586
Hyundai,2015,63190,2.8,22883
Chevrolet,2016,146688,3.9,18672
Honda,2018,42448,3.3,26200
Volkswagen,2011,128678,3.2,24250
Kia,2021,17101,2.8,19852
Ford,2022,108131,2.7,26297
Volkswagen,2011,108371,4.0,8243
Ford,2019,80822,1.5,21247
Volkswagen,2010,135965,2.2,13718
Honda,2014,55465,1.7,29065
BMW,2011,16070,2.2,25149
Volkswagen,2012,128927,2.6,19376
Kia,2011,63431,2.3,33974
Volkswagen,2020,51739,3.9,5340
Chevrolet,2013,51707,3.2,31364
Honda,2020,26742,3.3,32100
Kia,2012,38050,3.3,44778
Mazda,2018,45377,3.7,16173
Kia,2019,7733,3.4,33179
Chevrolet,2021,89277,1.4,7879
BMW,2011,147199,2.1,40495
Honda,2016,148082,4.0,14109
Mazda,2020,29373,3.1,29780
Chevrolet,2023,143282,1.6,5527
Chevrolet,2012,71323,2.6,28000
Toyota,2019,119003,4.0,25226
Honda,2017,20060,4.0,36846
Kia,2013,50256,2.5,11240
Ford,2023,58473,3.7,39727
BMW,2013,91648,2.9,12683
Ford,2018,76176,2.7,37426
Kia,2020,8410,2.5,5613
Kia,2012,96316,3.7,35705
Honda,2016,115100,3.0,15035
Kia,2010,81721,2.3,28156
Toyota,2016,86167,2.7,12613
Mazda,2019,99123,2.6,41434
Kia,2020,58020,2.6,38983
Ford,2011,42344,2.2,32575
Kia,2021,135145,3.0,26514
Toyota,2023,143970,1.5,9512
Volkswagen,2023,134934,3.7,22399
Volkswagen,2015,84752,2.5,26888
Chevrolet,2022,136020,3.5,5032
BMW,2018,33474,3.3,25556
Hyundai,2015,131367,2.6,16930
Mazda,2012,58459,1.9,26952
Nissan,2010,117298,2.9,22257
Chevrolet,2021,24309,3.9,7268
BMW,2021,110018,1.9,43060
Volkswagen,2013,94117,2.1,43997
Ford,2013,27390,4.0,21230
Nissan,2022,13541,3.7,19931
BMW,2017,48937,2.8,10927
BMW,2019,45149,3.2,27145
Chevrolet,2019,84030,2.6,44952
Nissan,2023,44796,2.5,29574
Honda,2022,135174,2.6,30455
Hyundai,2016,142113,2.5,18992
Honda,2019,90521,3.2,27959
Nissan,2016,140246,2.3,13972
Honda,2016,132521,1.8,30761
Toyota,2021,67933,3.2,9918
Volkswagen,2011,38691,1.5,15955
Toyota,2018,120306,3.3,30445
Kia,2015,124088,2.1,18068
Honda,2011,93262,1.9,19707
Kia,2010,98374,2.4,25391
Ford,2020,8303,1.7,10563
Mazda,2010,51653,2.4,15734
Ford,2010,14890,1.7,19372
Nissan,2013,78136,2.7,15772
BMW,2013,32230,1.9,43732
Volkswagen,2023,21466,1.7,30176
Honda,2021,32732,2.9,30807
Chevrolet,2018,143447,3.0,38900
Mazda,2022,12837,1.4,24193
Hyundai,2021,28108,2.4,8771
Hyundai,2021,22851,1.6,23645
Hyundai,2010,31600,3.3,22067
Honda,2012,20188,3.2,42515
Hyundai,2012,49777,1.5,32370
Toyota,2017,141561,3.8,26823
Mazda,2011,89618,3.9,15713
Toyota,2015,144767,2.3,29219
BMW,2020,5230,1.7,36830
Mazda,2013,16355,1.7,11758
Toyota,2022,75779,3.6,20965
Mazda,2019,90872,2.6,26347
BMW,2015,55094,1.4,9005
Kia,2022,122383,3.8,17685
Honda,2014,15594,2.9,14977
Honda,2021,126562,3.2,44582
Hyundai,2018,104185,3.5,41939
Ford,2018,65436,3.5,37622
Hyundai,2010,130039,1.6,9483
Nissan,2012,94236,2.9,29426
Toyota,2010,48388,3.2,13536
Mazda,2015,149114,1.6,10483
Ford,2021,32577,2.0,10395
BMW,2012,149566,2.4,36767
Nissan,2023,91811,3.7,16089
BMW,2010,44248,3.6,11472
Honda,2015,94425,3.4,44920
Honda,2014,86709,4.0,24500
Hyundai,2021,121011,2.0,20764
Toyota,2021,137083,2.6,29392
Ford,2017,41836,2.6,6729
Volkswagen,2023,66557,3.2,41276
Nissan,2011,106751,3.6,39671
Nissan,2017,29281,2.7,41288
Hyundai,2021,101574,2.7,31071
Honda,2014,146308,3.0,24489
Hyundai,2017,69589,3.3,10257
Mazda,2021,35271,1.9,21768
Ford,2019,108427,3.9,35882
Toyota,2013,100157,1.6,19696
Kia,2013,140250,1.5,12670
Chevrolet,2019,102984,2.3,10686
Chevrolet,2013,149348,3.2,18956
Hyundai,2023,11149,3.9,32222
Mazda,2020,97864,3.8,33129
Ford,2015,58781,3.2,5786
Volkswagen,2013,140618,2.5,8370
Chevrolet,2018,65560,2.9,8622
Ford,2018,73895,3.9,42274
Toyota,2012,59165,2.1,25885
BMW,2016,82670,2.6,26296
Mazda,2021,45372,3.2,43201
Honda,2014,115805,1.4,12785
Ford,2021,136971,2.4,10902
Toyota,2018,101628,2.9,24806
Volkswagen,2011,103956,3.7,35195
Kia,2012,127684,4.0,21439
Honda,2019,137054,2.8,16366
Kia,2014,103879,3.9,27480
Volkswagen,2021,79060,1.7,42939
Toyota,2014,74843,3.2,18300
Chevrolet,2019,128168,2.4,24404
Kia,2021,113669,3.4,40535
Honda,2023,115329,3.7,18281
Hyundai,2023,43794,1.5,34791
Nissan,2016,25753,3.8,27263
Ford,2022,118684,1.6,6431
Chevrolet,2023,32238,3.4,15941
Kia,2017,89243,1.6,8755
BMW,2017,51086,3.6,44892
Ford,2023,32639,1.9,5640
Hyundai,2010,123058,2.5,33108
Volkswagen,2023,113748,3.8,43635
Nissan,2010,58350,3.5,42065
Toyota,2012,81779,3.4,26996
Hyundai,2010,57848,3.4,37100
Hyundai,2010,116546,2.9,38320
Volkswagen,2019,113903,3.9,27334
Mazda,2017,90122,3.6,38709
Volkswagen,2010,21690,2.5,5276
Mazda,2018,120571,3.3,37704
Mazda,2011,142735,4.0,19554
Chevrolet,2018,11189,3.7,29946
Chevrolet,2023,139661,1.4,15291
Honda,2016,106945,3.3,25945
Kia,2018,86017,3.7,18091
Kia,2012,132224,2.3,30186
Toyota,2010,92028,3.9,37835
Kia,2010,138234,2.4,24704
Chevrolet,2020,85110,2.5,6793
Honda,2019,100400,1.8,21721
Honda,2015,10167,1.7,31049
Mazda,2016,48743,2.8,44736
Volkswagen,2018,24525,3.0,26318
Toyota,2015,125819,2.4,38533
Mazda,2014,87074,3.0,37094
Volkswagen,2023,74166,2.4,13808
Kia,2011,144724,3.7,28777
Mazda,2011,121084,3.9,15502
Ford,2017,95902,2.9,23557
Kia,2010,116817,3.6,16384
Volkswagen,2017,136648,3.6,33162
Toyota,2020,77799,3.3,7719
Volkswagen,2019,8764,1.9,23130
Mazda,2020,64887,1.8,44235
Mazda,2016,40878,3.8,19097
Hyundai,2016,123217,2.1,38972
Toyota,2014,95461,2.0,21971
BMW,2012,19202,1.8,38674
Kia,2016,74619,2.8,25997
Honda,2016,71767,3.2,23085
Toyota,2016,103880,3.2,17873
Honda,2021,146902,2.1,18525
Toyota,2020,53215,1.6,30825
Toyota,2011,31617,2.2,17543
Volkswagen,2012,84109,2.7,14813
Toyota,2012,60873,3.0,17693
Hyundai,2013,119785,2.1,24973
BMW,2021,132071,1.9,11622
Mazda,2018,47908,3.6,20998
Nissan,2019,45924,3.6,40594
Honda,2010,31071,2.1,31961
Mazda,2021,23839,2.9,27391
Nissan,2016,108115,2.5,26232
BMW,2016,78363,1.8,41466
BMW,2020,122379,3.8,20139
Honda,2013,120660,1.4,14936
Honda,2022,31088,1.9,18917
BMW,2020,111110,2.3,9637
Nissan,2010,73459,3.6,36293
Toyota,2012,108305,3.5,32378
Kia,2014,110780,2.9,34802
Ford,2021,67406,3.2,31161
Mazda,2011,101888,2.3,13414
Volkswagen,2016,43703,3.8,10239
Mazda,2023,70422,1.5,18167
Volkswagen,2019,25614,1.7,12167
Nissan,2019,99406,3.8,41261
Volkswagen,2016,37891,3.9,41242
Honda,2021,136825,2.7,17125
Kia,2019,45882,2.9,9595
Kia,2014,44293,3.7,44502
Honda,2021,139650,3.6,9055
Hyundai,2019,91586,3.6,34928
Nissan,2015,126896,2.4,8668
Hyundai,2010,73474,3.6,41425
Hyundai,2013,119461,1.6,21361
Mazda,2013,149947,2.7,21882
BMW,2020,126007,2.0,8348
Mazda,2017,67742,1.5,44321
BMW,2011,105731,3.0,43594
Ford,2010,95276,1.6,21961
Volkswagen,2016,84686,1.7,37680
BMW,2015,145773,1.6,13556
Honda,2014,28291,3.9,11560
Mazda,2021,29116,1.5,17905
Nissan,2022,10886,2.1,35196
Volkswagen,2022,18672,3.1,12554
Ford,2022,19508,3.5,29425
BMW,2017,99204,3.0,18106
Ford,2020,114306,3.9,31630
Nissan,2022,8281,2.3,41464
Hyundai,2011,133686,2.6,6212
Kia,2011,108258,3.5,35550
Nissan,2018,100386,3.2,11397
Chevrolet,2010,121294,2.0,43398
Nissan,2015,148996,2.7,24170
Ford,2022,135363,3.9,40608
Honda,2022,96465,3.6,35142
Mazda,2012,107543,1.9,33899
Honda,2022,62962,1.9,27431
Ford,2014,18633,3.6,36284
Mazda,2017,49337,1.9,30880
Chevrolet,2016,9932,2.6,28559
Kia,2022,21205,1.9,29772
Volkswagen,2021,90470,1.4,25458
Ford,2013,56111,3.7,21257
BMW,2017,54541,3.4,36890
Ford,2020,75719,2.6,43850
Ford,2020,90787,1.8,12903
Mazda,2019,138125,3.5,42639
Toyota,2020,136060,2.3,8258
Nissan,2023,108312,3.1,13324
Toyota,2011,144431,2.2,42708
Chevrolet,2016,117994,2.5,19494
BMW,2014,126004,2.8,28948
Kia,2020,116441,3.4,8189
Hyundai,2015,39934,3.6,34056
Chevrolet,2012,45874,2.6,41397
Hyundai,2020,69737,2.0,24587
Hyundai,2019,148533,1.8,14247
Kia,2016,114502,2.3,15336
Honda,2016,26566,3.5,33543
Toyota,2011,50006,2.1,27093
Ford,2010,98052,1.5,38650
Volkswagen,2019,63641,2.9,15626
Hyundai,2011,105949,1.5,42683
BMW,2021,117849,3.7,17042
Chevrolet,2017,51064,3.2,32400
Honda,2020,55368,2.1,7232
Hyundai,2019,102005,2.6,40773
Honda,2012,147263,3.3,22591
Honda,2020,104509,3.8,39685
Hyundai,2013,77239,3.7,35770
Mazda,2017,87147,1.6,7779
Nissan,2012,39904,1.6,15241
BMW,2015,115227,3.0,18388
Ford,2011,143030,2.7,8042
Ford,2012,87169,2.2,8550
BMW,2010,138344,3.9,9494
Mazda,2018,92958,3.3,6062
Ford,2013,8018,3.2,42409
Honda,2015,88716,1.9,13933
Kia,2016,5296,2.1,19401
Chevrolet,2011,19578,3.0,22836
Toyota,2017,149626,3.5,22760
Ford,2021,26585,3.8,21766
BMW,2018,39225,3.2,34722
Kia,2023,139618,2.5,5066
Hyundai,2019,51622,3.2,25287
Nissan,2020,110665,1.6,17787
BMW,2011,130188,3.0,26234
Honda,2014,139736,3.7,6435
Nissan,2011,96701,3.1,39421
Chevrolet,2020,87015,1.4,19301
Chevrolet,2014,58084,3.2,44592
Mazda,2016,126600,3.3,26873
Volkswagen,2015,11140,2.8,14824
Mazda,2013,124612,3.5,31381
Kia,2023,27141,1.9,13252
Nissan,2011,26628,2.5,17237
Volkswagen,2016,117398,3.5,43961
Hyundai,2021,68747,3.0,8596
Honda,2019,88525,4.0,10315
Nissan,2018,70198,1.6,23647
Mazda,2010,130627,2.0,26795
Toyota,2012,49770,1.9,32973
Volkswagen,2016,144009,3.9,15764
Volkswagen,2023,50618,3.7,28063
Honda,2018,109820,1.7,16121
Ford,2022,58103,2.3,15845
Chevrolet,2014,11493,1.5,5607
Chevrolet,2016,103038,3.0,19303
Toyota,2019,30957,2.3,13161
Kia,2016,140189,2.1,33706
Kia,2013,104057,2.8,28441
Hyundai,2014,17501,3.5,29270
Nissan,2011,137260,2.5,24223
BMW,2017,61639,3.4,12045
Ford,2021,71332,2.6,22801
Mazda,2010,75681,2.0,17691
BMW,2011,107475,2.6,40876
BMW,2021,72050,2.8,35944
Volkswagen,2012,20451,2.6,37523
Toyota,2016,108240,2.1,25808
Chevrolet,2015,57086,1.9,37864
Hyundai,2023,53393,3.9,20807
Kia,2016,129463,2.2,34853
Toyota,2020,81969,3.2,42904
Volkswagen,2014,6369,2.3,10666
Mazda,2023,19068,3.9,13615
Hyundai,2013,129131,4.0,19738
Volkswagen,2016,13116,3.5,23235
Chevrolet,2012,48453,2.9,6917
Chevrolet,2022,141436,2.8,40525
Chevrolet,2019,82622,2.3,32561
Toyota,2016,81925,1.7,24948
Toyota,2011,97920,1.6,30416
Kia,2021,137183,2.6,26018
Kia,2021,63251,3.9,20629
Mazda,2017,147480,2.0,23018
Hyundai,2021,88274,2.5,5125
Honda,2015,111181,3.1,37467
Honda,2021,82674,2.3,27649
Volkswagen,2012,81963,1.4,5351
Chevrolet,2012,72925,2.4,5449
Hyundai,2014,20360,3.5,12172
BMW,2012,107379,3.9,8068
Toyota,2015,135167,2.1,18469
Nissan,2011,131818,3.8,11863
Ford,2017,52565,3.7,29344
Mazda,2022,22456,2.5,25841
Chevrolet,2020,75982,1.4,38560
Chevrolet,2021,104242,3.6,7378
Chevrolet,2020,85239,2.1,10856
Toyota,2018,44959,3.4,42120
Toyota,2022,20058,2.9,18486
Ford,2016,57672,2.0,40144
BMW,2023,83391,3.1,43170
Hyundai,2012,61849,3.4,15533
Chevrolet,2020,103563,2.6,32026
Honda,2023,72192,3.3,42584
Kia,2019,99391,2.5,38345
Honda,2013,114615,3.9,10319
Volkswagen,2021,109594,2.0,40538
Honda,2019,78509,3.4,27945
Volkswagen,2011,125555,3.3,26277
Nissan,2018,47392,2.8,18587
Kia,2023,18305,2.3,40921
Honda,2014,81215,2.6,43519
Nissan,2021,5228,3.0,42638
Mazda,2011,86179,2.8,23476
Hyundai,2019,112864,3.4,13817
Nissan,2015,88544,2.3,23253
Hyundai,2016,8979,1.7,37071
Honda,2022,51343,2.7,19132
BMW,2011,5739,2.1,19372
Nissan,2010,42817,3.0,39758
Kia,2022,126124,2.8,25665
Honda,2016,43154,3.4,40447
Chevrolet,2010,42339,2.9,18352
Toyota,2012,118591,2.5,20269
Nissan,2013,142666,1.7,13491
Kia,2011,18185,1.7,21618
Mazda,2016,129914,3.1,13078
Chevrolet,2014,148644,3.7,36614
Mazda,2010,110784,2.5,20778
Honda,2021,74753,2.8,15266
Toyota,2021,36953,2.9,44207
Nissan,2017,24804,2.6,38525
Nissan,2019,81286,1.6,16819
BMW,2016,22275,2.9,32481
BMW,2013,67068,1.8,41011
Honda,2011,68344,2.8,43752
Honda,2016,83284,3.4,36664
Toyota,2020,127750,1.4,29260
BMW,2011,37601,2.5,32796
Kia,2015,57705,3.3,8905
Kia,2010,60221,2.8,14078
Toyota,2023,49617,2.0,16149
Kia,2016,63315,3.2,23804
Volkswagen,2016,133240,3.4,12275
Hyundai,2021,20317,2.3,6016
Toyota,2013,61109,2.2,6339
Toyota,2013,46239,2.8,15724
Ford,2019,23082,2.4,13410
Chevrolet,2014,67520,3.6,14713
Chevrolet,2011,147151,3.4,31897
Volkswagen,2018,7884,2.2,36087
BMW,2019,72787,2.6,5828
Honda,2013,119297,3.7,35369
Honda,2020,17815,1.8,13017
Mazda,2018,70177,3.4,8577
Volkswagen,2023,57566,2.2,24042
Toyota,2012,46968,1.7,29411
Volkswagen,2018,83440,1.7,9805
Volkswagen,2010,59860,2.1,17377
Volkswagen,2016,135134,2.8,18009
Chevrolet,2013,23462,3.8,17189
Volkswagen,2016,137410,2.2,30534
Hyundai,2023,148854,1.9,34791
Honda,2019,90609,2.6,40825
Mazda,2015,11614,1.8,31329
Hyundai,2013,136813,2.1,44201
Mazda,2013,71269,4.0,6142
Ford,2017,18944,2.9,11293
Mazda,2016,6806,3.4,5311
Honda,2013,149357,2.0,17952
Honda,2020,113874,2.8,16713
Volkswagen,2015,81993,2.7,13186
Nissan,2015,45126,3.5,31240
Ford,2010,85123,1.5,25681
Toyota,2022,141929,3.6,16652
Kia,2011,38792,1.6,13976
Mazda,2013,112978,3.8,5461
Nissan,2015,92684,1.8,22413
Volkswagen,2015,59361,2.8,44754
Chevrolet,2010,41322,1.7,43950
Toyota,2017,147980,2.6,36674
BMW,2011,69627,2.2,22043
Nissan,2022,97228,2.5,44763
Chevrolet,2014,75102,2.8,25180
Ford,2013,64883,2.6,37703
Volkswagen,2014,101555,1.5,12797
Toyota,2014,135191,3.6,42928
Toyota,2019,84558,1.6,6625
Toyota,2017,114461,3.9,17610
Ford,2019,44662,3.6,20141
Mazda,2016,32030,2.9,24688
BMW,2021,44850,2.0,8109
Ford,2023,134603,1.6,43171
Kia,2018,129825,3.1,44689
BMW,2021,90288,1.9,32799
Honda,2020,40397,3.3,35525
Volkswagen,2022,61094,3.6,27195
Ford,2010,95640,4.0,15607
Chevrolet,2015,142733,2.7,12238
BMW,2015,66378,3.9,5214
Kia,2011,30943,1.8,44163
Honda,2020,39487,3.6,43638
Mazda,2017,79769,2.3,13101
Chevrolet,2015,74023,2.3,31567
BMW,2020,76380,2.1,25834
Volkswagen,2022,16416,1.9,11127
Chevrolet,2019,27859,2.5,12184
Honda,2018,92789,4.0,32595
Chevrolet,2019,109766,2.3,22782
Hyundai,2014,23184,2.6,20590
Nissan,2016,32846,2.0,31197
Mazda,2015,47771,2.3,39677
Honda,2020,91995,1.5,23228
Chevrolet,2014,74798,3.9,23427
Nissan,2015,37914,2.7,19213
Nissan,2013,134962,3.3,41545
Chevrolet,2012,50500,2.7,9740
Volkswagen,2022,43215,3.4,9993
Hyundai,2010,69320,2.8,26181
Ford,2010,114159,3.2,17386
Hyundai,2015,34924,3.2,16344
Chevrolet,2023,68113,2.8,6726
Mazda,2018,5318,2.0,7010
Ford,2017,82859,2.0,20090
Honda,2021,141821,3.7,24785
Hyundai,2011,103558,1.7,36861
Chevrolet,2018,145600,2.9,35225
Hyundai,2017,26441,2.7,27732
Ford,2023,144598,3.5,40256
Kia,2023,6044,1.8,15951
BMW,2021,83301,3.2,43754
Hyundai,2018,5961,3.0,15614
Honda,2013,110820,3.2,37061
Honda,2018,21973,3.0,42630
Toyota,2011,48393,2.9,44299
Hyundai,2022,106293,3.8,38725
BMW,2010,43433,2.3,36547
Volkswagen,2022,75077,1.9,41715
Nissan,2018,23344,3.5,13673
BMW,2019,144918,1.7,44573
Nissan,2017,112851,3.2,44506
Nissan,2016,75565,2.8,41735
Kia,2023,63802,1.4,16725
Toyota,2022,21272,2.0,20912
BMW,2017,94306,2.7,16423
BMW,2021,131162,2.3,40266
Kia,2010,18104,2.5,10682
Hyundai,2023,126063,3.0,6133
Hyundai,2018,71455,3.3,37847
Hyundai,2021,47706,1.8,42689
Mazda,2019,39526,2.1,43800
Nissan,2020,145435,3.1,28656
Mazda,2018,54511,2.9,39877
Toyota,2021,61738,3.3,27534
Kia,2020,84791,3.1,11268
BMW,2018,6440,2.3,43419
Nissan,2022,114415,2.7,19274
Mazda,2023,125360,3.7,43255
Mazda,2015,5555,1.9,17102
Chevrolet,2013,112729,2.4,34104
Mazda,2022,82648,3.6,21642
Volkswagen,2011,131919,2.3,25341
BMW,2020,6535,2.5,36167
Volkswagen,2013,124773,2.2,9653
BMW,2016,49262,3.7,43736
Kia,2010,96021,3.1,28410
BMW,2023,29587,1.9,35613
Volkswagen,2018,104283,3.3,24891
BMW,2012,50543,1.5,29188
Kia,2022,94177,2.4,13623
Kia,2022,75680,3.8,14824
Toyota,2013,124321,3.2,38578
BMW,2021,137760,3.5,11281
Chevrolet,2014,118624,3.8,16590
Hyundai,2021,88515,3.4,29526
Honda,2022,36803,1.6,31095
Kia,2012,122930,2.0,18122
Ford,2013,28998,2.7,35163
Hyundai,2014,134944,1.4,8297
Nissan,2021,10786,3.0,12406
BMW,2010,64059,3.1,13365
Volkswagen,2023,99450,3.2,36912
Honda,2018,78984,2.8,20751
Ford,2019,32139,2.6,31121
Hyundai,2022,32993,3.6,40332
BMW,2019,47048,3.4,35793
Toyota,2022,148995,3.0,38871
Nissan,2023,149156,1.5,34114
Honda,2013,88096,3.2,14104
Chevrolet,2022,24481,2.9,8355
Toyota,2018,102552,3.2,31769
Ford,2013,16422,2.2,40635
Honda,2023,72260,3.4,13761
Toyota,2010,73164,2.5,32304
Nissan,2021,60296,3.7,37458
Chevrolet,2014,32875,1.7,37481
Toyota,2022,22734,2.7,44405
Mazda,2018,56700,1.9,13782
Chevrolet,2012,18786,2.6,40584
Ford,2014,129258,2.3,20432
Nissan,2012,59395,3.5,37363
BMW,2021,120665,1.8,40472
Volkswagen,2012,92463,3.0,9558
Volkswagen,2010,69763,2.5,32907
Volkswagen,2011,92773,2.7,36844
Honda,2011,107076,3.3,34509
Ford,2018,40301,2.3,7454
Nissan,2016,121582,2.4,39397
Chevrolet,2017,64724,1.6,37128
Honda,2011,63976,2.8,29060
Ford,2018,26735,2.5,24132
BMW,2022,105344,3.5,38984
Mazda,2012,88485,2.5,36610
Nissan,2019,25509,3.9,31424
Volkswagen,2022,99934,1.8,40864
Toyota,2011,118362,2.1,5921
Nissan,2021,57540,2.4,36451
Kia,2010,44308,1.8,21900
Ford,2018,148484,3.9,25335
Hyundai,2017,106047,3.1,32797
BMW,2022,80605,1.4,23888
Mazda,2021,124319,2.9,44550
BMW,2020,128480,3.4,34407
Nissan,2013,74128,1.5,16077
Hyundai,2016,86453,2.9,37528
Kia,2021,128485,2.4,10376
Chevrolet,2023,12238,2.9,13337
Toyota,2012,106051,2.1,25042
Hyundai,2012,129937,3.1,40850
Ford,2013,65930,3.1,40419
Volkswagen,2011,141722,2.8,44691
Kia,2023,123913,3.8,34263
Toyota,2019,129124,3.8,44925
Mazda,2013,22807,1.5,40577
Volkswagen,2019,95811,2.2,17141
Nissan,2012,6145,2.3,22661
Hyundai,2017,117233,1.5,30479
Toyota,2020,142314,2.8,35505
Honda,2011,149904,1.5,25872
Chevrolet,2020,64328,3.2,23514
Chevrolet,2018,84821,1.4,8425
Kia,2012,52852,1.5,16685
Mazda,2013,6992,3.6,16036
Kia,2022,41890,2.1,14967
Honda,2019,99326,1.6,32888
Ford,2023,130027,2.4,12511
Mazda,2019,115594,1.5,9201
BMW,2012,70353,3.4,31347
Ford,2012,28880,2.7,35981
Mazda,2017,90520,2.8,13961
Mazda,2017,33975,3.4,40174
Honda,2022,140082,3.4,8358
Nissan,2022,125003,1.8,9791
Honda,2015,127237,2.1,11823
Mazda,2013,45596,1.9,14867
Toyota,2010,45653,1.5,20096
Ford,2013,111172,2.8,31336
Honda,2017,142421,2.0,35392
Nissan,2015,28347,1.8,21750
Hyundai,2011,74388,2.7,15924
Kia,2012,67241,3.0,9120
Mazda,2021,59142,3.4,26649
BMW,2016,149232,1.4,38437
Hyundai,2020,70923,2.8,7833
Chevrolet,2020,51891,2.1,6670
Volkswagen,2013,110341,4.0,31190
Nissan,2013,7003,1.8,10508
BMW,2014,43513,2.5,41143
Volkswagen,2017,121228,3.9,9483
Nissan,2023,95561,2.0,18298
Toyota,2023,30672,3.5,35313
Kia,2016,46819,2.0,5793
Hyundai,2018,110408,1.6,18843
Ford,2014,121707,1.5,41063
Nissan,2010,112376,3.9,11769
Ford,2013,113777,2.0,24940
Kia,2015,119917,2.2,27464
Mazda,2015,86714,3.9,5984
Chevrolet,2018,88752,3.1,37216
Hyundai,2019,78778,2.7,40508
Kia,2022,134682,2.5,41482
Kia,2014,123366,1.5,14620
Toyota,2014,143568,3.6,30368
Volkswagen,2015,133037,3.4,18811
Chevrolet,2020,33357,1.6,26870
Hyundai,2015,51252,2.3,14703
Mazda,2012,10887,3.7,21290
Mazda,2015,88398,2.0,10182
Honda,2017,11040,3.0,34282
Kia,2021,149512,2.7,12762
Nissan,2015,133053,3.5,18428
Toyota,2021,117725,1.5,16726
Chevrolet,2020,33371,3.5,12961
Mazda,2014,72879,1.8,10990
Hyundai,2012,143260,1.4,14666
Honda,2010,104542,2.9,21888
Hyundai,2014,64580,2.1,32984
Toyota,2015,50216,3.2,30181
Nissan,2023,27044,2.6,29865
Honda,2015,15620,3.0,42096
Honda,2023,25723,3.2,36370
Volkswagen,2015,46142,3.8,8542
Chevrolet,2012,46503,3.5,31008
Honda,2013,140326,2.7,44140
Volkswagen,2012,107837,2.5,41754
Volkswagen,2011,74937,3.1,34676
Toyota,2017,90209,3.3,31913
Ford,2016,77403,1.8,16637
Hyundai,2020,51944,1.5,34895
Nissan,2017,41002,2.6,18444
BMW,2022,22517,1.7,23753
Hyundai,2015,82366,2.1,13037
Honda,2020,15589,2.9,7789
Nissan,2021,65117,1.8,40151
Mazda,2023,132340,1.5,29754
Ford,2016,64264,2.8,25119
Mazda,2010,39830,2.6,34109
Mazda,2019,64544,2.2,23899
Chevrolet,2014,9627,2.6,31096
Hyundai,2013,130894,3.2,34213
BMW,2019,123159,1.7,29750
Toyota,2012,116446,2.1,41137
BMW,2011,76634,3.5,37818
Mazda,2023,107111,3.1,14892
Honda,2023,108040,2.1,31508
Ford,2018,26341,2.4,37884
Kia,2017,20375,1.7,15587
BMW,2019,100642,2.1,22368
Mazda,2011,70627,3.6,24621
Ford,2015,120145,2.5,30361
Nissan,2012,67515,3.1,6527
Hyundai,2012,6884,1.8,10442
Volkswagen,2014,83968,1.9,6832
Chevrolet,2016,117586,3.8,35754
Ford,2016,90041,3.6,39021
Honda,2020,84738,3.5,36210
Honda,2019,80767,2.3,39956
Ford,2010,110946,2.9,33877
Honda,2020,45720,2.7,6186
Hyundai,2016,14595,3.9,33805
Honda,2016,90623,2.0,32207
BMW,2015,18918,3.9,12655
Volkswagen,2015,133660,3.2,18876
Honda,2022,34984,2.5,31062
Volkswagen,2022,113288,2.1,19415
Mazda,2011,20813,3.4,20452
Toyota,2012,140538,3.5,32133
Hyundai,2012,39999,2.3,32932
Toyota,2022,63115,1.8,43306
Mazda,2012,113715,2.7,30289
Hyundai,2011,95333,2.6,16891
Ford,2018,24699,3.3,7240
Ford,2015,147553,3.9,44364
Volkswagen,2011,88518,2.8,6474
Mazda,2012,123950,3.3,16622
Volkswagen,2019,88462,2.3,38791
Chevrolet,2015,144405,3.0,42873
Honda,2013,84996,1.7,21781
Kia,2016,70625,3.5,44085
Chevrolet,2015,25790,2.3,18338
Honda,2015,141562,1.6,9013
Hyundai,2021,53055,4.0,26017
Volkswagen,2012,113759,3.7,19740
Hyundai,2020,123394,1.9,29343
Hyundai,2017,103163,2.3,25780
Honda,2018,40992,3.8,11867
Mazda,2015,42624,3.5,36761
Honda,2011,94713,3.8,14858
Nissan,2010,96471,2.9,38714
Ford,2012,136220,2.0,31495
Ford,2012,29449,2.0,5622
Chevrolet,2017,135670,2.8,15367
Ford,2014,132690,3.8,6760
Honda,2010,102138,3.0,27673
BMW,2020,121405,1.5,24364
Volkswagen,2013,47314,2.9,18175
Honda,2016,149610,3.0,38982
Honda,2014,72899,2.9,41370
Kia,2019,32508,3.2,28702
Volkswagen,2022,73643,2.2,31451
Nissan,2015,141700,1.8,43582
Ford,2023,121189,3.4,9887
Volkswagen,2019,46409,1.9,9249
Ford,2013,20180,1.7,31848
Chevrolet,2011,148449,2.3,43879
Volkswagen,2018,48548,3.6,15743
Ford,2011,132151,1.6,40381
Nissan,2011,129323,1.9,42536
Toyota,2022,60003,2.6,25439
Hyundai,2021,25319,2.1,20993
Hyundai,2011,119637,3.3,15632
Nissan,2010,28214,3.2,21484
Kia,2022,57861,3.6,10860
Toyota,2021,131122,1.9,31826
Chevrolet,2021,101649,3.1,33244
Nissan,2012,54655,3.4,35778
Hyundai,2015,124739,1.6,12376
Hyundai,2016,106401,1.5,41172
Hyundai,2010,116892,2.9,41334
Mazda,2023,14657,2.9,42433
Nissan,2014,140592,2.4,11725
Honda,2014,121585,1.5,34509
Chevrolet,2010,34577,2.4,22790
Hyundai,2013,35558,3.1,29123
Ford,2019,112146,3.2,31904
Nissan,2010,137282,2.7,41694
Mazda,2022,68807,2.8,22756
Nissan,2023,120056,3.1,29894
Chevrolet,2010,103235,2.6,36784
Mazda,2021,7843,2.1,31932
Chevrolet,2016,24834,2.0,11858
Nissan,2016,98263,3.4,43629
Honda,2012,115850,2.7,41296
Chevrolet,2016,88064,3.0,44367
Mazda,2012,57278,2.6,39909
Mazda,2011,45428,3.5,41230
Chevrolet,2019,70553,2.7,17927
BMW,2013,116924,4.0,6252
Nissan,2023,76535,2.0,6520
BMW,2019,128825,1.8,21968
Kia,2012,38202,2.4,17011
Nissan,2021,44208,3.8,44103
Chevrolet,2016,43805,3.6,19791
Toyota,2021,57360,2.0,22263
Chevrolet,2021,112214,3.0,19381
BMW,2010,115168,2.9,21845
Honda,2015,95852,2.2,8634
Chevrolet,2023,76231,2.0,12110
Chevrolet,2011,84414,2.4,31501
Honda,2017,111264,3.5,44709
Chevrolet,2023,9886,1.9,19198
Hyundai,2014,8771,2.6,22720
Toyota,2012,101183,2.7,38728
Ford,2019,64070,3.8,11972
Toyota,2016,125711,2.2,19096
Chevrolet,2023,51686,1.5,42822
Hyundai,2020,52193,3.2,27772
Nissan,2011,85630,3.4,23679
Chevrolet,2014,96210,3.2,12330
BMW,2020,130501,3.2,24652
Hyundai,2017,49765,2.7,17122
Honda,2022,130890,1.4,26097
Hyundai,2020,98095,3.3,13674
Honda,2010,131584,3.8,40023
Kia,2010,88764,1.8,29453
Ford,2012,139996,1.6,28503
Volkswagen,2012,135530,2.1,29119
Hyundai,2022,53469,3.6,9231
Mazda,2016,21918,1.7,33627
BMW,2015,45345,3.3,25702
Chevrolet,2016,144548,1.6,14672
BMW,2013,45755,1.5,42149
Toyota,2020,15861,3.7,12193
Volkswagen,2011,96241,3.4,36292
Toyota,2011,111999,3.0,26948
Kia,2019,62405,1.8,19892
Volkswagen,2010,92781,2.1,26293
Volkswagen,2023,59353,1.5,18079
Toyota,2022,23767,3.1,25812
Honda,2023,62554,3.2,40855
Toyota,2018,130274,2.2,18649
BMW,2023,117619,2.3,25623
Honda,2023,144640,3.0,44552
BMW,2016,126652,3.9,44889
Kia,2019,110366,2.4,8632
Chevrolet,2012,57650,2.7,20883
Nissan,2011,73383,3.2,23081
Honda,2023,94578,2.3,5409
Kia,2012,59215,3.7,40995
Mazda,2016,66212,3.6,14374
Kia,2014,110617,3.2,16021
Toyota,2021,50577,2.8,29662
Toyota,2012,105462,4.0,42383
Nissan,2018,123352,3.2,20013
Kia,2011,64999,3.1,7057
Ford,2016,128958,3.7,36494
Chevrolet,2019,69383,2.8,28809
Toyota,2015,140691,2.0,8204
Nissan,2015,121881,1.8,31562
Chevrolet,2023,37287,2.6,18508
Kia,2016,63928,2.7,26047
Kia,2015,134895,3.6,30052
Volkswagen,2011,25428,1.8,7245
Nissan,2020,147678,3.2,28875
Toyota,2014,56138,2.2,7531
Ford,2012,130606,3.8,10304
Kia,2018,94393,2.6,27036
Ford,2017,23132,3.0,17366
Kia,2019,86094,3.1,37794
Toyota,2020,71454,1.6,12506
Chevrolet,2011,30695,3.6,19274
Hyundai,2010,134598,1.8,32099
Chevrolet,2013,144969,2.4,37469
Kia,2013,96511,3.1,31992
BMW,2021,9423,1.5,27213
Hyundai,2019,69806,2.9,17278
Hyundai,2020,40210,2.5,37222
Ford,2011,7595,1.6,31636
Nissan,2016,74611,3.3,28152
Ford,2022,80177,2.7,17897
Ford,2012,90862,2.2,31417
BMW,2016,39539,1.6,14865
Chevrolet,2016,59827,2.8,31795
Chevrolet,2010,55169,2.2,11612
Mazda,2015,106996,3.9,19116
Kia,2013,66568,2.9,43179
BMW,2020,47095,2.1,6627
Mazda,2017,89692,2.8,16468
Toyota,2017,145079,2.8,13320
Kia,2012,65210,3.3,28722
Kia,2013,18377,3.7,16144
Volkswagen,2010,122790,3.9,34168
Volkswagen,2019,127150,3.3,17243
Honda,2011,137872,2.8,15602
Honda,2016,22192,2.0,28401
Ford,2023,42901,2.4,17146
Toyota,2020,5969,2.7,17831
Hyundai,2021,56031,1.7,17667
Hyundai,2016,41087,2.1,38762
Volkswagen,2022,42473,4.0,6605
Volkswagen,2018,35655,3.4,22721
Volkswagen,2019,70923,2.7,26939
BMW,2018,50814,2.0,13389
Nissan,2018,73025,2.9,6368
Honda,2015,112011,2.0,7331
BMW,2017,73426,1.9,33902
Chevrolet,2018,71258,1.6,19016
Hyundai,2021,13947,2.3,30491
Kia,2023,111881,2.8,12118
Honda,2016,70461,1.8,27642
Mazda,2013,27510,1.9,8721
Chevrolet,2023,110077,2.4,6469
Honda,2013,147279,2.7,11436
BMW,2015,83183,3.4,37482
Toyota,2023,144262,2.9,15043
Kia,2020,41855,3.0,18914
Honda,2013,42846,3.2,14565
Nissan,2020,144214,2.6,38090
Volkswagen,2016,97079,2.3,24635
Volkswagen,2017,57470,3.5,31301
Kia,2017,112568,3.6,36115
BMW,2023,84949,1.8,30329
Volkswagen,2017,5768,3.9,30116
Honda,2011,32255,3.8,11429
Mazda,2023,46946,3.7,27165
Hyundai,2019,141629,2.5,35032
Hyundai,2011,98156,3.6,31842
Chevrolet,2011,23691,3.0,7837
Ford,2011,104693,1.9,44867
Toyota,2013,146335,3.4,26296
Kia,2014,83922,2.5,12088
Chevrolet,2013,113165,2.2,13582
Ford,2014,30993,3.7,7063
BMW,2013,119121,3.6,12349
Nissan,2016,109537,3.6,31296
Nissan,2019,17324,3.6,30123
Toyota,2010,97981,2.8,38842
Volkswagen,2023,75203,3.0,9245
Honda,2022,37383,3.9,39279
Chevrolet,2010,66080,1.7,17708
Chevrolet,2011,79659,3.5,5624
Kia,2022,18755,2.8,27309
Kia,2010,105296,3.9,28913
Nissan,2021,44661,3.1,11568
Nissan,2019,82277,1.8,44205
Mazda,2021,118693,3.5,25183
Mazda,2021,93802,3.1,18173
Volkswagen,2019,67236,1.8,29737
Mazda,2022,47494,1.4,21354
Honda,2023,65480,2.8,21906
Honda,2020,75084,2.0,30806
Chevrolet,2012,63204,3.7,15509
Hyundai,2015,19263,2.1,8052
Honda,2019,149178,3.1,8173
Ford,2020,88312,2.3,37597
Nissan,2015,20396,2.3,8068
Kia,2010,31455,1.9,5545
Mazda,2015,119547,2.7,28616
Chevrolet,2014,59490,2.9,16478
Toyota,2016,136720,2.9,9063
Kia,2015,60546,3.6,27888
Ford,2021,69396,3.1,35543
Mazda,2021,38588,3.3,9311
Ford,2016,69202,2.2,19526
Nissan,2011,120159,2.5,29160
Nissan,2021,119809,1.4,39200
Volkswagen,2010,26829,1.6,18692
Chevrolet,2023,108180,2.4,39008
Kia,2016,89715,1.9,39591
BMW,2018,41984,3.5,17393
BMW,2011,138249,3.2,43967
Kia,2021,102042,3.9,16331
Toyota,2016,68276,3.7,24912
Chevrolet,2012,16693,3.9,29264
Ford,2015,140214,2.3,31091
Toyota,2012,121656,2.7,31213
Hyundai,2022,93564,2.4,44610
Kia,2019,66291,3.9,17518
Ford,2022,7472,2.4,33511
BMW,2020,85836,1.7,40594
Honda,2020,35549,2.1,9664
Volkswagen,2020,83554,2.5,22365
BMW,2014,73646,3.0,23481
Chevrolet,2011,84142,3.0,29569
Nissan,2017,144873,3.4,7896
Honda,2023,128937,3.1,40892
Volkswagen,2017,114530,2.7,31363
Volkswagen,2016,102347,1.5,29783
Hyundai,2015,97358,3.2,24168
Hyundai,2010,124343,1.6,26953
Mazda,2017,5258,2.6,42034
BMW,2010,142940,3.7,20142
BMW,2017,11817,3.0,18217
BMW,2020,43512,1.9,41504
Mazda,2011,35856,3.5,21973
Toyota,2017,148164,2.2,40720
Volkswagen,2019,101636,2.9,30978
Honda,2021,135571,3.1,29060
Chevrolet,2013,87157,3.3,29459
Volkswagen,2016,41123,1.6,7825
Hyundai,2014,93521,3.6,5215
Ford,2017,6158,1.7,16937
Nissan,2021,103898,1.6,5587
Mazda,2015,23134,2.6,7585
Kia,2023,21786,2.4,7015
Ford,2014,95933,1.5,39892
Chevrolet,2010,60030,1.8,37695
BMW,2012,15494,2.5,12991
Hyundai,2019,31273,3.6,24413
Hyundai,2018,99040,1.7,10167
Hyundai,2023,43302,1.7,40862
BMW,2018,75822,3.5,7112
Kia,2014,50540,2.7,32366
Mazda,2012,43419,2.3,28924
Ford,2015,139624,2.6,41577
BMW,2014,64571,2.5,44052
Chevrolet,2010,53829,3.4,41587
Mazda,2011,141068,1.4,29318
Chevrolet,2021,39232,2.5,14865
Mazda,2014,67083,1.8,24586
Kia,2023,59034,2.2,13731
Nissan,2018,44379,1.7,6364
Chevrolet,2021,40868,2.5,10801
BMW,2013,31532,3.1,24295
Mazda,2018,41861,3.1,5828
Hyundai,2012,113532,3.5,40225
Volkswagen,2010,139651,3.5,40507
Hyundai,2015,30619,3.0,22283
Toyota,2019,26829,2.3,43037
Nissan,2023,25912,1.5,31889
Nissan,2016,148735,1.5,12043
Hyundai,2013,27104,1.7,30222
Ford,2019,103235,4.0,26745
Kia,2014,122472,3.4,6218
Chevrolet,2013,99428,2.5,24822
BMW,2012,60233,2.6,18796
Nissan,2010,137121,3.3,31525
Hyundai,2022,108487,2.7,24887
Hyundai,2015,72837,2.3,36682
Kia,2019,63498,2.3,24879
Kia,2014,119717,1.9,35449
Honda,2020,128666,3.7,20743
Honda,2010,115601,2.5,26717
Ford,2014,134147,3.4,30571
Ford,2015,121052,2.9,25191
Toyota,2019,95641,3.4,25154
Ford,2014,78685,2.2,17200
Mazda,2010,50915,3.4,42571
Kia,2023,113962,3.5,42807
BMW,2014,22379,1.7,7748
Mazda,2019,77401,1.6,15500
Chevrolet,2010,84146,4.0,5006
Hyundai,2020,94416,1.7,19258
Ford,2012,138703,3.2,21336
Hyundai,2021,134140,3.3,7075
Nissan,2022,103567,1.6,9920
Toyota,2011,66196,3.3,38490
Nissan,2022,18830,2.5,19896
Toyota,2010,48484,2.1,17779
Honda,2013,99756,3.1,23187
Hyundai,2011,30772,3.6,15962
Toyota,2014,10116,2.9,41320
Volkswagen,2019,86839,3.7,33972
Mazda,2010,128085,1.5,41228
Toyota,2021,6636,3.3,28458
Toyota,2019,97338,1.8,42026
Mazda,2010,12811,2.1,33526
Hyundai,2020,146653,2.9,10230
Hyundai,2019,25919,2.1,24102
Mazda,2013,88018,1.8,6269
Nissan,2016,138676,3.7,27307
Volkswagen,2023,134672,3.8,13615
BMW,2023,136279,1.5,27951
Chevrolet,2011,144535,2.7,7748
Volkswagen,2011,106772,1.9,24163
Hyundai,2010,17671,3.6,21140
BMW,2014,14476,2.6,21935
Honda,2015,9986,2.6,22296
Ford,2022,113158,3.0,33744
Toyota,2015,47001,1.5,29981
Mazda,2011,58242,1.7,29119
Mazda,2021,11803,2.7,28357
Toyota,2021,56446,3.9,22038
Ford,2016,16905,3.6,22973
Chevrolet,2015,133295,3.7,36375
Ford,2017,7461,1.8,14939
BMW,2015,63687,3.9,9056
Ford,2018,141745,3.3,32506
BMW,2019,133860,2.2,32343
Ford,2011,80956,3.6,43296
Chevrolet,2016,87863,3.3,18438
Chevrolet,2014,34564,3.3,14133
Hyundai,2010,74692,3.3,31496
Toyota,2012,17251,3.5,32057
Chevrolet,2013,84056,3.9,34818
BMW,2021,137977,1.8,24633
Chevrolet,2011,10661,4.0,25208
Hyundai,2016,8838,3.7,38907
Mazda,2010,47073,2.5,7886
BMW,2012,146450,1.8,23149
Hyundai,2021,144130,2.6,42723
Nissan,2018,80113,3.4,39790
Nissan,2020,94806,3.0,12835
Honda,2023,38884,2.1,14375
Ford,2011,128013,2.5,24975
Toyota,2014,130989,3.9,36531
Kia,2013,67457,3.5,41959
Volkswagen,2021,16797,1.7,34551
Hyundai,2012,62056,2.8,43021
Mazda,2014,31457,3.8,7524
Volkswagen,2015,13871,1.5,7220
Mazda,2010,88050,1.5,29890
Volkswagen,2011,43398,3.3,33504
Hyundai,2010,80058,2.9,10924
Kia,2012,10030,1.5,26585
Volkswagen,2017,6381,4.0,27467
Hyundai,2017,141164,2.9,33224
Chevrolet,2013,57946,2.7,37096
Kia,2015,92620,2.6,27427
BMW,2021,85093,3.2,10970
Mazda,2018,130370,2.6,8168
Nissan,2023,144639,3.1,16022
Ford,2016,120645,2.7,26740
Nissan,2011,30386,3.0,7390
Kia,2020,28013,3.5,38229
BMW,2011,11885,3.5,42057
Mazda,2012,111905,3.6,23764
BMW,2017,23780,1.9,18287
Volkswagen,2019,94771,1.6,28835
Mazda,2018,83377,3.6,28966
Volkswagen,2022,53284,1.5,26131
Hyundai,2023,65238,2.0,7316
Kia,2012,52184,2.8,19910
Hyundai,2018,45021,3.6,41210
Honda,2021,133446,3.7,20423
BMW,2021,48184,3.0,28883
Volkswagen,2019,23942,3.9,37596
Chevrolet,2021,56672,3.3,35529
Hyundai,2017,117437,2.8,43095
Honda,2014,91557,1.7,30951
Toyota,2020,48201,2.5,37712
Nissan,2019,68296,3.5,15295
Mazda,2012,93549,2.1,27641
Honda,2020,88257,2.9,22106
Kia,2016,82817,4.0,23950
Hyundai,2018,19008,1.9,24363
Kia,2021,65196,1.7,28847
Nissan,2015,7294,3.5,6193
Chevrolet,2012,24061,1.5,25643
BMW,2014,60733,3.1,43694
BMW,2016,103376,2.3,44040
Kia,2017,85625,3.3,26231
Volkswagen,2022,127007,1.7,43615
Chevrolet,2023,130758,2.3,33233
BMW,2021,129686,1.4,7890
Chevrolet,2013,15237,2.0,33517
Honda,2011,16694,2.7,20159
Chevrolet,2019,91472,1.9,19750
Ford,2011,146540,3.0,20616
Nissan,2021,79062,1.7,42416
BMW,2012,124443,3.3,22330
Chevrolet,2017,83000,3.8,34023
Kia,2010,81599,2.4,21244
Toyota,2023,18064,2.8,37515
Ford,2016,149661,2.7,38838
Ford,2015,137004,3.4,27876
Volkswagen,2023,60835,4.0,7857
Chevrolet,2011,57381,3.3,10070
Volkswagen,2018,22574,2.0,37920
Volkswagen,2022,37779,3.2,39418
Toyota,2021,115498,3.0,25354
Honda,2014,116422,1.9,39098
Chevrolet,2011,31025,2.0,34983
Hyundai,2012,144132,3.1,31929
BMW,2016,78197,3.5,32715
Volkswagen,2016,105800,3.4,38052
Nissan,2019,69617,3.0,23974
Mazda,2010,136498,3.8,10599
Nissan,2019,30491,3.3,33695
Toyota,2023,24553,2.8,11782
Toyota,2020,148990,3.5,32933
Kia,2020,17513,2.2,32632
Honda,2021,138322,2.1,26266
BMW,2013,61263,3.9,41515
Volkswagen,2015,67114,3.9,18061
Nissan,2017,7681,3.7,42606
Mazda,2012,88321,2.0,10906
Toyota,2023,139479,2.9,41269
Toyota,2012,44529,2.8,29815
Honda,2017,53901,1.9,12719
Mazda,2017,22427,2.6,29721
Mazda,2017,134463,2.6,14507
Honda,2010,26747,2.0,43829
Toyota,2017,18555,3.9,35007
BMW,2017,98130,2.7,12797
Chevrolet,2011,28263,2.8,13817
Chevrolet,2021,141199,3.0,31852
Honda,2018,109893,3.7,41630
Mazda,2016,66453,2.8,23691
Volkswagen,2017,113930,2.8,12152
Honda,2011,63389,2.0,17901
BMW,2013,148584,3.0,42253
Honda,2016,68722,2.4,32264
Ford,2015,140109,3.1,11257
Nissan,2016,98159,2.2,40774
Mazda,2010,142926,3.3,24662
Kia,2017,39311,3.0,7895
Kia,2022,22175,2.6,29406
Mazda,2016,60195,1.7,36848
BMW,2022,33090,3.0,22092
Ford,2013,50636,3.6,38962
Ford,2010,103248,1.8,21644
Toyota,2017,110752,1.6,31485
Nissan,2019,78334,1.5,24619
Chevrolet,2016,115956,1.5,30250
Hyundai,2017,58111,3.6,35884
BMW,2019,91284,3.3,29489
Hyundai,2010,6716,1.9,22647
Hyundai,2014,41404,3.8,36271
Mazda,2018,78406,1.8,18839
Kia,2014,84218,2.4,37964
Kia,2022,76262,2.6,39058
Chevrolet,2023,12557,1.6,6074
Mazda,2023,102304,2.3,43620
Hyundai,2019,133301,1.7,28919
Volkswagen,2021,40486,3.5,24821
Kia,2012,56557,1.5,38713
BMW,2018,45655,1.4,30282
BMW,2022,131045,3.3,40754
Toyota,2018,94638,3.4,44916
Honda,2013,68823,2.7,21173
Volkswagen,2013,118827,2.2,26855
Kia,2020,111836,2.0,18643
Ford,2017,89801,1.7,40931
Kia,2016,28094,2.7,41831
Toyota,2020,134095,2.7,23224
BMW,2014,149425,2.6,18168
Hyundai,2015,66850,3.4,43414
Ford,2012,119708,1.7,21160
Mazda,2023,16264,3.1,25575
Nissan,2015,47059,2.4,16763
Hyundai,2022,7650,2.0,10749
Nissan,2017,48024,3.2,34324
Volkswagen,2019,147664,1.9,13884
Honda,2023,61238,2.0,19502
Ford,2022,76220,4.0,33613
Chevrolet,2020,149529,3.7,44739
Ford,2018,121104,3.2,28432
Kia,2012,12074,2.2,6129
BMW,2017,62344,2.8,34561
Kia,2021,121776,1.7,20499
Kia,2012,37979,2.3,38868
Volkswagen,2011,74258,1.6,44805
Hyundai,2014,147781,3.0,15289
Chevrolet,2023,47925,3.6,9787
Chevrolet,2013,70066,3.5,33122
Kia,2022,41540,3.6,5347
Nissan,2014,23165,1.9,44396
Volkswagen,2015,67055,3.1,18940
Kia,2012,147454,3.9,6545
Honda,2010,99154,3.4,15331
BMW,2013,91123,1.4,24750
Hyundai,2015,71889,3.7,21030
Mazda,2011,78907,3.2,40473
Honda,2011,79608,1.7,5772
Nissan,2010,123690,2.2,25892
Ford,2018,24184,1.7,37707
Ford,2012,11902,3.3,20543
Honda,2011,25647,1.4,44052
Kia,2013,34140,2.6,14287
Mazda,2015,105541,4.0,41529
Toyota,2010,56730,3.6,43002
Toyota,2018,133996,2.9,42289
Nissan,2018,39546,3.2,43498
Kia,2017,63557,3.0,38355
Chevrolet,2015,58206,3.5,33946
Chevrolet,2013,148577,3.7,25214
Hyundai,2011,61618,3.4,44906
Mazda,2017,42031,1.9,26287
Mazda,2016,144115,2.4,9855
Ford,2021,97950,3.4,33286
Volkswagen,2023,64846,3.5,24233
Nissan,2013,135182,3.0,42499
Toyota,2012,56392,3.3,36750
Nissan,2015,59673,1.9,8621
Chevrolet,2010,142816,2.4,10932
Chevrolet,2011,55390,2.8,15714
Honda,2016,44260,4.0,25702
Hyundai,2020,58760,3.5,15103
Mazda,2012,110806,1.9,20489
BMW,2023,8470,2.3,17252
Nissan,2022,98347,2.0,28076
Chevrolet,2010,9201,1.8,11174
Volkswagen,2011,85863,1.7,27057
Ford,2019,32340,3.9,23029
Toyota,2019,98716,3.8,16220
Hyundai,2023,149560,2.7,7016
Volkswagen,2018,100910,2.8,11857
Hyundai,2016,141485,3.6,7043
Honda,2016,45200,3.1,6204
BMW,2023,27355,3.3,29949
Chevrolet,2019,18831,3.5,26864
Ford,2017,94357,2.7,16211
Volkswagen,2021,123589,3.9,15469
Hyundai,2021,133211,3.0,26516
Mazda,2017,41396,3.0,26925
Honda,2018,55920,1.8,20377
Mazda,2011,52786,4.0,28951
Ford,2023,135046,1.6,9264
Volkswagen,2017,51006,4.0,6073
Honda,2017,72627,3.8,24674
Volkswagen,2022,15842,3.6,12873
Chevrolet,2014,80459,3.2,5040
Kia,2014,118272,3.0,12537
Honda,2013,63074,4.0,6655
Mazda,2023,10557,3.9,15938
Ford,2014,9432,3.5,5930
BMW,2011,148078,1.6,19614
Chevrolet,2011,111291,2.4,31090
Kia,2014,42788,3.7,31138
BMW,2020,69167,3.2,34105
Toyota,2022,57166,1.7,17122
Chevrolet,2012,31887,2.3,13162
Ford,2010,121704,1.5,8412
Hyundai,2018,71513,3.7,23534
Honda,2011,44802,3.3,29899
Volkswagen,2023,39026,2.5,43712
Ford,2021,80706,3.4,8778
Honda,2023,77933,3.8,11658
BMW,2019,123817,2.1,10107
Volkswagen,2011,6732,2.1,5877
Nissan,2023,119164,2.7,11836
Mazda,2013,139014,3.2,31888
Toyota,2011,64853,4.0,27631
Chevrolet,2016,102084,1.8,39631
Ford,2021,14429,2.3,11055
Toyota,2019,62676,2.3,11583
Hyundai,2010,68727,3.3,37073
Honda,2020,100485,3.7,38387
Honda,2011,33899,1.9,14604
Ford,2020,20068,3.3,10461
Kia,2014,70701,3.8,21644
Kia,2011,83408,1.7,33409
Nissan,2018,100742,3.1,15635
Mazda,2013,34269,1.9,7644
Volkswagen,2018,99800,2.5,25889
Hyundai,2020,148291,1.7,43272
Toyota,2021,89694,3.2,25208
Kia,2010,64043,2.4,27665
Nissan,2010,70263,2.9,17709
Nissan,2010,108324,2.8,5151
Ford,2023,124432,3.2,11878
Hyundai,2013,129567,3.7,10868
BMW,2018,21830,2.1,21430
Volkswagen,2017,105730,2.9,13020
Mazda,2016,24641,2.9,16521
Chevrolet,2010,100911,2.2,12540
Ford,2012,149627,2.7,8224
Volkswagen,2018,111998,1.5,27896
Chevrolet,2018,110044,2.5,43482
Chevrolet,2014,93634,2.1,44101
Hyundai,2021,20309,3.6,24197
Hyundai,2022,54813,2.3,14472
Toyota,2015,79208,1.9,24931
Nissan,2020,110183,2.8,14406
Volkswagen,2022,41029,3.5,38978
Ford,2015,136477,2.3,23031
Honda,2019,59012,3.6,24765
Ford,2013,139632,2.2,23870
Toyota,2010,16575,3.3,13150
Mazda,2014,101148,1.7,42850
Nissan,2022,18153,1.6,11964
Honda,2010,111160,3.3,5233
Kia,2010,47077,2.4,40904
Mazda,2020,32013,2.4,31674
Hyundai,2014,142762,2.9,39009
Chevrolet,2014,123128,4.0,17661
Kia,2016,71277,1.8,24471
Ford,2011,81967,2.2,13005
Ford,2015,143253,3.1,29765
Hyundai,2011,12731,3.2,35756
Toyota,2022,106225,3.2,11588
Volkswagen,2019,110678,2.9,22080
Kia,2014,108938,2.9,5172
Kia,2013,5910,1.8,10373
BMW,2020,52341,3.6,13056
Mazda,2019,92718,1.4,17673
Nissan,2014,61850,2.5,15718
Mazda,2011,69229,2.0,40620
Volkswagen,2017,68891,1.7,16189
Ford,2017,115805,2.2,15524
Ford,2015,140110,3.1,26227
Ford,2012,102101,2.7,10031
BMW,2013,23862,3.7,41976
Ford,2010,87224,3.0,38546
Volkswagen,2018,86818,2.1,16193
Hyundai,2019,134307,2.7,12391
Nissan,2014,138591,2.0,33947
Volkswagen,2023,11112,1.9,25161
Nissan,2017,137064,3.9,5414
Volkswagen,2012,10647,2.6,15591
Ford,2013,99550,3.1,28601
Hyundai,2013,143669,3.7,41350
Kia,2017,128594,2.2,29073
Mazda,2021,121397,3.5,27937
Chevrolet,2018,62170,3.5,42995
Hyundai,2012,123153,3.5,37322
Kia,2016,128620,1.9,40165
Toyota,2018,114889,3.9,11458
Volkswagen,2011,124922,2.1,31390
Toyota,2013,82565,3.4,19614
Kia,2012,113688,1.8,10034
Hyundai,2017,83615,3.8,13803
Volkswagen,2013,85636,2.5,32416
Chevrolet,2018,24015,3.1,42947
Ford,2010,6757,3.6,5101
Volkswagen,2010,26863,2.1,6696
Volkswagen,2013,31098,2.4,37928
Hyundai,2012,30821,2.2,36717
Hyundai,2012,47372,2.1,36534
Kia,2019,26833,2.7,23976
Honda,2021,58990,2.8,41133
Volkswagen,2011,96528,1.6,14367
Mazda,2023,144621,3.2,39142
Volkswagen,2019,92968,2.5,34541
Kia,2019,44498,3.7,31326
Nissan,2011,130829,3.7,39589
Toyota,2017,52376,3.3,42329
Ford,2010,53547,3.6,14273
Honda,2023,139213,3.8,9448
Chevrolet,2017,147140,2.9,24420
Chevrolet,2019,101878,3.9,26798
Chevrolet,2012,58705,3.9,16758
Hyundai,2011,121562,1.7,15661
Chevrolet,2018,10830,2.8,11764
Ford,2014,20868,1.7,13471
Toyota,2023,142751,3.2,15858
Chevrolet,2014,147794,3.4,29402
Volkswagen,2022,18989,3.7,10289
Volkswagen,2015,127850,3.1,8197
Hyundai,2013,60701,2.6,11682
Ford,2016,116736,1.8,18939
Toyota,2016,19919,1.7,43023
Honda,2020,118916,2.7,11990
Kia,2018,147108,3.6,29956
Toyota,2015,111614,3.4,23572
Kia,2022,25999,3.7,37858
Nissan,2010,122154,3.5,9672
Kia,2018,46543,1.9,33868
Mazda,2021,59560,1.9,13604
Volkswagen,2022,84805,2.6,42198
Ford,2019,126764,1.9,18685
BMW,2018,65048,1.9,30373
Hyundai,2014,64115,2.1,32385
Mazda,2016,113573,1.5,21261
Kia,2010,122173,2.9,12172
Chevrolet,2013,113192,2.4,28955
Ford,2021,29324,2.0,11173
Mazda,2019,55605,1.7,6583
Hyundai,2013,99364,2.6,21059
Volkswagen,2014,99984,3.0,11778
Ford,2015,48261,3.9,9246
Hyundai,2013,81986,2.1,20719
Nissan,2015,101111,1.5,8003
Nissan,2019,61698,3.3,7931
Hyundai,2016,55502,2.0,19445
Mazda,2012,43202,2.7,17259
Ford,2018,66445,3.5,31345
Mazda,2017,90869,1.5,44718
Honda,2010,145607,1.8,41198
Kia,2022,23679,1.7,15931
Honda,2011,119691,2.0,29667
Nissan,2011,93901,1.8,7074
Volkswagen,2019,136102,2.2,43270
Toyota,2018,125640,3.3,29594
Kia,2021,63996,1.5,44247
Nissan,2018,144204,1.6,24874
Mazda,2018,87805,2.9,25868
Mazda,2010,61644,2.8,41740
Mazda,2016,129080,2.6,27789
Volkswagen,2021,131238,2.7,9136
Honda,2020,97091,3.3,35389
Toyota,2022,26227,2.9,39863
Mazda,2012,107342,2.6,28972
BMW,2020,97238,1.6,24639
Kia,2018,9596,3.9,15495
Ford,2017,21588,2.0,26024
BMW,2012,59654,3.7,22826
Toyota,2010,99540,2.4,39917
Volkswagen,2018,17453,3.2,27503
Toyota,2022,64552,2.6,20237
Ford,2019,95117,2.3,36021
Kia,2010,111124,3.0,8657
Ford,2012,29524,2.8,32683
Hyundai,2022,120219,2.0,33806
Kia,2015,36843,2.3,19214
Toyota,2015,68140,1.5,11720
Mazda,2023,17744,1.9,41130
Toyota,2020,111320,2.3,5696
Toyota,2019,43910,3.9,7076
Kia,2013,143554,2.8,29357
Hyundai,2011,80048,3.2,14715
Toyota,2022,32135,3.2,23663
BMW,2019,69273,4.0,20190
Nissan,2015,104968,2.8,44533
Chevrolet,2019,126445,2.9,34263
Chevrolet,2014,106958,2.2,6869
Toyota,2022,18733,3.0,29911
BMW,2015,68832,3.4,11533
Mazda,2016,139170,1.7,39867
Volkswagen,2020,90160,2.6,25311
Volkswagen,2018,114318,2.5,14586
Kia,2021,62119,1.7,8866
Chevrolet,2021,48887,2.3,44448
Toyota,2023,41382,2.8,24363
Volkswagen,2016,54999,3.1,7562
Toyota,2013,52022,2.2,22036
Kia,2019,8893,2.6,20683
Chevrolet,2014,106298,3.3,28690
Ford,2022,56594,2.5,23863
Nissan,2015,134617,3.8,14019
Nissan,2022,117696,1.5,9097
Volkswagen,2018,45109,2.1,23286
Nissan,2014,64087,1.7,17044
Ford,2014,138738,2.8,15786
Toyota,2016,112705,1.9,26298
Kia,2011,58513,3.3,39923
Ford,2012,119307,3.8,42488
Kia,2021,99013,1.9,33711
Kia,2011,114932,3.8,21888
Chevrolet,2019,21169,3.0,26452
Toyota,2019,22668,1.9,41788
BMW,2021,56810,3.3,16891
Nissan,2023,60159,1.6,30896
BMW,2011,146151,3.2,34587
Chevrolet,2012,123700,3.6,27951
Kia,2015,23362,3.9,6596
Volkswagen,2014,148991,1.5,43860
Nissan,2020,59648,1.6,7322
Nissan,2023,99410,3.8,12196
Toyota,2022,62026,3.5,44442
Hyundai,2014,56376,3.4,12706
Honda,2011,99834,3.3,32047
Honda,2011,19156,3.3,10197
Honda,2021,48039,3.0,19048
Hyundai,2010,21239,3.5,30501
Toyota,2012,143161,1.5,36280
Hyundai,2021,18014,3.3,19068
Honda,2021,55105,2.9,41160
Chevrolet,2020,10917,3.8,24742
Ford,2023,20350,3.8,5315
Kia,2016,141814,2.0,10332
Hyundai,2020,120236,3.5,12841
Toyota,2014,85197,3.9,40868
Toyota,2016,112554,2.1,33142
BMW,2018,147815,3.6,24799
Ford,2015,23891,2.9,10245
Volkswagen,2011,33483,2.4,20454
Nissan,2010,36135,3.5,9254
Honda,2010,100093,3.7,14803
Volkswagen,2019,147754,2.1,25615
BMW,2018,17798,3.5,23666
Honda,2023,99575,1.5,26242
Ford,2015,19198,2.5,29857
BMW,2015,112378,1.6,11327
Honda,2013,37104,2.2,15361
Ford,2021,12603,3.9,42181
Mazda,2023,43661,3.3,32181
Volkswagen,2011,34340,3.4,38973
Volkswagen,2019,75297,1.7,11920
Nissan,2012,54411,2.9,11487
Ford,2012,113004,2.4,16158
Hyundai,2017,105148,3.3,41875
Mazda,2015,110573,1.8,23984
Chevrolet,2016,17206,2.1,25907
Honda,2018,49211,3.7,41537
Mazda,2010,6533,1.8,38290
Ford,2011,76132,3.0,17946
Kia,2018,11358,2.2,11586
Honda,2014,125190,1.6,9168
Toyota,2013,59395,2.0,18476
Volkswagen,2010,130774,3.7,20688
Ford,2018,97459,3.8,44968
Toyota,2020,43941,2.5,27220
Nissan,2022,78588,3.0,42011
BMW,2018,91938,2.8,42194
Chevrolet,2013,76240,2.1,6646
Chevrolet,2018,99846,2.3,22020
Toyota,2019,62428,2.8,32259
Volkswagen,2022,48671,3.2,12436
Nissan,2010,51903,2.3,24579
Kia,2014,16715,3.2,11891
Volkswagen,2010,45583,3.9,30406
Mazda,2013,98497,1.5,42517
Chevrolet,2021,25706,1.8,41917
Mazda,2014,26316,3.8,44337
Honda,2023,64655,1.6,40433
Hyundai,2020,7497,3.4,31109
Ford,2012,18562,3.0,11983
Nissan,2011,106783,1.5,14041
Volkswagen,2015,99377,1.4,9387
Chevrolet,2020,144829,2.7,15959
Mazda,2022,14018,1.7,5772
BMW,2012,47020,3.7,29306
Honda,2019,115005,2.7,19990
Ford,2010,62264,2.0,42374
Ford,2020,130936,1.8,14279
Volkswagen,2022,140242,3.6,14195
Nissan,2014,98202,3.3,44850
Kia,2011,49944,3.3,37408
BMW,2011,29714,1.6,28921
Volkswagen,2013,54294,3.0,44631
Mazda,2013,5220,3.7,39692
Hyundai,2013,44769,3.4,21827
Toyota,2016,66949,1.7,26878
Kia,2010,130303,3.9,35865
Nissan,2022,82828,1.6,16013
Honda,2017,21771,2.8,38035
Kia,2021,66182,3.9,37107
Chevrolet,2022,35429,3.5,22889
Nissan,2019,43759,3.2,11137
Hyundai,2018,6839,3.6,16961
Chevrolet,2019,133759,3.2,43097
Kia,2022,29940,1.5,22666
Toyota,2023,95528,2.3,31552
Toyota,2015,12676,2.5,6076
Hyundai,2013,113131,2.8,30484
Ford,2015,88988,2.0,42348
BMW,2019,71196,3.7,26906
Honda,2016,123104,2.0,7468
Ford,2015,95441,3.1,30292
Toyota,2020,70913,3.7,16353
Toyota,2010,147546,3.3,36301
Mazda,2014,136231,1.8,37346
Chevrolet,2017,138271,3.9,40595
Kia,2017,17980,1.6,12663
Honda,2021,96336,1.9,21817
Hyundai,2019,142348,1.8,42422
Kia,2018,23372,3.1,7413
Mazda,2013,126000,3.5,39191
Toyota,2019,13168,2.0,44106
Hyundai,2015,29966,3.9,12157
Toyota,2016,112904,1.8,40049
Honda,2014,140987,2.2,19125
Chevrolet,2020,53921,2.7,7646
Kia,2017,110439,3.5,41927
Kia,2012,88474,2.4,42341
Ford,2017,9047,1.9,40760
Hyundai,2023,21515,2.6,25157
BMW,2014,148999,2.6,25432
Mazda,2010,69565,1.4,30269
BMW,2022,54592,1.5,26940
Ford,2015,80469,2.1,42102
Honda,2011,128120,3.3,35671
Mazda,2016,101017,2.4,7597
Chevrolet,2018,90311,1.9,8405
BMW,2012,19836,1.7,31714
Chevrolet,2023,90641,2.1,22058
BMW,2019,135674,2.7,42203
Chevrolet,2023,94080,1.6,32845
BMW,2013,127393,1.4,33121
Chevrolet,2013,107498,1.7,5454
Ford,2013,54604,3.3,39149
Nissan,2012,8262,2.6,30419
Mazda,2014,16213,2.6,39064
Hyundai,2018,29129,1.5,23324
Honda,2020,65606,3.2,35196
Volkswagen,2017,21524,1.9,17357
Toyota,2019,23098,1.6,33462
Hyundai,2011,81548,3.6,43709
Toyota,2021,67903,2.7,38800
Mazda,2018,74138,3.3,34698
Hyundai,2021,28059,3.5,38036
Chevrolet,2019,146867,3.9,32653
Chevrolet,2011,91723,3.0,21768
Volkswagen,2016,88650,1.6,10353
Toyota,2014,82156,2.8,9996
Honda,2022,76512,2.7,39369
Mazda,2016,34232,1.5,30557
Chevrolet,2014,149356,2.2,15335
Nissan,2021,127499,2.5,37253
Ford,2015,110332,1.8,40368
Ford,2017,67630,1.4,32569
BMW,2010,107022,3.4,11150
Honda,2022,116558,3.6,31900
Ford,2020,68683,2.0,25404
BMW,2022,79081,1.4,13384
Toyota,2021,143859,3.7,7207
Chevrolet,2010,93978,1.7,41447
Chevrolet,2014,133308,2.4,10577
Nissan,2010,144493,2.4,9342
Hyundai,2012,67540,1.8,41869
Ford,2019,17365,3.0,5552
Toyota,2018,122469,3.8,12113
Kia,2023,114591,2.7,39071
Ford,2022,43022,3.9,24434
Honda,2016,71448,1.9,37676
Hyundai,2021,42213,3.6,19441
Ford,2015,63648,2.1,27024
Toyota,2017,15715,2.1,32261
Ford,2017,38059,1.7,10186
Honda,2015,20223,3.6,33725
Kia,2013,59455,3.3,28892
Mazda,2013,16391,2.3,43021
Volkswagen,2013,93512,2.3,26459
Kia,2015,25709,3.6,29620
BMW,2010,16655,3.8,34920
Ford,2021,18111,3.0,24283
Chevrolet,2011,67275,2.5,15410
Nissan,2015,69532,1.5,38217
Chevrolet,2023,113553,1.7,29942
Kia,2023,97704,1.8,5310
Chevrolet,2020,122608,2.1,42540
Toyota,2010,51418,2.1,19539
Chevrolet,2018,43708,2.8,26775
Hyundai,2021,111352,3.9,5254
Mazda,2015,114444,3.6,17416
Ford,2016,115353,2.7,21734
Chevrolet,2023,79858,1.4,37100
Honda,2021,30977,1.6,16386
Mazda,2010,135247,3.6,41512
Mazda,2017,64319,2.1,40648
Chevrolet,2021,84702,2.2,41146
Mazda,2021,88670,1.8,32808
Nissan,2021,103305,2.0,15754
Chevrolet,2021,46108,2.0,14787
Toyota,2021,25631,2.5,19802
Kia,2014,94652,3.0,31283
Hyundai,2014,37421,2.3,32001
Volkswagen,2023,27419,2.6,35175
BMW,2015,72579,1.9,14134
Mazda,2016,137774,1.5,26034
Toyota,2016,48889,2.3,11958
Ford,2014,148834,1.6,36237
Ford,2010,39155,2.2,26691
BMW,2020,132782,3.6,41772
Hyundai,2018,149454,2.4,33620
Mazda,2015,97192,1.9,20733
Nissan,2022,34852,3.7,44429
BMW,2018,133329,3.1,25253
Hyundai,2020,118417,4.0,44012
Mazda,2013,53843,2.2,40035
Toyota,2011,59978,1.9,23569
Kia,2022,37130,2.2,26147
Nissan,2022,146260,3.5,7309
Volkswagen,2012,33268,1.8,19615
Ford,2021,98342,2.0,34100
Honda,2013,119629,3.2,16637
Toyota,2019,30826,3.3,25950
Ford,2021,36995,3.9,13131
Chevrolet,2017,140534,3.9,39060
Honda,2012,39804,3.1,18574
Ford,2017,54689,2.3,31400
Hyundai,2015,135090,2.6,27839
Nissan,2013,64496,2.5,33900
Ford,2023,145054,2.4,33615
Volkswagen,2016,100434,2.3,28853
Kia,2023,77399,1.8,41626
Hyundai,2020,23332,2.4,6123
Toyota,2022,84525,3.9,34089
Toyota,2014,108482,3.7,14406
Toyota,2014,91063,3.0,19405
Toyota,2018,83483,1.9,40578
Kia,2022,135324,3.7,16775
Ford,2012,49209,2.2,20094
Mazda,2019,24232,2.8,23225
Ford,2013,127993,3.8,11444
Chevrolet,2014,122031,2.3,18390
Nissan,2010,58685,3.8,11984
Honda,2016,101521,2.0,18558
Mazda,2017,21545,3.8,27844
Mazda,2015,62847,2.3,37186
Ford,2018,18347,2.4,26661
Mazda,2012,138706,2.8,24629
BMW,2011,141173,2.3,41861
BMW,2014,92686,2.6,22142
Chevrolet,2022,22893,2.7,25547
Honda,2018,23703,2.7,15386
Volkswagen,2020,98362,3.9,15707
Kia,2010,27489,2.1,15244
Ford,2010,111975,2.1,34256
Kia,2019,115750,3.6,42075
Volkswagen,2012,24733,2.4,29120
Ford,2019,81942,1.6,13638
Ford,2012,144023,2.7,15608
Honda,2014,126519,2.8,35778
Kia,2013,69417,3.0,5122
BMW,2015,5740,2.0,25858
Toyota,2021,98995,3.9,43640
Kia,2017,114339,3.3,19297
Nissan,2017,14727,3.3,10771
Nissan,2020,127179,3.7,20252
Ford,2013,113767,1.5,11649
Toyota,2010,108523,3.0,28190
Hyundai,2022,70305,3.5,25883
Volkswagen,2023,112594,1.5,10078
Chevrolet,2023,112887,3.4,17848
Toyota,2016,80759,4.0,20022
Chevrolet,2015,54061,2.9,27782
Kia,2014,24208,2.5,18515
Kia,2013,65640,2.6,26666
Chevrolet,2015,91090,3.2,32511
Volkswagen,2017,25165,2.9,22783
Toyota,2015,98476,3.4,31926
Hyundai,2012,138051,2.5,9340
Ford,2018,98809,2.5,14244
Honda,2012,142684,3.3,9294
Kia,2013,31763,3.1,19388
Nissan,2022,142094,3.4,30692
Volkswagen,2014,64750,3.7,11583
Honda,2020,78368,2.1,24672
Hyundai,2011,129349,2.2,29163
Mazda,2020,128859,2.8,42999
Ford,2019,5299,3.8,22855
Kia,2020,124209,3.6,42846
Ford,2019,133377,2.6,16926
Honda,2011,101190,2.9,39077
Ford,2015,117533,3.3,26719
Mazda,2023,88200,2.8,42839
Honda,2011,149100,1.7,34782
Kia,2019,30437,2.3,33389
Toyota,2010,9589,1.5,26621
Nissan,2017,78669,3.1,17009
Honda,2019,85995,2.3,15258
BMW,2023,68845,3.3,41915
Mazda,2019,77934,2.5,32374
Honda,2022,28092,1.5,14721
Honda,2010,148449,2.4,23936
BMW,2019,123847,2.0,32781
Kia,2023,96168,2.0,29315
Honda,2015,51635,2.4,9985
Nissan,2021,105604,3.9,28867
Ford,2023,60402,3.9,11492
Kia,2010,85801,3.5,36371
Nissan,2017,107295,2.0,44077
Kia,2023,87433,3.4,39956
Nissan,2014,107535,1.4,34179
Mazda,2012,13312,1.5,17315
Nissan,2014,89767,3.6,16268
Chevrolet,2022,67263,2.9,6197
Nissan,2010,48951,2.4,14005
Toyota,2010,113119,3.3,43736
Toyota,2021,109904,1.7,37963
Volkswagen,2023,28393,2.1,11727
Chevrolet,2013,143238,3.3,33761
Chevrolet,2018,107677,1.9,14676
Ford,2023,111450,3.0,44091
Chevrolet,2018,72007,2.6,38830
Ford,2010,79554,1.9,15822
Volkswagen,2012,34616,3.7,37844
Volkswagen,2022,130323,2.5,24244
Mazda,2021,59026,3.0,24207
Toyota,2013,74842,2.1,8201
Nissan,2011,18177,2.3,27429
Nissan,2016,11688,1.5,10648
BMW,2012,95956,2.7,13741
BMW,2010,42879,2.3,41674
Hyundai,2010,94369,2.3,34752
Kia,2012,37492,3.7,16424
Mazda,2015,131383,3.2,10981
Hyundai,2013,125128,2.6,43350
Hyundai,2010,106165,1.9,12517
Honda,2016,54790,3.9,44231
Honda,2011,79220,1.6,29934
Hyundai,2021,32574,1.8,23415
Chevrolet,2014,76261,2.1,24975
Kia,2017,147921,3.9,21165
Mazda,2016,125283,2.1,24488
Hyundai,2020,104789,2.7,25911
Nissan,2021,142653,3.4,24808
Kia,2017,141293,3.8,31698
Honda,2022,128438,3.0,28402
Nissan,2019,57900,2.4,12538
Honda,2023,96081,4.0,9622
Honda,2020,141104,1.5,5521
Kia,2015,41777,3.6,26907
Honda,2016,127965,2.1,16361
Volkswagen,2018,132852,3.5,17500
Toyota,2015,42069,1.8,10165
Volkswagen,2018,132766,2.3,40319
Toyota,2022,136005,1.5,16495
BMW,2021,115549,1.9,7176
BMW,2011,125097,3.0,20805
Honda,2022,87866,3.4,38746
Mazda,2011,64337,3.8,24207
Mazda,2023,73976,1.7,34224
Toyota,2011,6545,1.8,29401
Nissan,2015,135867,3.8,30216
Kia,2011,57659,3.4,33782
Honda,2012,37797,2.8,33896
Kia,2022,101480,2.6,20552
Volkswagen,2017,106983,1.8,5387
Mazda,2017,62872,2.4,7896
Chevrolet,2020,70661,2.4,24710
Volkswagen,2021,42676,3.1,30525
Volkswagen,2013,142714,3.0,39089
Toyota,2018,102651,1.6,14772
Ford,2017,132113,3.6,27116
Volkswagen,2010,95061,3.8,17697
Honda,2017,112236,3.4,7842
Hyundai,2010,81719,1.9,38688
Hyundai,2013,81305,1.8,30372
Honda,2019,147003,3.3,11509
Ford,2015,30895,2.5,19801
Ford,2016,57814,3.4,38113
Toyota,2019,102272,1.6,6715
Mazda,2022,85290,3.3,26076
Kia,2013,53793,2.5,35100
Ford,2017,86754,1.5,6159
Chevrolet,2017,49189,2.8,5321
Toyota,2023,59346,3.2,19561
BMW,2023,6395,2.8,7065
Nissan,2023,8961,1.7,36568
BMW,2018,40382,3.5,28380
Toyota,2023,93790,2.2,13786
Volkswagen,2015,22928,3.8,10434
Kia,2013,17093,3.8,13313
Nissan,2011,96892,1.9,37159
BMW,2016,144058,2.6,29586
Nissan,2019,31726,1.8,43865
Chevrolet,2012,83196,3.2,44324
Chevrolet,2020,77570,3.6,31434
Chevrolet,2022,69619,3.1,37241
Toyota,2021,149652,2.1,21771
Kia,2012,113464,1.6,5219
Toyota,2012,137276,1.6,14352
Hyundai,2013,29331,3.0,29326
Volkswagen,2011,139655,3.9,32042
Volkswagen,2022,49099,3.2,38198
Chevrolet,2022,131854,3.3,17606
Hyundai,2014,12539,2.3,32912
Ford,2012,49379,2.9,17562
Ford,2019,61292,2.2,22817
Chevrolet,2014,129612,3.7,30773
BMW,2021,144295,1.7,14527
Toyota,2022,80696,3.0,26162
Chevrolet,2016,69590,3.3,16677
Mazda,2018,16522,3.2,42415
Nissan,2011,106872,2.1,12651
Volkswagen,2018,33014,2.7,33854
Ford,2019,127894,3.1,38209
Honda,2015,49082,3.8,43686
Ford,2021,57945,2.7,38257
Volkswagen,2015,132444,2.2,8020
Nissan,2020,78492,2.4,33637
Volkswagen,2012,143457,2.8,25152
Honda,2023,69552,3.9,15318
Chevrolet,2019,71944,3.0,26688
Hyundai,2022,136988,1.8,34282
Honda,2018,70226,3.6,26378
Volkswagen,2013,58583,1.9,23076
Volkswagen,2014,113180,1.5,8543
Mazda,2012,76882,1.7,32222
Mazda,2014,119173,3.4,7376
Kia,2017,21448,3.7,31113
Mazda,2017,19715,2.1,5398
Toyota,2023,30897,2.7,13159
Hyundai,2017,107328,3.0,43646
Nissan,2015,46572,2.5,25124
Honda,2010,144915,1.6,28847
Volkswagen,2020,36551,1.5,10433
Kia,2019,104691,2.5,26830
Kia,2021,32442,3.5,23650
Nissan,2015,92099,1.6,11814
Hyundai,2021,93399,1.9,6661
Honda,2020,9763,2.1,37448
Ford,2019,32771,2.9,15538
Mazda,2016,102734,1.5,7202
Chevrolet,2023,91029,3.6,6653
Kia,2018,141607,2.6,32612
Mazda,2021,37519,2.7,6026
Mazda,2017,134050,2.2,29220
Toyota,2020,148092,2.0,21360
Hyundai,2021,35906,2.3,9966
Chevrolet,2017,91786,3.8,7035
Ford,2016,16297,1.6,5652
Volkswagen,2011,133996,1.6,36584
Toyota,2010,59183,1.7,5848
Mazda,2011,51791,3.4,44802
Mazda,2015,35086,1.5,21323
BMW,2022,113818,2.3,28712
Chevrolet,2011,100520,2.5,44429
Chevrolet,2019,88957,2.7,27975
BMW,2013,132233,1.4,18293
Chevrolet,2019,46922,2.7,36738
Mazda,2012,6243,1.9,29389
Kia,2015,128412,1.7,24378
Honda,2021,47829,2.8,23754
Mazda,2021,57282,3.3,42732
Toyota,2022,37337,3.8,14621
Hyundai,2023,104957,3.8,37199
BMW,2017,12974,2.4,18439
Ford,2020,145563,3.2,7147
Volkswagen,2015,7304,3.2,28327
Ford,2011,93840,2.5,23416
Mazda,2014,16498,1.7,5241
Toyota,2020,82874,2.4,42919
Mazda,2022,129581,4.0,28067
Hyundai,2015,139886,2.8,43240
Kia,2018,130710,2.3,11796
Volkswagen,2015,97755,3.3,25444
Hyundai,2019,34925,3.2,16431
BMW,2014,83045,2.9,37174
BMW,2010,18365,3.1,31736
Mazda,2019,39726,2.9,22693
Toyota,2014,55448,3.9,31145
Hyundai,2014,68615,2.7,29109
Nissan,2015,125411,2.9,40840
Toyota,2016,14224,2.6,39694
Kia,2022,75618,3.0,9544
BMW,2022,91242,3.7,29546
Mazda,2013,34526,2.3,9849
Chevrolet,2016,24612,2.7,22493
BMW,2014,88395,2.6,7979
Volkswagen,2015,130245,2.4,17208
Honda,2013,120623,3.5,36431
Chevrolet,2021,48927,2.0,39744
Mazda,2017,108719,2.7,14354
Nissan,2018,27073,3.8,29360
Chevrolet,2011,130517,1.8,40050
Volkswagen,2021,91257,1.4,38541
Toyota,2020,142644,2.1,30449
Nissan,2013,140022,3.8,24433
BMW,2020,89578,1.6,14201
Nissan,2017,15006,1.8,10932
Hyundai,2017,52813,2.2,39512
Volkswagen,2018,131491,3.4,29657
Chevrolet,2012,27013,3.4,5672
Hyundai,2010,8244,1.6,31812
Nissan,2018,82428,3.8,25497
Hyundai,2010,46462,2.0,38798
Ford,2012,25588,2.1,34980
Volkswagen,2012,67182,2.4,26214
Kia,2018,123500,3.0,21457
Toyota,2010,5785,2.8,17286
Nissan,2016,136299,3.8,29835
Volkswagen,2011,75483,2.9,38856
Kia,2016,143549,3.6,38755
Kia,2010,22211,1.6,17928
Mazda,2022,84430,3.6,17793
Hyundai,2019,15217,1.9,27235
Kia,2019,16556,2.3,12743
Ford,2017,82104,2.2,40569
Volkswagen,2019,31914,2.3,21449
Honda,2022,43199,3.8,28352
Honda,2019,8339,2.5,22764
Nissan,2011,89709,2.1,10578
BMW,2012,103118,2.2,38830
Hyundai,2023,65534,3.5,34159
BMW,2017,97604,2.8,14336
Kia,2012,43316,2.6,42459
Volkswagen,2010,92022,3.8,27736
Nissan,2018,61670,3.8,24206
Chevrolet,2017,66745,3.4,34622
Kia,2013,24046,2.7,22808
Hyundai,2017,12087,1.7,15819
Honda,2023,116638,3.2,43691
Mazda,2014,131041,3.5,30309
Volkswagen,2012,46430,3.6,34986
Toyota,2010,45711,2.9,17688
BMW,2022,106660,3.0,25047
Nissan,2019,48543,3.2,44579
BMW,2014,140543,3.7,21159
Volkswagen,2020,32122,1.5,42613
BMW,2015,73659,2.9,34622
Volkswagen,2013,81869,2.4,40618
BMW,2016,56459,3.6,22279
Ford,2012,43771,1.7,32154
Chevrolet,2016,74326,3.8,33252
Kia,2023,37036,1.7,36218
Kia,2010,60087,1.6,36491
Hyundai,2016,137673,2.3,20764
Toyota,2010,147860,4.0,25594
Toyota,2022,148784,3.0,30817
Hyundai,2020,27303,1.5,18003
Mazda,2010,51515,2.0,12824
Kia,2011,90698,1.8,29612
Mazda,2011,98773,1.4,15275
Volkswagen,2013,81025,2.7,17188
Volkswagen,2022,125551,2.4,31948
Honda,2010,87099,3.0,8685
BMW,2013,25349,2.0,23830
Toyota,2011,51059,3.6,32586
Honda,2013,107023,2.4,41756
Chevrolet,2013,126018,2.7,37104
Hyundai,2018,119742,3.3,17334
Hyundai,2018,31009,1.8,36957
Volkswagen,2010,127686,2.1,27312
Kia,2014,115138,1.8,43702
Mazda,2016,123871,3.4,29610
Toyota,2013,24678,1.7,23310
Honda,2021,41623,2.7,44399
Mazda,2014,18369,3.3,21172
Honda,2011,104028,2.7,23143
BMW,2012,112749,2.7,9605
Chevrolet,2016,47256,1.6,7676
Chevrolet,2019,83893,3.4,12790
Mazda,2022,96006,3.0,33485
Mazda,2016,89419,3.1,6382
Mazda,2013,137401,3.4,31160
Honda,2021,97586,2.9,16310
BMW,2010,134141,2.7,15138
Ford,2010,36407,3.1,40413
Mazda,2013,124805,3.7,41267
Kia,2013,83074,3.1,42265
Toyota,2015,52303,3.4,43851
Toyota,2016,112665,2.6,14964
Honda,2018,44825,2.9,16237
Mazda,2018,82167,1.9,13428
Volkswagen,2019,48327,2.7,35281
Hyundai,2021,74830,1.8,44658
Ford,2021,47424,2.6,17617
Kia,2014,116674,1.6,13650
BMW,2019,88650,2.9,31248
Volkswagen,2020,65638,2.1,13376
Chevrolet,2012,124309,3.6,18289
Volkswagen,2012,119952,2.4,41945
Honda,2015,118670,3.8,5312
Ford,2010,88949,2.6,36908
Nissan,2016,63587,3.6,7990
Nissan,2012,139838,2.2,42386
Mazda,2014,44824,2.6,31523
Mazda,2016,31056,3.0,27021
Honda,2016,13299,2.1,23204
BMW,2018,41331,3.1,10956
Mazda,2010,132611,2.2,8413
Hyundai,2012,143921,2.7,31611
Ford,2018,149843,1.5,10278
Honda,2017,34604,1.6,16409
Toyota,2011,142107,2.0,24656
Chevrolet,2017,78495,3.5,13221
Honda,2017,8196,3.1,38296
Honda,2011,55337,3.7,40561
Nissan,2017,41899,3.8,12055
Kia,2012,98270,2.4,36043
BMW,2016,81687,2.4,39270
Kia,2022,144866,3.6,13992
Hyundai,2018,29358,2.5,28033
Toyota,2013,38849,3.6,22137
Nissan,2020,67603,2.7,43131
Toyota,2015,124043,2.5,5771
Hyundai,2018,94582,2.1,10362
Kia,2020,13389,1.7,14407
Honda,2020,88061,2.8,28244
Mazda,2014,61087,2.2,35339
Mazda,2021,136028,2.0,37274
Volkswagen,2010,80781,1.8,13842
Chevrolet,2012,82895,2.4,23497
BMW,2020,102184,2.8,14599
Hyundai,2018,140599,3.6,34726
Chevrolet,2012,115971,3.5,29065
BMW,2020,11693,3.6,44417
Chevrolet,2020,42671,2.9,40797
Kia,2019,37823,2.9,42539
BMW,2011,83950,3.8,43151
Kia,2013,111786,2.2,20395
Honda,2014,85586,1.8,31648
Nissan,2016,23378,1.6,34095
Kia,2016,22218,3.7,33419
Mazda,2018,85278,2.4,40814
Chevrolet,2022,123997,2.7,32306
Volkswagen,2017,114097,3.5,29521
Ford,2022,104805,2.4,30754
BMW,2011,85831,3.7,21872
Hyundai,2021,86089,2.2,36141
Volkswagen,2017,49281,3.3,41304
Mazda,2017,91608,3.1,37876
Kia,2014,22416,1.9,41261
Nissan,2022,46784,1.7,41287
Honda,2012,117251,1.7,7382
Ford,2018,68376,3.1,16887
Toyota,2021,16853,1.4,11679
Volkswagen,2016,33369,3.1,33422
Nissan,2010,5747,3.4,9543
Toyota,2017,119375,2.2,36806
Ford,2019,87887,3.3,43651
Hyundai,2022,132227,1.8,15857
Hyundai,2014,89718,3.9,11473
Chevrolet,2015,55956,2.0,29544
Ford,2018,72559,2.7,39059
Ford,2019,79128,3.9,18478
Toyota,2023,68769,3.8,40374
Nissan,2017,36109,3.1,6579
BMW,2023,91352,2.4,22423
Toyota,2020,31499,3.2,36215
Honda,2023,102798,2.6,39849
Hyundai,2023,106628,1.7,17205
Hyundai,2012,126851,3.5,32343
Chevrolet,2022,63741,3.7,38741
Honda,2014,28345,2.5,5965
Hyundai,2013,146183,3.1,7614
Toyota,2023,108837,1.5,23172
Honda,2010,145785,1.9,7121
Toyota,2014,145085,2.9,43423
BMW,2019,124021,2.1,42486
BMW,2016,126321,3.9,17744
Hyundai,2010,8093,3.6,35959
Hyundai,2013,103057,3.1,36873
Nissan,2015,105854,4.0,23962
BMW,2020,64530,2.0,44946
Volkswagen,2021,38993,3.8,8925
Volkswagen,2018,32132,2.2,44288
Chevrolet,2020,61552,3.0,23311
BMW,2017,75092,2.5,25126
Toyota,2011,138789,2.6,10730
Toyota,2020,106696,3.4,9401
Mazda,2012,43890,2.3,19183
Honda,2019,44407,2.7,26753
Kia,2022,28402,2.0,28720
Volkswagen,2014,116749,3.4,6220
Hyundai,2020,75286,2.8,16598
Chevrolet,2016,18820,2.1,13631
Kia,2012,105958,2.1,7843
Ford,2021,40837,2.2,41001
Chevrolet,2016,149785,3.2,15295
Ford,2014,45431,2.9,21332
BMW,2019,36207,3.5,13374
Ford,2015,11142,2.9,16679
Ford,2015,8755,2.2,37635
Nissan,2020,71366,3.9,20362
Nissan,2020,116929,3.7,16249
Nissan,2023,84229,2.1,32402
BMW,2021,11121,3.8,31365
Kia,2013,53294,3.3,44087
Chevrolet,2021,92994,2.5,12988
Chevrolet,2017,69902,2.6,22332
Hyundai,2018,48704,2.6,14369
Nissan,2011,39612,3.5,21776
BMW,2018,120149,1.9,14579
Hyundai,2020,101081,1.6,37714
Honda,2021,122679,2.7,37448
Hyundai,2013,63922,2.2,7028
Kia,2015,70736,2.9,18367
Volkswagen,2023,87435,3.9,35358
Ford,2016,34546,3.1,23334
Nissan,2013,93410,3.9,26692
Volkswagen,2017,8696,3.3,35289
Hyundai,2022,57445,1.6,10135
BMW,2023,93921,3.7,19522
Ford,2019,127251,1.9,25432
Chevrolet,2017,72552,3.6,32823
Toyota,2010,67417,3.3,36214
Ford,2017,46126,3.6,29098
Kia,2019,38743,2.1,27498
Kia,2023,91467,3.5,8514
Hyundai,2021,45073,3.0,9311
Honda,2012,22243,1.6,10412
Kia,2014,25328,3.7,35832
Kia,2023,5209,3.7,15269
BMW,2019,14800,2.9,19673
Hyundai,2017,70749,2.6,16663
Ford,2020,92817,2.4,25328
Honda,2015,33007,3.0,32694
Volkswagen,2013,43550,3.6,40732
Toyota,2013,133396,2.9,14468
Nissan,2021,70839,1.7,15028
Chevrolet,2013,126964,2.2,34024
Kia,2015,95094,3.1,37968
Hyundai,2016,55012,3.1,15892
Nissan,2022,76495,2.7,43893
Chevrolet,2014,102489,2.0,10229
Chevrolet,2019,105681,2.1,11004
Volkswagen,2023,31326,2.7,44383
Volkswagen,2017,135194,2.4,8347
Volkswagen,2016,90331,2.2,12281
Mazda,2017,58811,3.6,12358
Mazda,2013,58537,2.7,22920
Chevrolet,2017,62829,2.7,22952
Volkswagen,2022,14552,2.5,41510
BMW,2015,20485,3.2,12332
Kia,2012,82505,1.9,25727
Nissan,2022,55984,3.9,23403
Nissan,2017,143677,1.7,36488
Mazda,2022,104603,3.2,29541
Chevrolet,2016,86389,3.2,35121
Hyundai,2019,129142,1.7,32430
Ford,2014,49865,4.0,13828
Ford,2020,67811,1.5,21508
Mazda,2013,13337,2.3,10688
Hyundai,2010,82670,2.5,31085
Mazda,2019,137911,3.5,21580
Ford,2012,58102,1.5,40276
Hyundai,2011,22702,2.8,15768
Volkswagen,2017,21359,1.9,33358
Chevrolet,2023,93038,2.9,13459
Nissan,2017,37514,3.1,22622
BMW,2021,139012,1.5,25143
Honda,2014,28953,1.6,25918
Chevrolet,2023,43226,1.6,42685
Volkswagen,2014,7052,3.6,14799
Ford,2020,142377,3.8,26518
Volkswagen,2013,144479,2.5,42917
Mazda,2010,5785,3.7,44478
Hyundai,2010,127026,2.6,16412
Nissan,2022,15491,2.4,11459
Kia,2015,82480,2.8,35669
Mazda,2013,139181,3.5,30223
Chevrolet,2013,148587,2.0,43062
Mazda,2012,125741,2.2,15103
Chevrolet,2023,77981,3.6,12075
Kia,2018,38052,3.8,42704
Toyota,2012,49541,1.7,41377
Nissan,2017,134672,3.2,41435
BMW,2011,138485,1.4,44653
BMW,2013,145391,2.0,40653
Honda,2010,76871,1.6,12318
Volkswagen,2020,54795,2.7,26116
Toyota,2014,126999,2.3,41436
BMW,2011,69394,1.8,37424
Mazda,2020,97890,1.4,37089
Volkswagen,2022,113541,2.4,20428
Toyota,2010,107241,2.2,30160
Hyundai,2010,75343,1.5,20916
Hyundai,2011,76872,3.6,19396
Volkswagen,2014,142596,2.5,32096
Chevrolet,2021,43490,3.4,43579
Chevrolet,2018,55220,2.5,44278
Mazda,2015,20265,1.6,29935
Toyota,2021,98759,2.4,12877
Toyota,2013,34830,3.7,5645
Volkswagen,2012,84138,1.4,27968
Ford,2017,146589,3.7,25342
Hyundai,2012,144167,3.1,39940
Toyota,2010,52385,4.0,14128
Volkswagen,2013,55295,3.8,36066
Kia,2020,27277,3.7,42331
Honda,2022,94261,1.5,31948
Kia,2014,101714,2.1,16140
Nissan,2014,106048,2.4,29691
Mazda,2014,58822,3.2,13274
Toyota,2017,6920,3.1,15685
Nissan,2017,145948,1.8,19530
BMW,2021,142491,3.3,25538
Nissan,2022,14160,1.8,39548
Volkswagen,2013,36706,2.6,29399
Toyota,2018,43698,2.9,31173
Honda,2010,27879,3.7,36412
Volkswagen,2014,83570,3.0,23369
Volkswagen,2014,8884,3.9,9909
Mazda,2014,104036,4.0,34029
Mazda,2017,36803,2.7,44889
Hyundai,2018,25236,1.5,9630
Hyundai,2012,107003,1.5,7342
Chevrolet,2018,75717,3.6,37666
Ford,2022,127001,2.7,9843
Toyota,2020,23484,2.4,40739
Toyota,2017,113388,2.1,6942
Nissan,2012,18280,2.1,27040
Toyota,2011,7754,1.6,16823
Toyota,2013,55258,2.2,34504
Ford,2022,48386,3.1,19181
BMW,2021,36365,2.4,5137
Hyundai,2011,86353,3.9,33360
Hyundai,2013,6803,3.1,44321
Honda,2014,129907,3.6,38673
Toyota,2011,144344,1.7,37017
Ford,2021,126345,2.6,8259
Hyundai,2017,110210,1.5,23760
Ford,2010,32117,3.7,28401
Kia,2012,12204,1.8,19216
BMW,2016,67519,3.5,23467
Toyota,2019,55386,3.8,27935
Honda,2010,21486,2.5,27439
Nissan,2022,108216,2.4,44553
Hyundai,2020,8691,3.0,12555
Kia,2011,49445,3.3,9837
Ford,2012,106368,3.1,25268
Mazda,2023,59564,1.4,27681
Volkswagen,2023,92071,3.4,37964
Toyota,2011,142098,1.8,21451
Toyota,2011,19073,2.6,20189
Kia,2021,143256,2.1,24230
Ford,2020,6789,3.8,27910
Chevrolet,2015,35353,2.7,31308
Toyota,2016,31340,2.8,20357
Chevrolet,2015,52343,1.6,32907
Mazda,2020,149758,3.7,8272
Kia,2015,130877,2.0,17836
Ford,2018,38027,2.5,17976
Ford,2017,126192,4.0,39022
BMW,2023,95095,1.7,26520
Volkswagen,2017,135563,3.3,26999
Hyundai,2015,118570,2.1,25391
Hyundai,2014,31362,2.5,23738
Nissan,2018,12252,2.5,22879
Honda,2021,126918,3.8,26964
Kia,2011,20090,1.4,26369
Mazda,2016,40110,2.4,8629
Ford,2015,78627,3.6,18676
Volkswagen,2016,57385,3.8,11782
Chevrolet,2021,10024,2.2,13406
Kia,2013,16441,2.0,35294
Nissan,2018,72825,2.6,44781
Kia,2016,121053,3.3,8632
Nissan,2011,81890,1.8,16664
Ford,2022,147363,3.4,41541
Honda,2013,132434,2.7,18947
Nissan,2014,121096,1.8,26996
Ford,2011,14702,3.1,43763
Ford,2019,103523,3.0,39522
Honda,2017,109711,3.0,27524
Hyundai,2010,116895,3.4,14824
Kia,2012,32762,1.9,44957
Toyota,2023,139311,3.2,42964
Toyota,2010,17567,3.7,6573
Chevrolet,2014,90737,2.8,6600
Chevrolet,2017,11857,2.7,14045
Toyota,2016,70603,3.5,18694
Mazda,2018,80399,1.8,21142
Toyota,2011,63086,2.3,7382
Chevrolet,2021,94145,3.6,7334
Volkswagen,2017,37270,2.7,24355
Chevrolet,2017,125071,3.6,44337
Mazda,2023,7012,2.1,20000
Kia,2015,64049,2.4,5800
Toyota,2012,89989,3.5,35304
Honda,2011,94586,1.8,40163
Volkswagen,2023,44080,3.7,34492
Ford,2017,61879,2.2,27671
Mazda,2015,70888,3.9,21804
Chevrolet,2013,120951,3.6,44146
Honda,2014,42146,2.6,38418
Nissan,2014,121293,3.3,27804
Hyundai,2022,98948,2.8,11545
Toyota,2018,41166,3.6,24092
Hyundai,2022,124239,2.7,31009
Mazda,2022,139078,4.0,7535
Nissan,2018,137076,1.7,37664
Nissan,2017,142039,3.2,40874
Nissan,2017,23879,2.0,42950
Ford,2021,7261,1.9,23804
Mazda,2011,37323,2.5,14078
Kia,2023,40864,2.4,14363
Hyundai,2012,12927,1.5,11462
Kia,2023,87256,2.5,32390
Honda,2017,89903,3.9,38010
BMW,2022,126686,2.6,38675
Volkswagen,2014,59150,2.2,21927
Volkswagen,2016,112167,3.9,34662
Kia,2023,18056,2.7,31592
BMW,2017,146934,2.1,12421
BMW,2015,15798,3.4,28927
Toyota,2014,111491,2.0,11948
Honda,2017,56747,2.0,21502
Mazda,2010,40738,2.2,42820
BMW,2010,22227,2.4,5203
Chevrolet,2010,88800,2.9,20705
Volkswagen,2012,131531,2.7,7565
Chevrolet,2019,64461,3.3,38325
Honda,2022,62848,3.3,19028
BMW,2021,29685,1.5,41470
Hyundai,2015,96517,1.7,24538
Volkswagen,2015,124180,2.0,19308
Toyota,2014,8480,3.0,22558
Toyota,2022,20860,3.7,31175
Nissan,2022,73578,2.2,10291
Ford,2023,62230,3.9,13202
BMW,2016,62026,1.8,40403
Honda,2014,11564,3.8,25023
Volkswagen,2023,25012,3.5,26170
Ford,2011,59169,2.4,25542
Honda,2013,31341,1.9,36974
Kia,2010,51841,2.4,34170
BMW,2016,97584,2.0,8031
Mazda,2013,48335,2.9,16158
Mazda,2022,60155,2.9,18824
BMW,2013,103314,3.4,18871
Nissan,2022,34527,2.8,19491
Nissan,2013,100466,2.3,25716
Mazda,2012,55653,3.8,38908
Hyundai,2017,106907,1.6,25290
Volkswagen,2013,38057,3.5,23817
Mazda,2017,108992,2.5,6640
Hyundai,2018,12393,1.9,37937
Ford,2010,80404,1.7,6808
Hyundai,2013,96956,2.0,15155
Ford,2015,89613,1.7,38814
Honda,2017,64171,2.6,15535
Chevrolet,2023,34336,2.3,16947
Honda,2015,149057,2.3,35283
Mazda,2021,17014,1.8,31844
Ford,2015,144446,3.1,40049
Mazda,2019,96513,3.0,13665
BMW,2013,141656,4.0,25960
Volkswagen,2018,149037,1.8,35483
Toyota,2016,89769,3.6,16950
Mazda,2023,131092,1.5,42641
Volkswagen,2020,33782,1.6,15432
Hyundai,2015,115463,3.1,9414
Honda,2010,90847,2.5,22021
Hyundai,2011,93434,2.0,44473
Toyota,2021,65773,1.4,43464
Ford,2015,19110,3.1,37007
BMW,2020,93512,2.5,31872
Volkswagen,2010,10825,1.8,17310
BMW,2020,139560,3.9,44675
Chevrolet,2014,72431,2.3,16510
Mazda,2010,73444,2.2,18549
Ford,2022,71947,2.7,5701
Chevrolet,2012,141529,2.1,24455
Kia,2021,43216,2.1,13918
Mazda,2021,98230,3.9,7624
Hyundai,2021,13847,2.1,13141
Honda,2016,19658,3.0,7672
Volkswagen,2014,131878,1.5,24493
Toyota,2021,34676,1.8,22273
Toyota,2019,5645,1.5,17199
Hyundai,2010,102476,2.8,25255
Nissan,2010,83236,2.7,14921
Toyota,2017,23618,2.3,32916
Volkswagen,2020,66859,3.2,7170
Hyundai,2023,63827,3.0,28578
Ford,2022,102389,3.0,23093
Toyota,2018,130114,2.3,18140
BMW,2016,101726,2.3,9032
Hyundai,2022,133077,3.7,25624
Volkswagen,2012,138034,2.8,6308
BMW,2021,133373,2.1,15149
Mazda,2015,131076,2.8,10162
Mazda,2012,67397,2.1,14415
Toyota,2019,74951,1.9,32399
BMW,2013,60770,2.1,34080
Honda,2021,36545,3.0,20593
Mazda,2013,13705,2.7,35197
Honda,2012,15704,1.8,10243
Ford,2019,33671,3.8,31934
Hyundai,2015,26203,2.7,31796
Chevrolet,2014,86927,3.5,15714
Volkswagen,2020,125503,2.3,18525
Hyundai,2018,97115,3.9,11978
Volkswagen,2018,17451,3.4,11968
BMW,2012,116372,2.6,37304
Ford,2022,125102,3.7,35192
Kia,2018,101613,3.3,42399
Toyota,2022,80856,2.5,36293
Volkswagen,2021,63642,3.9,31400
Volkswagen,2012,92656,2.2,11754
BMW,2013,39612,2.1,26287
Honda,2010,123299,3.7,25636
Hyundai,2014,134848,3.2,12175
Kia,2021,92606,2.3,44370
Nissan,2018,103983,2.0,6295
Toyota,2011,12190,1.9,23298
Chevrolet,2013,147633,2.2,9512
Nissan,2019,34617,1.7,11463
Hyundai,2011,149643,1.8,22662
Toyota,2023,114319,3.4,22564
Volkswagen,2017,101931,1.6,43192
Chevrolet,2018,5009,2.5,35807
Honda,2012,119291,2.5,23436
Kia,2022,85739,3.9,39347
Honda,2018,58368,2.6,34934
Ford,2015,80914,1.8,34662
BMW,2015,53847,1.6,19301
Toyota,2016,80755,3.3,23943
Honda,2021,100491,1.8,42445
Nissan,2014,103347,3.8,11554
BMW,2015,45094,2.9,41450
Honda,2020,132791,2.4,13757
Mazda,2010,131489,3.2,27909
Ford,2012,146158,1.9,28318
Hyundai,2021,98893,2.4,33304
Kia,2018,45544,1.5,18940
Ford,2021,97398,3.7,39093
BMW,2014,52660,2.5,44526
Mazda,2014,78736,3.4,22884
Toyota,2017,76168,3.8,44226
Nissan,2020,39630,3.1,16878
Kia,2020,9711,2.4,16325
Kia,2022,7457,3.0,17940
Ford,2011,81732,2.3,37011
BMW,2022,83375,2.9,6537
Toyota,2016,44467,2.5,43953
Volkswagen,2018,149239,1.8,33237
Mazda,2016,12157,3.4,5212
Volkswagen,2021,115357,2.7,15348
Nissan,2014,7714,1.9,21560
Toyota,2022,32217,3.7,23468
Toyota,2015,45132,3.6,37746
Mazda,2013,101653,2.9,10808
Chevrolet,2023,85792,3.9,34241
Volkswagen,2021,61371,3.8,12426
Honda,2016,61788,3.7,14153
Kia,2010,14583,1.7,42024
Chevrolet,2013,47042,2.2,25478
Honda,2012,95405,2.5,24345
BMW,2022,82807,3.6,15159
Mazda,2013,73371,3.7,17362
BMW,2010,144085,3.4,44459
Kia,2021,83775,2.6,25373
Hyundai,2022,41973,1.8,10951
Honda,2011,72690,1.5,17997
Chevrolet,2021,74459,3.2,22780
Honda,2020,36558,4.0,6844
Honda,2022,113350,2.3,12093
Mazda,2018,45030,2.9,44136
BMW,2016,41636,3.5,27470
Volkswagen,2022,114528,1.9,34365
Hyundai,2015,68566,3.6,35272
Mazda,2011,56159,3.0,23601
Nissan,2010,61025,2.9,37491
Mazda,2011,114463,3.4,33234
Kia,2016,17434,2.0,37219
Hyundai,2011,51096,3.0,37679
Toyota,2012,52471,2.0,7333
Nissan,2017,61004,1.9,8094
Ford,2016,15487,3.0,26259
Mazda,2021,80925,2.1,32126
Honda,2020,101925,3.3,30179
Volkswagen,2020,118500,2.7,33317
Toyota,2023,14610,3.2,29698
Mazda,2020,58551,3.7,11758
Mazda,2018,18869,1.8,39063
Chevrolet,2021,93466,1.6,30757
Chevrolet,2013,27979,2.4,40395
Toyota,2016,16492,3.3,6742
BMW,2010,120381,3.7,10657
Chevrolet,2020,65920,1.5,29188
Honda,2020,117784,3.5,42389
Nissan,2011,99257,1.6,27158
Ford,2016,28409,2.9,7063
Hyundai,2011,121443,2.3,40108
Ford,2015,65428,1.4,35970
Ford,2022,31455,1.7,35474
Hyundai,2019,136919,2.3,34450
Chevrolet,2021,81699,3.9,9256
Toyota,2018,58213,1.8,41097
Hyundai,2020,120883,2.1,27402
Kia,2014,145776,4.0,21153
BMW,2019,36849,2.6,12603
Nissan,2016,76868,2.1,18148
Volkswagen,2022,127842,3.0,13433
Chevrolet,2010,141720,2.5,39247
BMW,2017,36793,3.6,23803
Hyundai,2018,90240,1.4,13797
Kia,2022,89377,4.0,37757
Volkswagen,2014,8450,1.6,19822
Nissan,2015,13418,2.8,10296
Nissan,2022,39575,3.2,30902
Chevrolet,2020,135576,2.8,6940
Hyundai,2017,102260,2.2,8270
BMW,2013,119009,3.6,30811
Toyota,2011,38186,2.5,16580
BMW,2019,31451,2.2,17018
BMW,2017,8155,3.4,31509
Nissan,2011,145182,1.8,31116
Toyota,2014,34448,1.9,42431
Toyota,2022,131934,2.1,35091
Chevrolet,2015,133529,2.5,32161
Volkswagen,2014,134244,1.5,6505
Mazda,2015,50231,4.0,20332
Ford,2015,40399,3.0,26779
Ford,2012,77404,3.9,15945
Nissan,2020,53698,3.5,35114
Mazda,2020,50379,1.7,44730
Volkswagen,2012,102275,1.9,22204
Mazda,2018,139884,1.5,27197
Chevrolet,2012,28978,3.6,14205
BMW,2012,16531,2.9,15686
Nissan,2020,33783,2.0,24165
Toyota,2023,18236,3.9,43042
Nissan,2011,122485,3.3,30089
Ford,2016,74683,3.2,19195
Volkswagen,2019,98806,2.1,32926
Mazda,2019,138831,2.2,28202
Volkswagen,2013,18332,3.1,13509
Chevrolet,2010,58902,2.9,9423
Nissan,2015,14198,3.1,39874
Hyundai,2014,108307,3.7,15187
Nissan,2023,111209,1.8,25315
Toyota,2020,91023,1.7,38704
Nissan,2011,137853,2.9,32552
Kia,2015,83948,2.7,9477
Chevrolet,2010,55141,2.4,7382
Honda,2012,114660,3.8,41681
Chevrolet,2013,36485,2.9,17418
Mazda,2022,59351,2.9,19537
Honda,2012,31654,2.4,5786
Mazda,2022,56529,2.3,42608
Mazda,2015,109349,4.0,14448
Toyota,2020,21665,3.0,17213
Toyota,2013,67475,3.5,6018
BMW,2023,52802,2.6,17936
Ford,2010,82892,1.9,22630
BMW,2014,41362,2.2,18661
BMW,2014,44338,2.3,8300
Ford,2018,98004,2.9,27539
Hyundai,2017,101464,1.8,13410
Honda,2017,7120,2.4,5852
Volkswagen,2014,115289,1.7,25784
BMW,2017,5785,2.7,41597
Nissan,2023,61925,3.9,41749
Nissan,2019,71473,2.3,21566
Mazda,2016,113185,1.5,28948
Ford,2010,34969,3.0,33887
Mazda,2021,70236,3.1,6247
Kia,2016,106416,2.6,22271
Kia,2020,21297,2.4,6607
Volkswagen,2017,110741,3.7,19690
Toyota,2012,145601,3.8,13854
Toyota,2018,35089,3.2,39504
Ford,2017,11171,2.7,34497
Ford,2011,22874,1.6,17817
BMW,2015,64024,2.2,5624
Kia,2013,26153,2.1,11325
BMW,2012,109693,1.6,11942
Toyota,2020,62753,3.6,15559
Honda,2015,142713,3.7,42924
Honda,2019,94075,3.8,26614
Ford,2022,9677,3.3,19305
Mazda,2018,10139,3.2,27254
Toyota,2011,62766,2.6,28144
Honda,2019,91049,3.6,43725
Toyota,2019,81693,2.7,7915
Chevrolet,2019,62414,1.5,10480
Nissan,2014,148904,2.9,21736
Kia,2015,134807,2.4,40698
BMW,2013,78741,2.8,27313
Toyota,2016,141497,2.5,14756
Nissan,2011,8900,2.7,5372
Chevrolet,2016,82347,1.7,29194
BMW,2011,131004,1.4,15385
Toyota,2010,129463,2.3,43812
Ford,2020,34134,2.1,15803
Nissan,2014,7817,2.1,30641
BMW,2011,75486,3.8,12475
Toyota,2017,143763,3.5,41259
Nissan,2021,70978,1.4,34918
Chevrolet,2021,62154,1.4,25359
Toyota,2021,97195,3.4,35927
Toyota,2017,53788,4.0,23133
Toyota,2010,98039,2.6,23433
Volkswagen,2013,14413,2.5,5562
Ford,2023,119113,2.1,22294
Chevrolet,2018,48400,3.1,39997
BMW,2014,34899,2.6,12394
Volkswagen,2021,117683,1.8,20000
Mazda,2020,50463,2.7,16977
Volkswagen,2019,5894,2.4,17874
Kia,2022,115398,3.7,13781
Kia,2015,134611,3.4,6633
Toyota,2012,93777,3.2,5643
Volkswagen,2014,51442,2.3,30753
Mazda,2023,124681,1.8,27144
Volkswagen,2021,48520,3.6,44945
Ford,2022,108137,2.3,19947
Ford,2022,34899,2.9,33673
Mazda,2022,83107,2.9,6564
Volkswagen,2010,136443,3.8,16160
Nissan,2017,35193,1.8,27517
Ford,2020,110302,3.4,17668
Ford,2015,19464,2.6,34499
Honda,2021,88323,1.9,12256
Volkswagen,2011,54025,3.6,30356
Ford,2013,99187,3.5,28201
Chevrolet,2013,116710,1.5,9605
Volkswagen,2018,81248,3.2,27094
Kia,2018,87927,1.8,7598
Honda,2014,5667,3.0,8306
Ford,2021,20890,3.1,26717
Honda,2012,106333,3.1,23200
Kia,2010,46000,1.7,18965
Mazda,2015,149097,3.0,26077
Mazda,2017,125580,1.7,13614
Volkswagen,2010,34940,3.3,33445
Kia,2020,126878,1.6,39525
Hyundai,2010,124492,3.4,10565
Hyundai,2020,29701,3.7,40068
Volkswagen,2016,87697,2.2,5158
Toyota,2016,46795,3.4,32782
Honda,2011,95990,2.5,22141
Honda,2012,18115,3.5,38052
Mazda,2011,135845,3.2,30650
Hyundai,2015,61433,2.2,19296
BMW,2022,51999,1.9,13908
Ford,2022,79564,3.8,24695
Ford,2017,112747,3.6,30592
Ford,2017,143760,3.1,23269
Mazda,2010,28255,2.3,30542
Kia,2020,84747,2.7,35733
Nissan,2018,82049,2.9,12722
Hyundai,2020,71057,1.6,11711
Hyundai,2017,31293,3.9,35100
BMW,2018,35607,1.6,19795
Honda,2022,148865,3.3,17652
Toyota,2023,95413,2.7,27951
Volkswagen,2022,112148,3.4,37861
Honda,2018,41069,2.1,24557
Kia,2020,91079,2.4,31133
Volkswagen,2021,47582,2.8,42249
Hyundai,2015,99526,1.7,5918
Kia,2012,18116,3.6,7517
Volkswagen,2010,103395,4.0,31813
BMW,2020,8706,2.5,43881
BMW,2017,21147,2.4,26962
Chevrolet,2019,104147,2.9,9828
Nissan,2012,13895,3.2,7575
BMW,2022,67058,3.7,32771
Hyundai,2016,18251,2.4,27547
Toyota,2022,115533,3.4,40657
Ford,2019,10109,2.0,14133
Chevrolet,2015,29632,3.2,35565
Ford,2012,148223,2.6,43217
Nissan,2015,60276,3.1,31347
Volkswagen,2021,11325,2.4,35010
Mazda,2012,99964,2.2,28253
BMW,2022,6912,2.7,31271
Toyota,2022,12374,3.7,26721
Nissan,2023,38034,3.2,43032
Ford,2018,90402,3.0,19913
Chevrolet,2022,96792,3.3,40868
BMW,2010,98305,3.3,15477
Hyundai,2022,55683,2.2,6914
BMW,2017,146270,2.0,32933
Chevrolet,2014,99817,2.7,14404
Chevrolet,2013,132776,1.8,24385
Mazda,2010,143227,2.6,22741
BMW,2018,52952,3.2,6175
BMW,2022,128899,1.4,42208
Mazda,2018,16388,1.7,11424
Kia,2022,79178,3.9,5950
Kia,2014,31457,3.8,28545
Volkswagen,2023,16752,2.5,31855
Kia,2020,56832,2.9,29446
Honda,2018,9237,1.8,38190
BMW,2019,139123,2.3,12343
Toyota,2023,48311,3.5,28681
BMW,2018,24088,3.6,42340
Honda,2016,10675,2.5,28590
Honda,2017,7640,2.2,6232
Ford,2010,68328,3.2,29214
BMW,2013,17317,3.3,16340
Nissan,2019,111442,4.0,27670
Honda,2019,108666,3.2,13251
Toyota,2013,38462,2.0,44231
Mazda,2021,80921,1.6,26377
Volkswagen,2018,20201,2.1,44075
Ford,2012,39536,2.0,18526
Mazda,2021,40517,1.6,32393
Ford,2019,120308,2.6,30463
Toyota,2019,117911,2.1,27276
Chevrolet,2010,42982,3.8,28591
BMW,2020,37844,2.5,33623
Hyundai,2014,89118,3.7,18350
Nissan,2016,140309,2.2,13866
Mazda,2021,128110,3.6,39744
BMW,2013,11027,2.6,37658
Nissan,2018,146439,1.5,43617
Chevrolet,2015,85567,2.7,34481
Hyundai,2015,105848,2.0,15090
Nissan,2012,98724,2.2,34808
Nissan,2019,119675,3.2,7082
Mazda,2019,76810,2.8,30803
Kia,2014,130545,3.7,10282
Hyundai,2019,57892,3.8,9452
BMW,2015,112457,3.2,14651
Chevrolet,2023,82059,3.6,39889
Hyundai,2013,6074,1.9,28338
Toyota,2022,87567,1.6,27643
Kia,2012,50793,2.3,43324
Toyota,2014,43071,2.2,37194
Chevrolet,2016,24546,3.1,14409
Mazda,2020,51515,3.6,29482
Mazda,2015,134212,2.2,6489
Chevrolet,2011,145767,2.5,6690
Ford,2010,16054,1.7,16760
Chevrolet,2014,7897,2.5,9843
Kia,2014,14537,2.0,41506
Honda,2021,62325,2.4,17261
Mazda,2021,144753,2.1,44718
Volkswagen,2015,124940,3.5,14403
Kia,2012,78387,1.4,25688
Kia,2010,95537,2.3,37863
Kia,2013,85121,3.9,28531
Nissan,2013,110532,3.2,20363
Kia,2019,52038,3.4,25530
Mazda,2011,59833,3.6,42426
Honda,2023,53123,2.3,29527
Honda,2017,35117,1.6,33451
Kia,2015,76131,2.5,32928
Toyota,2021,48691,3.1,22225
Mazda,2012,149379,2.4,29132
Mazda,2010,32531,2.6,35568
Hyundai,2021,47174,3.5,34558
BMW,2020,133755,1.5,26526
Ford,2012,19414,2.3,42349
Ford,2017,99572,2.7,37269
Toyota,2013,15261,2.2,8763
Ford,2012,72913,2.6,29662
Hyundai,2022,6271,2.4,27328
Chevrolet,2020,108324,3.8,26152
Ford,2013,38202,2.7,8877
Mazda,2020,74307,2.6,40264
Chevrolet,2013,112030,2.1,40866
Ford,2011,89070,1.5,17762
Mazda,2013,41892,2.2,27009
Mazda,2020,141674,1.5,42016
Kia,2021,131008,3.5,40314
Honda,2018,85957,1.9,32460
Toyota,2013,102210,3.8,17989
Hyundai,2021,141239,3.7,5078
Nissan,2010,58201,3.1,23853
BMW,2010,54698,3.6,20932
Ford,2010,68753,3.7,41432
Ford,2023,80479,3.4,12440
Chevrolet,2014,69687,2.7,19895
Chevrolet,2015,136290,3.9,42393
BMW,2021,37893,3.5,44971
Ford,2015,18169,1.7,12989
Volkswagen,2015,51458,2.5,39690
Hyundai,2018,79951,2.8,42976
Ford,2010,9180,2.8,42740
Honda,2019,14766,2.4,12827
BMW,2015,6942,2.8,36331
Volkswagen,2022,147604,1.6,19366
Hyundai,2017,48374,3.1,20380
Ford,2017,71790,2.7,23788
Nissan,2021,38755,3.4,40557
Kia,2012,126925,3.2,22592
Honda,2022,64192,1.7,28204
Nissan,2014,85459,2.3,29120
Chevrolet,2019,102218,3.3,13502
Chevrolet,2013,52592,2.3,44446
Ford,2021,125041,2.9,17618
Chevrolet,2010,115397,3.9,26478
Honda,2018,18118,1.6,24247
Hyundai,2014,118305,1.9,34028
Mazda,2011,69610,2.6,8974
Toyota,2021,83699,3.3,32265
BMW,2011,13104,2.3,25730
Hyundai,2020,84722,1.7,21096
Mazda,2016,13549,2.2,21679
Volkswagen,2013,131081,3.1,44270
Honda,2010,100614,3.5,21329
Nissan,2014,62240,3.9,17921
Mazda,2011,37831,3.4,31922
Honda,2016,102462,2.7,39656
Kia,2018,74474,2.2,18012
Nissan,2022,93233,3.8,30549
Chevrolet,2010,148681,2.8,42425
Chevrolet,2021,146595,3.2,28131
Nissan,2011,109700,2.6,30609
Volkswagen,2020,76772,2.0,43871
Volkswagen,2015,45577,2.8,16651
Volkswagen,2017,139177,3.6,18341
Mazda,2016,106856,2.4,31068
BMW,2018,90395,3.1,31773
Mazda,2023,137910,1.5,18000
Ford,2011,29437,3.8,29872
Toyota,2021,76449,3.9,6512
Nissan,2018,123099,2.4,33303
Hyundai,2013,119176,2.7,20287
Toyota,2020,48003,1.8,11628
Kia,2012,19646,1.9,30156
Mazda,2016,55560,3.0,30229
Mazda,2014,123560,3.0,38805
Honda,2022,91597,2.3,16023
Toyota,2014,63679,2.4,19890
Honda,2021,27873,2.7,6603
Hyundai,2022,139530,3.8,32390
Honda,2011,42165,1.8,42796
Toyota,2015,92803,2.8,28181
Nissan,2015,68994,1.6,14032
Kia,2021,102925,2.6,26578
Mazda,2013,19823,2.4,27482
Hyundai,2014,135803,1.8,43702
Mazda,2016,45856,1.8,27667
Ford,2023,12406,2.6,25610
Kia,2017,35619,1.7,10021
BMW,2015,143143,2.2,24629
Honda,2014,112871,1.6,34538
Chevrolet,2021,113029,2.2,16790
Toyota,2012,146216,2.8,14002
Mazda,2016,147255,3.3,11549
Honda,2017,26074,3.6,16100
Hyundai,2012,17349,2.3,5230
Mazda,2014,123160,3.8,32110
BMW,2020,32493,2.0,26456
Kia,2011,94146,1.6,10443
Kia,2019,145429,3.8,25536
Mazda,2019,9561,2.8,7101
Hyundai,2021,78150,2.3,15660
Kia,2013,69685,3.7,9041
Kia,2021,7358,3.4,31577
BMW,2013,147502,3.6,16675
Toyota,2021,21041,2.2,15669
Hyundai,2022,116407,3.7,15686
Hyundai,2017,97262,3.1,14634
Nissan,2012,15267,3.3,15098
Nissan,2014,82395,2.2,8284
Kia,2020,95170,2.0,41409
Chevrolet,2014,113454,2.5,12896
Nissan,2011,111680,2.9,24084
Kia,2018,24003,3.1,40628
Volkswagen,2013,35169,2.7,29708
Ford,2018,52271,3.2,12333
Ford,2018,21961,3.2,36659
Hyundai,2011,148218,3.1,23456
Chevrolet,2018,67676,2.1,36703
BMW,2018,46030,2.6,12566
Toyota,2011,71091,3.4,8916
Nissan,2020,47178,3.7,37815
Volkswagen,2022,8640,2.7,27579
Kia,2015,133291,4.0,39875
Chevrolet,2018,72448,1.9,11616
Hyundai,2013,89650,2.0,13982
Nissan,2011,28922,2.6,26956
Chevrolet,2016,118746,2.7,6877
Nissan,2018,119954,2.5,8861
Toyota,2015,149759,2.5,20896
Toyota,2020,94248,2.7,34934
BMW,2020,132589,2.2,37259
Ford,2023,19837,1.7,35515
Honda,2013,148937,3.9,35260
Honda,2010,49653,3.5,33185
Nissan,2013,40569,3.5,42475
BMW,2012,53787,2.3,20266
Honda,2016,56186,2.5,9069
Hyundai,2020,116837,3.8,28258
Honda,2022,20297,3.9,8489
Mazda,2020,61605,3.9,42435
Kia,2019,87904,3.1,40381
BMW,2014,91019,2.0,11910
Hyundai,2021,11463,3.0,32034
Chevrolet,2012,149704,2.9,29596
Hyundai,2023,120763,3.8,33339
Ford,2011,87943,2.2,26986
Chevrolet,2022,51221,1.9,18302
Volkswagen,2011,123585,2.1,33302
Kia,2014,116370,2.0,27532
Kia,2022,111775,3.1,27489
Kia,2022,30759,3.5,7720
Kia,2017,92000,2.4,32544
Nissan,2017,65943,1.9,11776
Kia,2023,90862,2.3,16984
Kia,2021,115475,2.8,24115
Kia,2014,81069,3.1,26267
BMW,2022,148230,2.8,24062
Nissan,2011,133979,2.1,13711
Toyota,2022,111446,3.8,11994
Hyundai,2013,42711,2.5,33735
Hyundai,2016,87688,2.6,14884
Chevrolet,2023,35772,3.9,16695
BMW,2015,32307,3.7,7631
Mazda,2019,141238,3.5,29590
Hyundai,2016,128890,1.9,18635
Honda,2014,12589,3.6,6342
Mazda,2011,136536,2.6,31714
Kia,2017,7600,1.9,16173
Kia,2023,136988,4.0,6503
Nissan,2021,142198,1.8,8170
Mazda,2011,143223,3.8,15227
Honda,2021,82196,1.4,43255
Nissan,2017,136137,2.5,43921
Chevrolet,2016,96837,1.5,10558
Mazda,2012,83424,3.8,44190
BMW,2022,143265,1.7,9011
Kia,2013,124259,3.2,38283
Kia,2022,81537,3.0,13605
Ford,2016,66434,3.4,17512
Nissan,2013,145150,3.3,30839
Toyota,2018,61125,1.5,29295
Toyota,2016,57960,2.4,42772
Nissan,2010,66521,2.2,10237
BMW,2010,94485,3.9,29081
Volkswagen,2013,29245,3.4,9511
Nissan,2023,37811,3.2,25896
BMW,2023,140777,2.5,44737
Chevrolet,2022,36834,3.7,43598
Kia,2018,86548,1.4,25365
Honda,2022,66236,2.0,23023
Volkswagen,2013,53937,3.2,35831
Mazda,2022,11842,2.7,18325
Volkswagen,2014,144373,2.8,16763
Honda,2010,107862,2.5,36972
Ford,2023,30090,1.8,12853
Kia,2011,127408,1.8,19225
Toyota,2020,13828,2.2,13594
BMW,2013,57480,2.6,39791
Nissan,2021,108616,3.5,15217
Nissan,2013,103373,2.6,12972
Toyota,2020,98911,3.7,20598
Volkswagen,2019,15042,1.7,25215
Kia,2015,16070,2.1,22030
Hyundai,2022,82080,1.6,21710
BMW,2015,123665,2.7,16827
Chevrolet,2017,127188,1.6,42301
Honda,2021,78595,3.5,34733
Volkswagen,2022,23018,1.5,42438
Mazda,2018,19093,2.6,11133
Ford,2023,114972,2.5,17282
Nissan,2010,73079,1.9,18687
Volkswagen,2010,21118,2.9,16977
Ford,2015,77889,2.4,38407
Honda,2013,18349,1.9,19507
Nissan,2020,71304,3.5,22316
Nissan,2013,19163,3.1,30919
Hyundai,2010,20095,1.4,23304
Volkswagen,2018,125452,2.7,38199
Kia,2021,71527,2.1,13020
Toyota,2020,47988,3.8,33836
Toyota,2012,63873,3.3,30947
Chevrolet,2014,140224,3.0,43960
Mazda,2019,54663,1.6,41150
Ford,2010,98431,3.8,10158
Volkswagen,2017,97263,1.8,30793
BMW,2012,71270,2.6,43337
Mazda,2023,76214,3.2,36811
Hyundai,2010,99317,2.7,20344
Nissan,2019,18060,3.7,31215
Kia,2015,80558,3.6,5273
Volkswagen,2010,88779,1.8,7728
Mazda,2012,5916,3.0,22249
Mazda,2014,114130,1.5,14382
Kia,2013,63581,3.3,37409
Chevrolet,2016,97272,3.3,14674
Ford,2015,6335,2.3,32239
Ford,2021,97728,3.4,22922
Mazda,2012,130823,3.1,9784
Honda,2020,67564,2.7,23575
Mazda,2017,15892,2.6,17770
Mazda,2017,30524,1.7,30722
Kia,2023,70837,2.8,19357
Nissan,2011,97700,1.8,25064
Kia,2016,106005,3.1,21716
Volkswagen,2023,125902,2.9,28600
Mazda,2010,76180,2.2,10628
Ford,2011,10520,2.0,8307
BMW,2017,38436,2.6,43287
Ford,2021,7128,2.7,21447
Toyota,2010,87137,3.5,26691
Chevrolet,2011,65275,2.2,41033
Hyundai,2021,145012,2.4,28577
Volkswagen,2010,107524,2.3,38961
Volkswagen,2014,89541,2.4,10506
Chevrolet,2016,102238,2.9,23207
BMW,2015,112447,2.8,13388
Hyundai,2015,105185,2.3,21407
Nissan,2015,121120,3.0,21960
Mazda,2017,14968,3.0,9886
Hyundai,2014,85634,2.8,13783
BMW,2019,126865,2.6,23439
Honda,2016,79426,1.6,27072
Toyota,2012,130848,2.8,34707
Hyundai,2018,96196,3.3,8143
Hyundai,2019,29875,2.0,34858
Toyota,2012,64888,3.4,23981
Mazda,2023,29525,2.9,41116
Hyundai,2023,108679,2.0,10009
Toyota,2015,57604,1.8,33153
Toyota,2012,141997,2.0,13057
Toyota,2010,29789,3.4,13857
Kia,2010,7917,2.1,29083
BMW,2012,133575,3.2,30368
Kia,2013,106923,2.8,18790
Honda,2023,64328,2.8,32857
Nissan,2011,64602,3.6,23676
Kia,2018,15410,3.7,34625
Kia,2020,18574,2.8,7026
BMW,2017,102057,1.6,29623
Nissan,2021,64453,1.8,31637
Chevrolet,2022,106364,3.9,24568
Toyota,2012,129488,1.8,26788
Volkswagen,2016,118535,3.6,22494
Nissan,2013,35779,2.8,38262
Honda,2014,17607,1.7,20081
Mazda,2013,50883,3.8,8297
Honda,2018,6100,3.8,31540
Toyota,2020,13310,3.0,11609
Nissan,2016,43069,2.4,44017
Honda,2022,52740,3.0,16875
Honda,2013,121888,3.0,25192
Chevrolet,2022,14233,3.0,16646
Chevrolet,2017,136568,3.3,19537
Nissan,2011,100979,1.6,24086
Toyota,2016,140246,1.7,40261
Kia,2020,61121,2.1,39059
Ford,2010,114628,2.3,17546
Hyundai,2017,39421,3.1,38021
Volkswagen,2022,129586,1.8,21259
Hyundai,2023,51567,2.8,21813
BMW,2021,87163,1.9,22961
Chevrolet,2023,77535,2.3,26193
Nissan,2022,11073,3.8,44966
Hyundai,2015,111534,3.7,30764
Toyota,2021,93541,3.9,42642
Volkswagen,2014,88535,2.9,8772
Hyundai,2018,5019,2.7,34613
Volkswagen,2018,19160,3.6,13261
Mazda,2012,37398,1.6,34930
Toyota,2018,66651,3.9,40114
Ford,2022,133171,2.6,31513
Honda,2022,120194,3.2,42681
Volkswagen,2018,95980,3.3,8333
Toyota,2011,118866,3.0,39814
Volkswagen,2014,33566,3.7,22637
Volkswagen,2020,47129,2.1,9875
Kia,2011,108661,2.8,20622
Kia,2010,54891,2.5,19989
Toyota,2016,14982,3.2,6736
Kia,2013,106359,2.4,34794
BMW,2014,124075,3.7,13494
Ford,2013,58074,2.7,32910
Nissan,2015,130277,2.8,31295
Toyota,2020,37185,2.7,10754
Toyota,2011,72325,3.0,14011
BMW,2017,126089,2.7,18197
Chevrolet,2013,5584,3.8,35496
Chevrolet,2017,122888,1.7,13797
Kia,2012,135747,1.4,36061
Nissan,2021,52323,2.8,39625
Kia,2021,132276,3.4,43551
Mazda,2020,118700,3.1,23655
Mazda,2014,114318,3.9,43060
Honda,2021,147957,1.9,13907
Mazda,2012,19469,3.2,32382
Chevrolet,2021,86340,3.5,18494
Ford,2022,108060,3.8,28550
Mazda,2016,143527,2.8,12732
Kia,2012,146569,2.3,22345
Volkswagen,2021,71598,3.9,18159
Toyota,2017,65698,3.5,43525
Ford,2018,124190,2.6,14409
Ford,2022,76602,3.1,5556
Kia,2021,108988,2.1,38151
Toyota,2011,136031,3.0,20717
Chevrolet,2012,15914,2.8,16944
Ford,2021,44606,1.5,43032
Honda,2022,135596,3.7,22302
Kia,2016,74603,2.7,28079
Ford,2014,124756,2.6,29061
Nissan,2019,148387,2.1,10002
Toyota,2016,118462,1.9,23141
Mazda,2011,144949,2.2,38619
Ford,2023,127494,3.1,23606
Kia,2023,28038,1.7,36980
Mazda,2013,130429,2.3,38326
Honda,2010,17869,3.9,20469
Mazda,2014,17058,2.1,9581
Nissan,2017,147089,3.9,16651
Chevrolet,2010,93724,1.7,12441
Ford,2016,8500,3.5,33155
Hyundai,2016,129541,2.5,32228
Hyundai,2016,97162,1.9,25058
Mazda,2010,134798,3.4,7082
BMW,2021,73797,1.4,39807
Toyota,2020,115633,2.3,36803
Hyundai,2012,57995,3.0,21483
BMW,2020,138053,2.0,6668
Hyundai,2011,87567,2.3,17959
BMW,2014,58075,1.6,36998
Toyota,2011,20876,3.6,34420
Volkswagen,2022,138054,2.5,32230
Hyundai,2023,75791,1.8,39855
Nissan,2014,81285,1.9,20596
Ford,2014,35214,2.1,42673
BMW,2013,99244,2.0,21457
Ford,2020,7019,2.7,44646
Kia,2016,107978,3.8,9954
Kia,2019,77516,1.9,11989
Toyota,2015,48524,2.6,40862
BMW,2011,145284,3.1,34187
Honda,2013,118518,1.9,15483
Kia,2022,94022,1.8,17833
Toyota,2023,113518,1.8,17446
Kia,2020,25592,3.7,8970
Kia,2016,96931,3.2,31076
Honda,2018,58848,2.3,39636
Hyundai,2018,107841,3.7,38434
Mazda,2021,49610,3.9,16195
Volkswagen,2012,34817,2.4,37351
Kia,2010,90348,2.7,11948
Kia,2018,92524,2.3,36974
Nissan,2017,147180,2.0,37314
Volkswagen,2016,145291,3.4,18442
Honda,2015,123237,3.1,25940
Ford,2023,8881,2.4,42770
BMW,2019,47202,1.4,31868
Kia,2016,61623,3.4,30919
Mazda,2020,64434,2.6,6611
BMW,2018,147181,1.6,15806
Volkswagen,2015,93979,1.7,8704
BMW,2023,76185,3.0,24862
Hyundai,2023,64056,2.8,31303
Kia,2019,62937,2.0,37734
BMW,2012,81567,1.8,39744
Ford,2022,10508,3.7,22396
Ford,2023,66155,1.8,31914
Kia,2012,78658,1.6,7693
Chevrolet,2013,29509,3.0,35296
Ford,2019,30497,2.1,8038
BMW,2022,64383,3.1,26246
Toyota,2023,135053,2.7,34405
Ford,2023,48159,1.9,22787
Volkswagen,2019,51814,1.6,36554
Chevrolet,2017,111246,1.6,9177
BMW,2019,12945,2.9,9084
Honda,2018,122926,3.4,28888
Nissan,2023,137565,3.2,5781
Honda,2017,121265,2.9,38551
Hyundai,2020,16187,1.9,28834
Nissan,2019,21696,3.6,13612
Hyundai,2011,44454,3.0,44904
Nissan,2013,123763,3.2,32708
Nissan,2013,148452,2.0,9888
Toyota,2021,26602,2.1,36921
Mazda,2011,22619,3.8,11713
Volkswagen,2022,78298,2.6,32044
Honda,2017,147297,2.8,28349
Ford,2012,136027,1.7,39121
BMW,2011,50628,2.4,22672
Chevrolet,2016,40171,3.7,12456
Volkswagen,2010,43789,3.7,37732
Hyundai,2015,61572,3.3,14285
Toyota,2022,83019,2.8,27010
Hyundai,2022,95373,3.8,28608
Mazda,2012,72905,3.7,20014
Chevrolet,2022,138539,3.6,42035
Toyota,2012,37241,3.7,44231
Hyundai,2014,124115,2.6,20554
Mazda,2023,84143,2.8,40887
BMW,2012,39822,2.5,5173
BMW,2021,22907,3.3,31975
Hyundai,2013,44512,2.9,44897
Volkswagen,2022,90656,1.6,43658
Chevrolet,2022,10357,1.8,21331
Kia,2012,131292,1.9,7307
Volkswagen,2016,146050,3.1,39558
BMW,2012,18616,1.7,42515
Chevrolet,2023,79759,2.8,13565
Mazda,2019,103273,3.6,44554
Toyota,2013,121694,3.9,22410
Nissan,2011,14422,2.5,5636
Hyundai,2011,144674,2.8,34944
Honda,2018,15497,3.6,40279
Chevrolet,2020,126482,3.8,8218
Ford,2010,52229,2.4,34989
Mazda,2010,73628,2.3,43391
Kia,2019,73127,2.6,8720
Nissan,2010,105806,2.1,15349
Ford,2023,24476,3.6,37390
Kia,2012,77597,2.2,28670
Honda,2011,86697,2.6,5053
BMW,2012,72209,2.2,23971
Volkswagen,2023,96200,1.7,8521
Hyundai,2014,68575,3.0,40071
Toyota,2018,12308,2.9,35554
Kia,2011,114941,2.2,39914
Nissan,2021,38267,1.5,30294
Chevrolet,2020,103629,3.8,7427
BMW,2023,34224,2.3,36970
Chevrolet,2010,125721,2.8,38184
Nissan,2020,71423,1.8,34163
Chevrolet,2015,112491,2.1,28066
Kia,2012,81768,2.5,7277
Mazda,2022,38696,2.9,17659
Chevrolet,2016,65312,3.6,40749
Volkswagen,2015,74939,2.2,36602
Honda,2020,19992,3.7,24459
Toyota,2016,144062,2.6,14391
Kia,2022,49215,2.5,23884
Ford,2022,87544,2.4,27673
Nissan,2014,9344,3.7,26752
BMW,2010,56523,2.1,34612
Kia,2023,141188,3.6,13977
Mazda,2012,64660,1.6,18191
BMW,2012,112773,3.9,10268
Volkswagen,2016,46646,2.7,27062
Nissan,2023,9610,4.0,9811
BMW,2022,65519,3.0,14295
Chevrolet,2012,42265,1.7,24544
Kia,2020,139924,1.6,13976
Honda,2014,102222,1.9,19652
Nissan,2013,24788,2.5,31803
Hyundai,2013,12724,3.3,17841
Volkswagen,2022,54725,1.4,25018
Toyota,2016,51026,2.1,31349
Nissan,2010,146069,2.9,16448
Mazda,2016,54588,2.2,26795
Kia,2017,15695,2.3,19081
Chevrolet,2012,48422,2.2,16030
Toyota,2012,68442,3.9,28015
Toyota,2013,137470,1.6,31298
Volkswagen,2022,113050,3.8,40258
BMW,2015,78227,2.2,40017
Mazda,2023,81479,2.0,40036
BMW,2016,84462,3.7,40447
Chevrolet,2010,65273,2.1,34499
Toyota,2022,50817,4.0,16996
Mazda,2013,66171,2.8,5387
Mazda,2021,148185,2.6,18278
Ford,2016,139338,3.9,8958
Kia,2020,142480,2.0,36707
Toyota,2011,19842,3.8,19176
Toyota,2010,147208,2.9,20363
Mazda,2010,139569,3.4,23819
BMW,2019,66415,2.9,40469
Toyota,2023,26340,3.0,21879
Mazda,2023,112362,1.8,7952
Toyota,2015,100330,1.8,40927
Mazda,2021,73070,2.4,15429
Ford,2014,61725,2.3,38926
Kia,2010,52018,3.3,29539
Mazda,2019,127907,3.3,38028
Toyota,2012,40985,2.9,9973
Chevrolet,2020,65341,2.4,20372
Kia,2016,94249,3.2,13441
Ford,2021,84712,3.2,43390
Mazda,2018,24075,3.5,8700
Chevrolet,2022,126229,3.5,29212
Mazda,2018,6555,1.6,27353
BMW,2015,131562,2.4,23853
Toyota,2012,73625,2.5,37953
Nissan,2010,78114,3.6,20730
Volkswagen,2012,127656,2.7,32283
Honda,2019,121292,2.7,25277
BMW,2011,28185,2.8,9013
Chevrolet,2020,133877,1.7,21423
BMW,2014,39594,2.9,23583
Hyundai,2017,128126,2.8,35190
Mazda,2014,22754,3.4,33664
Mazda,2010,49507,3.0,31196
Honda,2012,26512,3.9,10918
Honda,2021,141883,1.6,5629
Hyundai,2014,39459,3.4,25657
Toyota,2016,69757,3.4,43025
Volkswagen,2014,106694,2.1,28309
Nissan,2023,14862,3.2,23144
Nissan,2019,103340,3.1,38170
Ford,2014,114912,2.2,25996
Ford,2016,40107,3.3,12649
Toyota,2022,93080,3.8,28827
Ford,2017,39139,2.2,40214
Ford,2023,38444,3.9,43437
Hyundai,2017,133443,2.0,13821
Hyundai,2016,136324,1.8,29148
Ford,2022,106168,1.6,33560
BMW,2023,121304,2.0,27652
Kia,2012,15208,2.3,26373
Kia,2020,89151,3.3,39074
Toyota,2011,60585,1.6,21230
Nissan,2010,87680,2.7,16759
Honda,2015,90206,2.7,21730
Toyota,2022,44069,2.0,10036
Ford,2018,61218,1.5,23561
Hyundai,2012,30006,2.0,30237
Mazda,2014,131610,2.0,17085
BMW,2018,44916,3.2,6168
Chevrolet,2023,30667,2.0,38783
Hyundai,2023,81427,2.3,5484
Kia,2018,52688,1.5,28105
Hyundai,2016,19414,3.0,30718
BMW,2023,129668,2.6,35135
Honda,2013,23564,2.3,35368
Ford,2020,10316,3.2,18824
Mazda,2011,49056,3.2,7599
Kia,2011,93353,2.3,22578
Kia,2013,47239,3.2,21683
Volkswagen,2010,77909,2.3,14405
Nissan,2023,67938,2.0,36654
Honda,2013,41054,3.3,10080
Kia,2021,107821,3.3,34580
Nissan,2023,134581,3.7,39598
Kia,2020,24012,2.7,14853
Ford,2015,87458,2.0,9875
Nissan,2015,23164,3.6,5532
BMW,2016,11605,1.9,39902
Volkswagen,2014,82254,3.8,9876
Ford,2018,21120,2.2,12954
BMW,2011,121648,1.4,37674
Mazda,2011,119140,1.9,42421
Honda,2013,44865,2.5,42487
Honda,2013,90482,1.5,27433
Chevrolet,2013,75437,2.5,31099
Chevrolet,2010,113996,1.9,30789
Nissan,2013,138557,1.4,14783
Honda,2021,64789,2.2,6152
Nissan,2014,127863,2.0,40256
Chevrolet,2018,103952,2.5,40949
Mazda,2012,15461,3.4,31453
Kia,2012,62042,2.7,13323
BMW,2023,84548,3.4,43372
Hyundai,2014,57967,2.3,10194
Nissan,2019,109583,1.4,40751
Mazda,2015,145815,3.8,11182
BMW,2012,129182,2.2,28842
Honda,2010,7632,2.8,22889
Kia,2019,32108,2.6,42201
BMW,2017,104572,2.9,27921
Volkswagen,2021,49049,3.7,10115
Chevrolet,2010,77556,3.7,15290
BMW,2011,41395,4.0,16125
Hyundai,2012,43270,2.8,11458
Mazda,2015,44190,3.8,36856
Kia,2013,10846,2.7,15354
Ford,2013,90440,1.5,19082
BMW,2018,115150,1.8,20180
Toyota,2015,144884,2.3,36760
Hyundai,2021,75943,3.3,20356
Hyundai,2011,122211,1.6,7880
Toyota,2016,140839,2.3,9352
Volkswagen,2022,15971,4.0,41152
Ford,2012,104242,3.4,34194
Chevrolet,2018,91850,2.9,28106
Mazda,2015,69481,1.6,22206
Kia,2017,68486,1.4,12253
Mazda,2022,69840,1.7,16304
Ford,2022,84208,2.3,30192
Mazda,2010,47991,3.0,17218
Toyota,2011,36088,1.9,42119
Hyundai,2015,8177,1.5,37710
Mazda,2012,26735,1.6,18414
Nissan,2010,10100,2.5,26912
BMW,2015,47691,3.4,25149
Ford,2014,84164,3.5,35592
Volkswagen,2022,142479,2.2,16510
Nissan,2018,29054,3.1,30233
Toyota,2015,100120,2.4,20049
Honda,2014,88611,3.9,25982
Toyota,2010,145521,2.5,23252
Volkswagen,2010,128311,2.4,16497
Volkswagen,2020,139977,2.7,29951
Nissan,2010,126502,1.5,22040
BMW,2016,77220,2.5,30399
Ford,2015,145448,3.6,28725
Chevrolet,2023,52881,3.0,41752
Hyundai,2014,91245,3.9,18863
Nissan,2013,149190,2.2,43061
Volkswagen,2020,34888,1.8,26535
Honda,2023,99827,3.4,12787
Kia,2022,52460,1.5,25147
Volkswagen,2022,116873,1.8,21137
BMW,2020,46594,2.7,24819
BMW,2017,32588,3.4,36630
Volkswagen,2020,60013,3.0,5249
BMW,2017,63172,4.0,14352
Nissan,2014,61615,3.1,21457
Volkswagen,2013,76358,3.3,13975
Volkswagen,2011,30112,4.0,31902
Ford,2016,96514,2.9,11967
Hyundai,2014,21037,3.3,8943
Honda,2012,13996,2.2,9902
BMW,2018,28066,2.8,19210
Ford,2018,95963,3.8,7695
Chevrolet,2020,130105,3.6,7692
Chevrolet,2020,45865,2.2,39768
Mazda,2019,131023,2.3,5380
Nissan,2023,144139,3.6,41924
Nissan,2020,135555,2.1,27317
Toyota,2017,141413,3.7,40003
Honda,2010,31440,3.4,23817
Volkswagen,2021,86163,1.8,33849
BMW,2012,93738,3.3,11141
Honda,2011,84877,3.6,10446
Mazda,2013,24314,1.8,21497
Toyota,2011,95365,2.6,29783
Ford,2021,139592,3.6,31614
Honda,2020,10110,1.9,44787
Ford,2017,105011,2.6,39349
Chevrolet,2010,89213,3.0,38894
BMW,2013,40252,1.7,28615
Mazda,2014,56887,2.0,37021
Volkswagen,2023,81251,2.6,13269
BMW,2019,90375,2.4,41898
Hyundai,2013,120625,2.2,30163
Nissan,2017,38645,1.5,30002
Mazda,2011,48664,3.8,43326
Honda,2018,79274,3.7,37018
BMW,2011,131083,2.4,19249
Kia,2011,42261,1.9,40772
Nissan,2022,102432,1.6,7326
Nissan,2011,29365,1.7,35979
Kia,2021,115127,3.0,38375
Toyota,2019,53817,3.3,33608
Toyota,2017,109591,1.8,38795
Kia,2012,51610,1.7,28738
Hyundai,2019,148233,3.2,6658
Chevrolet,2020,121833,2.7,23279
Kia,2023,77494,2.4,29861
Chevrolet,2019,30805,3.3,41197
BMW,2023,99506,2.6,22824
Hyundai,2017,15468,2.6,39782
Mazda,2016,16135,1.4,19383
Chevrolet,2019,132056,2.2,27042
Nissan,2013,68135,1.4,21031
BMW,2016,69699,3.8,11613
Nissan,2020,71036,2.2,20331
Hyundai,2017,134729,1.9,34850
Chevrolet,2015,26990,1.6,19104
Ford,2015,24134,1.5,13173
Hyundai,2012,55464,3.7,9325
Hyundai,2014,89073,1.8,37779
Ford,2019,136680,3.0,20869
BMW,2011,139366,3.1,21596
Chevrolet,2021,121685,2.2,36855
Chevrolet,2014,97541,3.6,16113
Nissan,2014,85709,2.0,18514
Hyundai,2016,90105,1.6,34012
Hyundai,2013,52043,1.6,8108
Volkswagen,2023,61536,2.2,18955
Mazda,2020,8706,2.6,32068
Hyundai,2015,147338,3.0,19662
Honda,2018,91422,3.3,17206
Mazda,2013,128555,1.9,25954
Honda,2020,80382,3.2,40344
Chevrolet,2023,83255,1.9,6823
Mazda,2015,91924,4.0,14097
Hyundai,2022,50116,3.9,30546
Ford,2021,90464,1.7,12098
Nissan,2018,74354,3.1,5785
Honda,2019,13087,3.7,42282
Mazda,2021,126770,1.6,34382
Hyundai,2010,106747,1.7,44970
Mazda,2017,92629,2.3,32886
Hyundai,2010,71583,1.6,32212
Hyundai,2013,48413,3.7,17999
Hyundai,2012,89580,3.7,5166
Volkswagen,2013,86530,3.9,19174
Nissan,2023,135393,1.9,8888
Ford,2016,44034,1.5,11318
Ford,2022,95875,2.6,10411
Mazda,2023,146631,3.7,18270
Mazda,2018,139480,3.1,32468
Hyundai,2018,28878,4.0,39530
Volkswagen,2019,96025,3.8,8243
Hyundai,2010,98243,2.4,37450
Volkswagen,2019,93647,1.5,12356
Hyundai,2010,87462,1.4,18810
Honda,2018,89855,3.1,7351
Honda,2013,128300,3.8,28825
Chevrolet,2021,130250,2.6,44001
Hyundai,2022,77812,3.7,13573
Nissan,2023,59851,2.9,24612
Chevrolet,2012,54698,1.7,11063
Mazda,2022,26345,3.5,33299
BMW,2018,62797,2.7,21146
Hyundai,2014,56843,1.5,44959
Honda,2021,14949,3.5,8051
BMW,2015,42542,3.4,38629
Volkswagen,2010,96529,2.6,19034
BMW,2010,130040,1.5,8540
Nissan,2022,135268,2.3,43510
Hyundai,2023,88258,2.5,25937
Ford,2016,95578,1.8,12741
BMW,2019,143073,1.8,16707
Ford,2017,12948,1.8,7668
Volkswagen,2020,102410,2.4,31237
Chevrolet,2017,89391,3.5,21703
Ford,2023,46522,3.4,6636
Chevrolet,2022,65310,1.4,22075
Honda,2016,116350,1.4,36421
Hyundai,2022,111405,1.6,23735
BMW,2020,55882,2.6,39036
Honda,2018,78415,3.7,19904
Honda,2010,80085,1.9,35264
Kia,2011,124913,2.6,42722
Toyota,2022,135985,1.5,32036
Nissan,2012,20136,1.5,23982
Chevrolet,2022,110550,1.4,7030
Kia,2021,47148,3.3,26559
Toyota,2022,76501,1.5,41104
Nissan,2014,116672,2.1,23097
Chevrolet,2013,48967,3.1,39762
Hyundai,2013,24507,3.0,14689
Nissan,2017,106447,1.5,40856
BMW,2017,106104,2.1,31658
Honda,2020,121890,3.1,19253
Toyota,2016,93122,2.4,7850
Toyota,2010,138414,2.6,44374
Toyota,2019,131273,1.9,9295
Chevrolet,2013,49360,1.5,9385
BMW,2010,15167,2.3,21237
Nissan,2020,67853,3.2,12900
Honda,2023,53303,3.4,40921
BMW,2014,117988,2.9,29331
Kia,2012,71991,2.4,37218
Hyundai,2012,138611,2.9,7933
Ford,2013,106922,3.2,17008
BMW,2011,95986,3.4,42483
Kia,2016,131550,1.6,28738
Honda,2021,148791,3.5,5513
Ford,2022,8591,1.6,41996
Ford,2013,75250,3.7,35199
BMW,2014,132410,2.4,40744
Toyota,2021,97955,2.8,29043
Mazda,2023,9667,2.2,36044
Honda,2011,78993,2.5,31267
Toyota,2015,78829,3.6,10773
Honda,2018,29238,2.2,12783
Mazda,2017,130636,2.9,10226
Hyundai,2017,105573,3.1,34233
Mazda,2011,130842,1.8,27217
Volkswagen,2013,89403,3.4,21552
BMW,2017,16184,4.0,29206
BMW,2020,91349,1.8,32971
Kia,2010,30482,3.4,28338
Toyota,2017,20660,1.8,43838
Kia,2012,29479,3.9,30392
Volkswagen,2017,42230,2.5,11652
Mazda,2015,8340,3.9,40664
BMW,2016,110251,1.6,20454
Chevrolet,2011,36829,3.5,40224
Mazda,2010,143111,2.6,24851
Mazda,2015,143227,2.2,20286
Volkswagen,2021,130045,3.3,40796
Hyundai,2012,131086,3.1,36696
Honda,2013,108213,3.7,39882
Volkswagen,2022,78933,2.0,26190
Honda,2018,119753,3.8,6888
BMW,2012,148309,3.1,28769
Volkswagen,2011,105355,2.6,16475
Honda,2011,136074,1.5,5938
Kia,2011,127114,3.4,15660
Volkswagen,2015,70860,3.6,10279
BMW,2011,26275,3.5,8554
Volkswagen,2020,56734,3.3,39995
BMW,2016,68261,3.9,20924
Volkswagen,2016,130526,3.6,6277
Honda,2016,94896,3.8,30595
Hyundai,2023,24498,3.3,28735
Nissan,2022,82003,3.5,22223
Honda,2011,149441,2.2,44297
Toyota,2016,65071,3.1,23674
Ford,2019,18997,1.9,6955
Hyundai,2017,48518,1.6,42001
Kia,2017,114885,2.9,41187
Mazda,2023,135480,3.4,11736
Honda,2011,29686,1.6,29701
Volkswagen,2014,90736,1.9,12374
Honda,2023,80691,1.6,16665
Chevrolet,2015,18074,3.0,41699
Hyundai,2018,23091,1.6,8838
Nissan,2015,11715,1.6,43015
Kia,2019,43821,2.1,43528
Chevrolet,2015,25199,2.1,31321
BMW,2019,139111,2.8,11820
Chevrolet,2019,10861,1.5,19696
Honda,2015,57008,3.0,34220
Kia,2018,62668,2.5,17998
Honda,2019,127494,1.9,21753
BMW,2016,35691,3.1,25204
Mazda,2010,28815,2.3,21073
Kia,2010,96674,3.6,6333
Mazda,2023,88464,4.0,5419
Hyundai,2013,92771,3.4,37374
Hyundai,2021,91553,3.3,29872
Mazda,2011,132602,2.3,33662
Hyundai,2012,89185,2.8,44777
Kia,2021,116184,1.5,32458
Volkswagen,2016,46026,3.3,43781
Toyota,2023,125975,3.2,5790
Hyundai,2016,10260,2.1,29892
Hyundai,2023,149729,2.8,24164
Honda,2021,128344,3.2,21064
Mazda,2012,107495,2.4,43402
Ford,2022,6467,3.3,10869
Nissan,2011,142173,3.5,5829
Chevrolet,2022,138832,2.0,36291
Hyundai,2022,109725,2.2,7674
Chevrolet,2010,148720,2.4,8464
Kia,2018,39161,2.0,44833
Ford,2019,115803,3.4,19697
Nissan,2012,92298,2.9,8394
Mazda,2018,23083,2.4,14486
Toyota,2013,55723,1.4,35475
Nissan,2019,117660,2.2,30106
Nissan,2015,147768,3.6,13717
Toyota,2022,110071,3.3,30742
Volkswagen,2016,92258,1.6,16530
Mazda,2019,100735,3.5,23494
Honda,2023,67071,1.9,28338
Chevrolet,2015,99968,4.0,33866
Hyundai,2010,59094,3.7,7730
Nissan,2015,47415,3.8,31240
Kia,2020,93251,3.4,43019
Toyota,2023,32124,3.2,10971
Chevrolet,2015,28403,2.0,33881
Ford,2014,7422,2.9,25020
Toyota,2012,134457,3.2,5418
Ford,2019,110894,2.1,5408
Mazda,2012,149527,2.4,29076
Nissan,2020,80068,3.9,11434
Kia,2019,149613,2.5,16190
Hyundai,2022,47478,2.2,31769
Ford,2016,43593,1.7,16885
Chevrolet,2017,77296,2.3,38821
Volkswagen,2023,46670,3.0,43073
Mazda,2012,25954,1.8,30177
Volkswagen,2012,38341,3.0,30952
Mazda,2016,32419,3.3,26515
Honda,2019,54659,3.4,33039
Chevrolet,2021,138294,4.0,19413
Volkswagen,2016,61840,2.5,22681
Kia,2020,71323,1.5,6127
Nissan,2018,98901,3.6,25032
Toyota,2023,107971,1.6,29276
Hyundai,2015,121921,3.6,30303
Nissan,2022,30162,4.0,29441
Nissan,2016,81893,3.8,23335
Mazda,2020,50569,3.9,23405
Kia,2019,122937,1.5,19700
Mazda,2010,32277,1.4,6555
BMW,2016,109375,1.9,32425
Ford,2011,90956,3.5,29054
Hyundai,2016,62899,1.6,30953
Ford,2012,17167,3.3,41024
Toyota,2018,50350,1.4,39167
BMW,2022,32883,3.3,35441
Chevrolet,2014,19374,2.1,23705
Toyota,2016,29551,2.5,11801
Toyota,2017,99188,3.9,17954
Honda,2022,125766,2.8,31523
Hyundai,2021,92834,1.6,20456
Mazda,2011,11352,3.7,38934
Kia,2020,105475,2.2,37172
Ford,2010,116566,2.9,41398
Toyota,2016,62080,3.3,35562
Ford,2015,13594,3.4,38503
Ford,2015,13475,2.5,14260
Chevrolet,2011,134599,3.4,18414
Hyundai,2012,93035,1.7,26497
Hyundai,2013,100983,2.8,19587
Volkswagen,2012,80923,1.5,20928
Nissan,2011,7670,2.5,19155
Hyundai,2012,64263,2.3,16894
Ford,2023,40316,3.9,14372
Mazda,2015,23710,2.4,41321
Ford,2018,105510,3.8,6173
Mazda,2013,10179,2.5,33555
Volkswagen,2015,30063,2.8,15895
Mazda,2010,63009,2.3,32438
Hyundai,2021,76011,3.1,39299
Chevrolet,2015,145753,3.3,33744
Mazda,2021,77501,3.5,15235
Ford,2012,38566,3.2,19958
Kia,2018,122488,2.3,10218
Hyundai,2013,90849,2.3,25874
Kia,2016,66217,2.3,33302
BMW,2013,29939,1.5,41384
BMW,2020,84854,3.9,33870
Ford,2015,146409,1.9,7774
BMW,2023,147095,1.8,24477
Nissan,2016,83406,2.8,31432
Volkswagen,2011,108326,1.5,30145
Hyundai,2019,110888,3.6,19195
Kia,2015,65916,3.7,16722
Ford,2017,19274,2.4,30586
Nissan,2022,90285,3.9,25107
Ford,2022,29398,2.2,8515
Nissan,2021,86506,2.1,44380
BMW,2015,35135,4.0,31060
BMW,2011,117096,2.1,31144
Mazda,2013,132843,2.6,34297
Honda,2010,16412,3.0,43081
Ford,2016,149266,2.2,39073
Mazda,2017,118283,2.4,29236
Hyundai,2019,96182,3.3,17467
Mazda,2011,99301,3.3,18446
Toyota,2019,42219,3.5,44914
BMW,2014,40507,2.9,14528
Toyota,2020,61591,2.0,5118
Ford,2017,92468,2.3,37676
Kia,2020,94836,3.7,26405
Kia,2017,93765,3.3,18874
Hyundai,2014,142939,1.6,24758
Mazda,2017,79644,3.4,14071
Kia,2023,8943,2.3,14198
Nissan,2015,106764,1.5,21821
Nissan,2014,72028,2.7,22046
Hyundai,2022,144990,3.7,43350
Volkswagen,2023,31185,2.6,36417
BMW,2020,26402,4.0,43199
Mazda,2013,99860,1.9,12710
Ford,2014,28134,2.3,15563
Chevrolet,2021,35505,1.4,5978
Chevrolet,2013,120250,1.5,13763
Chevrolet,2010,6268,2.3,24233
Kia,2012,76097,2.8,28808
Volkswagen,2017,60197,2.0,10416
Volkswagen,2016,147343,1.8,39526
Mazda,2021,107958,2.5,37359
Mazda,2016,122859,1.8,30378
Volkswagen,2020,12512,3.0,24092
Hyundai,2012,68968,3.9,24793
Mazda,2018,126534,3.5,15792
Hyundai,2015,65757,2.0,23908
Toyota,2017,112753,3.9,12601
Nissan,2017,135282,3.4,5533
BMW,2012,101381,1.8,34735
Mazda,2013,148836,2.9,30729
Volkswagen,2023,113915,3.9,43697
Nissan,2015,71679,1.7,12581
Nissan,2011,77239,2.1,13166
Honda,2021,99386,2.4,9326
Volkswagen,2021,146878,1.7,21978
BMW,2020,143166,2.2,7131
Volkswagen,2021,21158,3.2,12063
Mazda,2016,119523,2.6,6925
Ford,2011,32209,2.5,34050
Toyota,2020,18763,2.5,10775
Hyundai,2014,47105,3.4,15741
Ford,2021,105408,4.0,15086
Toyota,2013,90776,2.9,26095
Ford,2018,108423,3.4,39407
Hyundai,2022,149582,2.4,19158
Kia,2022,123747,3.6,17159
Volkswagen,2011,72344,2.5,41199
Ford,2016,70945,3.8,22093
Mazda,2022,136717,3.3,12136
BMW,2016,66264,3.2,44151
Chevrolet,2016,88471,2.2,6987
Mazda,2010,149998,3.5,43367
Hyundai,2017,125050,1.7,17849
BMW,2011,137185,2.8,32577
Mazda,2014,54213,3.3,14862
Nissan,2011,140664,3.7,20584
Volkswagen,2022,117695,2.9,32396
BMW,2014,29552,2.1,26455
Nissan,2016,66898,3.6,37292
Mazda,2015,57118,3.4,26066
Toyota,2022,24744,1.8,15426
Honda,2021,27046,3.7,16420
Toyota,2014,86365,3.9,16702
Volkswagen,2013,112908,2.8,24032
BMW,2017,69932,1.5,12647
BMW,2020,131464,3.8,41893
Volkswagen,2023,113229,1.7,10186
Nissan,2017,28084,3.0,39359
Honda,2010,41398,2.4,42819
Mazda,2019,102219,4.0,20528
Hyundai,2011,141272,3.8,18133
Toyota,2012,113987,3.4,8856
Toyota,2022,7039,1.9,11158
Chevrolet,2010,94374,3.2,18916
Honda,2020,104611,2.9,39484
Hyundai,2012,142706,1.8,15184
Toyota,2019,69899,3.5,28602
Hyundai,2021,6724,1.6,20425
Mazda,2017,92590,2.7,40621
BMW,2013,138527,2.5,40708
Hyundai,2022,117966,3.5,30885
Toyota,2022,77628,2.5,18034
Nissan,2016,45456,3.2,42512
Honda,2016,47773,2.6,8067
Volkswagen,2020,139133,2.9,32671
Ford,2014,15586,2.0,42077
Kia,2021,99479,1.9,43973
Kia,2010,80012,3.2,20997
Ford,2019,95507,1.7,32699
Hyundai,2013,139835,1.9,25778
Honda,2016,50209,3.8,26129
Hyundai,2023,63434,2.1,44238
Volkswagen,2014,40656,2.2,35656
Honda,2011,140078,3.0,17302
Ford,2023,22470,2.5,44242
Hyundai,2017,77035,2.9,6329
Chevrolet,2011,104608,1.8,12208
Toyota,2020,81840,3.1,41923
Nissan,2017,100771,1.8,6701
BMW,2022,50332,3.3,34139
Nissan,2020,125536,2.8,19713
Volkswagen,2011,82533,3.5,19729
Hyundai,2020,135194,1.8,26091
Mazda,2014,113618,2.4,29497
Honda,2013,108424,3.6,17602
Hyundai,2010,100596,3.5,36883
Honda,2023,56020,3.9,28097
BMW,2021,107416,2.0,17504
Chevrolet,2017,127610,2.8,34616
Nissan,2019,137534,1.4,23512
Toyota,2021,29082,3.9,11615
BMW,2012,137937,1.9,21812
BMW,2022,41777,3.8,39321
Nissan,2013,147394,3.2,29294
BMW,2013,19538,3.8,11321
Mazda,2014,62125,2.0,42517
Mazda,2012,95583,2.3,40205
Kia,2018,139249,1.8,5770
Kia,2013,32502,2.5,10744
Mazda,2023,134988,3.9,25053
Ford,2019,24249,2.9,32467
Chevrolet,2020,8197,2.5,29440
Honda,2020,40229,2.2,42988
Chevrolet,2013,29166,2.9,5140
Volkswagen,2015,144764,3.3,13735
BMW,2017,111298,2.5,18208
Toyota,2022,6775,2.0,11642
BMW,2016,37656,2.9,14637
Chevrolet,2013,5606,2.4,5913
Mazda,2013,62281,4.0,29713
Nissan,2014,12375,2.5,36924
Volkswagen,2019,135708,2.5,31322
Mazda,2014,132325,3.6,19239
Chevrolet,2021,5819,2.1,26130
Nissan,2010,81992,1.6,9693
Toyota,2022,136855,3.6,7205
Chevrolet,2017,12560,2.9,35208
Honda,2019,34168,2.1,43917
Hyundai,2022,131625,2.3,33343
Nissan,2014,104436,2.5,20554
Chevrolet,2012,83598,3.2,43494
Mazda,2012,80924,2.6,26759
Honda,2013,10318,2.4,12677
Ford,2021,59714,3.4,14083
Nissan,2016,35544,1.6,35866
Honda,2014,25823,3.1,38724
Mazda,2010,109555,2.6,18117
Chevrolet,2023,21978,2.3,13006
BMW,2021,139396,3.8,7978
Toyota,2022,127418,3.4,12338
BMW,2014,139006,2.0,18828
Hyundai,2023,10033,3.1,18439
Honda,2014,110067,3.5,26282
Hyundai,2015,142158,4.0,31979
Toyota,2023,23894,3.2,6659
Honda,2016,9687,3.2,21291
Kia,2014,138959,3.0,10891
Mazda,2022,139115,1.5,43145
Honda,2020,22789,2.9,11701
Mazda,2023,61784,3.5,38795
BMW,2011,11115,2.4,44674
Volkswagen,2023,33821,2.9,10563
Nissan,2011,27879,3.8,10679
Volkswagen,2022,122177,1.8,10495
Chevrolet,2013,54157,2.1,6539
Nissan,2010,65262,1.7,8634
Nissan,2016,45971,2.7,24128
Ford,2022,106146,3.6,40675
Nissan,2010,126535,2.5,18132
Toyota,2012,97384,1.6,7026
Volkswagen,2019,117453,2.1,10610
BMW,2016,105277,3.7,24943
Mazda,2020,31520,2.8,30420
Chevrolet,2021,19833,3.8,8267
Nissan,2021,66475,3.6,22535
Chevrolet,2015,13143,2.5,21823
BMW,2016,94472,3.0,30880
Chevrolet,2014,107132,3.1,42874
BMW,2017,92005,3.3,40923
Nissan,2015,53538,2.3,44334
BMW,2021,68795,2.2,11166
Nissan,2013,108041,3.2,42258
Ford,2023,87159,3.5,12246
Ford,2020,128796,2.5,29302
BMW,2010,82166,2.2,19254
Ford,2011,106542,3.5,44154
Mazda,2021,5553,3.2,35114
Mazda,2015,113381,2.3,14505
Ford,2013,18612,2.8,31752
Ford,2012,81673,3.9,28959
Kia,2016,69459,3.3,6355
Kia,2016,30804,2.0,39032
Nissan,2011,46154,2.2,22314
BMW,2017,115183,2.1,26972
Hyundai,2020,145689,3.6,33784
Hyundai,2010,7693,3.1,39971
Ford,2020,35971,3.8,20662
Chevrolet,2019,131633,1.6,17712
Ford,2016,85078,1.5,39832
Kia,2019,79227,3.2,33151
Nissan,2021,83990,2.1,28592
Ford,2010,91034,3.2,26125
Volkswagen,2022,90567,3.3,6963
Chevrolet,2021,45677,2.2,18365
Volkswagen,2023,73402,3.9,20047
Nissan,2012,103104,3.4,14064
Nissan,2012,27291,2.4,11490
Mazda,2019,33497,2.5,25254
Honda,2023,120135,3.3,30864
Volkswagen,2011,36969,2.2,25177
Mazda,2023,35245,2.2,29577
Kia,2019,58312,3.0,24669
Toyota,2022,13267,1.8,17691
Chevrolet,2014,44812,4.0,30463
Toyota,2013,139847,2.1,33419
BMW,2022,130562,2.4,32877
Kia,2015,81924,2.0,21043
Kia,2011,30875,3.1,11973
Toyota,2023,100803,1.6,24568
Volkswagen,2013,52589,3.8,43035
Honda,2021,8534,2.2,17211
Volkswagen,2016,66807,3.8,26637
Toyota,2010,56670,2.1,13188
BMW,2022,80465,2.7,44487
Volkswagen,2020,59720,3.2,35301
Hyundai,2012,102619,3.0,6955
Volkswagen,2010,8739,2.7,38114
Nissan,2011,38107,3.5,11607
Mazda,2018,138934,2.6,38747
Chevrolet,2019,87533,2.3,11188
Volkswagen,2014,22487,3.3,9285
Honda,2022,33353,3.8,29527
Honda,2013,13984,3.0,39516
Volkswagen,2021,28130,2.1,19952
Ford,2013,78794,3.4,7935
Kia,2017,45080,3.4,15846
Volkswagen,2021,17839,2.1,41221
Kia,2012,103874,2.4,20853
Hyundai,2021,46499,1.8,36577
Toyota,2021,135094,1.6,39798
Hyundai,2013,141428,3.5,44411
Volkswagen,2011,87036,2.4,11628
Honda,2015,80926,2.1,17825
Ford,2021,34778,2.1,10092
BMW,2018,110528,1.6,12392
Kia,2021,68192,4.0,9442
Mazda,2013,90376,2.4,17193
Kia,2020,133219,1.8,8814
Nissan,2015,34980,3.6,32905
Chevrolet,2013,19065,3.3,29303
Volkswagen,2023,130361,3.1,42250
Hyundai,2011,15559,2.2,32006
Mazda,2022,129514,2.5,25637
Honda,2023,78969,3.6,7148
Honda,2015,144728,3.1,8746
Honda,2021,48210,2.3,19969
BMW,2016,36477,1.7,24685
Nissan,2013,111111,3.7,43138
Honda,2021,34529,3.9,26073
Honda,2020,23262,3.3,39279
Volkswagen,2016,70087,3.2,12788
Nissan,2022,56686,2.8,18793
Ford,2020,79299,3.9,26029
Ford,2017,118044,3.2,25499
Nissan,2020,41409,1.6,7511
Chevrolet,2012,24535,1.6,12747
BMW,2011,128828,3.9,27024
Mazda,2014,140182,3.9,35474
Kia,2011,114518,2.9,15205
Volkswagen,2019,143279,2.0,38990
Toyota,2014,53637,2.9,14528
Ford,2019,79405,3.4,21272
Nissan,2022,48872,1.4,18580
Mazda,2015,17185,3.5,36534
Nissan,2017,111706,2.6,30979
Kia,2015,6396,2.6,11687
Mazda,2013,8460,2.5,42815
Ford,2012,107657,3.2,22802
Honda,2023,12676,1.9,24317
Nissan,2023,42312,3.0,37563
Toyota,2011,139220,1.5,36900
Ford,2022,148344,3.5,16393
Hyundai,2010,7655,3.5,6258
Toyota,2011,60863,2.2,16715
Chevrolet,2011,66045,1.7,37735
BMW,2014,50517,3.3,8120
Ford,2018,79227,2.6,11512
Honda,2010,79789,3.8,20468
Ford,2013,59322,2.3,34791
Kia,2019,106800,3.6,18865
Mazda,2016,125782,1.5,10807
Nissan,2020,140294,3.4,38907
Mazda,2023,56141,3.2,6661
Mazda,2019,15716,2.8,39390
Ford,2012,65644,3.8,43515
Kia,2017,130650,3.8,44414
Nissan,2012,93499,3.8,29132
Nissan,2017,137454,3.0,26327
Mazda,2022,140239,2.8,42066
Chevrolet,2011,122323,2.1,29164
BMW,2014,108849,1.8,22082
Kia,2013,86117,2.8,42436
Chevrolet,2020,96730,1.8,39525
Volkswagen,2018,65972,1.8,29694
Volkswagen,2012,79963,2.3,26808
Toyota,2021,59534,1.9,35504
Mazda,2020,121093,2.7,18511
Nissan,2014,29121,3.1,35584
Ford,2019,76736,3.2,28316
Nissan,2018,66581,2.8,20303
Nissan,2022,31123,2.8,28388
Honda,2015,56036,2.6,14805
Nissan,2011,135062,2.0,43501
Toyota,2010,83855,3.1,14673
Chevrolet,2021,27701,3.1,33378
Volkswagen,2020,46178,2.1,13090
Nissan,2010,110734,3.2,15087
Nissan,2016,42118,3.6,18561
Honda,2023,30387,2.9,38250
Kia,2021,62613,1.7,17707
Ford,2011,51666,2.3,33706
Kia,2016,34554,1.6,10620
Ford,2010,124387,2.2,5292
BMW,2013,47146,2.0,29715
Nissan,2019,105037,2.8,41760
Honda,2022,149060,2.5,16227
Hyundai,2020,21456,3.3,30406
Mazda,2013,124681,2.3,31998
Volkswagen,2014,127573,1.8,15705
Chevrolet,2023,66405,2.0,32913
Volkswagen,2023,147106,2.8,12993
Chevrolet,2019,5877,2.6,37870
BMW,2010,67718,1.5,10634
Kia,2016,63100,1.9,17996
Toyota,2020,14642,2.2,31422
Nissan,2011,105844,3.3,19285
Hyundai,2021,55483,3.3,33972
Chevrolet,2020,70293,3.2,8752
Mazda,2022,80450,3.5,8423
Chevrolet,2020,101629,3.7,35240
Toyota,2022,118140,1.6,44749
Volkswagen,2011,54508,2.7,9573
Honda,2017,112815,1.8,21257
Volkswagen,2018,136651,2.3,40993
BMW,2015,17587,3.1,23479
Honda,2020,71181,3.0,37175
Volkswagen,2010,97345,1.7,15792
Mazda,2010,48591,3.4,26683
Volkswagen,2023,36901,3.4,15510
Mazda,2020,98411,1.8,13404
Mazda,2016,144571,3.0,21740
Honda,2017,136305,3.9,29084
Kia,2012,64566,1.6,43808
Ford,2018,20246,1.8,26200
Nissan,2013,108425,3.4,42672
Chevrolet,2013,118400,2.3,6920
Ford,2012,39503,3.9,33066
Toyota,2017,140349,3.0,33079
Kia,2018,71477,2.7,12206
Ford,2010,136421,2.3,23910
Honda,2011,97798,2.0,31789
Toyota,2010,78000,3.1,23454
Hyundai,2023,149580,2.9,5907
Kia,2013,102565,2.3,24717
Ford,2019,115123,3.8,18409
Toyota,2016,72081,3.4,34190
Hyundai,2023,121434,2.1,7317
Volkswagen,2016,33957,3.9,43627
Toyota,2021,143968,3.4,33397
Honda,2015,110634,3.7,21022
Volkswagen,2022,140360,1.8,8345
Honda,2020,26150,1.5,43467
Ford,2014,92877,2.7,32928
Nissan,2020,115540,2.6,19880
Ford,2013,110139,3.7,7610
Volkswagen,2021,26091,1.8,9913
Mazda,2022,136972,1.5,8732
Ford,2023,51702,2.8,36718
Volkswagen,2017,24725,1.9,5574
Toyota,2016,33722,1.5,35841
BMW,2020,23059,1.5,28919
Ford,2020,23161,1.8,7586
Toyota,2019,95345,2.4,36952
Honda,2010,15687,3.7,34684
Kia,2015,87503,3.4,22682
Nissan,2023,104770,2.8,16488
Honda,2011,13694,2.5,13249
Honda,2013,132260,2.6,23671
Volkswagen,2014,104459,3.7,22907
Mazda,2017,55087,3.3,12134
Chevrolet,2015,112941,1.8,23830
BMW,2020,61561,3.8,41844
Mazda,2011,10364,3.4,19817
Volkswagen,2014,82008,1.5,7478
Nissan,2014,140046,2.7,7093
BMW,2015,29053,3.1,13024
BMW,2010,137282,1.6,14930
Volkswagen,2017,110128,2.3,43514
Hyundai,2012,43966,3.1,26047
Honda,2014,31070,3.5,31755
Kia,2016,114573,3.9,36012
Hyundai,2012,111327,1.7,14049
Volkswagen,2023,147318,3.0,26364
Hyundai,2019,44829,3.7,37079
Kia,2022,66125,3.3,35312
Volkswagen,2015,110111,3.0,26550
Volkswagen,2014,110277,2.0,37373
BMW,2016,5169,3.5,40663
Hyundai,2019,98943,2.9,39373
Toyota,2020,97408,1.7,6568
Ford,2012,149021,3.8,25238
Volkswagen,2022,52313,4.0,33107
Hyundai,2023,83735,2.8,43908
Chevrolet,2011,65131,3.4,41951
Nissan,2013,131195,2.9,36263
Chevrolet,2012,112127,2.5,11632
Hyundai,2013,52740,2.5,36343
Honda,2016,117339,3.9,26229
Honda,2014,73570,2.4,15510
Hyundai,2013,149400,2.7,26690
BMW,2023,49047,2.0,34255
BMW,2015,124168,2.1,21131
Volkswagen,2016,77666,2.3,17314
Kia,2021,107173,3.8,16364
Ford,2023,60251,2.4,12609
Volkswagen,2020,5791,2.8,13884
Chevrolet,2014,17333,2.8,40834
Ford,2021,73892,2.9,21934
Chevrolet,2016,140997,3.5,20758
BMW,2012,146836,3.7,23706
Hyundai,2016,59226,1.9,42492
Kia,2021,82632,3.6,24782
Chevrolet,2012,44468,2.8,6953
BMW,2023,7094,3.8,26272
Kia,2015,50583,3.8,6448
Volkswagen,2017,54021,2.4,35296
Hyundai,2022,20362,3.1,8889
Nissan,2015,17185,3.7,41974
Honda,2019,86678,2.4,27185
Mazda,2020,123984,1.5,38635
Kia,2012,48190,2.3,35363
Nissan,2021,145836,2.4,22254
Nissan,2014,21888,3.5,13408
Kia,2018,19748,2.2,38280
Nissan,2017,56013,3.7,19742
Chevrolet,2015,120091,2.8,31223
Nissan,2018,25715,2.9,34770
BMW,2011,7906,3.5,14870
Ford,2022,98125,1.7,9837
Chevrolet,2020,16808,1.4,38667
Nissan,2018,69945,1.5,32563
Volkswagen,2019,72105,1.5,32592
Honda,2022,115212,3.2,44968
Hyundai,2019,31419,2.0,35313
Nissan,2015,131258,3.6,13133
Toyota,2018,16156,3.7,33205
Honda,2021,10062,2.3,5794
Volkswagen,2013,39940,1.9,7075
BMW,2014,27463,2.7,27957
Nissan,2011,41188,3.5,21490
BMW,2012,76813,3.2,35108
Nissan,2010,39017,1.5,26087
Mazda,2013,119375,1.4,35846
Ford,2021,7697,1.7,33216
BMW,2011,115930,2.3,38403
Ford,2021,59086,2.8,28438
Honda,2011,93385,3.5,42402
Mazda,2010,41652,1.8,13905
Hyundai,2019,143326,1.8,5122
Chevrolet,2021,66631,3.6,34243
Ford,2011,85527,3.8,22738
Mazda,2013,109084,2.8,13484
Ford,2015,124771,3.4,33567
Kia,2022,118645,2.3,22005
Volkswagen,2021,64019,3.9,20348
Hyundai,2016,125807,3.8,20590
Volkswagen,2016,109528,3.6,42178
Nissan,2016,70233,1.4,36246
Ford,2013,5372,2.8,5842
Nissan,2021,76564,1.5,28504
Toyota,2014,128297,3.2,27373
Ford,2023,133058,1.9,16433
Mazda,2020,68615,3.1,34810
Hyundai,2021,34445,1.7,26498
Nissan,2012,90532,3.4,7199
Ford,2010,114435,3.3,37026
Toyota,2023,81974,1.4,31084
Volkswagen,2017,126049,3.5,15878
Mazda,2019,136827,1.8,29940
Kia,2020,67716,1.7,21101
Ford,2016,74061,2.7,15133
Kia,2023,34884,2.9,44088
Honda,2018,6796,1.7,16548
Hyundai,2023,149826,2.2,42382
Ford,2019,148233,2.5,14506
BMW,2013,122747,3.9,27183
Toyota,2021,72713,2.1,12874
Nissan,2021,98668,2.1,38996
BMW,2014,72586,3.1,43352
Honda,2014,127206,3.3,19886
Hyundai,2022,95666,1.4,32515
Volkswagen,2016,118796,1.7,24817
Mazda,2022,43577,2.3,11003
Kia,2018,59765,3.0,19368
Honda,2017,29841,1.7,14698
Nissan,2016,30498,2.3,26256
Mazda,2023,113567,1.6,25317
Volkswagen,2010,117642,2.9,32773
Nissan,2021,72229,2.5,34766
Toyota,2019,132855,3.4,27589
Kia,2022,68914,2.9,31311
BMW,2015,116399,3.1,8398
Ford,2019,19838,3.1,9826
Honda,2018,106224,2.9,14368
Ford,2022,91765,1.4,10294
Mazda,2016,74703,3.6,10426
Ford,2010,46845,3.8,37539
BMW,2018,43907,2.8,34025
Chevrolet,2012,60421,1.7,14587
Mazda,2023,38330,3.1,10321
Kia,2018,60244,2.3,34603
Nissan,2013,126696,1.6,35053
Kia,2018,45564,3.6,21194
Ford,2022,108963,3.3,13096
Hyundai,2017,126299,3.5,7713
Mazda,2016,125972,3.5,42367
Nissan,2013,67469,2.3,27248
Volkswagen,2018,7716,2.7,33598
Toyota,2013,32254,2.0,28345
Kia,2010,47632,3.4,43986
Kia,2015,108964,2.8,43643
Mazda,2013,114623,3.1,43130
Hyundai,2019,26277,2.3,42037
Ford,2012,131833,3.2,10054
Ford,2021,22503,3.1,16325
Mazda,2014,105566,3.4,43643
Kia,2012,91921,1.8,30743
Nissan,2020,81180,3.0,5234
Toyota,2018,114264,3.7,22199
Mazda,2021,37864,1.6,15190
Nissan,2015,144850,3.9,5160
Nissan,2012,101923,1.9,23630
Volkswagen,2014,50596,3.8,8399
BMW,2017,134739,3.7,36348
Chevrolet,2023,24733,3.4,22321
Toyota,2017,114082,1.9,43429
Honda,2015,17372,2.0,16175
Hyundai,2014,116950,2.1,15381
Chevrolet,2014,40256,3.5,44231
Volkswagen,2010,78353,1.9,24883
Toyota,2011,89757,2.9,41351
Ford,2021,119687,3.4,43365
Chevrolet,2020,110700,2.6,6464
Ford,2013,63546,3.6,42532
Hyundai,2015,13064,2.9,41587
Ford,2020,108073,2.9,38112
Hyundai,2016,46689,3.2,15307
Toyota,2010,49006,3.6,35525
Kia,2017,37195,1.4,8700
Hyundai,2021,5203,2.4,41275
Nissan,2010,50248,3.9,12992
Honda,2018,12460,1.7,13513
Honda,2013,123463,2.0,11992
Mazda,2021,62230,2.9,32624
Honda,2016,127268,3.6,41659
Mazda,2020,140427,1.7,26866
Honda,2023,36935,1.4,27064
Hyundai,2015,122739,3.2,26014
Nissan,2022,7663,3.0,11868
Kia,2018,99903,2.1,18311
Ford,2023,136110,3.9,39489
Volkswagen,2011,15318,2.9,8336
Honda,2020,144992,3.1,13390
Kia,2016,66243,2.4,16345
Kia,2020,115723,3.8,39745
Hyundai,2014,89044,2.1,20064
Toyota,2022,41902,3.3,15575
Toyota,2016,102845,1.7,15732
Honda,2010,76074,2.8,43948
Volkswagen,2020,53949,2.9,11113
Honda,2020,109765,1.9,23546
Honda,2019,51543,2.2,18316
Mazda,2018,16398,1.9,36648
Nissan,2010,78436,3.6,7496
Nissan,2023,114809,3.1,14513
Volkswagen,2014,55396,2.6,8387
Mazda,2023,115583,2.8,7380
Kia,2017,71193,2.3,17282
Mazda,2010,114461,2.5,20970
Honda,2016,25840,3.0,11033
Toyota,2011,103119,1.9,34811
Chevrolet,2016,85061,1.7,42500
Volkswagen,2016,68900,3.9,17266
Kia,2018,50384,2.0,22329
Hyundai,2015,129679,2.7,33269
Chevrolet,2013,34917,3.4,40530
Chevrolet,2016,117301,2.8,6804
Mazda,2016,93155,3.1,31602
Ford,2013,75071,1.8,23718
Chevrolet,2011,61425,2.4,21870
Honda,2022,85116,3.2,15537
BMW,2020,66321,1.9,39373
Toyota,2018,72512,2.7,24313
Toyota,2023,106973,2.9,27666
BMW,2017,123880,3.5,26652
Nissan,2014,52055,2.0,24097
Honda,2023,5937,3.9,31638
Hyundai,2014,22673,3.9,27971
Chevrolet,2010,107974,1.4,30937
Nissan,2020,77957,2.4,33103
Honda,2018,17953,1.6,9200
Mazda,2020,72052,2.2,31530
Toyota,2023,48042,3.0,7843
Nissan,2019,124180,3.0,40484
Volkswagen,2020,76706,1.7,42102
Chevrolet,2017,129765,3.2,11963
Chevrolet,2014,138425,3.6,42485
Hyundai,2019,16999,3.0,17477
Ford,2015,81474,2.2,31881
Volkswagen,2021,68134,1.4,11141
Chevrolet,2019,136652,3.1,28099
Kia,2020,75086,3.2,8436
Volkswagen,2019,50248,3.2,13589
Chevrolet,2017,122651,1.5,19379
BMW,2015,67249,2.7,16128
Volkswagen,2019,12647,2.5,33091
Honda,2023,73079,3.4,12572
Volkswagen,2013,85094,3.3,36201
Hyundai,2012,58546,3.9,37934
Mazda,2016,85919,3.7,44067
Mazda,2022,35033,2.9,43694
Mazda,2011,90075,3.9,24136
Honda,2016,90625,1.8,9935
Nissan,2010,103820,1.4,33987
Mazda,2022,36000,1.7,15639
Toyota,2019,77113,2.3,20922
Honda,2014,148701,3.4,6822
Nissan,2018,142994,2.4,22030
Toyota,2022,98435,3.4,14604
Toyota,2022,131956,3.3,43081
Toyota,2010,104294,3.5,12663
Kia,2017,66049,1.9,39371
Hyundai,2018,101155,2.7,40593
Hyundai,2018,12721,3.3,27114
Honda,2017,121539,2.1,16072
Toyota,2013,106013,3.6,20618
BMW,2023,116870,3.4,22834
Volkswagen,2023,72714,1.7,44321
Nissan,2016,100166,2.0,6104
Hyundai,2010,116992,2.0,19841
Mazda,2016,14747,3.7,11173
Honda,2015,136050,1.9,5839
Nissan,2014,129102,3.0,42234
Honda,2010,134244,1.6,43137
BMW,2017,78640,2.8,37791
Kia,2019,52746,1.8,32987
Kia,2010,143410,2.9,29435
Toyota,2010,71704,2.4,13452
Kia,2023,134511,3.0,33579
Honda,2012,61500,2.4,7775
Mazda,2022,147395,3.6,17788
Toyota,2017,73163,3.4,11070
Chevrolet,2017,133191,3.6,20265
Nissan,2023,23919,2.0,8309
BMW,2016,58956,1.8,42891
Toyota,2014,21544,2.8,44269
Honda,2017,55936,3.7,26544
Nissan,2011,24566,1.7,32119
Mazda,2017,131854,2.0,11568
Ford,2021,19880,3.3,10878
BMW,2020,148008,2.6,37286
Honda,2011,101284,3.0,41958
BMW,2019,17198,2.9,25539
Hyundai,2014,13376,2.5,6458
Ford,2020,72432,3.2,8879
Nissan,2022,114791,3.6,31054
Kia,2013,68295,3.8,15948
Honda,2022,145885,1.5,16068
BMW,2010,56313,2.8,17649
Nissan,2014,111873,1.5,19013
Kia,2016,25232,3.7,6075
Mazda,2010,38609,2.5,37951
Mazda,2011,121859,3.7,32794
BMW,2021,44021,1.9,33485
Toyota,2023,50108,1.8,27115
Hyundai,2018,135221,3.8,37667
Toyota,2021,90305,3.8,44089
Hyundai,2014,9821,3.4,10129
Honda,2023,125501,2.0,18474
Chevrolet,2022,70580,1.8,7674
BMW,2016,10236,3.3,38486
Volkswagen,2011,31745,3.1,40454
BMW,2016,142697,3.7,5236
Ford,2016,98353,2.1,27415
Kia,2016,9014,2.2,13674
Ford,2014,43548,3.3,14881
Mazda,2018,46033,2.1,43199
Hyundai,2011,44060,2.6,7269
Kia,2013,72096,2.8,14705
Mazda,2011,63235,3.1,8291
Kia,2017,81860,2.3,34651
Toyota,2021,97001,3.6,36645
Mazda,2020,100285,2.4,40144
Toyota,2010,30822,1.5,28616
Toyota,2018,87392,1.6,8208
Kia,2021,125123,3.9,25646
Nissan,2022,39985,3.0,17450
Ford,2023,30276,2.7,28200
Mazda,2014,139059,3.7,16660
Volkswagen,2020,13330,3.3,14037
Nissan,2021,80811,1.9,33084
Ford,2012,53119,1.4,22408
Mazda,2021,119619,4.0,39993
Hyundai,2020,42603,3.0,21198
Ford,2013,33940,2.6,41782
Volkswagen,2010,13377,3.9,8061
BMW,2012,67308,2.4,22254
Honda,2020,40961,3.3,40059
Toyota,2017,9928,3.1,5691
Honda,2021,14604,3.2,14563
Nissan,2011,53029,3.2,42335
BMW,2011,98300,1.4,22998
Toyota,2018,149849,3.5,15842
Mazda,2014,57068,3.8,33489
Nissan,2014,117236,2.6,9299
Volkswagen,2010,108949,2.9,10288
Kia,2022,140333,2.2,35876
Mazda,2015,42306,3.4,19023
Ford,2017,74962,3.3,40785
Kia,2015,67432,3.3,5904
Nissan,2023,137430,3.3,21873
Ford,2016,83959,2.0,32129
Volkswagen,2023,39537,1.7,8854
Honda,2013,32337,2.2,9099
Ford,2011,130762,2.9,19996
Honda,2010,134162,2.4,37687
Toyota,2021,68247,2.0,5903
Hyundai,2015,96301,1.5,26037
Chevrolet,2018,22576,1.7,24155
Mazda,2019,40584,1.7,18421
Chevrolet,2014,44035,3.9,43085
Toyota,2021,98733,3.4,17680
Ford,2011,140928,1.7,36151
Toyota,2010,100980,2.6,7099
Chevrolet,2012,92163,3.1,43300
Chevrolet,2013,17023,3.9,36902
Mazda,2016,130524,2.1,8134
Kia,2018,105187,2.1,24607
BMW,2017,67919,2.9,18487
Toyota,2018,5540,3.6,39328
Hyundai,2016,13837,2.1,31982
BMW,2019,108030,1.7,36252
Toyota,2017,69889,2.1,43018
Volkswagen,2017,54054,2.6,6033
Nissan,2010,14046,2.3,5718
Nissan,2021,57495,3.6,27351
Chevrolet,2023,45579,3.9,8819
Nissan,2021,64821,2.4,10806
Honda,2018,100877,3.5,20414
Hyundai,2011,81668,1.6,5967
Nissan,2021,14012,2.8,44183
Ford,2020,12030,3.6,44471
Honda,2023,127047,2.5,22698
BMW,2016,148099,1.8,12784
Honda,2022,98399,2.1,35042
Toyota,2019,23565,2.7,23859
Chevrolet,2019,106536,3.6,16183
Mazda,2022,118921,3.3,35080
Mazda,2014,147710,1.6,6898
Volkswagen,2013,96122,2.8,25829
Hyundai,2010,62540,3.7,25990
Toyota,2010,14225,2.9,37649
Mazda,2012,101774,1.6,23782
Chevrolet,2023,87268,3.5,22931
BMW,2010,33353,3.8,19882
Mazda,2017,53531,2.4,25705
Ford,2012,137730,2.2,33287
Honda,2020,30150,2.8,41191
Mazda,2019,149387,4.0,24147
Toyota,2011,126159,3.6,23860
Nissan,2015,43649,3.5,35615
Nissan,2013,25392,1.9,13661
BMW,2022,142115,3.7,21906
Nissan,2022,21867,2.8,41123
BMW,2023,107216,3.8,29556
Toyota,2020,136429,3.1,5743
Hyundai,2023,131874,3.6,37787
Nissan,2022,35408,1.8,13132
Volkswagen,2020,31279,3.2,35450
Chevrolet,2022,107868,2.1,13126
Honda,2013,60131,1.8,20731
Nissan,2011,46452,2.9,12481
BMW,2011,81855,3.0,20189
Toyota,2020,68612,2.7,43308
Nissan,2015,32578,1.6,16240
Mazda,2014,6908,2.0,15315
Nissan,2018,103059,2.0,26852
BMW,2013,84368,2.2,23069
Ford,2014,147658,3.0,10560
Ford,2010,75940,2.5,10205
Nissan,2021,92878,3.9,6480
Honda,2021,137697,1.4,34001
Toyota,2011,102543,2.0,35216
Volkswagen,2012,22871,2.9,20569
Volkswagen,2014,134742,3.7,19873
Nissan,2021,117961,1.5,33818
Nissan,2014,60653,3.7,41707
Ford,2013,145180,2.7,9163
BMW,2023,120398,3.4,40120
Honda,2019,39984,3.9,25505
Nissan,2012,68478,2.0,39604
Volkswagen,2018,29290,2.9,24060
Toyota,2010,146890,3.7,36843
Hyundai,2015,11984,3.6,21137
Mazda,2016,71286,2.8,9588
Nissan,2019,10594,3.9,41547
BMW,2013,143243,3.2,28189
Nissan,2019,101624,2.8,29021
BMW,2012,121575,1.6,29372
Honda,2017,55570,2.7,15268
Hyundai,2018,122291,2.5,15122
Chevrolet,2022,100350,2.2,38918
Toyota,2010,133742,3.9,43078
Toyota,2020,124788,3.8,21060
BMW,2021,67405,2.3,25279
Ford,2019,116606,2.5,20480
BMW,2018,67653,3.4,6259
Ford,2016,146282,3.6,36544
Kia,2010,64380,1.7,31501
Volkswagen,2016,106791,2.7,36780
Toyota,2014,125598,3.8,41108
Honda,2019,125996,3.1,30824
BMW,2022,124421,2.8,6479
Honda,2022,80237,3.3,20039
Hyundai,2016,97150,3.1,28467
Honda,2021,85202,3.8,41327
Nissan,2018,75775,3.8,34165
Volkswagen,2017,89266,2.4,8729
Nissan,2015,71391,1.5,22525
Mazda,2011,79894,2.3,29479
BMW,2017,55817,1.9,19257
Toyota,2021,74574,1.7,38338
BMW,2023,47932,3.7,40853
Volkswagen,2013,68404,3.2,38224
Chevrolet,2017,25071,1.5,16972
Chevrolet,2016,58694,3.8,35909
Mazda,2013,5733,3.7,31974
Volkswagen,2017,66127,3.9,40988
Kia,2020,83345,3.6,34095
Kia,2020,149758,1.6,27578
Kia,2021,74034,3.0,44624
Toyota,2020,112620,1.6,28636
Toyota,2011,140789,3.3,26416
Kia,2018,9854,1.9,43858
Chevrolet,2015,105162,3.8,13403
Volkswagen,2016,113787,3.8,10617
Honda,2019,19358,2.9,13575
Volkswagen,2010,9960,3.4,24878
Kia,2012,31576,3.6,35911
Volkswagen,2023,96909,2.4,28808
Hyundai,2019,23700,2.9,29589
Toyota,2014,56166,1.9,42804
Toyota,2021,52417,4.0,20764
Chevrolet,2016,24412,3.8,38648
Honda,2010,102760,2.7,44623
Kia,2018,64291,2.8,20933
BMW,2014,96255,2.5,27060
Chevrolet,2022,140303,1.4,10502
Chevrolet,2021,12521,2.0,24824
Honda,2012,128815,1.7,9942
Nissan,2016,16349,2.2,44809
Kia,2019,37768,2.0,34580
BMW,2017,100168,3.4,18555
Toyota,2019,67985,2.7,19236
Honda,2019,12611,3.5,34851
BMW,2012,24012,3.1,19087
Hyundai,2016,54725,3.1,36750
Chevrolet,2016,6548,3.7,18851
Honda,2013,95297,3.6,15329
Toyota,2019,99729,1.6,27245
Volkswagen,2018,19497,2.9,25345
Toyota,2010,135337,2.5,19711
Hyundai,2010,143911,3.0,26770
Honda,2014,43457,3.6,26541
Hyundai,2022,121584,1.4,25929
Kia,2012,122143,1.4,14662
Kia,2019,113296,1.6,12199
Volkswagen,2022,133919,3.7,23201
Chevrolet,2018,66976,2.3,16486
Nissan,2014,15275,2.4,20135
Ford,2016,43151,2.3,20522
BMW,2010,39173,2.0,41481
Hyundai,2011,98800,1.5,9102
BMW,2020,48612,3.8,12380
Volkswagen,2021,20960,2.0,10039
BMW,2013,9538,3.7,11223
BMW,2018,55338,3.9,21720
Toyota,2014,33709,2.9,29928
Honda,2014,138211,2.4,20682
Chevrolet,2018,52204,3.4,22570
Ford,2017,29432,1.5,41669
Honda,2011,130211,3.8,23130
Toyota,2016,11069,2.5,44671
BMW,2010,149365,2.2,17877
Ford,2019,103582,1.7,22666
Toyota,2020,105895,3.9,33165
Toyota,2020,128529,3.5,33803
Toyota,2018,135640,3.3,6545
Kia,2012,103658,3.8,34407
Ford,2022,118982,3.9,12662
Toyota,2011,89162,2.1,19323
Nissan,2013,42667,3.4,24370
BMW,2013,56632,3.4,7041
Ford,2012,103861,2.8,43738
Kia,2011,51106,1.8,26878
Hyundai,2014,74022,3.8,9453
Hyundai,2013,87081,2.2,27703
Chevrolet,2014,135891,2.9,20577
Mazda,2022,93164,1.5,5810
Nissan,2021,120386,2.5,44582
Hyundai,2021,113469,3.0,16557
Kia,2017,74080,2.4,37715
Mazda,2020,90697,2.6,28186
Toyota,2011,23376,1.9,16465
Toyota,2018,134942,2.3,24942
Volkswagen,2019,55184,3.3,44525
BMW,2010,65854,3.9,23333
Mazda,2017,92936,2.6,33537
BMW,2021,75455,3.2,40371
Kia,2014,121521,3.9,19198
Nissan,2011,82934,3.4,8831
Mazda,2017,93904,1.4,15475
Hyundai,2014,23167,3.8,20923
Nissan,2019,68178,3.7,14417
Volkswagen,2023,22568,2.1,16821
BMW,2019,77369,1.9,31170
BMW,2022,64657,3.7,38965
Nissan,2023,5571,3.2,26023
Toyota,2012,25122,2.0,36892
BMW,2016,136655,3.3,30884
Volkswagen,2013,127011,3.0,21134
Hyundai,2020,107874,2.2,40369
Ford,2020,33364,2.8,17252
Hyundai,2019,76227,2.8,30342
Hyundai,2021,80861,2.7,6525
BMW,2015,94950,2.7,42461
Honda,2019,10126,1.4,5934
Toyota,2017,97144,2.1,38488
BMW,2010,8762,2.5,31465
Toyota,2011,7786,1.7,11056
Kia,2023,72078,3.3,35745
Honda,2022,121363,3.6,10603
BMW,2017,83349,3.5,37578
Chevrolet,2016,21294,2.6,23475
Hyundai,2019,73335,3.2,6087
Kia,2018,127184,1.6,27199
Honda,2011,77459,1.9,37216
BMW,2017,55209,1.5,31197
Volkswagen,2015,11938,3.9,17163
Nissan,2010,127285,2.9,23715
Nissan,2013,109875,1.9,37250
Toyota,2023,140460,3.2,19046
Honda,2011,73163,2.7,25023
Hyundai,2016,12247,2.5,18852
Hyundai,2018,27575,3.8,10831
Ford,2015,25146,3.2,22226
Nissan,2013,27371,3.2,24912
Kia,2014,97243,1.7,41126
Honda,2020,112102,1.6,22216
Hyundai,2010,56507,3.1,29646
Ford,2022,31875,1.8,19153
Honda,2013,18792,2.6,11280
Mazda,2022,88253,2.9,22470
Hyundai,2019,90928,2.4,13780
Mazda,2012,89393,1.6,24226
Honda,2018,76679,3.3,9625
Hyundai,2015,24734,3.7,32535
Mazda,2013,149175,1.8,15115
Chevrolet,2012,52728,3.6,26651
Ford,2021,95487,3.5,7984
Kia,2022,35766,2.9,33187
Nissan,2013,50240,2.9,26312
Ford,2017,72310,3.1,18673
Mazda,2021,120261,2.8,5756
Hyundai,2014,42432,3.6,6984
Chevrolet,2022,125050,2.6,14224
Chevrolet,2020,109775,2.8,8797
Nissan,2010,27497,1.5,37061
Chevrolet,2014,33283,1.9,35020
Ford,2017,117597,3.7,38909
BMW,2020,117039,1.7,19721
Chevrolet,2021,80280,3.8,39507
Nissan,2013,74199,3.1,26532
Chevrolet,2023,17463,3.8,14423
Chevrolet,2011,93614,3.5,10423
Volkswagen,2022,142232,3.6,30160
Ford,2012,115840,2.8,17082
Mazda,2023,32682,3.5,17063
Toyota,2020,132776,2.6,37628
BMW,2018,110446,1.5,42783
Chevrolet,2023,101401,3.1,41281
Kia,2016,145398,3.3,40219
Chevrolet,2012,90065,1.7,25084
Volkswagen,2014,29527,3.5,12594
Mazda,2012,106019,1.6,43276
Kia,2019,46313,2.5,44379
BMW,2013,26777,2.7,7767
Kia,2021,67382,1.5,31443
Ford,2017,41499,1.6,28649
Nissan,2023,20390,2.6,40112
Nissan,2012,62853,2.2,29233
BMW,2012,22921,3.5,16368
Mazda,2020,37945,2.5,18890
Nissan,2020,8243,1.7,19312
Honda,2017,139738,1.8,12644
Volkswagen,2019,24411,3.2,20099
BMW,2022,88940,3.9,21466
BMW,2019,28586,3.7,21916
Toyota,2016,85168,1.7,10835
Toyota,2016,72510,1.4,30046
Ford,2019,63862,1.5,31267
Ford,2011,6258,2.8,11846
Toyota,2021,110356,2.7,16199
Nissan,2016,24494,1.4,20158
Hyundai,2019,47202,1.5,16787
BMW,2020,149600,4.0,33545
Honda,2019,89673,3.9,44866
BMW,2012,122363,1.7,26771
Chevrolet,2023,133839,1.8,31342
Mazda,2016,85544,3.7,33537
Volkswagen,2022,82400,2.7,11392
Hyundai,2013,136028,3.9,15621
Honda,2022,103723,2.8,30937
Chevrolet,2017,112148,2.9,7693
Ford,2017,65589,2.0,19087
Honda,2015,83637,3.7,32790
Toyota,2022,132088,3.5,11662
BMW,2021,21238,2.3,18532
Honda,2012,16179,3.0,19393
Mazda,2015,35793,2.3,38688
Kia,2015,13004,2.6,28996
Ford,2012,119462,3.6,29799
Volkswagen,2020,26116,2.5,24992
Volkswagen,2013,129439,3.6,43546
Honda,2011,91047,3.9,23678
Kia,2010,118917,2.5,21907
BMW,2011,36856,3.7,36714
Chevrolet,2016,7488,2.2,44063
Hyundai,2019,88432,1.4,28328
BMW,2014,76152,1.6,21803
Chevrolet,2018,121331,3.3,5131
Hyundai,2012,37791,1.7,28985
Kia,2011,105641,3.8,11261
Hyundai,2013,36027,3.7,25999
BMW,2011,148663,2.7,9742
Mazda,2020,9726,2.9,8943
Honda,2016,9133,3.2,18720
Chevrolet,2019,71280,3.3,38711
Mazda,2015,68044,2.7,36310
Chevrolet,2017,91097,2.2,10777
Honda,2022,95105,3.8,42130
Nissan,2014,142012,1.5,10341
Hyundai,2011,28196,2.3,26916
Kia,2022,11217,3.1,7646
Nissan,2013,24433,3.7,35974
Nissan,2010,15934,1.6,9562
Volkswagen,2011,59377,3.1,7565
Toyota,2013,31198,2.7,42096
BMW,2015,49357,3.2,26518
Mazda,2013,52787,2.2,24996
Mazda,2013,90275,3.2,31853
Mazda,2023,46113,1.9,27742
Mazda,2020,147165,3.4,7188
BMW,2019,130182,3.3,10587
Nissan,2019,28792,3.9,38862
BMW,2011,112112,1.9,9920
Mazda,2018,77381,3.3,14215
Toyota,2021,142882,2.2,31290
Ford,2019,40225,2.1,23556
Honda,2017,31187,2.4,32988
Mazda,2017,140313,2.1,30456
Kia,2014,15729,2.0,12424
Ford,2012,17549,3.4,28504
BMW,2015,43013,3.2,6186
Kia,2023,29347,1.7,18603
Kia,2018,69772,2.9,8597
Chevrolet,2017,45378,2.3,13375
Kia,2016,6998,3.9,5907
Mazda,2023,117172,2.5,10734
Chevrolet,2020,119100,1.5,33156
Volkswagen,2017,120400,2.3,9237
Nissan,2013,32737,2.2,26013
Kia,2015,43514,1.4,22008
Toyota,2023,128549,2.7,35748
Honda,2014,55232,3.8,37199
Kia,2021,99766,3.5,11493
Volkswagen,2011,15461,3.2,40514
Hyundai,2017,87394,2.3,24285
BMW,2012,14323,2.0,26006
BMW,2023,42040,2.3,21494
Volkswagen,2014,144750,1.7,10720
Hyundai,2017,90028,1.7,17108
BMW,2020,97734,2.9,43982
BMW,2018,95896,3.5,13304
BMW,2022,90793,1.7,15705
Volkswagen,2018,81699,2.3,43283
Nissan,2023,109835,1.7,38596
Honda,2014,89321,2.2,30156
Volkswagen,2011,122004,3.6,44154
Hyundai,2016,127297,1.5,13647
Kia,2020,22585,3.1,7979
Nissan,2020,100781,1.6,23614
Nissan,2016,120318,2.5,10444
Kia,2021,122273,2.6,35037
Toyota,2022,11968,2.4,36730
Chevrolet,2017,72249,3.1,35098
Honda,2017,145312,3.9,21033
Honda,2014,41119,2.1,32589
Toyota,2010,111397,3.0,16002
Chevrolet,2022,18100,2.3,24069
Honda,2020,47794,4.0,30208
Hyundai,2022,109519,3.9,20440
Ford,2013,53121,1.6,26909
Ford,2013,14143,3.9,41376
Honda,2020,64376,3.3,26505
Mazda,2012,88144,4.0,14550
Honda,2017,111528,3.4,36765
Kia,2012,87016,1.7,7541
Kia,2022,135604,3.4,17453
Chevrolet,2014,83737,3.3,13308
BMW,2011,73677,1.8,7390
Nissan,2015,134940,3.4,39369
Hyundai,2015,97889,3.2,5288
Toyota,2017,82006,4.0,29913
Honda,2017,100133,3.0,12302
BMW,2010,35090,2.5,33986
BMW,2014,30476,3.9,12895
Hyundai,2011,69004,3.0,42367
Toyota,2019,79469,2.3,39058
Kia,2021,125119,1.5,28936
Volkswagen,2014,130494,3.4,26624
Hyundai,2019,80650,1.7,7036
BMW,2021,48657,3.8,42120
Ford,2018,128270,3.9,30370
Honda,2013,104262,2.0,13438
Chevrolet,2017,124358,1.7,30160
Ford,2010,139553,2.9,29395
BMW,2017,67841,2.0,28408
Nissan,2015,12931,2.8,10062
Mazda,2017,111951,2.5,29313
Toyota,2015,59694,3.5,23360
Kia,2020,13635,4.0,8663
Honda,2012,50252,2.6,23887
Chevrolet,2021,74017,3.2,15991
Volkswagen,2020,71953,2.3,33421
Kia,2017,92776,3.6,35051
Honda,2014,78212,1.5,12278
Volkswagen,2021,77547,2.7,44515
Chevrolet,2019,59565,1.9,19626
BMW,2014,60153,1.9,44197
Mazda,2021,120095,2.8,5755
Ford,2016,104281,2.2,7056
Ford,2015,53561,2.6,40884
BMW,2018,92473,2.2,20424
Kia,2016,128022,2.6,19672
BMW,2012,134552,2.1,37383
BMW,2020,28836,3.5,18589
Honda,2020,65420,2.9,34705
Honda,2021,13911,1.8,24801
Chevrolet,2014,96216,1.4,18709
Mazda,2018,78080,1.4,24672
Honda,2020,27289,2.5,8566
Chevrolet,2022,36346,2.2,31250
Nissan,2019,30644,2.1,26906
BMW,2023,33279,3.0,36978
BMW,2011,100446,3.5,26810
Kia,2010,53638,1.6,27810
Nissan,2020,118917,1.7,15747
Kia,2017,39341,2.4,7197
Volkswagen,2017,124660,2.5,40805
Chevrolet,2011,123481,2.4,29338
Chevrolet,2023,105957,3.1,35143
BMW,2022,39979,1.6,41102
Hyundai,2017,130576,2.7,27405
Volkswagen,2014,111626,3.5,29200
Chevrolet,2011,70109,3.8,24345
Honda,2016,114239,2.9,41549
BMW,2016,74356,1.8,44228
Kia,2012,78226,3.3,31797
Nissan,2023,108658,3.5,38012
Kia,2010,140298,1.9,29917
Ford,2020,95808,3.2,42342
Hyundai,2013,112533,3.8,10020
Chevrolet,2011,123525,3.3,24540
Mazda,2013,102571,2.5,17340
Toyota,2017,93601,2.6,40900
Hyundai,2011,73160,1.6,34346
BMW,2010,10505,2.8,25903
Chevrolet,2020,149453,3.5,27507
Nissan,2023,12549,3.9,18393
Chevrolet,2012,56149,2.4,42434
Toyota,2019,146275,2.5,5768
Nissan,2016,148000,1.5,14714
Kia,2022,18457,3.4,24627
Nissan,2021,130293,3.3,11201
Hyundai,2015,127465,2.4,29456
Kia,2015,29587,3.2,10912
Chevrolet,2016,64354,3.0,18221
BMW,2017,106911,3.4,9581
Volkswagen,2012,30312,2.2,9102
BMW,2012,71045,3.1,30005
Chevrolet,2019,112764,3.0,14551
Toyota,2022,142166,1.6,7677
Volkswagen,2017,82994,2.1,25412
Chevrolet,2021,43513,3.6,16264
Mazda,2022,75446,1.8,16667
Hyundai,2023,11572,2.4,12920
Mazda,2022,145153,2.0,16994
Kia,2016,89872,1.8,35500
Ford,2019,45378,1.8,26911
Chevrolet,2014,67189,2.3,23032
Honda,2013,31084,3.5,33554
Honda,2015,102240,3.9,39677
Nissan,2018,65681,2.9,36382
BMW,2015,27418,3.1,12133
BMW,2017,79860,3.4,11268
BMW,2010,87168,3.1,40658
Mazda,2021,144075,3.6,29235
Hyundai,2023,67468,3.7,20257
Chevrolet,2015,73211,3.0,14399
Toyota,2023,80012,2.8,8603
Nissan,2023,24259,2.4,26536
Kia,2011,54179,2.6,37174
Volkswagen,2012,85099,2.3,14717
Kia,2015,66980,2.5,41652
Chevrolet,2011,90170,3.7,13876
Ford,2013,74283,3.9,30296
BMW,2015,56871,2.3,6803
Volkswagen,2014,25287,2.0,15551
Mazda,2015,30887,1.6,17610
Chevrolet,2015,133493,3.6,44829
Ford,2017,129370,3.7,27437
Mazda,2018,22802,2.6,31338
Ford,2014,78135,2.8,32499
BMW,2015,14650,3.3,41442
Mazda,2015,110646,2.4,28056
Hyundai,2015,48527,1.9,40043
Honda,2011,47297,1.7,37990
Kia,2013,34185,2.0,27122
Hyundai,2010,122769,3.1,20756
Volkswagen,2023,136418,2.3,41060
Nissan,2021,48418,3.7,36571
Honda,2010,14612,1.6,6328
Hyundai,2010,90002,2.5,20590
Chevrolet,2016,137703,2.1,13000
Ford,2010,62211,3.7,5524
Volkswagen,2015,83105,3.5,9307
Chevrolet,2011,40472,4.0,20387
Honda,2015,92460,1.7,38069
Ford,2015,123123,3.4,7696
Volkswagen,2021,85379,1.7,27973
Nissan,2020,100554,1.8,33460
Honda,2012,13057,1.5,11659
Volkswagen,2017,23883,2.6,10516
Hyundai,2020,65014,1.7,20411
Volkswagen,2013,113269,2.3,31432
Honda,2022,40013,2.1,23304
BMW,2016,138536,3.9,25841
Hyundai,2013,79111,3.1,16440
Chevrolet,2010,117839,2.5,21914
Honda,2015,51825,3.7,21893
BMW,2014,99035,1.6,36923
Toyota,2018,6521,2.3,12590
Nissan,2023,22363,2.7,16453
BMW,2023,85938,1.5,29300
Toyota,2018,127159,1.8,33318
Kia,2021,147534,3.7,7134
Ford,2020,78109,1.9,26099
BMW,2022,59698,3.8,41859
Mazda,2017,124511,1.6,5311
Nissan,2016,101783,3.7,39625
BMW,2023,103829,2.6,27849
Toyota,2011,121774,2.9,13485
Mazda,2023,146419,2.1,38648
Nissan,2017,11099,2.1,38372
Mazda,2012,80104,2.7,8047
Hyundai,2015,9406,2.3,17841
Toyota,2019,107439,1.6,44563
Volkswagen,2016,140948,2.3,12269
Hyundai,2021,95692,2.1,13510
Nissan,2015,101442,3.6,7924
Nissan,2014,107829,3.6,20277
Honda,2013,117631,1.8,25968
Toyota,2011,49895,3.3,20242
Kia,2018,48760,2.6,5263
Kia,2023,51306,3.7,7932
Nissan,2016,80179,2.1,13877
Kia,2016,81554,1.6,6283
Ford,2013,140285,3.5,25817
Honda,2023,146116,3.7,17359
Nissan,2014,136015,3.6,13317
Kia,2015,49425,2.3,41020
Toyota,2021,27590,1.5,40332
BMW,2020,48403,1.8,40874
Volkswagen,2021,31628,3.8,33015
Hyundai,2011,94421,2.3,6978
Hyundai,2013,110763,3.7,16073
Ford,2022,138264,4.0,13867
Mazda,2013,89629,2.4,19363
Toyota,2021,129062,3.4,12126
Mazda,2022,35617,1.8,9552
Honda,2013,112454,2.4,31093
Volkswagen,2016,15250,3.2,17488
Honda,2022,37836,1.9,18892
Nissan,2016,117319,2.2,42661
Toyota,2016,72173,2.9,39743
Nissan,2016,132939,3.2,43459
Chevrolet,2011,111761,2.3,17108
Kia,2014,11251,2.4,41905
Hyundai,2019,106429,1.7,34800
BMW,2011,61246,4.0,8944
Nissan,2014,91966,3.0,44061
Mazda,2021,142536,2.8,33611
Chevrolet,2015,72344,1.9,32976
Hyundai,2012,146353,2.7,43961
Nissan,2015,55106,2.6,37446
Chevrolet,2014,126720,2.1,27191
Chevrolet,2013,99840,2.6,39230
Toyota,2019,110293,1.9,44459
Honda,2018,13998,3.2,24402
Chevrolet,2020,111083,3.8,40612
Ford,2023,47866,1.4,20843
Honda,2017,118384,2.8,11753
Hyundai,2021,27969,3.3,28726
Hyundai,2016,105980,3.8,11776
Hyundai,2020,123259,2.3,27577
Hyundai,2010,36107,3.8,14736
Ford,2018,139831,3.5,12755
Nissan,2018,19789,2.8,40261
Volkswagen,2015,18214,2.1,18828
Chevrolet,2016,75657,3.1,8317
Hyundai,2022,34482,2.1,24954
Honda,2012,79536,2.3,9610
Honda,2014,53187,2.6,43542
Chevrolet,2016,36087,2.7,21978
Nissan,2010,5941,1.9,17901
BMW,2021,124340,3.2,12370
BMW,2010,137393,4.0,17685
Volkswagen,2014,50972,2.0,5003
Nissan,2018,91658,2.8,23311
Chevrolet,2016,44361,2.6,30250
BMW,2010,46354,2.2,42187
BMW,2022,71327,2.5,8619
BMW,2022,52191,3.3,40917
Mazda,2021,60828,2.5,42547
Ford,2014,15136,2.7,37319
Chevrolet,2017,71279,2.6,16970
Kia,2017,77060,2.8,43392
Toyota,2021,44342,2.2,18331
Toyota,2011,86851,2.7,25295
Nissan,2016,37961,1.8,8256
Chevrolet,2019,111198,3.3,11198
Chevrolet,2014,74810,1.7,18069
Toyota,2018,34838,3.4,29192
Volkswagen,2012,19332,3.5,38107
Toyota,2010,68001,1.4,27541
Chevrolet,2022,95329,3.6,38842
BMW,2013,124771,3.1,28899
Volkswagen,2016,85954,1.7,23278
Hyundai,2010,53473,4.0,44916
Kia,2011,16682,3.0,9153
Mazda,2023,48775,2.4,39682
Ford,2014,61941,3.7,41616
Hyundai,2018,17115,1.5,32478
Honda,2023,55937,3.3,42327
Toyota,2010,50132,1.8,15799
Kia,2021,17025,2.8,36130
Toyota,2013,100439,1.6,12783
Toyota,2021,63526,3.2,42575
Hyundai,2023,73832,2.6,18211
BMW,2012,61108,1.4,37183
BMW,2023,141757,1.6,24105
Mazda,2014,11647,3.2,44926
Volkswagen,2014,35145,2.4,44959
Toyota,2019,108894,3.1,41937
Nissan,2011,103702,2.4,16047
BMW,2014,121839,2.3,38018
Chevrolet,2018,10430,3.6,28876
Kia,2014,139952,3.6,23498
Nissan,2020,70662,3.8,43112
Hyundai,2019,121775,3.5,11707
Hyundai,2011,65487,1.7,16046
Mazda,2016,44793,1.6,43470
Mazda,2015,118584,1.6,5492
Volkswagen,2016,115549,3.9,38790
Chevrolet,2017,62590,2.7,12252
Kia,2019,76461,1.7,16638
Chevrolet,2014,57470,2.8,42505
Honda,2011,68616,3.2,20809
Mazda,2016,105361,1.6,31062
Volkswagen,2016,141407,2.3,11414
Ford,2017,73525,1.9,32578
Toyota,2016,110879,3.9,12441
Toyota,2019,98709,2.2,12236
Ford,2016,76257,3.2,8417
BMW,2023,7728,3.8,7125
Chevrolet,2022,88511,3.6,29708
Ford,2018,27167,2.4,10543
Volkswagen,2017,78711,2.2,30962
Kia,2011,131218,3.5,28303
Ford,2011,77437,1.9,17037
Volkswagen,2016,81426,3.3,33867
Mazda,2019,81851,3.6,44650
Nissan,2020,85962,3.6,40768
Hyundai,2022,40065,1.4,39650
Hyundai,2019,125138,2.7,8243
Honda,2012,85286,2.3,24050
Chevrolet,2010,28674,3.9,10700
Kia,2018,124632,2.8,33298
Nissan,2023,31085,2.5,11909
Nissan,2023,43086,2.0,9138
Mazda,2023,119700,3.6,12458
Ford,2012,68493,2.2,33036
Chevrolet,2010,53248,3.5,15980
Toyota,2015,31156,3.7,32762
Nissan,2013,105355,1.6,17644
Volkswagen,2023,139948,2.7,25633
Toyota,2010,76963,2.5,21736
Honda,2013,53119,2.4,43038
Ford,2017,106044,2.4,42855
Ford,2020,105092,2.8,14096
Kia,2016,121640,1.7,14487
Nissan,2021,81432,3.7,6963
Mazda,2010,83451,2.9,21923
BMW,2019,90340,2.3,44318
BMW,2021,24411,2.0,6675
Hyundai,2018,139173,3.0,30608
Volkswagen,2015,33536,3.4,15571
Toyota,2011,8588,2.5,41498
Honda,2012,92657,4.0,31275
Hyundai,2016,137489,2.8,37076
Ford,2012,25293,3.9,44783
Toyota,2022,58897,3.9,22976
Chevrolet,2012,49649,3.0,29376
Nissan,2014,40540,2.9,42483
Honda,2012,67251,1.7,13332
Chevrolet,2012,124863,3.8,10306
Mazda,2020,40017,3.5,34607
Nissan,2014,119383,2.7,33388
Toyota,2023,25242,2.2,34778
Nissan,2014,121313,3.6,26845
Hyundai,2021,102544,2.2,13371
Kia,2018,105151,2.8,41496
Hyundai,2010,117457,1.9,15753
Mazda,2023,13770,3.5,15976
Volkswagen,2010,137208,3.4,24417
Chevrolet,2020,16602,2.2,14112
Hyundai,2023,106437,1.7,39011
Kia,2018,15466,1.9,6003
Volkswagen,2014,146485,3.0,22906
Hyundai,2013,137229,1.8,18675
Ford,2011,143524,2.2,19778
Kia,2021,31225,3.6,11178
Chevrolet,2018,45043,1.6,42216
Honda,2015,92333,2.9,17843
BMW,2018,141683,2.4,40556
Volkswagen,2014,136305,1.7,13910
Ford,2013,70567,2.7,36856
Honda,2016,96483,2.7,36208
Toyota,2014,13951,2.4,17884
Kia,2017,72330,1.5,43799
Ford,2017,67831,1.9,25470
Nissan,2022,33936,2.5,38768
Toyota,2011,20574,2.1,15938
Toyota,2022,103585,1.8,43707
Volkswagen,2014,140143,2.7,27971
Kia,2019,27362,2.4,11254
Ford,2017,52105,3.1,7824
Mazda,2012,46775,2.9,28323
Ford,2016,22854,1.8,9673
Hyundai,2012,133362,3.2,16988
Toyota,2015,73823,2.6,44775
Chevrolet,2011,51782,1.7,9373
Toyota,2015,27090,1.4,7594
Toyota,2015,32161,3.0,5424
BMW,2017,111265,3.0,5670
Nissan,2014,51300,3.5,26818
Mazda,2023,95666,3.4,40465
Honda,2010,49665,3.7,23279
Honda,2017,98254,2.2,26539
Nissan,2021,59645,2.5,27574
Toyota,2018,119946,1.6,30529
Honda,2010,47184,2.5,37491
Kia,2014,55817,2.0,33206
Mazda,2021,39633,3.5,10728
Honda,2015,53720,3.1,26735
Nissan,2013,71301,3.4,27037
Hyundai,2023,56857,2.9,16726
Honda,2020,10765,3.0,19126
Mazda,2011,85872,2.0,37891
Volkswagen,2014,35761,3.1,14962
Volkswagen,2023,42742,1.8,17687
Kia,2023,137455,2.1,31377
Ford,2013,20458,1.9,6187
Ford,2022,138507,3.9,5169
Honda,2016,34992,3.7,44897
Chevrolet,2015,62566,3.7,35814
Hyundai,2012,119358,3.9,19289
Nissan,2018,28700,3.0,26599
Hyundai,2023,108932,3.7,11566
Volkswagen,2013,32763,2.2,10111
Honda,2020,140937,2.4,20922
Mazda,2014,54602,2.6,31985
Nissan,2023,126727,1.6,35684
Hyundai,2012,24734,3.5,13255
Mazda,2017,7829,1.7,14635
Nissan,2020,6915,3.5,14126
Hyundai,2016,44980,3.8,38137
Kia,2020,14440,2.9,32914
Volkswagen,2020,140891,1.8,34920
Toyota,2016,78415,2.5,19901
Nissan,2017,95352,1.8,19464
Volkswagen,2016,37225,1.7,40540
BMW,2012,146406,3.4,42281
Chevrolet,2012,111860,2.4,9636
Honda,2011,100367,1.4,14922
BMW,2022,74656,1.5,18680
Mazda,2010,109780,3.5,9702
Nissan,2014,7961,3.0,22895
Honda,2021,83385,3.6,37382
Honda,2013,37545,2.1,33402
BMW,2022,56569,2.2,22244
BMW,2020,137688,3.0,17276
Toyota,2011,128915,3.1,12410
Hyundai,2010,79447,1.5,32508
Nissan,2023,30549,3.8,23520
Volkswagen,2023,77361,3.5,28084
Ford,2012,23230,1.7,27306
Nissan,2022,55618,1.4,19624
Nissan,2015,119676,3.4,26474
Nissan,2022,13882,3.7,9931
Honda,2011,86844,2.2,8185
Mazda,2019,122200,2.2,15481
Honda,2022,120933,2.7,25786
Mazda,2016,27500,3.2,43081
BMW,2020,86410,3.1,35660
Ford,2016,145405,3.4,10643
Honda,2020,58383,1.7,36640
Mazda,2012,71513,2.8,17695
Honda,2023,77258,2.7,24064
Chevrolet,2010,18217,3.9,20576
Honda,2018,91427,3.8,23091
Ford,2020,50272,3.4,25780
Ford,2014,88053,3.7,11188
Mazda,2011,66724,3.3,9729
Mazda,2017,42633,3.3,6297
BMW,2021,46528,2.0,20922
Ford,2019,14513,3.0,18715
Ford,2019,77901,3.8,20456
Toyota,2013,65922,3.4,29412
Nissan,2020,109936,3.0,5796
Kia,2019,105071,2.1,18502
Honda,2021,105378,3.2,16843
Hyundai,2016,55293,2.3,12539
BMW,2023,104381,1.6,33149
Nissan,2022,60272,2.0,43777
Kia,2014,13670,2.4,8989
Toyota,2022,32809,4.0,7680
Hyundai,2012,23069,3.4,13576
Mazda,2019,100447,2.1,11857
Ford,2017,123179,3.4,28207
Chevrolet,2011,104675,2.3,37030
BMW,2010,141531,3.0,41980
Volkswagen,2014,67289,3.4,36440
Ford,2020,32177,3.3,14988
Chevrolet,2013,8423,1.8,28269
Kia,2020,66001,3.5,34615
Mazda,2019,49940,3.8,21102
Hyundai,2016,141433,2.0,35834
Kia,2022,6401,2.3,37840
Ford,2018,71948,3.8,24762
Ford,2015,27814,4.0,5848
Hyundai,2020,8230,2.6,10942
Volkswagen,2010,110825,1.5,15153
Chevrolet,2017,109153,3.8,33240
Kia,2011,113998,1.5,18133
Mazda,2013,43824,2.3,29467
Ford,2012,124410,1.6,43134
Kia,2015,55416,2.7,26501
Volkswagen,2011,105563,1.5,7491
Kia,2014,76812,2.0,8186
Hyundai,2020,63876,2.6,18350
Mazda,2018,60572,1.6,14455
Toyota,2012,92304,2.6,27460
Hyundai,2011,93668,2.1,35614
Kia,2011,119266,2.1,41104
Toyota,2018,80111,3.8,17153
Ford,2015,78367,3.2,18490
Toyota,2011,73348,3.8,40568
Volkswagen,2012,28357,2.9,21287
Honda,2023,118234,3.8,9659
Volkswagen,2010,90321,3.6,15891
Hyundai,2011,42783,4.0,16073
Honda,2011,130985,2.7,26780
Hyundai,2020,56703,3.2,34194
BMW,2011,121839,1.8,28100
Mazda,2016,93557,3.8,38227
Nissan,2012,70923,2.4,32908
Ford,2022,69748,3.8,23801
Ford,2023,83728,1.7,39238
BMW,2020,122849,2.7,36135
Kia,2013,7380,1.4,8920
Chevrolet,2011,128256,2.5,19632
Hyundai,2014,99389,1.6,37675
Nissan,2023,5743,2.6,18389
Nissan,2018,45124,2.8,26384
Volkswagen,2021,149200,3.6,13701
Volkswagen,2018,123174,2.2,10456
Chevrolet,2016,50653,2.9,41011
Kia,2021,51072,1.6,12211
BMW,2017,127214,3.8,9011
Toyota,2022,46302,2.6,10007
Volkswagen,2023,82011,2.1,20553
Kia,2014,111452,2.6,16327
Mazda,2014,36898,2.7,12428
Ford,2021,108620,3.3,13294
Ford,2012,22889,3.9,31777
Kia,2015,147024,1.9,15909
Chevrolet,2010,50985,1.5,9993
BMW,2012,79106,3.1,28922
Nissan,2020,65139,3.7,27417
Chevrolet,2011,13897,2.9,25333
Kia,2016,23798,1.6,41462
BMW,2018,10656,2.5,35294
BMW,2013,17193,3.1,26262
Hyundai,2016,141219,2.3,26427
Honda,2017,131474,3.6,28413
Ford,2019,107748,2.0,9763
Kia,2011,149501,2.3,15562
Nissan,2016,88366,3.8,6154
Honda,2022,68628,2.9,41918
Mazda,2021,138474,1.4,44480
Volkswagen,2012,10642,2.0,44303
Hyundai,2017,88746,3.4,40490
Volkswagen,2015,12918,1.5,22789
Honda,2012,123535,4.0,26922
Honda,2017,119438,3.7,27666
Volkswagen,2020,26061,2.0,38143
Nissan,2022,121408,3.7,42272
Nissan,2012,25215,3.2,7679
Toyota,2018,125148,2.5,44756
Mazda,2020,118613,1.9,21924
Nissan,2012,61098,1.9,26791
Mazda,2010,73764,2.9,40033
Mazda,2022,98271,2.5,27999
Honda,2011,145515,2.9,32854
Mazda,2013,128816,2.3,18174
Hyundai,2022,44276,2.0,37498
Volkswagen,2020,36711,3.6,29325
Toyota,2011,44764,3.8,22295
Kia,2013,9844,3.2,22662
Chevrolet,2013,112181,1.8,27135
Toyota,2013,107539,1.6,11636
Hyundai,2010,29630,2.8,18439
Toyota,2018,90132,2.8,31247
Mazda,2019,106510,3.1,34130
Honda,2020,22025,3.8,25893
Chevrolet,2016,9839,3.1,28246
Nissan,2011,43937,3.8,39711
Honda,2012,118074,1.7,24912
Mazda,2022,51660,3.2,6102
Mazda,2017,120911,3.8,22596
Chevrolet,2016,38260,2.6,36339
Chevrolet,2013,101200,3.9,5109
Ford,2013,28206,2.8,20535
BMW,2018,60763,3.9,32620
BMW,2014,88059,3.3,14239
Honda,2023,11794,2.6,25693
Nissan,2022,122973,1.5,43737
Toyota,2020,46961,3.1,42448
Mazda,2014,90801,2.1,43620
Mazda,2016,16736,2.2,44263
Ford,2010,64395,1.5,5728
Honda,2012,85338,2.8,37525
Honda,2011,119946,2.2,28704
Volkswagen,2020,84757,4.0,10900
Chevrolet,2019,74385,3.3,35500
Nissan,2015,70285,2.3,6289
Chevrolet,2020,125862,2.2,8532
Nissan,2021,140688,3.3,16142
Hyundai,2015,95100,2.1,28437
Kia,2019,70659,2.6,30723
BMW,2010,72713,1.8,42863
BMW,2023,51811,2.1,27788
Nissan,2023,68387,1.7,35732
BMW,2015,138196,2.5,31614
Chevrolet,2019,106558,3.8,12195
Mazda,2011,72949,1.7,20986
Chevrolet,2020,11089,2.5,22830
Nissan,2013,10833,2.2,35484
Honda,2015,54308,2.3,10829
Chevrolet,2012,47083,3.4,5536
BMW,2012,120605,2.5,39889
Ford,2021,84674,3.1,31061
Volkswagen,2012,6702,3.9,37786
Mazda,2013,26773,3.0,17147
BMW,2018,148497,2.3,44967
Ford,2013,43575,2.4,40316
Nissan,2022,25098,3.2,44004
Hyundai,2013,77519,3.2,21988
Ford,2013,133699,2.4,40029
Kia,2016,7397,3.3,41416
Hyundai,2014,31770,2.8,17017
Toyota,2021,43222,3.9,26067
Mazda,2011,98737,3.8,19334
BMW,2016,54033,3.5,28107
Toyota,2012,70879,1.5,44696
Chevrolet,2020,83475,2.4,18492
Nissan,2010,20950,2.9,19575
Mazda,2018,101081,2.8,11546
Honda,2014,53787,3.4,15873
Hyundai,2019,93768,3.8,22377
Honda,2010,95150,3.4,23666
Toyota,2020,100551,2.0,5953
Ford,2010,111350,2.7,33989
Ford,2010,132943,2.4,22221
Nissan,2021,67926,3.4,28859
Toyota,2018,9986,3.7,11975
Volkswagen,2022,83485,2.1,24292
Mazda,2017,136307,2.7,37314
Hyundai,2020,144065,3.3,32754
Ford,2022,75760,1.5,32612
Ford,2022,70587,3.9,26377
Honda,2015,80108,3.5,18363
Honda,2019,13498,2.8,43353
BMW,2015,50066,3.4,19434
Chevrolet,2015,94529,3.6,29081
Volkswagen,2013,17485,2.7,8384
Honda,2014,74136,2.5,18937
Honda,2019,51264,3.6,30005
Mazda,2012,50606,3.6,39008
BMW,2012,41346,1.7,12139
Honda,2019,108865,3.8,36784
Hyundai,2016,120192,2.1,8960
Mazda,2014,128016,3.1,35457
Chevrolet,2017,58166,3.2,28156
Toyota,2014,44075,2.1,41342
Mazda,2021,83675,2.2,18435
Toyota,2013,108446,3.2,5714
Ford,2023,9806,1.9,25627
BMW,2012,34357,3.6,38376
Chevrolet,2021,63877,2.0,18961
BMW,2011,115137,2.3,18373
Chevrolet,2012,58155,2.1,44625
BMW,2016,63051,2.0,38815
Mazda,2017,129503,3.9,16048
BMW,2014,78147,2.1,14934
Kia,2020,132117,2.9,13167
Chevrolet,2010,81742,3.3,24287
Toyota,2012,102486,1.5,29304
Chevrolet,2013,137779,3.7,12844
Ford,2019,27290,1.8,8358
Hyundai,2022,89875,2.9,23174
Kia,2022,24311,3.1,12241
Nissan,2021,53175,3.0,15101
Chevrolet,2013,7720,3.3,19709
Honda,2021,40790,3.8,13149
Mazda,2010,86285,3.8,19628
Mazda,2019,120066,2.9,13730
BMW,2018,95328,2.4,30600
BMW,2021,27442,2.2,30022
Mazda,2019,28802,3.7,42898
Volkswagen,2013,17721,3.6,42199
Kia,2011,40757,2.2,11567
Kia,2022,96402,1.8,41317
Toyota,2018,6939,3.6,35235
Chevrolet,2023,124382,3.0,19620
Nissan,2013,36989,2.2,22726
Mazda,2013,135404,3.0,21946
Chevrolet,2020,78251,1.6,16645
Kia,2015,19454,1.9,29657
Ford,2017,137449,2.8,39514
Mazda,2014,40523,2.8,40097
Chevrolet,2021,35807,2.0,32265
Kia,2017,23467,4.0,18762
Hyundai,2010,42177,2.5,44227
Kia,2022,148359,3.2,27419
BMW,2013,53667,2.1,10650
Honda,2010,148910,2.5,9200
Volkswagen,2012,60259,3.6,21014
Volkswagen,2020,41872,3.6,40304
BMW,2016,15522,1.8,28749
BMW,2010,119108,2.3,22257
Mazda,2014,45425,1.9,13439
Hyundai,2010,10478,3.7,28360
Hyundai,2015,98873,3.4,24724
Mazda,2018,56793,2.9,19445
Chevrolet,2012,10025,3.1,34698
Mazda,2020,12764,3.8,27316
Nissan,2020,74036,2.2,6351
Nissan,2023,100062,1.4,28840
Volkswagen,2021,36521,1.5,8937
Kia,2015,33807,1.5,17385
Mazda,2013,23013,1.7,30880
Mazda,2015,16311,2.9,29424
Chevrolet,2011,85483,4.0,9842
Toyota,2013,14041,2.5,26413
Volkswagen,2022,76796,3.3,17443
Volkswagen,2022,28306,3.5,42200
Volkswagen,2016,94086,3.5,27885
Kia,2020,97151,2.6,11010
BMW,2015,147499,2.8,39927
Ford,2018,83359,2.3,27557
Toyota,2020,134428,3.2,25443
Kia,2016,67960,2.4,42190
Nissan,2010,68741,2.2,27639
Chevrolet,2015,64000,3.0,14964
BMW,2020,32207,2.3,40761
Nissan,2012,8936,2.5,18286
BMW,2017,56775,3.2,21657
Hyundai,2022,23674,3.6,14478
Volkswagen,2010,19374,2.5,7236
BMW,2019,101128,2.8,42245
Honda,2011,120040,3.3,23115
Volkswagen,2012,132401,2.0,8728
Volkswagen,2023,114644,2.5,34380
Chevrolet,2012,34181,3.5,34878
Toyota,2016,147852,3.7,26733
Nissan,2022,57994,3.1,36716
BMW,2017,25402,2.4,39828
BMW,2018,77778,3.0,13139
Hyundai,2016,129889,1.9,18016
Volkswagen,2017,98057,1.5,17766
Mazda,2020,6052,1.6,10927
Ford,2015,20400,1.7,25622
Mazda,2011,66980,2.0,41891
BMW,2010,90483,2.6,36935
Mazda,2012,30699,2.0,27262
Chevrolet,2018,39111,2.9,6226
Honda,2022,66065,4.0,29796
BMW,2016,127378,2.7,29698
BMW,2011,86798,3.4,10252
Honda,2023,113732,2.2,16069
Nissan,2010,57404,3.9,39985
Honda,2011,65736,2.0,27101
Mazda,2012,130210,3.0,6959
Chevrolet,2023,28942,4.0,34594
Hyundai,2015,33696,3.5,18204
Nissan,2021,27319,4.0,11776
Kia,2018,42123,2.4,14491
Hyundai,2017,27642,1.6,6823
Toyota,2019,75083,2.0,20395
Toyota,2018,110219,3.9,27517
Toyota,2020,90639,2.4,37879
Toyota,2020,80279,1.7,9973
Chevrolet,2017,117033,2.9,35274
Hyundai,2016,28407,2.7,26703
Volkswagen,2015,9445,1.6,20043
Ford,2017,118443,2.6,16398
Nissan,2015,122606,3.0,35359
Kia,2011,121801,2.0,17577
Mazda,2022,137214,1.7,38395
BMW,2018,54897,3.6,33238
Toyota,2018,93071,3.0,40184
Kia,2012,72266,1.8,35219
BMW,2018,66466,3.0,40319
Ford,2011,140195,3.3,33152
Kia,2021,23898,3.0,15236
Hyundai,2023,121457,1.7,13634
Kia,2012,50946,1.7,24011
Toyota,2023,122174,1.5,20120
Ford,2015,79504,2.0,28752
Mazda,2023,144064,1.6,44668
Volkswagen,2013,126132,3.5,11590
Honda,2017,60173,1.4,9029
Toyota,2010,15125,2.9,33389
BMW,2022,79165,3.5,20889
Ford,2015,14226,3.7,15914
Hyundai,2011,9702,2.5,28128
Chevrolet,2015,136713,3.0,10301
Ford,2023,40942,3.9,8020
BMW,2010,127341,3.1,17628
Honda,2011,8875,3.7,5587
Honda,2018,135140,3.2,34197
Nissan,2015,130797,1.6,16355
Volkswagen,2017,139684,1.9,15331
BMW,2016,77598,3.8,41126
Honda,2018,93240,3.6,27627
Nissan,2018,71998,2.5,29527
Nissan,2020,82510,1.8,18369
Nissan,2013,103814,1.8,6469
Ford,2016,39924,3.8,37138
Nissan,2014,138991,1.8,44933
Toyota,2016,77168,2.4,42684
BMW,2013,79460,3.7,42634
Toyota,2021,48910,1.5,41595
Chevrolet,2019,39005,3.0,33745
Honda,2020,88400,2.3,15591
Volkswagen,2020,135634,1.7,19984
Nissan,2010,15657,2.9,34090
Hyundai,2013,23394,2.7,44236
Hyundai,2022,77433,1.7,8919
Honda,2019,43397,2.1,32357
Chevrolet,2012,124445,3.3,24594
Hyundai,2018,28874,3.4,25381
Toyota,2014,28670,3.0,22300
Kia,2013,147023,1.7,39051
Ford,2017,83905,3.6,34664
Mazda,2014,35836,1.8,33603
Hyundai,2012,147760,3.3,10790
Volkswagen,2011,22202,1.5,10856
Nissan,2017,12188,2.3,7598
Volkswagen,2021,58326,2.6,12274
BMW,2011,39657,1.5,24061
Ford,2023,136630,1.8,5041
Toyota,2017,31195,2.2,18105
Chevrolet,2014,19443,4.0,34210
Ford,2017,28215,3.4,34912
Mazda,2014,10949,3.6,37361
Kia,2010,45411,3.1,27610
Hyundai,2021,120877,2.2,25353
Chevrolet,2022,73438,3.2,17395
Chevrolet,2020,67521,3.2,38714
Hyundai,2023,76431,3.0,24093
Hyundai,2020,110854,2.2,12993
Hyundai,2011,27081,2.1,11845
Hyundai,2023,49732,2.3,22329
Hyundai,2015,134808,2.2,7728
Chevrolet,2012,95182,1.6,7208
Honda,2017,92904,3.5,18760
Honda,2014,96374,2.4,10928
Volkswagen,2012,138227,3.2,13274
Honda,2021,132277,2.1,27642
Mazda,2019,127606,3.0,28793
Honda,2016,132927,1.5,37826
Chevrolet,2023,140423,1.7,11242
Hyundai,2017,45236,2.3,36161
Nissan,2013,18241,2.1,24530
Nissan,2022,93987,2.3,16504
Mazda,2022,96659,3.8,44426
BMW,2020,52665,1.6,44286
Chevrolet,2018,66242,2.6,35785
Toyota,2015,9455,1.9,38782
Ford,2023,45459,2.3,30379
Volkswagen,2010,65899,3.2,41502
Toyota,2014,22597,3.9,42770
Chevrolet,2014,60591,3.2,12330
Honda,2016,51209,3.7,27774
Hyundai,2016,14052,1.8,42625
Toyota,2015,40691,1.9,41124
Ford,2017,22816,3.7,21700
BMW,2011,70876,3.0,17294
Nissan,2023,61533,3.5,38487
BMW,2022,113873,2.0,22274
Ford,2022,19206,2.3,5829
Hyundai,2016,137270,1.6,7868
Honda,2019,83566,3.7,43794
Ford,2016,127874,3.9,8936
Volkswagen,2013,112787,3.6,25551
Ford,2021,9934,2.5,16747
Chevrolet,2019,126298,2.3,16770
Honda,2011,30877,2.6,26361
Hyundai,2013,24471,3.1,29792
Nissan,2013,10853,2.5,8618
Nissan,2021,41018,2.5,15124
Ford,2021,63501,2.5,37197
Chevrolet,2015,5257,3.3,27498
Toyota,2023,120169,3.4,37877
BMW,2016,140802,3.7,7545
BMW,2012,16305,2.0,42443
BMW,2019,125761,1.8,26228
Toyota,2010,93979,2.3,7431
Chevrolet,2012,15818,2.5,43671
BMW,2018,11202,3.2,33938
Volkswagen,2010,43946,3.4,34271
Toyota,2022,22031,4.0,33365
Toyota,2017,149370,2.4,6086
Hyundai,2011,131705,2.4,31567
Hyundai,2015,117212,2.8,5477
Honda,2012,106890,3.5,19789
Volkswagen,2016,98496,3.1,12862
Volkswagen,2011,142152,2.9,36653
Honda,2013,120446,3.1,33599
Volkswagen,2019,36942,2.6,26972
Mazda,2018,22016,3.4,14070
Kia,2015,29232,1.6,18151
BMW,2013,65928,2.7,28179
Hyundai,2011,136401,3.5,17234
Honda,2019,65363,2.2,27561
Honda,2023,141518,3.6,23603
Volkswagen,2018,82781,3.4,39645
Toyota,2013,113670,2.9,20045
Nissan,2018,120672,2.1,26509
Ford,2023,130158,3.6,43667
Ford,2011,51094,1.5,36238
Honda,2016,19822,2.9,42704
BMW,2020,21825,3.4,14734
Mazda,2020,140092,2.7,42934
BMW,2014,29849,1.7,13981
Honda,2017,30602,3.6,37922
BMW,2020,99460,3.8,31875
Hyundai,2023,40701,2.9,35434
BMW,2017,128327,3.4,14765
Volkswagen,2023,24752,3.0,28639
Volkswagen,2023,144138,2.9,11499
Mazda,2013,82045,1.7,14932
Hyundai,2022,144333,2.5,9708
Nissan,2013,97689,3.2,33721
Toyota,2017,140657,2.6,17746
Hyundai,2012,58750,3.0,7079
Chevrolet,2016,32632,3.7,7308
Kia,2017,43585,2.4,32257
Honda,2017,5116,3.6,30383
Chevrolet,2020,20616,1.5,35373
Mazda,2019,88733,3.6,40783
Chevrolet,2013,118246,1.7,7522
Volkswagen,2018,34590,2.2,5765
BMW,2019,120591,2.7,10309
Toyota,2013,13685,3.1,13774
Ford,2017,74394,3.9,21817
Honda,2015,101752,2.2,28022
Ford,2014,24067,1.6,20944
BMW,2013,107034,2.6,12930
Volkswagen,2014,116186,2.3,29940
Volkswagen,2022,43211,3.0,28909
BMW,2020,101516,3.8,11964
Honda,2010,45727,3.1,23641
Ford,2016,19464,2.9,11762
Hyundai,2017,115875,2.0,30497
Volkswagen,2021,84035,2.1,11374
Ford,2018,69086,2.5,41302
Nissan,2022,142869,3.7,31935
Ford,2012,9858,2.9,23261
Nissan,2018,65796,2.7,19890
Nissan,2019,70509,2.8,11952
Volkswagen,2014,53393,3.6,41440
Honda,2019,143306,3.2,27278
Mazda,2015,33547,3.8,31407
Volkswagen,2010,58804,2.9,39667
Honda,2018,60941,1.9,36639
Honda,2018,28567,1.4,33242
Chevrolet,2015,7325,2.2,33973
BMW,2017,76386,1.6,17310
BMW,2013,60516,2.5,20955
BMW,2014,133192,1.9,10119
Kia,2014,26149,2.5,25874
Volkswagen,2016,7879,2.4,20274
Honda,2016,105492,2.1,18706
Chevrolet,2016,89701,3.1,14002
Nissan,2014,87195,2.5,17318
Mazda,2013,19908,3.7,18028
Mazda,2017,22650,1.6,10375
Nissan,2010,131853,2.5,27425
Ford,2010,77112,3.4,23889
Ford,2015,41872,2.7,32616
BMW,2011,118508,3.9,18638
Volkswagen,2021,101003,1.9,31083
Kia,2012,86951,2.2,36916
Chevrolet,2013,120539,1.7,23617
Mazda,2023,98311,2.0,31899
BMW,2011,60020,3.1,15062
Toyota,2019,82272,2.7,39658
BMW,2016,97460,1.8,38981
Toyota,2019,49819,2.6,11588
Hyundai,2010,60347,3.6,15196
Honda,2012,126019,2.5,15037
Nissan,2011,127099,1.4,24234
Honda,2022,66216,1.5,6639
BMW,2018,70228,2.5,16904
Honda,2017,148703,2.9,37776
Chevrolet,2012,65513,3.7,24560
Hyundai,2014,102347,4.0,41372
Kia,2012,61141,3.9,17309
Hyundai,2023,74659,2.9,36083
Mazda,2020,16292,1.5,32172
Chevrolet,2022,66265,2.0,31878
Honda,2021,50689,2.5,32619
Kia,2020,5071,3.7,14647
Honda,2021,37234,1.5,26220
Volkswagen,2020,141588,2.7,44527
Volkswagen,2015,50037,3.1,40121
Ford,2014,13234,2.1,13572
Hyundai,2020,140432,2.2,17054
Kia,2011,105135,2.4,26883
Volkswagen,2023,86965,2.1,13709
Ford,2019,95094,2.5,17067
Chevrolet,2017,98753,1.8,11805
Kia,2015,45160,1.9,12101
Ford,2023,88595,1.5,42770
Nissan,2012,110572,2.5,15721
Kia,2022,16544,3.2,36353
BMW,2022,11381,2.7,36700
Ford,2010,142906,2.8,21460
Honda,2014,65514,2.6,24116
BMW,2021,34398,2.9,13108
Nissan,2020,104316,2.0,16479
Volkswagen,2011,91509,1.9,35336
Toyota,2022,12530,3.8,42092
Ford,2011,80733,2.6,16651
Chevrolet,2018,89095,3.6,9429
Ford,2020,50598,3.8,43602
Toyota,2022,103132,3.0,23518
Nissan,2019,64130,2.2,13685
Nissan,2016,56524,3.2,35155
BMW,2015,43996,2.5,31734
Kia,2022,62202,3.9,6577
Chevrolet,2010,29116,3.5,8839
BMW,2023,112960,3.5,36474
Chevrolet,2019,81769,2.9,17541
Chevrolet,2011,92064,1.4,13265
Toyota,2020,14250,3.6,38670
BMW,2016,30547,1.5,18953
Chevrolet,2012,64734,1.7,17149
Mazda,2011,141527,3.6,38547
Toyota,2015,30474,2.0,10943
Nissan,2017,47773,3.6,10963
Toyota,2017,137574,2.0,18548
Honda,2020,12042,3.4,17047
Honda,2011,35501,2.8,31281
Chevrolet,2015,95454,3.1,33165
BMW,2021,29242,3.6,41302
Nissan,2014,114847,4.0,20792
Toyota,2016,61235,1.6,39954
BMW,2013,35766,3.2,41850
Toyota,2021,141082,3.9,20241
Toyota,2022,127023,2.4,39390
Mazda,2011,116873,2.3,26009
Honda,2019,114293,3.2,33232
Toyota,2012,60270,2.4,39949
Mazda,2018,99516,2.0,41481
Honda,2019,18960,1.8,23896
Mazda,2017,104456,1.9,41761
BMW,2022,18472,3.2,20108
Kia,2018,125578,3.8,5603
Honda,2014,131239,3.5,5349
Volkswagen,2022,63316,2.6,40645
Kia,2014,119068,2.8,9654
BMW,2016,123416,3.0,41306
Toyota,2016,16603,2.9,29325
Nissan,2010,122754,3.9,14923
BMW,2021,99425,3.7,8442
Mazda,2023,5163,1.5,37509
Mazda,2014,105018,3.6,28717
Mazda,2017,73998,1.7,26175
Mazda,2016,15287,3.2,10517
BMW,2020,11227,2.1,31447
Nissan,2011,89580,3.4,16957
Ford,2023,55842,1.4,10220
Mazda,2017,38001,2.4,35367
Ford,2011,52951,1.5,25638
Nissan,2019,76875,3.9,14412
Nissan,2010,116497,1.4,44939
Kia,2020,55197,1.8,31839
Honda,2020,9481,2.8,40845
Volkswagen,2023,42227,3.1,12615
Chevrolet,2020,22791,3.3,34558
Volkswagen,2012,136279,2.0,29555
BMW,2012,94070,2.2,9938
Chevrolet,2015,146016,2.0,11746
Nissan,2021,103205,2.0,18576
Volkswagen,2012,79223,3.4,18110
Hyundai,2016,31782,3.9,13795
Honda,2017,88669,2.9,29290
Volkswagen,2012,9489,1.8,41114
Honda,2018,145180,1.6,7299
Ford,2010,69430,2.0,30158
BMW,2012,77118,1.9,40650
Honda,2021,86274,2.9,28335
Ford,2012,144102,3.2,15333
Mazda,2016,66603,1.4,37798
Ford,2020,26118,2.5,33143
BMW,2020,16593,3.0,17597
Kia,2014,72730,1.9,13520
Mazda,2013,113653,3.7,30697
Nissan,2011,49592,2.8,8541
Toyota,2016,51652,2.3,38178
Ford,2012,140610,1.4,13243
Ford,2016,140914,2.7,40382
Honda,2019,118393,2.3,38818
Nissan,2021,96978,3.9,32488
Volkswagen,2016,46464,2.4,35060
Hyundai,2020,87639,3.8,7474
Chevrolet,2011,10773,3.2,9649
Ford,2016,118680,1.6,32397
Volkswagen,2015,40646,3.8,23735
Hyundai,2019,20586,1.8,12609
Chevrolet,2013,100651,2.6,24994
Toyota,2020,49180,3.8,32807
Honda,2014,120091,3.6,29229
Volkswagen,2021,131633,2.7,9437
Honda,2017,81918,1.9,14715
Chevrolet,2014,63039,2.7,27476
Kia,2012,128787,2.8,22690
Ford,2011,49807,4.0,17011
Mazda,2015,32740,3.5,38063
Hyundai,2015,11772,3.6,13285
Nissan,2016,44358,4.0,43050
BMW,2017,21504,2.8,44541
Ford,2013,142532,2.9,10504
Mazda,2021,142353,2.6,32881
BMW,2017,122553,1.7,15394
Volkswagen,2021,41499,2.8,5277
BMW,2010,51733,2.9,23936
Toyota,2015,49536,2.0,37636
Ford,2015,142707,3.4,37687
Honda,2012,24189,1.7,21534
Kia,2018,147570,2.7,35536
Nissan,2021,65777,3.1,35618
Honda,2021,108665,1.5,33166
Mazda,2014,64200,3.5,10527
Ford,2010,15427,2.2,35847
Kia,2016,54555,3.3,25502
BMW,2019,101057,1.7,11631
Ford,2023,11570,3.0,13796
BMW,2012,29988,2.8,24205
Volkswagen,2019,63881,1.8,37218
Toyota,2019,13408,3.0,31216
Chevrolet,2020,86210,3.2,23888
Ford,2013,128904,2.7,34629
Mazda,2015,134443,2.9,35583
BMW,2017,143492,3.7,9709
Honda,2022,47147,3.2,44136
Volkswagen,2013,18806,3.8,31124
Mazda,2021,9257,2.8,36332
Nissan,2018,23696,1.9,5922
Chevrolet,2017,39763,2.0,38359
Volkswagen,2019,117467,1.9,8512
Toyota,2019,75531,2.3,35541
Chevrolet,2015,38923,2.6,17013
BMW,2016,93867,2.1,23837
Mazda,2017,12202,2.6,10998
Nissan,2011,115138,2.3,37309
Hyundai,2014,108121,2.8,25196
Toyota,2022,109133,2.5,14344
Kia,2016,108519,2.5,37765
BMW,2017,18341,2.7,27996
Hyundai,2014,126625,4.0,25593
Ford,2012,70410,2.8,9670
Nissan,2015,25640,3.3,37541
Honda,2014,145910,2.5,23010
Kia,2017,29275,2.2,30761
Mazda,2018,142411,3.8,39844
Nissan,2018,64999,3.3,29131
Chevrolet,2021,105689,2.9,35688
Volkswagen,2021,149521,2.3,34131
Chevrolet,2015,81565,2.1,27816
Chevrolet,2013,27659,2.1,40181
Ford,2013,148140,2.7,22879
Toyota,2018,124602,3.7,5118
Honda,2013,30847,3.7,36184
Kia,2017,19802,3.3,5049
Toyota,2018,9944,2.8,42717
Nissan,2014,5360,2.0,36536
Chevrolet,2022,68475,2.6,5474
Ford,2015,88894,3.2,18142
Nissan,2012,130807,2.9,12307
Volkswagen,2021,139536,2.7,35426
Honda,2014,35607,2.5,5112
Kia,2014,141116,3.4,44048
Volkswagen,2023,146988,3.6,40438
Ford,2011,90825,3.3,22308
Honda,2019,74311,3.8,34860
Nissan,2015,50347,3.4,22920
Chevrolet,2018,136889,2.6,14792
Chevrolet,2020,138218,3.0,37087
BMW,2016,95292,2.7,5482
Chevrolet,2023,37146,2.8,10169
Hyundai,2017,124157,3.7,38033
Chevrolet,2011,29234,2.2,10847
Hyundai,2020,141030,1.4,17685
Mazda,2022,60417,3.2,36466
Hyundai,2023,62036,1.9,8378
Honda,2018,113788,1.8,17651
Volkswagen,2012,64006,4.0,41767
Honda,2019,127346,2.1,31810
Volkswagen,2014,63214,1.9,34000
BMW,2023,32450,1.9,20353
Mazda,2016,81227,2.5,10926
Volkswagen,2013,68211,2.5,27958
Volkswagen,2016,24596,3.0,42408
Ford,2017,64000,1.7,9831
Toyota,2022,135568,3.1,19868
Toyota,2019,38857,2.6,30514
Ford,2023,136380,1.9,28004
Chevrolet,2019,75029,3.4,43075
Ford,2013,17756,2.6,14597
Volkswagen,2014,134415,3.3,40271
Volkswagen,2020,148456,3.8,5730
Ford,2012,91210,2.3,16319
Ford,2014,126789,3.7,10613
Chevrolet,2017,39125,1.9,15024
Honda,2012,5082,2.0,15602
Mazda,2023,78978,3.1,24754
Nissan,2022,108715,1.7,14779
Volkswagen,2014,56539,2.6,42167
Mazda,2019,88328,2.0,44558
Ford,2010,63825,2.9,17843
Chevrolet,2011,86036,3.5,36119
Hyundai,2012,65555,1.5,30994
Chevrolet,2010,132075,2.5,7915
Kia,2022,10294,3.3,42467
Kia,2020,49852,2.3,22388
Mazda,2021,70858,1.5,8699
Toyota,2020,20836,2.9,34090
Kia,2018,135093,1.7,16323
Kia,2018,90620,2.4,38274
Honda,2014,73920,4.0,19992
Hyundai,2023,145525,2.4,26994
Honda,2013,113537,3.6,27659
Hyundai,2014,8664,3.6,18487
BMW,2013,149943,2.1,20814
Nissan,2021,78101,2.9,5337
Volkswagen,2014,75195,3.9,33148
Kia,2016,119836,3.0,28403
Volkswagen,2020,141802,3.5,29637
Kia,2017,94083,2.6,36870
Honda,2011,60414,3.3,33694
Nissan,2013,125241,1.5,42161
Honda,2017,81003,3.4,38957
Honda,2016,96936,3.1,36570
Hyundai,2018,100385,2.3,24441
Toyota,2014,87078,2.5,25537
Chevrolet,2015,34234,2.2,23874
Mazda,2020,5547,2.8,39302
Volkswagen,2017,56417,1.7,41372
BMW,2021,145018,3.6,24329
Kia,2023,57943,2.6,26234
Honda,2020,16020,1.5,19672
Toyota,2014,140389,2.8,29394
Honda,2023,136595,3.8,17556
Nissan,2018,96622,1.6,36720
Hyundai,2013,60076,1.7,25699
BMW,2017,85195,2.4,24472
Chevrolet,2021,144881,3.3,41652
Nissan,2023,86834,3.0,24764
Ford,2012,55012,2.6,35807
BMW,2014,125872,4.0,40820
Honda,2017,53951,1.9,23913
Nissan,2019,94412,3.5,19320
Chevrolet,2021,84114,1.7,32277
Toyota,2016,94821,1.9,35917
Toyota,2010,66832,2.2,16447
Volkswagen,2021,32476,3.7,7899
Chevrolet,2013,56973,2.6,32030
Toyota,2011,58017,2.4,10803
Nissan,2011,20503,2.7,38183
Volkswagen,2022,147578,3.0,43613
Toyota,2016,45994,2.5,34809
BMW,2021,63723,3.9,24798
Hyundai,2021,124050,1.8,20865
Ford,2012,82707,2.6,21036
Chevrolet,2012,18920,2.5,19335
Nissan,2015,101341,3.2,38386
Kia,2015,119996,3.9,21980
Honda,2010,115856,2.1,24712
Nissan,2010,100814,3.9,19700
Toyota,2020,108612,3.6,30765
Nissan,2015,72450,3.5,8937
Kia,2016,7925,1.6,31305
Honda,2018,129248,3.8,42779
Volkswagen,2013,73826,3.6,12209
Toyota,2023,48101,3.2,27072
Mazda,2019,66473,1.7,22643
Toyota,2015,68903,2.5,22266
Ford,2021,108913,3.6,14036
Mazda,2012,73107,2.5,20879
Ford,2022,134017,2.5,31682
Kia,2022,125938,2.1,15991
Chevrolet,2020,38984,1.5,14610
Honda,2013,8539,2.7,28795
Hyundai,2018,89986,3.4,9379
Volkswagen,2023,102558,1.8,21464
Hyundai,2023,16391,3.7,40399
BMW,2010,87260,2.8,11656
BMW,2014,114240,3.5,13627
Kia,2020,49906,3.1,5770
Chevrolet,2016,82666,1.8,6292
BMW,2012,144322,3.8,39656
Toyota,2011,133991,3.3,40094
Nissan,2022,59785,1.5,22110
Ford,2020,142775,2.9,28841
BMW,2011,116109,2.6,23073
Kia,2010,56754,3.6,41612
Ford,2014,100376,1.7,28120
Toyota,2022,74966,2.9,29216
Chevrolet,2012,42621,2.2,9566
Honda,2020,119595,2.0,34110
Hyundai,2021,39936,1.5,31139
Toyota,2016,99071,2.3,8847
Volkswagen,2010,106052,2.4,31346
Mazda,2018,55460,2.6,24323
Kia,2023,118089,3.3,16570
Hyundai,2011,99191,2.4,36493
Volkswagen,2017,97142,1.9,15508
Honda,2019,114748,2.4,24952
Volkswagen,2013,20941,1.6,7552
Chevrolet,2015,60590,3.9,25726
Mazda,2018,44876,1.6,7902
Ford,2016,134913,1.9,39851
Hyundai,2017,99631,2.5,33537
Mazda,2016,120770,3.8,17394
Nissan,2011,103314,1.9,10056
Toyota,2018,101602,2.4,37298
Nissan,2010,88926,4.0,40980
Toyota,2023,134875,3.0,32503
Chevrolet,2011,67468,3.0,44622
Mazda,2012,68180,3.9,41452
Honda,2012,131371,2.7,15280
BMW,2023,23673,1.4,35122
Volkswagen,2019,139415,1.5,5702
BMW,2013,23950,3.2,24793
Mazda,2014,85600,1.9,15981
Nissan,2015,26547,2.6,9755
BMW,2010,102305,2.8,43891
Kia,2023,58027,3.1,7333
BMW,2022,105532,1.6,26887
Toyota,2017,146462,3.4,21967
Kia,2015,147951,3.8,8608
Hyundai,2019,125605,2.1,19591
BMW,2018,37574,2.4,13285
Kia,2014,88663,3.3,39252
Mazda,2016,79657,2.0,9126
Volkswagen,2020,127544,2.8,13799
Hyundai,2013,104752,3.1,34244
Honda,2015,31631,3.7,38692
Honda,2015,133902,2.3,15223
Chevrolet,2022,91820,2.7,43817
BMW,2013,35646,1.9,12698
Volkswagen,2015,92633,2.2,11105
Ford,2017,147356,1.6,20309
Kia,2020,149929,1.9,14450
Hyundai,2014,134278,2.3,25819
Mazda,2011,90424,2.5,26016
BMW,2018,23951,3.2,29808
Mazda,2020,26009,2.6,42942
Ford,2013,19835,1.5,10559
Chevrolet,2013,47290,3.4,36644
Ford,2020,111174,2.8,34937
Toyota,2016,103727,3.8,6320
Nissan,2019,33039,3.1,37897
Hyundai,2023,65059,2.8,27021
Nissan,2019,130873,2.2,13419
Ford,2015,100278,2.0,9282
Chevrolet,2023,117951,2.0,10312
Chevrolet,2013,62247,2.5,12454
Honda,2015,119826,1.8,22772
BMW,2012,44833,3.6,16364
Honda,2016,82453,3.5,12213
Hyundai,2015,23254,3.3,39349
Hyundai,2012,88981,1.5,33946
Hyundai,2010,37611,1.6,26760
Mazda,2021,114314,3.1,25497
Honda,2019,51827,3.3,35598
Mazda,2014,18830,1.5,17703
Nissan,2019,111485,2.2,31850
BMW,2011,117749,1.8,31938
Ford,2016,10696,2.0,22376
Kia,2022,71278,2.7,38547
Honda,2016,148497,1.7,31796
Kia,2013,62420,2.0,35359
Chevrolet,2015,104320,2.9,34109
Honda,2010,129434,2.7,41119
Nissan,2011,128912,3.6,37688
Honda,2015,111578,1.8,18017
Mazda,2011,52150,2.4,11420
BMW,2021,108513,3.8,6733
Ford,2021,23306,3.5,19485
Volkswagen,2020,100896,3.0,39924
Ford,2013,97672,3.4,8814
Ford,2013,9753,2.6,31404
Chevrolet,2019,82704,3.8,16550
Nissan,2018,79374,3.0,16552
Kia,2019,93144,3.2,18722
Nissan,2016,93617,3.1,40065
Volkswagen,2023,15875,3.1,19413
Chevrolet,2016,95853,3.1,7814
BMW,2021,53996,1.6,42748
Ford,2020,102101,3.0,34689
Mazda,2010,141638,3.4,24564
Chevrolet,2020,115698,1.4,6904
Hyundai,2014,84139,3.7,22639
Honda,2012,43690,3.9,35553
Nissan,2012,108340,1.7,40370
Chevrolet,2015,7646,2.8,13240
Hyundai,2013,127372,1.7,5179
Kia,2017,46592,2.1,17614
Volkswagen,2023,34339,3.0,12990
Volkswagen,2013,108849,2.2,18561
Ford,2017,103718,2.4,43869
Ford,2023,114702,3.3,9026
Chevrolet,2021,95883,2.9,18983
Chevrolet,2021,44967,2.7,42045
BMW,2013,70463,2.2,24027
Honda,2012,51851,3.2,32306
Toyota,2014,30062,2.5,13872
Kia,2021,64123,3.7,42767
Ford,2022,94229,3.0,40762
Toyota,2014,144293,2.8,9231
Toyota,2019,20234,3.5,27140
Honda,2019,144393,2.7,12688
Mazda,2010,12945,2.1,26933
Mazda,2017,10189,1.8,38081
Ford,2017,107518,2.9,24677
Hyundai,2017,138446,2.5,29925
Honda,2023,147405,2.4,20591
Honda,2019,132066,2.3,43852
Nissan,2013,115711,3.1,18161
Toyota,2022,14173,2.7,29447
Nissan,2023,140374,2.8,25964
Toyota,2018,115997,2.2,29905
Mazda,2019,60842,3.0,44551
Ford,2012,136183,2.4,23336
Kia,2016,126841,3.4,21828
Mazda,2015,86102,2.8,14303
Honda,2018,108013,2.2,8342
Kia,2021,144969,1.8,14756
Chevrolet,2023,43640,3.2,43042
Kia,2022,19482,2.4,12955
Kia,2013,95052,1.6,23445
Mazda,2013,125963,3.8,21932
Honda,2015,61145,2.4,37752
Kia,2017,122288,3.3,10603
Mazda,2012,86718,2.6,21228
Mazda,2020,9857,3.7,14431
Kia,2017,16166,1.5,14264
Toyota,2023,127494,2.1,27250
Honda,2017,12498,2.8,33579
Volkswagen,2023,111371,2.2,39780
Kia,2023,49180,3.3,37678
Nissan,2016,46128,3.2,38284
Nissan,2016,93620,1.5,26485
Chevrolet,2014,104411,3.0,11886
Honda,2011,64911,3.6,16244
Mazda,2021,62450,2.2,11446
BMW,2023,50940,1.8,38767
Ford,2011,61584,3.3,24448
Hyundai,2022,146342,3.7,41823
BMW,2021,9342,3.1,13429
Honda,2019,48933,3.6,23659
Honda,2021,72089,4.0,36692
Kia,2017,101279,2.7,34101
Kia,2020,120185,3.8,22987
BMW,2015,59101,2.3,13789
Mazda,2017,137493,3.3,10994
Chevrolet,2012,125668,3.7,32114
Kia,2010,58525,2.8,21203
Hyundai,2022,30117,3.0,33055
Hyundai,2015,61462,3.9,10934
Chevrolet,2011,119073,2.1,7084
Toyota,2021,125331,2.3,33871
Toyota,2018,79954,3.4,39259
Honda,2014,62593,2.3,23474
Kia,2014,148462,2.7,39072
Nissan,2022,27562,1.5,40569
BMW,2019,99081,2.9,21214
Volkswagen,2017,90044,3.0,7705
Chevrolet,2015,124568,1.6,35642
Honda,2012,41881,2.0,42165
Nissan,2018,14319,2.5,13047
Kia,2019,8911,3.4,22661
Nissan,2013,44927,1.5,38621
Nissan,2019,116464,2.3,33908
Chevrolet,2013,84261,1.4,28973
Honda,2021,104411,2.8,11838
Mazda,2022,43195,2.7,37880
Hyundai,2011,59422,3.4,42553
BMW,2012,116140,1.4,37553
Honda,2013,52561,3.4,19644
Volkswagen,2016,109800,3.7,17239
Nissan,2022,137759,2.2,14236
Mazda,2012,25855,2.3,26804
Chevrolet,2017,33879,1.4,44903
Ford,2017,21091,2.5,35267
BMW,2019,148819,3.0,16794
BMW,2020,25601,1.7,27999
Hyundai,2011,99458,3.1,7850
Ford,2013,125646,2.4,39641
Kia,2017,108722,3.1,11904
Ford,2010,11190,2.1,10717
Nissan,2010,118962,3.4,13806
Nissan,2023,132871,2.8,40037
Nissan,2023,82471,2.8,34963
Nissan,2013,49550,2.7,26168
Honda,2020,141991,3.6,27219
BMW,2011,41183,2.8,41317
Ford,2010,92872,1.8,8074
BMW,2017,6716,3.0,23535
Volkswagen,2011,136361,2.7,41506
Ford,2013,9697,1.6,38499
Honda,2012,131148,2.9,35161
Volkswagen,2011,97855,1.6,9084
BMW,2017,68041,3.3,34336
Volkswagen,2012,71145,3.1,29062
Hyundai,2018,138425,2.7,29462
Volkswagen,2019,21919,3.3,40567
Ford,2014,25141,2.1,41622
Nissan,2018,135946,2.6,7205
Nissan,2012,79484,1.4,32322
Kia,2021,119289,4.0,23348
BMW,2014,77693,1.5,38972
Hyundai,2023,139921,1.7,16463
Ford,2019,111849,2.7,44356
Ford,2015,128185,2.4,17554
Chevrolet,2018,16900,2.8,25557
Toyota,2017,138286,3.6,21050
BMW,2011,148412,1.8,43089
Ford,2011,11553,3.1,9323
Mazda,2022,78874,1.4,33070
Ford,2014,123236,3.5,18335
Chevrolet,2014,132605,3.5,29197
Volkswagen,2014,129833,2.4,20763
Honda,2013,49143,1.9,16274
Honda,2017,93719,3.5,44714
Mazda,2020,34287,3.8,38856
Mazda,2014,112006,1.6,43745
Kia,2010,99233,2.9,38857
Honda,2019,35657,3.8,44341
Volkswagen,2023,19746,3.1,32268
Honda,2014,95067,3.5,22062
Toyota,2010,143817,2.0,29654
BMW,2013,137495,1.7,36700
Honda,2010,52305,2.4,14650
Nissan,2015,148131,2.4,7452
Kia,2015,29721,3.4,36219
Chevrolet,2010,102895,2.5,20779
Mazda,2021,33277,2.0,25237
Toyota,2017,71875,3.7,40232
Mazda,2023,121934,3.4,28062
Kia,2013,81676,3.1,28763
Ford,2011,13201,1.9,41654
Toyota,2022,29568,1.9,29293
Hyundai,2023,7816,2.7,32433
Toyota,2010,38094,2.8,42187
Kia,2020,87802,2.1,11859
Chevrolet,2012,23055,1.7,31136
Toyota,2016,108306,2.3,43515
Kia,2019,10235,2.5,34039
Volkswagen,2020,104227,1.5,21568
BMW,2019,134947,2.9,31803
Honda,2017,102188,1.4,35598
Volkswagen,2014,59259,1.8,26382
Kia,2016,125408,1.8,43822
Nissan,2011,79881,3.2,43994
Ford,2021,7070,2.7,18163
Honda,2021,94266,3.6,37711
Nissan,2013,107904,2.1,38443
Chevrolet,2015,38688,1.9,21326
Mazda,2021,123170,3.5,17150
Hyundai,2021,27856,2.6,22026
Honda,2021,148771,2.1,12239
Volkswagen,2021,106105,2.5,23764
Ford,2023,88695,2.5,32609
Nissan,2021,8703,2.9,36343
Kia,2021,102193,1.5,37321
Honda,2014,117501,2.0,24074
Mazda,2015,111015,2.6,22982
Kia,2021,86547,2.8,11076
Nissan,2011,123429,1.8,6978
Ford,2016,91372,1.9,36888
Toyota,2017,121947,3.3,5778
Mazda,2022,88082,3.4,12428
Kia,2023,106743,1.6,7882
Mazda,2020,145623,4.0,33438
Chevrolet,2018,111234,2.5,26891
Kia,2015,23609,2.9,22134
Honda,2016,97672,2.9,21924
Toyota,2022,74208,2.3,38758
Toyota,2021,138232,2.8,24106
Hyundai,2022,134567,2.9,16604
Mazda,2010,137869,3.4,38878
Volkswagen,2018,99248,3.1,27831
Toyota,2015,147243,2.6,25446
Toyota,2021,96302,1.9,26440
Chevrolet,2013,78429,1.5,28156
BMW,2019,25792,3.1,10322
Chevrolet,2018,138002,2.6,6280
Chevrolet,2021,67594,3.9,18958
BMW,2010,5047,1.7,24688
Mazda,2011,5133,1.6,17661
Kia,2012,16238,1.9,39387
Ford,2010,40132,2.4,35405
Volkswagen,2011,106813,1.9,31480
Toyota,2011,116663,2.6,21243
Hyundai,2016,61305,2.3,20457
Volkswagen,2019,58246,4.0,21994
Kia,2022,56689,3.9,35803
BMW,2015,40239,2.3,42029
Volkswagen,2021,72970,3.5,11301
Toyota,2018,86559,2.0,42362
Volkswagen,2023,132019,1.6,39782
Ford,2014,96922,1.5,8687
BMW,2018,92601,1.5,40098
Volkswagen,2023,125632,3.3,40427
Toyota,2022,49014,2.3,31389
Toyota,2021,20665,3.5,22453
Volkswagen,2019,45542,3.7,19720
Mazda,2023,91769,2.2,33259
Hyundai,2023,28481,2.2,19302
Nissan,2018,75558,2.2,9408
Chevrolet,2011,51954,2.6,33997
BMW,2021,125156,1.4,6731
Nissan,2018,111243,1.4,25995
Kia,2012,14145,3.3,22158
Kia,2020,65835,3.5,22370
Toyota,2012,130622,1.9,23744
Kia,2021,70506,2.9,40717
Mazda,2020,48064,2.0,28862
Hyundai,2023,27954,3.3,28871
Kia,2018,101872,2.5,25899
Ford,2016,114120,3.5,24828
Hyundai,2023,97221,3.9,38801
Mazda,2020,11574,2.8,5449
Nissan,2017,37381,3.7,30239
Hyundai,2016,10331,1.5,44266
Hyundai,2018,35412,2.6,32553
Nissan,2017,88857,2.7,19976
Mazda,2023,116132,2.5,41356
Kia,2013,22458,2.2,23438
Toyota,2011,19058,3.3,18553
BMW,2023,40165,2.8,8172
Nissan,2022,63425,1.6,34171
Nissan,2020,5418,3.9,13421
Nissan,2014,87559,3.7,23176
Nissan,2011,56236,2.3,19623
BMW,2013,42357,2.0,29849
BMW,2023,87278,3.0,11723
Kia,2021,88723,1.5,33208
Volkswagen,2011,118290,2.7,12948
Volkswagen,2014,54690,3.1,18388
Honda,2015,74975,2.5,39365
Nissan,2020,61040,3.9,10187
Nissan,2010,145977,3.3,41429
Hyundai,2021,97179,3.8,35814
Volkswagen,2017,31926,3.8,40505
Kia,2011,49228,1.7,11962
Toyota,2023,36046,3.1,11145
Honda,2014,140743,3.0,33584
Honda,2020,119419,1.5,36403
Kia,2017,55187,2.2,13755
Toyota,2014,111856,2.8,9161
Hyundai,2012,122507,2.8,17263
BMW,2015,29871,3.5,22499
Chevrolet,2010,71962,2.9,38975
Volkswagen,2010,117362,2.6,17054
Nissan,2017,69140,3.4,15438
Kia,2016,34171,2.9,35374
Volkswagen,2019,61745,3.7,9839
Nissan,2019,86772,3.8,38139
Chevrolet,2020,38835,3.0,11229
Chevrolet,2020,71668,2.9,27331
BMW,2012,133738,3.2,23743
Mazda,2017,143684,3.3,16639
Chevrolet,2020,102360,3.3,30472
Volkswagen,2017,14433,3.0,12521
Ford,2023,137018,3.4,7146
Ford,2023,6615,1.8,13116
Nissan,2010,83387,3.5,19752
Nissan,2019,78790,2.2,26892
Mazda,2016,92635,3.7,30002
Ford,2011,38161,1.7,22439
Nissan,2021,80229,1.4,24822
Chevrolet,2011,136460,1.4,34738
Nissan,2011,106801,1.9,17037
Honda,2022,84437,1.7,40419
Mazda,2014,78205,2.8,18520
Kia,2016,105875,2.6,14073
Toyota,2013,65816,3.0,28306
Hyundai,2020,97096,1.9,21040
Toyota,2021,50241,3.4,14291
Toyota,2013,128684,3.0,8084
BMW,2018,120397,2.0,13542
Kia,2023,133167,2.4,44448
Nissan,2019,39198,3.3,41829
BMW,2018,117932,3.2,38571
Toyota,2016,102679,2.9,5660
Honda,2023,25517,3.9,7358
Hyundai,2019,59503,1.7,11179
Toyota,2013,33514,2.7,32802
Ford,2017,138287,3.0,14611
Kia,2019,21486,4.0,14417
Kia,2012,95256,2.8,33636
Kia,2012,79482,2.6,33549
Mazda,2021,17249,3.8,18272
Mazda,2016,44064,2.7,22927
Chevrolet,2022,126253,3.8,28370
Volkswagen,2020,82437,3.4,43524
Hyundai,2021,51783,1.8,43800
BMW,2018,47271,1.8,35117
Nissan,2022,60142,2.2,44150
Toyota,2020,65683,1.6,32852
Volkswagen,2013,98806,2.8,7642
Nissan,2013,109526,3.6,9169
BMW,2010,65791,2.4,38563
Volkswagen,2010,8668,3.1,21868
Nissan,2022,55767,4.0,24608
Honda,2023,46739,1.9,6060
Mazda,2012,127243,2.3,41794
BMW,2021,40166,1.5,39663
Hyundai,2022,147268,2.0,26360
Ford,2016,58028,3.4,38524
Honda,2022,134649,3.1,43588
Mazda,2018,69631,3.4,6662
Kia,2013,105420,2.5,8578
Mazda,2011,48281,3.3,28008
Volkswagen,2015,54711,3.0,40701
Chevrolet,2015,75977,2.3,22211
Honda,2018,96497,2.5,33095
Kia,2013,15146,2.8,14759
Volkswagen,2017,103802,3.9,22622
BMW,2022,60499,3.8,41676
Hyundai,2023,21313,4.0,7374
Mazda,2022,32398,1.4,15481
BMW,2012,129518,3.3,38737
Kia,2011,145396,3.7,5631
Volkswagen,2018,143504,3.3,31197
Chevrolet,2015,25867,2.5,17564
Mazda,2020,35971,3.3,40730
Hyundai,2017,117627,2.6,36283
Chevrolet,2020,55759,3.3,20479
Nissan,2019,127243,3.4,42926
Volkswagen,2018,96827,3.6,25268
BMW,2010,115455,3.3,17114
Mazda,2022,35291,1.8,21070
Mazda,2010,134216,3.8,22886
Kia,2020,70674,2.0,22601
Hyundai,2014,54372,2.3,14859
Ford,2018,56539,2.5,37128
Nissan,2016,7525,3.3,16374
Chevrolet,2016,124742,3.2,35267
Honda,2011,14637,3.9,22713
Honda,2012,53324,1.9,29918
Mazda,2013,61108,2.6,17117
Kia,2011,39377,1.9,36394
Toyota,2019,85069,3.1,19855
Mazda,2018,116875,2.0,31299
Honda,2014,119886,3.7,9358
Honda,2022,65207,4.0,9376
Nissan,2016,27368,2.2,10655
BMW,2020,30736,3.3,12793
Toyota,2018,22753,2.8,27624
Mazda,2014,139643,2.3,18919
Nissan,2015,31798,1.9,39140
Kia,2013,106844,3.3,44488
Nissan,2023,81595,1.8,19983
Mazda,2017,97539,2.1,25652
Volkswagen,2010,145128,3.8,7460
Ford,2010,68279,2.7,27558
Mazda,2014,23564,3.6,21542
Hyundai,2019,147292,3.4,22004
Honda,2018,16290,2.4,13433
Toyota,2011,25018,2.0,24643
Toyota,2020,60138,1.7,41023
BMW,2012,87155,3.9,43559
Ford,2017,86567,2.2,24037
Hyundai,2014,14006,3.2,35012
Honda,2012,20908,3.3,7236
Toyota,2015,76165,1.9,25927
Hyundai,2015,89406,3.2,38033
Nissan,2023,146899,1.4,24784
BMW,2014,74522,2.5,18408
Mazda,2014,45954,2.3,16044
Mazda,2015,72359,3.8,7243
Volkswagen,2011,59980,4.0,6885
Honda,2015,92256,2.1,26129
Hyundai,2011,91008,3.0,33190
Chevrolet,2012,136682,3.3,44380
Toyota,2011,147956,1.9,41357
Kia,2010,131446,3.2,26568
Kia,2021,108249,2.1,41553
Mazda,2010,16018,1.8,8575
Chevrolet,2018,41599,3.6,22800
Kia,2022,123557,2.7,42456
Ford,2013,116694,2.2,18761
Ford,2014,53071,2.5,15575
Honda,2019,17394,2.5,27370
Chevrolet,2023,19417,3.4,29440
Ford,2016,32849,3.7,9827
Ford,2011,40207,2.6,43130
Mazda,2021,129947,2.2,34324
Kia,2020,54021,3.3,14402
Honda,2019,132627,3.8,18030
Hyundai,2018,120159,1.7,25057
Nissan,2021,69079,3.5,7293
Toyota,2013,94979,2.8,13001
Toyota,2019,41533,3.7,10461
BMW,2019,127514,2.7,13155
Nissan,2022,94832,3.6,10142
Nissan,2022,84283,2.8,37398
Toyota,2010,88093,1.8,17197
Toyota,2017,135798,1.4,20927
Hyundai,2013,51963,3.0,6757
Chevrolet,2016,36034,2.9,32200
Chevrolet,2012,19143,1.9,24816
Hyundai,2020,124057,3.6,38615
Kia,2021,98415,3.7,32864
Nissan,2018,74662,3.5,9719
Volkswagen,2022,76721,3.8,30581
Nissan,2014,119938,2.7,32385
BMW,2014,135557,3.2,26960
Toyota,2012,100203,3.8,22764
Nissan,2020,78993,2.6,19257
Toyota,2018,117022,3.0,8824
Nissan,2012,72659,2.7,33585
BMW,2011,22894,4.0,6291
Kia,2020,107156,2.5,31198
Volkswagen,2022,41190,2.2,17266
Ford,2018,13431,3.0,39530
Hyundai,2021,106311,2.1,41947
Hyundai,2021,149985,3.6,44451
Volkswagen,2018,19860,3.7,12626
Nissan,2019,37924,2.3,19736
Ford,2021,109646,2.3,10079
BMW,2022,100231,1.6,32126
Chevrolet,2013,78134,2.1,27878
Nissan,2013,121707,1.6,29238
Kia,2022,59389,3.4,13548
Toyota,2020,113182,1.9,29736
Honda,2019,111227,1.6,36368
Nissan,2022,91090,1.8,31498
Honda,2022,59199,2.4,35988
Nissan,2015,36444,2.5,26915
Volkswagen,2018,23798,3.7,21947
Honda,2017,65147,2.1,8991
Nissan,2019,147513,3.3,21393
Hyundai,2012,67942,3.7,13718
Honda,2015,37860,3.6,36081
Nissan,2022,118605,1.9,13868
Chevrolet,2016,125931,2.1,26306
Toyota,2015,17468,1.5,16319
Chevrolet,2012,63014,2.7,5487
Ford,2023,95343,2.5,13477
Nissan,2023,22986,2.8,30843
Mazda,2023,40719,2.6,28615
Kia,2022,64116,3.3,30410
Chevrolet,2022,80794,3.1,36989
Honda,2018,137382,2.5,6122
Volkswagen,2013,101462,1.5,24965
Kia,2011,68798,2.3,12023
Mazda,2018,87078,2.2,40979
BMW,2012,25162,1.6,7156
Nissan,2015,121274,2.2,41559
Volkswagen,2014,21761,4.0,43111
Nissan,2023,24679,3.5,14568
Ford,2022,79441,3.5,38114
Mazda,2011,148451,3.6,35770
Nissan,2010,52770,3.6,34271
Honda,2018,64567,2.2,26375
Ford,2012,149493,2.2,10228
Hyundai,2016,99183,2.3,21837
BMW,2018,53938,3.5,13281
Mazda,2018,15974,3.5,30895
Toyota,2021,128617,1.4,40271
Volkswagen,2019,7500,3.9,40770
Chevrolet,2015,65490,2.1,6162
Nissan,2017,78649,3.0,43402
Volkswagen,2018,98116,3.1,23307
Volkswagen,2012,117742,1.7,6788
Toyota,2015,101296,3.2,10892
Toyota,2014,127189,2.8,18965
Ford,2016,147877,3.0,43284
Mazda,2016,113025,2.6,8892
Honda,2018,127098,3.5,44133
BMW,2010,12731,3.1,37743
Toyota,2015,112197,1.9,15186
Toyota,2014,100310,3.4,10640
Chevrolet,2013,105788,2.7,32326
Hyundai,2019,110932,1.5,11455
Toyota,2021,16460,2.4,9428
Hyundai,2020,16294,2.4,39124
Ford,2023,15059,3.5,25447
Honda,2010,115621,2.0,33031
Volkswagen,2013,12817,2.6,30086
Toyota,2019,98917,1.5,7560
Nissan,2020,139105,3.7,42951
Hyundai,2016,17971,2.6,28771
Chevrolet,2013,24731,3.6,24015
BMW,2010,136083,3.2,41366
Chevrolet,2019,80244,2.2,41243
Toyota,2010,27537,3.3,41652
Mazda,2010,29836,2.6,16352
Volkswagen,2020,144583,2.3,8663
Honda,2019,148545,3.1,44341
Nissan,2014,15468,3.4,33250
Mazda,2016,105231,3.2,25363
Chevrolet,2018,60965,2.6,29243
Hyundai,2017,93898,2.1,35470
Hyundai,2011,91036,3.5,9311
Mazda,2018,136087,2.3,12556
Hyundai,2013,20986,3.0,27062
Chevrolet,2021,7345,1.7,16104
Mazda,2019,13450,3.3,28717
Chevrolet,2020,71599,3.9,36591
Nissan,2014,21659,2.6,41650
Volkswagen,2021,48751,2.8,6733
BMW,2020,85476,3.7,44047
Nissan,2014,74118,3.5,37597
Nissan,2013,13066,3.9,9785
Hyundai,2022,83772,2.1,30165
Toyota,2015,71015,2.6,25360
Kia,2010,98706,2.6,26644
Hyundai,2011,149792,2.6,32743
Toyota,2013,118713,3.8,27552
Chevrolet,2013,32400,1.9,32068
Kia,2017,89012,3.7,41894
Hyundai,2018,120517,2.9,35454
Kia,2021,31510,2.8,34232
Kia,2013,122388,2.5,38450
Ford,2015,111639,2.8,15540
Volkswagen,2013,124618,3.5,15451
Ford,2013,24188,2.7,10126
Toyota,2021,113382,3.4,29052
Honda,2020,12990,2.5,6225
Mazda,2021,126024,1.9,42509
BMW,2018,145047,2.5,6240
Honda,2023,125704,3.3,30029
Mazda,2013,9273,3.6,27828
Toyota,2022,76997,3.4,15875
Toyota,2015,45326,2.4,30744
Chevrolet,2023,56350,2.9,34014
BMW,2022,98630,2.3,22087
Volkswagen,2018,144804,3.2,12622
Kia,2012,77911,2.5,30207
Ford,2016,18660,3.4,12014
Ford,2016,130189,1.4,43291
Toyota,2010,60020,2.3,36196
Ford,2020,113223,3.7,43049
Toyota,2011,104731,2.2,30092
Kia,2014,90430,2.4,40205
Toyota,2017,134060,3.5,44391
Chevrolet,2015,104941,1.6,40498
Volkswagen,2023,124264,2.2,10920
Nissan,2023,9677,3.4,34906
Hyundai,2022,125213,3.9,15088
Volkswagen,2022,51548,3.4,38937
Volkswagen,2016,12122,1.8,7982
Honda,2012,55794,3.6,38950
BMW,2015,137366,2.6,10460
BMW,2018,117993,3.4,23773
Mazda,2012,53070,2.0,11421
Hyundai,2023,144627,2.3,24542
Kia,2022,7116,3.7,18567
Nissan,2022,146619,3.8,25013
Nissan,2022,148782,2.1,44645
BMW,2015,134242,1.6,21203
Volkswagen,2016,43807,3.8,22388
Chevrolet,2014,110704,2.2,38231
Mazda,2019,36086,1.7,27996
Toyota,2022,101091,2.3,14740
Mazda,2017,40310,2.1,14710
Honda,2017,44488,1.6,6629
Mazda,2015,58172,4.0,16225
Volkswagen,2016,6172,2.2,30741
Kia,2012,129664,2.1,17580
Volkswagen,2022,44806,2.5,26976
BMW,2016,92515,2.5,26773
Kia,2016,58826,2.5,38217
Ford,2013,85221,3.8,24711
Kia,2019,127426,1.6,35388
Mazda,2023,31738,3.8,29152
Mazda,2022,132212,3.1,31796
Mazda,2013,119284,3.2,27308
Ford,2023,64665,1.8,8251
BMW,2012,29688,2.3,28534
Toyota,2019,121003,1.5,24285
Hyundai,2016,57385,3.1,34310
BMW,2014,119738,2.3,20731
Mazda,2012,86301,2.8,28609
BMW,2015,136215,3.4,26126
Honda,2021,57839,2.8,30740
Nissan,2015,76337,1.6,27575
Nissan,2015,92172,1.6,33530
Hyundai,2011,102821,3.7,15907
Hyundai,2022,47980,2.1,42292
Toyota,2020,13116,2.3,25151
Honda,2019,52515,2.0,8547
Volkswagen,2021,18998,3.2,27743
BMW,2016,35279,2.4,26628
Kia,2022,112370,2.6,25990
Kia,2016,70150,3.2,28460
Volkswagen,2019,58955,3.0,10256
Nissan,2021,103517,3.4,26361
Volkswagen,2013,17300,3.3,33546
BMW,2020,126254,2.5,28667
Honda,2015,23202,1.9,10249
Mazda,2013,71021,2.0,27969
Ford,2013,110848,3.2,29853
Mazda,2015,89935,2.1,25989
Ford,2018,115219,2.5,25964
Kia,2021,143001,1.7,42143
Hyundai,2022,50174,1.7,11880
BMW,2016,50967,2.0,5912
Mazda,2011,124904,1.6,19521
Volkswagen,2023,9937,2.1,41172
Honda,2015,103967,2.9,43699
Honda,2023,83610,3.3,8495
Nissan,2014,134960,1.5,40914
Honda,2015,28070,3.0,9324
Honda,2022,147548,2.3,33277
Hyundai,2017,90263,2.0,25942
Volkswagen,2017,109854,1.5,22559
Kia,2012,121813,2.2,12144
Honda,2018,117168,3.5,21818
Kia,2015,27539,2.8,12778
Hyundai,2016,5228,3.4,19589
Honda,2018,59090,2.5,5987
BMW,2023,91980,3.6,44273
Nissan,2022,70202,1.8,27403
Mazda,2016,28199,3.5,15105
BMW,2019,106190,2.6,32901
Chevrolet,2018,17451,3.3,43558
Toyota,2010,84527,2.0,40776
Honda,2022,17669,2.7,21669
Kia,2010,89739,3.3,41807
Toyota,2012,112582,2.7,6575
Ford,2022,21157,2.6,34227
Honda,2018,122993,3.5,18019
Chevrolet,2010,90519,1.8,7691
Hyundai,2010,57739,2.6,34911
Nissan,2014,69156,3.5,6434
Chevrolet,2017,93283,3.6,33969
Kia,2011,36626,1.7,24594
Hyundai,2013,140531,3.6,16125
Mazda,2015,75623,1.4,26626
Hyundai,2010,19898,3.6,24761
Honda,2013,46001,2.1,18970
Toyota,2013,19758,2.9,10152
Toyota,2018,53993,1.4,40708
Kia,2018,39888,3.3,16084
Hyundai,2015,18893,2.5,16898
Chevrolet,2017,91416,3.6,28122
Kia,2021,122838,2.8,20926
Nissan,2019,34943,3.6,24976
Kia,2013,10306,3.0,15429
Kia,2019,70461,3.3,28869
Mazda,2017,121521,3.3,30155
BMW,2012,146781,2.0,20670
Honda,2011,103017,2.9,23758
Mazda,2015,101711,3.7,20795
Toyota,2014,135323,3.7,42217
Toyota,2017,33412,2.4,30590
Ford,2010,70326,2.2,38463
Ford,2020,21151,3.1,34193
Chevrolet,2021,69690,3.4,16207
Toyota,2019,141081,1.5,10164
BMW,2012,90782,1.6,37045
Mazda,2016,54280,3.4,33390
Nissan,2022,66818,2.5,25561
BMW,2019,137417,3.1,19463
Ford,2023,132439,3.5,38611
Hyundai,2021,127057,3.4,36933
BMW,2013,44900,3.5,37323
BMW,2019,91562,2.7,22059
BMW,2014,34289,1.8,10058
BMW,2017,90143,2.6,20064
BMW,2010,69140,3.9,44987
Ford,2010,10097,2.2,25597
Toyota,2021,149545,2.5,19436
Kia,2016,68634,3.4,40439
BMW,2022,112931,1.6,5858
BMW,2021,29831,3.4,15041
Honda,2018,81145,2.1,40282
Toyota,2013,75282,2.1,25203
Kia,2017,67754,2.9,33197
Nissan,2019,57563,2.1,14185
Nissan,2016,21459,3.1,33686
Hyundai,2023,36288,3.8,14359
Volkswagen,2011,128384,2.5,30398
Mazda,2023,80720,3.9,9345
Honda,2014,149021,3.8,5387
Toyota,2018,108415,1.9,27809
Toyota,2022,76655,2.5,15990
Volkswagen,2022,40162,4.0,8366
Hyundai,2018,39184,1.7,35590
Chevrolet,2012,67662,2.6,36103
Ford,2020,78379,2.5,25144
Hyundai,2021,31805,3.5,36331
Kia,2012,13431,1.8,30661
Hyundai,2011,125741,2.0,17860
Volkswagen,2016,134089,1.9,21864
Volkswagen,2015,109618,1.8,33963
Mazda,2014,33836,2.1,16820
Honda,2016,107462,2.8,37561
BMW,2013,9146,3.2,38299
Nissan,2014,35762,2.4,17222
Volkswagen,2018,115402,2.6,11326
Mazda,2020,75976,3.5,10025
Ford,2018,53343,2.8,36067
Nissan,2013,82804,2.9,36007
Chevrolet,2015,125921,2.7,14928
Toyota,2011,143730,3.5,12210
Ford,2012,30191,1.9,20756
Chevrolet,2018,42426,4.0,24457
Nissan,2015,14322,3.7,36676
Ford,2017,27014,2.4,14427
Mazda,2020,75891,2.5,33557
Chevrolet,2014,111316,3.6,36401
Toyota,2011,25835,2.6,25622
BMW,2016,105968,2.7,39908
Mazda,2015,108166,3.3,41985
Kia,2020,95415,2.4,22847
Toyota,2011,135579,2.6,26364
Honda,2015,15086,1.5,23681
Hyundai,2022,71119,1.7,18928
Honda,2017,36860,2.6,24257
Volkswagen,2022,128246,1.5,24685
BMW,2010,54271,2.2,17756
Kia,2013,57436,2.5,31466
Kia,2010,45676,1.7,9560
Hyundai,2011,57406,1.6,31361
Chevrolet,2010,68109,1.4,39923
Hyundai,2015,135386,2.7,30661
Volkswagen,2020,115061,1.8,36482
Honda,2015,140531,3.2,7179
Kia,2010,92485,2.7,22485
Honda,2013,121631,1.4,26351
Toyota,2023,122984,1.6,21223
BMW,2023,59428,3.8,37721
Ford,2023,59877,1.7,43305
Volkswagen,2013,36084,3.4,27303
Ford,2017,136973,2.0,36565
Volkswagen,2015,43733,2.2,38763
Nissan,2011,106560,1.5,14377
BMW,2014,108810,2.8,23215
Toyota,2013,115482,2.6,11690
BMW,2019,123241,3.3,21910
Chevrolet,2013,137765,3.8,19811
Volkswagen,2021,134612,2.8,10157
Ford,2017,41779,3.9,6239
Volkswagen,2014,122940,1.8,15249
Chevrolet,2012,6365,2.3,5099
Volkswagen,2019,144459,3.6,15153
BMW,2021,37918,2.8,13292
Mazda,2013,141252,2.8,12447
Volkswagen,2010,35342,2.6,8075
Nissan,2015,124211,1.4,29491
Nissan,2020,103634,1.6,9246
Kia,2022,57476,1.6,23473
Nissan,2019,128769,1.9,11162
Volkswagen,2013,49649,1.6,40731
Volkswagen,2015,124137,1.7,10531
Mazda,2011,48908,3.1,8607
Nissan,2014,81123,1.7,21346
Honda,2020,39812,2.6,16499
Volkswagen,2018,43413,1.6,21129
Toyota,2017,141082,2.1,9219
Toyota,2012,58142,3.8,40328
Ford,2010,92565,1.5,6418
Mazda,2019,49974,3.7,12858
Chevrolet,2012,86726,3.4,15910
Honda,2017,114166,3.8,44965
Volkswagen,2020,7213,3.4,42783
BMW,2012,145927,3.5,9625
Hyundai,2014,79091,1.7,13377
Hyundai,2011,10544,3.6,34174
Chevrolet,2010,26137,2.6,32408
Kia,2020,76124,2.3,44213
BMW,2019,131361,1.8,19354
Hyundai,2023,44426,1.4,16275
Chevrolet,2014,69588,3.1,31603
Hyundai,2014,140899,3.3,28529
Mazda,2015,98069,2.4,34633
Ford,2011,82184,1.8,40333
Kia,2018,20738,1.8,37729
Mazda,2011,84075,1.8,43278
BMW,2011,15357,1.5,29927
Chevrolet,2021,48779,2.3,44222
Honda,2014,64072,3.0,11624
BMW,2018,112191,2.6,15185
BMW,2013,9617,1.7,34548
Nissan,2015,133326,3.5,24294
Honda,2011,47342,2.1,17572
Toyota,2023,15687,3.0,44110
Nissan,2022,142868,2.0,43689
Chevrolet,2013,64191,2.9,22875
Toyota,2021,44801,1.7,34220
Hyundai,2018,11747,3.1,7142
Hyundai,2011,12936,2.9,25882
BMW,2010,87678,2.8,21278
Nissan,2013,120129,2.0,19406
Volkswagen,2013,148768,2.8,38526
Honda,2010,18097,3.7,28516
Toyota,2013,142300,1.7,5566
Honda,2012,65832,3.2,12116
Nissan,2022,61868,1.7,18094
BMW,2011,19141,2.3,11403
Mazda,2022,116133,3.2,20575
Hyundai,2019,72409,2.9,40713
Toyota,2013,144030,3.2,7445
Toyota,2017,12489,3.9,5689
Chevrolet,2016,144418,3.9,29330
Toyota,2018,130871,3.8,9315
Nissan,2017,48235,2.7,22888
Toyota,2010,44428,2.3,13933
Toyota,2021,134664,2.1,32341
Honda,2011,115665,2.9,12845
BMW,2021,23796,2.6,39056
Ford,2011,60776,4.0,18143
Toyota,2021,121429,2.8,38732
Volkswagen,2017,73696,2.3,30001
BMW,2021,139443,3.1,38595
Kia,2013,64435,1.5,7470
Chevrolet,2018,47020,1.7,19170
Honda,2011,41119,3.1,23887
Chevrolet,2023,103764,1.7,43203
Mazda,2013,72653,3.4,27452
Toyota,2022,133718,1.6,25093
Hyundai,2022,37839,2.9,25585
Volkswagen,2010,76887,3.2,35312
Honda,2012,148536,3.4,33820
Chevrolet,2015,136778,3.7,18999
Toyota,2018,20660,2.2,42640
Hyundai,2020,67323,3.3,26376
Hyundai,2010,138870,1.6,10967
Mazda,2014,46113,3.6,37858
BMW,2021,91991,3.7,44233
Volkswagen,2011,73847,3.3,9539
Ford,2016,56026,2.1,10297
Volkswagen,2013,134349,1.6,35011
Mazda,2014,53974,2.5,25285
Nissan,2017,148989,2.1,27182
BMW,2011,22955,2.8,21239
Honda,2012,100847,2.4,14145
BMW,2020,89357,1.8,8139
Mazda,2014,66799,3.6,11685
Mazda,2019,120269,3.6,14282
Honda,2013,121942,3.5,33227
Honda,2014,103904,1.9,37953
Honda,2012,144778,2.5,19412
BMW,2022,68409,1.8,23957
Toyota,2021,22193,3.1,31061
Chevrolet,2018,135413,3.5,13484
Kia,2017,133973,2.9,5788
Honda,2023,105789,2.8,37974
Chevrolet,2015,88366,3.3,16031
Kia,2023,22013,1.7,35025
BMW,2010,142610,2.0,35639
Chevrolet,2013,103417,2.2,28903
Honda,2016,55377,2.8,37569
Ford,2019,134486,3.9,14350
Mazda,2014,52645,3.6,43874
Chevrolet,2013,83070,2.0,22806
Hyundai,2018,88536,2.0,41331
Hyundai,2017,41085,2.5,13916
Chevrolet,2012,94271,3.9,21470
Honda,2023,94500,1.8,35960
Volkswagen,2015,126104,3.9,40525
Honda,2021,58792,1.9,19357
BMW,2023,10733,3.7,9123
Honda,2023,133276,3.6,35133
BMW,2021,125306,3.7,25498
Volkswagen,2013,91733,3.7,43000
Ford,2016,83601,2.0,11022
BMW,2010,130948,3.4,9302
Nissan,2010,52318,3.2,13853
Hyundai,2023,90094,3.7,11996
Mazda,2021,89142,2.7,40538
Hyundai,2021,111325,2.5,32134
BMW,2015,70587,3.3,22036
Nissan,2019,84835,2.1,31901
Toyota,2020,97334,3.5,41845
Ford,2022,91984,2.1,20403
Ford,2022,124383,1.5,25925
Toyota,2023,16300,2.8,43908
Mazda,2016,124871,3.6,42094
Volkswagen,2022,21059,3.2,40377
Kia,2018,67166,4.0,19289
Nissan,2016,18720,1.8,40385
BMW,2018,63230,2.3,11884
Kia,2019,130077,2.4,29412
Mazda,2023,5635,1.6,15079
Volkswagen,2018,81742,1.5,37839
Ford,2023,69197,1.5,40679
BMW,2023,133547,2.5,26589
BMW,2017,49845,3.6,13083
Volkswagen,2016,27805,3.2,34868
Hyundai,2021,119288,2.6,21409
Nissan,2012,119862,2.1,38641
Volkswagen,2020,30632,1.4,23401
Honda,2023,129628,1.9,33218
Honda,2012,130642,2.4,29194
Volkswagen,2020,147732,2.4,12953
Ford,2014,31877,2.1,32475
Volkswagen,2016,115914,4.0,14108
Chevrolet,2022,53360,2.6,8512
Mazda,2021,29091,2.1,39345
Honda,2019,44767,2.5,7365
Kia,2016,135967,2.1,9125
Volkswagen,2010,48518,2.3,37828
Honda,2017,124932,1.7,15499
Mazda,2010,94168,1.4,19959
Mazda,2022,70865,2.7,9191
Kia,2023,17370,2.7,19654
BMW,2020,149919,1.8,22228
Chevrolet,2013,126271,3.6,10439
Volkswagen,2011,72216,1.9,43032
Toyota,2014,117658,3.4,24173
Volkswagen,2015,52112,1.9,21453
BMW,2013,128941,2.1,40322
Nissan,2023,77402,2.1,38841
Hyundai,2021,30479,2.0,37014
Ford,2022,125752,3.9,26575
BMW,2013,113460,2.1,28969
Mazda,2016,9188,2.7,35621
Toyota,2020,40617,3.3,6494
Ford,2013,139438,2.2,34191
Honda,2011,57063,1.4,9536
Volkswagen,2013,83597,3.4,6953
Ford,2016,20952,2.1,44192
Honda,2010,9283,3.7,15208
Hyundai,2013,25645,2.7,24981
Honda,2015,16740,3.0,35085
Toyota,2017,103548,3.9,38894
Mazda,2017,10128,3.7,15019
BMW,2022,60983,3.5,38827
Kia,2018,55930,2.8,13184
BMW,2014,97647,1.8,30233
BMW,2023,13628,3.6,44912
Honda,2011,101831,1.6,36064
Volkswagen,2012,46753,3.7,9367
Ford,2011,99380,3.4,7123
Kia,2018,143740,3.5,39485
Kia,2015,84948,2.4,37825
Ford,2023,127081,1.6,36436
Ford,2020,26420,3.3,30597
Mazda,2021,82899,3.9,37413
Toyota,2010,11874,3.6,34155
Hyundai,2012,69959,3.6,24983
Toyota,2016,101617,3.0,6756
Ford,2016,147734,1.7,5794
Volkswagen,2014,57343,3.6,35924
Chevrolet,2012,24503,2.0,39877
Chevrolet,2022,20271,2.1,42840
Hyundai,2016,136448,3.4,28451
Ford,2014,100616,3.3,27931
Chevrolet,2015,113819,1.6,13246
Hyundai,2012,130695,2.1,29882
Kia,2015,23325,3.5,26572
Hyundai,2016,136276,3.9,31455
Kia,2023,143126,2.1,25680
Mazda,2017,60100,3.4,32041
Chevrolet,2011,23809,2.7,26229
Hyundai,2011,69115,2.4,21794
Hyundai,2023,57569,3.7,30188
Hyundai,2015,139137,2.8,21992
Volkswagen,2017,39495,3.2,10487
Hyundai,2014,10976,2.9,40109
Volkswagen,2023,101690,3.1,36004
BMW,2010,25410,2.7,13165
Mazda,2020,127550,2.8,18090
BMW,2010,130812,3.6,14491
Nissan,2019,86273,2.2,27162
BMW,2018,43832,3.3,18593
Ford,2013,41582,2.1,12021
Kia,2021,65430,1.6,31546
Ford,2019,131144,3.7,13385
Toyota,2010,18544,2.5,36420
BMW,2020,124229,3.2,23988
Chevrolet,2017,54843,3.4,5697
Honda,2011,82827,3.5,11016
BMW,2021,104137,2.0,41906
Mazda,2011,118903,3.1,29589
BMW,2010,76330,3.4,28625
Volkswagen,2010,14353,1.7,25498
Toyota,2018,51403,1.8,41914
Hyundai,2022,27244,2.3,33039
Toyota,2010,88946,2.2,35347
Toyota,2015,80365,3.5,28237
Kia,2021,130120,3.1,6221
Honda,2016,18046,2.7,35213
Toyota,2013,52275,1.7,34026
Kia,2014,146483,1.7,43123
Hyundai,2013,49604,2.7,25746
Ford,2013,38960,3.7,19245
Hyundai,2019,121816,3.4,29410
Chevrolet,2010,102014,3.7,17376
Toyota,2015,141459,2.9,26586
Toyota,2023,57603,2.0,35513
Ford,2019,66185,1.5,23361
Mazda,2023,117712,3.8,6561
Toyota,2019,38099,2.6,39574
Honda,2016,112707,3.6,36179
Nissan,2016,55200,3.3,26783
Toyota,2017,148352,3.6,11988
Nissan,2016,138347,1.9,29144
Hyundai,2015,43005,3.2,15730
BMW,2021,116723,3.3,6664
Mazda,2017,11385,2.8,5138
Kia,2012,103806,3.6,25755
Volkswagen,2018,8569,4.0,39334
Mazda,2012,112575,1.4,25203
Volkswagen,2013,110620,2.6,36749
Hyundai,2022,30910,3.4,42218
Mazda,2019,58170,3.3,5946
Kia,2023,135709,2.6,18364
Volkswagen,2015,132899,3.6,22523
Ford,2021,74752,3.2,43187
Honda,2023,36600,2.8,8136
Mazda,2021,21315,2.1,6231
Hyundai,2017,95134,2.4,10872
Toyota,2012,31425,4.0,21492
Kia,2022,127119,3.8,22396
Volkswagen,2019,80891,3.2,38351
Volkswagen,2015,89274,3.6,44875
Honda,2014,59016,1.8,16000
Volkswagen,2014,105637,2.1,30709
Nissan,2014,67821,3.7,9125
Chevrolet,2018,52993,2.6,6442
Nissan,2022,118496,2.9,9453
Volkswagen,2016,109371,3.7,29093
Kia,2021,61565,2.5,5730
Mazda,2018,138281,2.7,21682
Hyundai,2018,147520,1.7,31156
Toyota,2022,124736,4.0,5745
Mazda,2023,5275,3.9,21115
Ford,2015,26008,2.2,11614
Mazda,2023,65675,3.6,17213
Mazda,2015,63302,3.3,19829
Hyundai,2013,135292,1.8,33786
Honda,2017,105145,1.5,12538
Volkswagen,2023,25529,1.4,5163
Honda,2011,20631,1.6,7840
Ford,2014,84082,3.0,23644
BMW,2010,101060,2.7,13484
Toyota,2019,76211,4.0,43008
Nissan,2023,147641,2.1,5395
Toyota,2011,114020,3.3,27431
Volkswagen,2010,54639,2.4,23853
Toyota,2015,60856,1.7,39359
Chevrolet,2011,45033,3.7,15176
Nissan,2021,69024,2.4,13043
Ford,2013,16989,3.8,6404
Volkswagen,2022,111039,3.8,19904
Kia,2014,43560,3.5,26389
Ford,2016,102473,1.5,30015
Chevrolet,2019,15128,3.9,27853
Nissan,2010,29055,1.7,42160
Hyundai,2021,33646,3.8,27578
Chevrolet,2020,109391,3.0,31050
Ford,2014,79550,2.4,17788
Volkswagen,2013,138192,3.3,38291
BMW,2016,8391,2.7,16184
Volkswagen,2023,146230,3.5,15225
Nissan,2019,46699,2.7,31220
BMW,2016,18045,2.4,44680
Honda,2017,114562,2.3,7706
Nissan,2013,63141,2.3,9438
Nissan,2013,11129,2.6,32884
Chevrolet,2019,96698,1.7,40399
Volkswagen,2014,43284,3.1,9221
Ford,2014,53056,2.3,26018
Hyundai,2020,105835,2.9,22945
Toyota,2012,146698,2.8,15592
Mazda,2014,59639,3.6,20146
Hyundai,2014,99029,3.6,12783
Toyota,2017,23663,4.0,40692
Honda,2016,101794,2.0,24144
Ford,2017,12305,1.5,17489
Volkswagen,2022,26940,2.5,32164
Kia,2014,49146,3.7,16604
Nissan,2021,18657,3.0,30846
Hyundai,2020,126415,2.4,40197
Toyota,2011,5699,3.4,29817
Kia,2017,78101,3.3,12953
Hyundai,2018,12109,3.3,9085
Ford,2011,79323,2.7,25116
Volkswagen,2023,55165,2.8,27333
BMW,2010,70547,2.8,37873
Hyundai,2021,15135,2.8,9316
Hyundai,2015,25843,1.9,28004
Volkswagen,2012,5661,2.0,18849
Honda,2010,124321,2.4,7952
Chevrolet,2022,14614,3.6,18914
Hyundai,2015,71115,2.6,39170
Volkswagen,2021,118262,3.8,5395
Chevrolet,2017,107529,3.5,13719
Volkswagen,2018,84006,3.6,36534
Volkswagen,2022,83615,1.7,37577
Honda,2015,20650,1.8,15802
Volkswagen,2021,18854,2.0,9582
Ford,2015,75599,3.1,41296
Hyundai,2010,94217,2.6,31689
Toyota,2014,49391,1.8,43461
Toyota,2012,85991,3.3,32527
Toyota,2016,23238,2.7,28045
Volkswagen,2021,23044,3.3,36351
Kia,2018,110852,3.8,42886
Chevrolet,2022,141051,3.8,19906
Chevrolet,2020,104022,2.2,43478
Volkswagen,2015,66332,1.8,6975
Ford,2014,21641,2.5,19572
Ford,2016,124593,1.6,31589
Nissan,2020,117691,1.5,19508
Volkswagen,2018,47882,3.9,18150
Mazda,2014,69152,3.9,7752
Honda,2014,45780,2.3,15417
Toyota,2019,63583,3.5,40231
Honda,2013,53573,2.0,13069
Toyota,2014,32870,2.5,9841
BMW,2016,93718,3.3,41498
BMW,2012,124752,2.8,22155
Volkswagen,2013,84601,3.5,12544
BMW,2018,136959,3.9,43888
Kia,2021,114950,1.4,43442
Nissan,2011,71280,3.8,40793
Ford,2017,94156,2.5,17140
Kia,2018,26547,2.5,28285
Honda,2014,72240,1.4,35420
Honda,2016,62554,3.6,27420
BMW,2015,74600,3.4,6638
Ford,2010,56108,3.7,32805
Nissan,2017,15718,1.8,14768
Toyota,2018,9214,2.0,23506
Kia,2019,95597,2.2,25453
Nissan,2020,122189,2.8,13111
Hyundai,2010,82038,2.3,33543
Chevrolet,2017,108431,2.2,37103
BMW,2012,117424,1.9,30037
Toyota,2021,132107,1.8,14765
Hyundai,2015,133899,2.6,31297
Toyota,2019,15007,2.6,8853
Toyota,2017,44305,3.4,12901
BMW,2014,123744,3.5,11592
Toyota,2017,54349,3.2,42388
Nissan,2016,32947,3.6,34592
Nissan,2016,50275,1.7,7743
Hyundai,2016,141035,2.6,37835
Honda,2018,127656,2.1,16002
Ford,2015,52197,2.1,44006
Kia,2015,101974,3.3,22360
Kia,2020,67885,3.6,24658
Mazda,2018,129061,1.7,21203
BMW,2015,139413,1.7,13194
Volkswagen,2016,118457,3.1,24662
Volkswagen,2016,12747,1.8,21952
Hyundai,2011,105866,3.4,44710
Toyota,2022,86132,3.6,41361
Toyota,2021,68409,2.8,37770
BMW,2017,88587,3.8,41189
Chevrolet,2021,76949,1.5,5786
Honda,2020,89568,2.0,22300
Mazda,2015,76270,3.4,14424
Nissan,2013,46596,3.9,19349
Toyota,2020,35786,3.9,32750
Mazda,2022,127887,1.4,6778
Kia,2016,88499,3.0,5330
Chevrolet,2017,28999,1.5,21924
Nissan,2010,69303,3.2,35400
BMW,2019,34501,3.4,25877
Mazda,2022,107424,3.6,44695
Hyundai,2022,40280,2.8,41450
Nissan,2013,34045,3.6,39447
BMW,2013,29432,3.8,34580
Volkswagen,2019,31745,2.8,19673
BMW,2018,125720,2.8,10532
BMW,2022,100832,2.7,30044
Nissan,2015,113034,2.7,41217
Chevrolet,2013,119650,3.4,20740
Nissan,2022,64024,1.6,42854
Ford,2010,141725,2.6,25540
Honda,2017,74625,2.8,38700
Chevrolet,2020,30194,2.0,37108
Hyundai,2018,127467,2.8,37030
Chevrolet,2014,48748,2.6,32646
Kia,2014,126778,3.3,41410
Hyundai,2019,56996,2.3,14815
Volkswagen,2017,107605,3.9,18742
Nissan,2017,136070,2.5,5799
BMW,2014,50638,3.0,5885
Nissan,2013,85283,2.0,40848
Kia,2015,32980,3.2,29066
Mazda,2019,75498,2.7,24865
Kia,2014,71393,2.3,14100
Ford,2017,70158,2.3,31273
BMW,2018,98841,2.4,21682
BMW,2022,122080,2.5,17612
Toyota,2010,131948,2.0,35286
Mazda,2018,68636,2.1,6859
Toyota,2022,110075,3.9,38766
Volkswagen,2018,7420,2.2,20406
Honda,2015,147290,3.0,26732
Honda,2020,8133,2.3,27316
Nissan,2019,65901,3.5,13549
Honda,2014,104089,3.2,12775
BMW,2016,70370,2.3,14943
Kia,2020,45503,3.3,15579
Mazda,2017,129309,3.4,14135
Nissan,2018,86671,1.8,37808
Nissan,2018,55570,2.9,19695
Mazda,2019,104851,3.5,28875
BMW,2020,50231,1.5,9072
Volkswagen,2012,87278,2.7,6226
Volkswagen,2022,52934,3.6,6290
Nissan,2017,6562,3.9,17352
Volkswagen,2010,23561,3.1,17998
BMW,2016,136335,2.3,13704
Ford,2021,127691,3.0,23886
Ford,2014,11646,1.5,8075
Toyota,2022,102439,2.6,40364
Chevrolet,2022,81684,3.3,39189
Hyundai,2011,119517,1.5,19979
Honda,2011,96673,3.0,16434
Volkswagen,2017,84889,2.9,31649
Ford,2014,57292,1.9,32859
Kia,2023,30483,2.9,34326
Mazda,2021,99074,2.5,8973
Chevrolet,2020,76385,2.6,12806
Toyota,2012,98493,2.2,29490
Hyundai,2010,125294,3.5,41620
Ford,2020,18807,2.4,7703
Toyota,2016,80765,3.5,18349
Chevrolet,2020,51062,1.6,37577
Mazda,2021,30282,2.1,7692
Honda,2012,104006,2.4,37285
Ford,2016,124529,2.5,10151
Mazda,2021,118729,2.5,36938
Hyundai,2011,19272,3.1,40113
Volkswagen,2013,58283,2.9,32140
Chevrolet,2011,58994,2.8,16746
Hyundai,2013,93080,3.6,5607
Honda,2014,84904,1.9,37442
Mazda,2023,141571,3.6,7277
BMW,2017,89475,3.5,16625
Honda,2011,16178,1.9,32015
Nissan,2019,8939,3.0,9826
Ford,2012,124639,2.0,11124
Volkswagen,2019,123026,3.9,10394
Chevrolet,2021,120485,2.7,32753
Kia,2022,101137,1.9,26931
Mazda,2014,86242,3.1,36467
BMW,2020,111938,3.2,28030
Kia,2021,104957,3.0,39597
Ford,2021,145226,2.0,25047
Ford,2018,62916,3.3,40232
Chevrolet,2019,116212,3.8,41607
BMW,2020,17034,3.9,23426
Ford,2014,100013,3.2,24306
Kia,2023,136887,3.6,21185
BMW,2018,134036,3.9,24739
Kia,2013,44735,1.5,5170
Honda,2019,55362,2.6,21112
Hyundai,2014,57286,2.2,36306
BMW,2018,87474,2.6,32351
Toyota,2013,110212,3.8,9454
Hyundai,2014,83996,4.0,15530
Hyundai,2014,82790,3.8,14432
BMW,2013,16957,1.9,8708
Volkswagen,2013,12852,3.5,25852
Ford,2020,71800,3.5,26868
Honda,2014,28203,2.9,33233
Volkswagen,2021,15364,3.3,16648
Volkswagen,2015,67176,3.8,15233
Toyota,2016,43304,4.0,33517
Mazda,2015,30814,1.5,17565
BMW,2010,21057,2.1,24743
Kia,2011,85509,3.8,20005
Ford,2016,23201,2.3,17281
Volkswagen,2023,54724,1.7,36342
Honda,2012,48292,2.2,5338
Mazda,2021,129990,2.7,15650
Toyota,2019,99853,2.4,14113
Nissan,2020,54902,3.4,17433
Ford,2022,124144,3.0,9187
Nissan,2011,124724,2.5,15058
Hyundai,2015,40618,4.0,28489
Volkswagen,2020,35765,3.7,10712
Chevrolet,2013,30322,3.6,22069
Ford,2021,147351,2.9,36391
Kia,2020,85615,3.4,41593
Mazda,2014,29725,2.3,40470
Honda,2015,78519,2.3,8771
Ford,2012,126837,3.7,40025
Kia,2010,27137,3.0,28707
BMW,2012,17057,2.3,37154
Nissan,2012,26281,3.6,11312
BMW,2015,116473,2.6,36008
Mazda,2013,110273,2.4,20921
Toyota,2016,142606,1.5,34079
Volkswagen,2022,64672,3.2,7681
Ford,2020,111424,2.8,9970
Chevrolet,2011,113171,2.2,34530
Nissan,2021,119670,1.8,5019
Nissan,2013,130466,1.9,22176
Ford,2017,31965,2.0,28606
Hyundai,2020,41469,3.6,40242
BMW,2015,88280,2.6,23356
Nissan,2019,147330,3.2,6713
Kia,2012,114642,2.6,22292
Honda,2019,68580,2.6,22584
Volkswagen,2021,8067,3.5,8552
Nissan,2011,97274,3.4,28675
Kia,2012,39212,2.0,37393
Mazda,2010,148289,3.0,20328
Mazda,2010,10179,3.2,15506
Volkswagen,2011,28165,2.5,40446
Hyundai,2023,141991,1.6,42069
Chevrolet,2012,60012,2.4,19056
Volkswagen,2022,86092,2.3,25499
Toyota,2018,83272,3.2,23503
Hyundai,2017,84532,3.5,37590
Nissan,2021,95686,2.4,36712
Volkswagen,2020,134333,3.1,19127
BMW,2020,27298,3.1,8360
Mazda,2018,18746,3.1,34971
Kia,2016,26999,2.8,11430
Volkswagen,2016,106136,3.0,34285
BMW,2014,35361,3.7,10035
Hyundai,2016,116125,3.8,22100
Toyota,2013,144560,1.6,44589
Kia,2014,43381,1.4,10936
Honda,2021,11777,2.7,24722
Toyota,2010,148113,2.5,38050
Nissan,2020,18142,2.6,17772
BMW,2013,96396,2.6,34241
Volkswagen,2012,145342,3.7,26439
Volkswagen,2011,128754,3.1,14408
Ford,2011,8866,2.6,7574
Mazda,2017,149101,2.6,21362
Nissan,2010,114181,3.6,24712
BMW,2017,130369,2.0,26687
Volkswagen,2018,104889,1.4,39593
Honda,2015,7940,2.6,8647
Kia,2010,99580,3.9,29329
Nissan,2019,69556,3.5,44099
Hyundai,2021,117012,2.5,43566
Honda,2016,27789,1.9,43636
Kia,2014,149290,2.9,38857
Chevrolet,2018,22886,3.7,38055
Mazda,2016,22129,3.3,14266
Nissan,2014,137580,2.8,20129
BMW,2022,82507,3.3,27072
Toyota,2011,134539,3.9,43075
Kia,2023,145859,2.8,39998
Hyundai,2013,132660,2.8,31373
Volkswagen,2011,45519,2.6,32142
Toyota,2018,139730,2.9,40152
Honda,2011,28361,3.1,25830
Mazda,2011,93529,1.9,17918
BMW,2011,122131,2.9,26736
Toyota,2010,149946,1.4,9219
Hyundai,2018,45284,3.8,44914
Kia,2017,24432,1.5,21973
BMW,2011,74578,3.9,17502
Chevrolet,2011,91059,3.9,41607
Volkswagen,2014,140274,2.8,42888
Mazda,2021,50205,2.3,13531
Toyota,2022,12773,1.9,32260
Mazda,2023,22671,1.8,6636
Mazda,2021,13301,2.0,37320
Mazda,2023,133017,2.6,31377
Kia,2013,58971,3.3,41086
Mazda,2011,56942,2.4,9932
Chevrolet,2017,79188,3.4,34992
Honda,2017,87663,2.9,35700
Hyundai,2022,23794,1.5,9887
BMW,2013,98904,1.7,16887
Chevrolet,2023,51536,2.9,7359
BMW,2013,79170,1.8,7275
Hyundai,2018,6833,3.0,36466
Honda,2013,38653,2.6,15019
Nissan,2019,8604,3.2,36489
BMW,2020,141429,2.2,36199
BMW,2018,33932,3.5,8529
Honda,2012,66719,2.4,21083
Toyota,2011,70415,3.5,14277
Chevrolet,2020,69413,1.5,28032
Toyota,2017,90141,2.4,39239
Toyota,2021,133826,2.0,19363
Toyota,2012,111647,2.6,30586
Mazda,2022,126625,3.9,43744
Volkswagen,2011,6596,1.8,20856
BMW,2022,118675,1.6,9953
Toyota,2020,35733,1.6,12762
Chevrolet,2017,113030,1.7,36212
Volkswagen,2017,14757,1.6,35652
Volkswagen,2014,145214,3.2,36827
Toyota,2018,89412,1.7,24353
Kia,2020,30917,1.9,39149
Toyota,2015,102054,3.1,8421
Kia,2014,127851,2.6,28173
Toyota,2021,43321,1.5,16235
Chevrolet,2012,86193,3.9,31266
Kia,2016,80462,3.0,9839
Mazda,2023,70549,3.0,7528
Volkswagen,2018,95302,3.6,28540
Toyota,2013,142065,3.8,36953
Volkswagen,2020,127293,1.5,28225
Toyota,2016,74638,1.6,43739
BMW,2021,6104,3.4,29254
BMW,2012,40580,3.2,18426
Ford,2020,43899,2.0,20198
Toyota,2011,109932,2.2,32216
Ford,2022,67774,3.0,23464
Honda,2020,118145,3.5,39343
Honda,2010,111135,3.0,30849
Volkswagen,2015,87721,3.5,15522
Kia,2014,119301,2.0,23566
Toyota,2011,58696,2.3,27969
Hyundai,2022,11428,1.7,5525
Toyota,2022,86177,4.0,14841
Toyota,2012,146385,3.5,33016
Hyundai,2018,9140,3.3,26850
Honda,2012,7792,1.9,9517
Ford,2016,73259,3.2,31515
Volkswagen,2010,92496,3.6,40839
Honda,2016,107492,3.5,36277
Hyundai,2018,32089,3.4,21530
Toyota,2021,5603,2.4,36979
Honda,2020,12150,3.4,27166
Chevrolet,2017,118193,2.7,32069
BMW,2016,61048,2.5,25079
Toyota,2019,27346,3.9,39643
Nissan,2023,86478,1.8,39639
Hyundai,2017,73311,3.6,20776
Mazda,2022,139711,2.2,16982
Kia,2013,95702,2.7,13719
Mazda,2011,131450,2.3,35797
Honda,2023,71386,2.7,35080
Toyota,2023,54591,3.5,20904
Kia,2020,78336,1.9,28740
Kia,2018,126545,3.4,20104
Volkswagen,2012,77111,2.6,15558
Mazda,2023,48955,3.8,10847
Toyota,2020,99535,2.8,5685
Volkswagen,2013,133256,1.5,18226
Ford,2016,35249,3.8,36351
Mazda,2011,26577,3.8,11665
BMW,2023,120945,1.9,22469
BMW,2017,49639,3.9,34781
Volkswagen,2021,37001,2.6,25012
Ford,2019,23199,3.8,38992
Chevrolet,2017,105580,2.3,33360
Chevrolet,2021,71986,1.5,6836
BMW,2014,102989,3.5,10716
Nissan,2018,108210,3.7,30273
Hyundai,2017,76384,1.8,22650
Hyundai,2010,135171,2.8,37279
Nissan,2018,49738,3.6,5224
Volkswagen,2022,92272,2.6,21320
Hyundai,2023,86470,3.4,33342
Hyundai,2023,84691,3.1,7160
Mazda,2014,44101,3.3,5199
Mazda,2018,98884,3.8,23222
Nissan,2018,64036,2.5,39087
Toyota,2019,21674,3.4,10400
Ford,2019,28892,3.3,21081
Volkswagen,2012,121106,2.5,11267
Mazda,2017,124998,2.4,44690
Mazda,2016,92558,3.7,20448
Chevrolet,2016,65487,1.9,11881
Ford,2021,23580,2.2,20447
Chevrolet,2019,136533,3.9,15031
Toyota,2011,119048,2.1,20519
Ford,2011,127647,3.7,12042
Hyundai,2011,140804,2.4,36320
Chevrolet,2022,87565,2.8,24052
BMW,2020,66957,2.4,24703
Volkswagen,2011,37639,2.0,39610
Hyundai,2023,50134,3.2,35800
Ford,2013,80298,3.9,36763
BMW,2016,54967,3.7,19200
Toyota,2011,13040,4.0,24681
BMW,2014,129970,3.2,21207
Mazda,2023,42666,1.5,10151
Nissan,2016,139276,2.8,39985
BMW,2018,38897,3.0,9047
Kia,2017,51750,1.7,12078
Toyota,2018,48015,3.6,34699
Hyundai,2016,23181,3.3,42083
Chevrolet,2012,123102,2.6,9924
Honda,2010,23868,2.2,24332
Toyota,2019,93143,2.0,12724
Kia,2016,29107,3.9,32670
Mazda,2022,22072,3.5,9901
Chevrolet,2020,50955,3.2,11050
Volkswagen,2015,133112,3.9,40077
Honda,2011,98122,1.9,41165
BMW,2010,33478,3.6,44678
Kia,2021,92921,2.9,38826
BMW,2019,126787,3.8,25876
Volkswagen,2013,35028,3.1,18848
Toyota,2023,35112,3.3,27229
Nissan,2013,60573,2.0,12760
Kia,2015,122527,2.3,9045
Ford,2020,57226,2.2,16586
Hyundai,2014,41146,3.2,15819
Ford,2018,130981,2.5,20221
Nissan,2017,49568,3.6,40329
Volkswagen,2018,99816,2.0,27191
Ford,2019,85224,3.5,38701
Mazda,2016,19350,3.5,19851
Kia,2018,109752,3.0,24131
Mazda,2012,39045,1.8,39542
Honda,2018,125758,2.2,35768
Nissan,2011,126684,2.4,14291
Honda,2018,134663,2.6,36265
Honda,2022,12353,3.3,18099
Honda,2015,13578,2.3,8816
Toyota,2013,78203,1.4,37605
Toyota,2021,5013,3.7,37731
Nissan,2023,61549,2.5,18609
Chevrolet,2021,123163,2.1,10937
Ford,2022,54155,3.5,27724
Toyota,2020,98181,3.7,14441
BMW,2011,139362,3.3,41063
Mazda,2022,132771,2.3,15074
Toyota,2019,66282,2.0,29130
Volkswagen,2012,132191,3.3,39345
Honda,2014,63946,1.5,6067
Toyota,2018,74509,2.4,34306
Nissan,2016,32118,3.4,23103
Mazda,2020,31218,2.9,15754
Mazda,2021,31065,3.3,40185
Chevrolet,2022,93507,2.9,28095
Hyundai,2020,50018,2.0,25262
Hyundai,2012,101430,2.7,27183
Ford,2022,86058,3.4,32546
BMW,2013,116605,2.0,7114
Kia,2023,115485,3.9,43628
Nissan,2021,24343,1.9,30920
Volkswagen,2020,55413,1.4,33617
Toyota,2011,132605,3.4,8586
Nissan,2023,22924,3.8,39174
BMW,2017,112289,2.0,40557
Hyundai,2015,69407,1.8,36874
Nissan,2012,37066,2.0,31611
Toyota,2022,68894,3.0,30994
Chevrolet,2014,127355,2.9,23138
Ford,2014,129900,3.0,12831
Chevrolet,2021,84820,1.4,36864
Hyundai,2010,133078,1.8,26875
Honda,2022,99529,2.0,10753
Hyundai,2014,58386,3.2,41169
Ford,2015,78039,3.0,33651
Toyota,2019,147561,3.0,14375
BMW,2019,83395,2.9,43589
Kia,2020,16015,3.3,17214
Chevrolet,2020,89560,3.8,34167
Hyundai,2020,149168,3.2,25237
BMW,2022,30562,3.3,20665
Chevrolet,2011,84738,3.0,23236
Hyundai,2012,30848,3.5,12568
Ford,2019,53548,3.9,27042
Chevrolet,2014,62151,3.0,24325
Hyundai,2023,146498,1.9,17597
Toyota,2022,148608,3.4,12708
Ford,2012,117409,3.1,33940
BMW,2014,85117,3.8,26936
BMW,2014,53030,2.1,22432
Kia,2017,12385,3.9,22751
Nissan,2019,61746,2.8,15223
Honda,2018,27542,3.9,16363
Toyota,2017,120513,3.4,32030
Ford,2021,58784,3.7,23083
Chevrolet,2012,15051,2.2,40913
BMW,2010,61039,2.0,11200
Toyota,2023,112443,3.0,21474
Ford,2012,96687,2.4,21577
Ford,2010,136754,4.0,27921
Chevrolet,2022,132568,2.7,25679
Ford,2020,51662,1.7,35728
Volkswagen,2018,26131,2.7,20603
Toyota,2021,137165,2.8,15823
Hyundai,2022,84021,1.4,23202
BMW,2012,15683,2.0,9926
BMW,2023,90692,1.4,15153
Hyundai,2017,141406,2.9,22620
Toyota,2015,120288,2.2,37040
Honda,2012,113162,1.9,15657
Toyota,2018,106059,3.6,28388
Mazda,2017,79046,1.5,25139
Ford,2012,61660,3.2,44375
Nissan,2016,47822,2.9,28468
Chevrolet,2014,29646,3.4,27062
Volkswagen,2011,59400,1.7,31332
Nissan,2023,70979,3.7,12573
Hyundai,2017,53417,2.2,10797
Chevrolet,2010,68505,1.4,26526
Chevrolet,2013,76210,3.1,22080
Chevrolet,2020,108499,3.6,6232
BMW,2022,137941,2.3,15235
Volkswagen,2020,58800,2.8,9130
BMW,2021,47971,2.5,21564
Ford,2022,5770,1.5,33702
Mazda,2013,92482,3.4,19745
Kia,2022,55105,3.8,37542
Volkswagen,2019,6559,2.5,31507
Nissan,2023,97609,1.8,27098
Ford,2014,57598,2.7,14661
Toyota,2013,98659,3.8,32705
Hyundai,2010,11982,3.0,42824
Mazda,2023,103412,2.0,14532
Ford,2016,124142,2.8,19915
Toyota,2019,14147,2.2,24375
Mazda,2020,143150,1.5,34886
Toyota,2011,90280,3.8,39887
Volkswagen,2019,90409,3.5,26831
Toyota,2012,70853,3.8,25343
Mazda,2014,103644,3.2,43997
Toyota,2017,88994,2.6,22052
Nissan,2019,128517,2.7,20360
Ford,2017,50456,1.9,13287
Mazda,2023,27062,2.4,8283
Nissan,2011,50423,1.8,34696
Toyota,2018,113886,2.6,20256
Toyota,2015,134716,3.1,11824
Chevrolet,2018,125172,2.1,28258
Mazda,2023,82716,3.9,44574
Volkswagen,2013,149456,3.1,35814
Toyota,2012,17128,2.0,28923
Hyundai,2023,17473,1.8,31089
BMW,2023,7366,1.8,29292
Kia,2014,32578,3.9,42463
BMW,2014,20327,2.0,7546
Volkswagen,2013,107008,1.8,5998
Ford,2022,131775,1.8,35256
Honda,2016,116009,2.3,12648
Hyundai,2017,82745,3.0,8314
Honda,2014,17929,1.6,31208
Toyota,2018,146516,1.8,39831
Ford,2016,144828,3.9,36602
Nissan,2022,139525,3.0,43655
Toyota,2022,52292,1.8,44092
Honda,2016,31326,2.8,15403
Toyota,2017,94537,2.0,35581
Kia,2021,19788,3.9,35701
Chevrolet,2013,6046,2.4,35073
Kia,2019,142718,1.8,5515
Ford,2022,56384,3.0,24573
Nissan,2022,64938,1.8,14241
Kia,2015,58229,2.7,9812
Mazda,2014,86968,3.6,30351
Nissan,2010,105157,2.3,20249
Honda,2023,130830,2.6,42887
Kia,2022,116720,1.7,18456
Chevrolet,2018,76359,3.1,16332
Nissan,2011,103655,1.7,21669
Toyota,2015,29809,2.3,8678
Chevrolet,2017,62609,3.6,31192
Toyota,2012,128378,1.8,9714
Kia,2014,14068,3.6,11178
Hyundai,2023,69729,3.0,25938
Hyundai,2016,31834,1.8,11983
Honda,2013,74730,1.8,13483
Chevrolet,2023,96756,3.1,27838
Toyota,2021,84235,3.3,8748
Volkswagen,2014,56544,3.1,38599
Chevrolet,2010,73860,3.3,25390
Mazda,2013,48911,2.3,38121
Honda,2023,44029,1.4,7762
BMW,2023,130527,2.8,28541
BMW,2016,6432,2.9,22163
Toyota,2021,5480,3.2,18447
Hyundai,2019,127879,2.0,38576
Nissan,2016,73506,1.8,17356
Mazda,2019,120016,3.6,8180
BMW,2019,57406,3.6,18257
Toyota,2013,79144,4.0,7563
Toyota,2021,121989,2.3,44865
Kia,2015,5944,1.6,20495
Hyundai,2022,39820,2.6,25957
Chevrolet,2014,146614,2.6,27094
Nissan,2010,78239,1.5,19699
Kia,2017,64998,2.9,21835
BMW,2021,48743,2.1,23936
Nissan,2016,18965,1.7,11894
Honda,2014,25387,3.0,28616
Hyundai,2022,39354,2.1,30613
BMW,2019,54541,2.9,26210
Toyota,2019,8728,1.4,13317
BMW,2016,63193,2.4,33185
Volkswagen,2019,94927,3.7,20214
Ford,2012,30394,3.1,37159
Ford,2017,123323,3.7,16239
BMW,2014,82835,3.3,20612
Volkswagen,2011,142552,3.3,20745
BMW,2011,52232,3.7,28311
Ford,2013,89239,1.5,18531
Kia,2016,81656,2.5,42363
Honda,2023,43920,3.9,26819
Ford,2019,89854,1.9,33609
Honda,2013,96258,3.1,8731
Toyota,2018,73041,3.5,17157
Honda,2011,85322,3.8,44994
Kia,2015,78334,3.7,23590
Volkswagen,2013,69918,3.2,22027
Honda,2015,110238,3.2,33927
Nissan,2019,145075,2.3,16162
Chevrolet,2018,19714,2.0,20739
Ford,2019,120697,3.9,36249
Volkswagen,2021,98960,3.9,28915
Mazda,2018,8316,2.5,17510
Toyota,2018,25710,2.5,20814
Chevrolet,2018,123993,2.6,17609
Nissan,2012,112896,2.6,17109
Hyundai,2021,22577,3.6,29182
Kia,2020,143578,2.5,12469
BMW,2023,62121,3.7,27747
Chevrolet,2018,145514,3.2,11309
Volkswagen,2012,63216,3.9,9034
Volkswagen,2019,7410,3.2,7204
Volkswagen,2012,31154,2.5,25215
Toyota,2014,79202,3.8,31878
Honda,2015,68446,2.0,33595
Ford,2018,26008,3.9,18999
Hyundai,2010,93601,1.5,24448
BMW,2017,100788,3.1,21572
Volkswagen,2023,68552,1.4,13642
BMW,2023,12005,1.9,18487
Mazda,2013,123239,2.6,42969
Toyota,2019,117413,1.8,31375
Volkswagen,2016,58737,4.0,25181
Mazda,2015,36811,3.4,12490
Hyundai,2015,123571,3.6,8452
Hyundai,2016,102887,3.9,23189
Ford,2013,79722,3.2,37511
Nissan,2015,30120,2.1,20918
Ford,2012,75610,3.4,12514
Honda,2014,145195,2.9,26945
BMW,2022,134996,2.1,24230
Kia,2022,117602,2.4,13666
Hyundai,2023,91253,3.0,9140
Kia,2022,52565,2.4,15396
Toyota,2011,110495,2.0,16164
Chevrolet,2012,110852,2.5,34293
Volkswagen,2022,24352,2.0,6214
Toyota,2018,36626,3.7,39801
Hyundai,2015,101825,3.2,16823
Mazda,2012,138731,2.4,14611
BMW,2011,136705,3.9,16725
Kia,2014,20716,2.4,42806
Ford,2019,96336,2.9,34889
Chevrolet,2023,22366,2.7,19372
Nissan,2014,90770,1.7,12930
Toyota,2010,25377,2.5,27572
Nissan,2012,118920,1.6,26688
Kia,2016,104293,1.8,8582
Kia,2018,72152,3.4,37268
Volkswagen,2014,101686,2.2,16592
Mazda,2013,13616,1.6,15551
Mazda,2012,145694,3.3,28753
Honda,2019,88555,3.5,32364
Ford,2022,50160,2.9,41764
Hyundai,2018,44163,3.8,32013
Hyundai,2023,108522,3.6,42608
Kia,2016,84112,2.8,17697
Toyota,2021,75787,3.3,26589
BMW,2016,99616,2.3,30205
Hyundai,2023,20306,3.1,7218
Hyundai,2022,32968,3.9,34157
Toyota,2017,83131,3.5,12961
Ford,2019,30920,2.4,30040
Chevrolet,2010,127211,3.8,25190
Mazda,2020,103911,3.5,23969
Volkswagen,2013,75847,1.5,12743
Volkswagen,2022,13944,3.3,23109
Volkswagen,2022,139120,3.9,42361
Toyota,2014,42212,2.2,21645
Volkswagen,2014,21000,2.1,17605
Kia,2010,93973,3.1,27185
Honda,2012,30534,1.7,17826
Toyota,2011,104895,3.2,44709
Toyota,2021,149411,2.0,38377
Mazda,2016,105892,2.6,24156
Volkswagen,2022,85359,3.7,17864
Nissan,2023,17459,3.5,31271
Chevrolet,2014,76717,1.7,13554
Honda,2012,148280,3.4,17449
Toyota,2020,58546,2.5,8502
Honda,2017,122786,4.0,32405
Toyota,2010,83571,2.2,42501
Ford,2010,141948,2.6,21629
Mazda,2023,72011,2.3,26612
Kia,2015,132901,2.9,22304
Ford,2010,94657,2.1,31157
BMW,2013,35978,3.8,14084
Volkswagen,2015,108379,3.0,38896
BMW,2010,63467,3.9,35237
Chevrolet,2022,16329,3.2,37353
Nissan,2018,33025,1.9,31449
Kia,2013,108940,1.4,27246
Ford,2018,146967,2.5,31818
Honda,2018,145404,4.0,16718
Honda,2022,111994,3.7,8894
Chevrolet,2015,9682,3.6,10729
Toyota,2022,106393,2.9,6671
Honda,2016,107318,1.6,36151
Volkswagen,2022,5613,1.4,17831
Nissan,2010,87563,3.6,26863
Mazda,2014,116188,1.9,31948
Volkswagen,2012,48322,1.6,8334
Nissan,2019,119849,3.2,29521
Chevrolet,2019,15013,1.4,40645
Volkswagen,2022,66763,3.3,21020
Mazda,2015,106706,1.9,28452
Mazda,2013,146891,2.2,9549
Hyundai,2022,41761,1.8,32173
Toyota,2023,59007,3.4,26096
Chevrolet,2022,136128,2.7,8458
Volkswagen,2018,124972,1.8,43052
Kia,2016,31920,1.5,26008
Kia,2023,67467,4.0,6696
Chevrolet,2013,68897,3.3,42385
Volkswagen,2022,124590,3.2,44460
Ford,2020,149138,2.7,27654
Ford,2015,138685,2.5,18728
Toyota,2011,24219,3.5,10882
Volkswagen,2023,95777,3.5,29941
Mazda,2012,141054,1.6,43969
Honda,2020,110229,3.6,25143
Kia,2016,57760,3.4,12038
Volkswagen,2020,61758,2.7,17722
Volkswagen,2021,53562,2.6,39157
Honda,2013,66033,3.6,44817
Honda,2023,96097,3.5,35599
Nissan,2021,94865,1.8,18839
Hyundai,2019,132416,2.8,25703
Toyota,2016,69074,3.9,34757
Kia,2018,139940,3.3,16696
Honda,2023,126222,3.9,25110
Ford,2022,144678,3.4,42865
Chevrolet,2014,44338,2.8,30626
Ford,2023,82011,3.0,34230
Nissan,2010,114602,3.2,10273
Nissan,2014,40654,3.3,35151
Honda,2015,101003,3.3,23856
Nissan,2023,59109,3.8,40176
Mazda,2020,115260,2.2,19856
BMW,2011,119897,3.6,15758
Volkswagen,2017,121845,2.9,8611
Volkswagen,2022,121877,3.7,24421
Honda,2011,128555,3.0,20421
Nissan,2023,93203,3.8,41515
Chevrolet,2018,118313,2.5,10192
Mazda,2023,62369,1.7,19434
Toyota,2022,114189,3.1,30278
Nissan,2011,106262,3.4,26810
Mazda,2012,91377,3.2,43092
Hyundai,2017,142062,3.3,37559
Toyota,2020,121370,1.5,11723
Volkswagen,2015,83183,3.9,6289
Hyundai,2010,23350,2.1,10497
Honda,2013,139358,2.5,19873
Kia,2014,55147,2.5,8966
Honda,2023,104260,3.8,37194
Chevrolet,2020,5217,3.3,42617
Mazda,2012,58098,3.0,20284
Kia,2010,105719,1.7,30514
Toyota,2012,93115,2.2,31266
Toyota,2022,104771,2.7,22685
Hyundai,2018,50742,1.7,15859
Chevrolet,2011,24256,2.9,37291
Volkswagen,2010,21416,2.0,27304
Nissan,2016,24871,3.5,8545
Nissan,2022,95536,3.6,20198
Kia,2016,8078,3.0,39046
Chevrolet,2014,99946,2.3,36388
Chevrolet,2011,121505,1.5,13548
Toyota,2023,82654,3.0,29889
Volkswagen,2010,82746,3.4,7318
Mazda,2022,85567,3.5,26685
Volkswagen,2014,104018,2.7,21114
Ford,2019,56176,1.8,15941
Chevrolet,2013,49689,1.6,40918
Honda,2018,44630,1.5,27585
BMW,2014,71346,2.0,43836
Chevrolet,2020,15647,1.8,41345
Kia,2019,105334,1.8,43684
Honda,2021,83740,3.2,30133
Kia,2021,11033,1.9,28247
Hyundai,2011,111258,3.2,25477
BMW,2013,141752,2.3,22249
BMW,2022,143677,3.4,29660
Toyota,2021,42329,1.8,38286
Chevrolet,2018,126820,1.5,7539
Toyota,2017,139377,1.6,41124
Nissan,2012,59044,3.9,26552
Kia,2017,145805,2.8,26318
Ford,2022,13612,3.0,17637
Ford,2011,115040,3.9,28986
Nissan,2012,9436,3.4,11023
Hyundai,2023,110401,1.7,20040
Ford,2014,78850,2.5,17769
Kia,2020,124655,3.5,32219
Ford,2021,46393,3.1,28646
Nissan,2023,21335,2.0,8762
Honda,2019,27715,3.5,42921
Toyota,2019,133013,2.9,34252
Mazda,2017,9165,3.4,43645
Kia,2010,132626,3.0,28765
Toyota,2013,123170,2.6,8756
BMW,2010,122572,3.3,26150
Volkswagen,2010,56790,3.7,25277
Ford,2021,101573,2.6,35428
Ford,2014,22999,1.5,17437
Hyundai,2015,20505,2.9,14455
Toyota,2010,27388,1.6,5283
Volkswagen,2020,107112,2.2,12626
Ford,2015,51461,2.8,16594
BMW,2014,117630,2.3,10590
Hyundai,2013,103839,2.1,42097
Toyota,2019,44857,1.5,25522
Hyundai,2014,84639,2.1,38558
Toyota,2017,135828,2.4,31720
Chevrolet,2018,87578,2.2,17660
Chevrolet,2020,53149,3.0,33067
Nissan,2023,19337,3.1,35580
Kia,2021,134126,3.4,24749
Hyundai,2011,32683,1.9,33662
Nissan,2015,68269,3.0,33431
Hyundai,2012,77754,2.5,20945
Ford,2011,112662,2.2,7299
Mazda,2021,84330,2.7,22707
Hyundai,2023,113467,2.7,26264
Ford,2022,121591,3.1,36027
Volkswagen,2010,141469,2.9,12958
Chevrolet,2013,115202,3.0,33672
Nissan,2017,128315,3.9,31716
Mazda,2012,73269,3.5,5280
BMW,2014,124939,2.2,24973
Chevrolet,2023,27425,2.8,23889
Nissan,2019,44119,2.0,9583
Mazda,2014,135273,2.7,5406
BMW,2014,119364,3.3,22682
Honda,2020,38125,1.6,43836
Ford,2018,143383,1.8,26406
Honda,2017,115967,1.4,20462
Ford,2017,86140,2.4,38573
Toyota,2022,21401,3.4,14618
Kia,2022,142700,2.6,14592
Mazda,2010,118015,2.9,15417
Honda,2010,55065,2.9,44481
Kia,2011,122600,1.6,42473
Mazda,2023,96464,1.9,30312
Nissan,2017,37398,3.8,44851
Toyota,2019,73699,2.6,21634
Nissan,2010,26755,2.5,19236
Ford,2013,112107,3.4,26860
Kia,2018,96174,1.5,7263
Mazda,2011,95759,3.6,23863
Hyundai,2012,146673,3.1,10163
Kia,2020,9017,1.8,43760
Volkswagen,2015,37850,1.6,43815
BMW,2022,105093,1.4,29650
Honda,2020,51787,2.2,22235
Mazda,2019,144045,2.2,19574
Chevrolet,2012,107420,1.9,17913
Chevrolet,2013,34913,2.1,14916
BMW,2018,18356,2.9,38853
Ford,2018,116545,1.7,39974
Kia,2019,108830,1.9,9382
Kia,2014,56893,2.9,42387
Chevrolet,2016,26135,3.2,12970
Kia,2018,127419,3.8,30577
BMW,2017,148696,2.7,7360
Kia,2020,25247,1.7,37424
Ford,2016,20507,2.9,17174
Honda,2021,123374,4.0,14693
Volkswagen,2017,133410,3.7,29483
Honda,2014,70025,3.4,30965
Volkswagen,2014,118458,3.3,27935
Hyundai,2014,92521,3.4,31961
Honda,2010,40953,1.6,34079
BMW,2015,63364,2.8,33639
Toyota,2014,61581,3.2,6099
Hyundai,2017,65837,1.6,41938
Volkswagen,2017,22461,3.8,25738
Volkswagen,2011,113271,1.7,22922
Hyundai,2020,18501,1.6,44196
Volkswagen,2015,16070,1.7,16317
Mazda,2021,105194,2.5,31021
Toyota,2020,137698,2.8,34504
BMW,2019,69569,1.6,26220
Mazda,2019,44414,3.4,10780
Volkswagen,2015,33860,1.9,12917
Honda,2012,121259,2.9,25027
Mazda,2010,123363,2.7,21074
Honda,2016,129471,3.8,30530
Hyundai,2019,64970,3.7,42321
Kia,2014,59584,2.0,13374
Nissan,2021,69286,2.8,7306
Volkswagen,2021,75309,4.0,12803
Nissan,2019,42812,2.3,41847
Toyota,2014,99359,1.6,21653
Honda,2020,147702,3.3,9908
Mazda,2017,47075,2.7,7398
Nissan,2021,124496,3.8,40317
Ford,2014,146172,2.9,43064
Volkswagen,2014,34103,2.7,28989
Nissan,2010,133578,3.8,22221
Mazda,2011,39096,2.4,34693
Mazda,2014,107754,3.0,37563
Toyota,2016,82766,3.6,16757
Chevrolet,2012,16807,3.0,18374
BMW,2021,61723,2.2,6780
Ford,2010,39951,2.9,28152
Nissan,2020,20427,2.5,18421
BMW,2021,5153,4.0,33929
Ford,2011,59734,1.5,17827
Chevrolet,2012,68813,3.4,6476
Nissan,2021,71351,1.5,28839
Ford,2018,137191,3.0,14290
BMW,2017,71745,2.5,13293
Honda,2013,68810,3.8,5510
Mazda,2017,104410,2.8,11434
Kia,2022,32372,3.6,16822
Hyundai,2018,132424,3.1,27417
Volkswagen,2012,108568,2.6,39339
Kia,2015,83101,2.3,31746
Nissan,2017,32235,1.7,10784
Nissan,2019,71573,1.4,9525
Ford,2016,73869,1.4,35011
Mazda,2018,114037,2.0,38912
Chevrolet,2016,105243,2.9,27759
Toyota,2010,20555,3.9,12774
Ford,2018,23863,3.2,28574
Toyota,2021,131741,1.6,37633
Hyundai,2014,102211,3.1,5461
BMW,2015,119092,2.7,15828
Ford,2011,126208,3.1,34987
Hyundai,2011,10203,3.0,9823
Volkswagen,2022,66182,1.8,32504
Ford,2013,107362,3.8,44048
Mazda,2013,111319,2.8,29596
Mazda,2014,37293,3.2,33120
Nissan,2016,128100,2.4,32328
Volkswagen,2022,127327,1.7,23890
Nissan,2020,92043,3.2,24098
Toyota,2021,73721,3.9,15255
Kia,2010,22622,2.9,15541
Chevrolet,2019,141527,1.9,30958
Volkswagen,2013,142868,3.0,34615
BMW,2022,63534,2.5,32225
Chevrolet,2018,132262,2.4,27201
Chevrolet,2017,27423,3.8,31038
Honda,2012,32007,3.3,19382
Ford,2015,98006,2.7,17418
BMW,2020,118156,2.5,7135
Volkswagen,2018,101382,2.0,17629
Nissan,2017,121144,2.3,35781
Toyota,2016,87542,2.8,17326
Ford,2016,125988,1.5,19152
Honda,2010,140573,2.3,43048
Toyota,2014,133711,2.7,36356
Volkswagen,2016,143361,3.0,24760
Kia,2023,80696,3.3,21735
Chevrolet,2022,88943,1.4,11977
Honda,2011,12190,2.2,11214
Toyota,2015,56678,2.1,38751
Nissan,2023,95456,2.8,29310
Honda,2011,147332,2.6,37806
Toyota,2012,7445,1.6,14315
Honda,2010,145048,3.4,14690
Nissan,2012,26275,3.2,21896
Nissan,2016,59386,3.5,41525
BMW,2014,85643,1.7,9771
Mazda,2013,76301,2.7,7015
Chevrolet,2022,79673,3.0,28514
Ford,2021,87946,1.5,35587
Ford,2017,73585,3.9,44595
Volkswagen,2017,60298,3.5,31142
Hyundai,2010,98418,2.0,34792
Volkswagen,2018,53378,3.0,13813
Hyundai,2023,67519,1.8,26177
Honda,2018,117707,3.7,6076
Hyundai,2011,16590,1.7,11616
Mazda,2011,102987,3.8,19413
Mazda,2017,124741,3.6,31033
Chevrolet,2021,98890,2.6,28300
Toyota,2020,142741,3.1,22296
Ford,2015,21773,2.0,25101
Chevrolet,2012,20648,2.4,40196
Mazda,2021,75152,2.0,15075
Toyota,2011,14867,2.8,8004
Volkswagen,2014,70788,2.2,36126
Ford,2017,103018,2.3,30456
BMW,2015,78588,2.6,21700
Ford,2021,92843,3.7,26138
Honda,2012,124436,2.8,16181
Kia,2021,143937,3.5,38439
Ford,2021,55657,3.6,18613
Mazda,2018,49628,2.0,12003
Honda,2017,17705,3.4,19332
Nissan,2019,83754,3.1,21251
Hyundai,2015,49237,2.7,36446
Volkswagen,2010,94809,1.6,26009
BMW,2011,124378,2.9,11061
Volkswagen,2013,34792,1.8,30135
Nissan,2011,114410,3.5,20165
Kia,2012,86043,3.8,40037
Ford,2023,68871,2.6,42605
Chevrolet,2017,114376,2.5,6690
Honda,2018,16899,2.7,25029
BMW,2015,70179,1.6,38125
Nissan,2013,28584,2.0,6357
Kia,2020,16020,3.8,5832
Volkswagen,2011,37983,2.3,28859
Nissan,2016,56838,2.9,21384
BMW,2019,118996,3.1,44857
BMW,2020,59731,3.7,40367
Kia,2016,21760,2.0,13336
Volkswagen,2019,126648,3.7,32648
Mazda,2018,69646,2.4,28018
BMW,2014,29156,3.8,28019
Honda,2019,34520,2.5,38693
Honda,2013,95864,1.7,42698
Hyundai,2019,94504,1.5,25258
Volkswagen,2015,131049,3.9,7871
Nissan,2021,118553,1.7,32005
Honda,2011,44238,2.8,10005
Kia,2011,125289,2.8,16495
Nissan,2021,124554,2.4,35549
Volkswagen,2018,51883,2.5,13480
Kia,2016,35642,2.6,27212
Ford,2016,77056,1.7,5952
Toyota,2022,9576,3.5,37058
Honda,2014,12183,2.4,35445
Honda,2016,135949,2.0,18084
Hyundai,2018,81350,2.2,33380
Mazda,2019,31352,3.0,25451
Hyundai,2014,66924,3.4,22206
Volkswagen,2018,82132,1.8,23581
Hyundai,2010,134963,2.9,35582
Mazda,2022,60552,2.5,13808
Mazda,2021,64418,3.6,36408
BMW,2012,137157,3.9,17504
BMW,2016,101225,3.2,17167
Toyota,2013,41497,2.9,30056
Kia,2011,91248,3.4,26676
Ford,2021,137559,2.7,39494
Mazda,2023,79076,1.5,19411
Ford,2012,86491,3.2,32768
Honda,2016,133686,2.9,24398
Chevrolet,2017,97565,1.8,16436
Toyota,2020,114948,2.0,7900
Volkswagen,2018,45105,2.0,37743
Nissan,2015,51369,3.3,35263
Ford,2019,12102,2.7,26461
Hyundai,2018,130443,1.5,39376
Mazda,2013,71545,3.6,21396
Ford,2021,68794,3.1,11207
Nissan,2014,93625,3.3,41466
Mazda,2010,8079,3.8,21179
Volkswagen,2023,17167,2.1,38333
Chevrolet,2018,72722,2.9,40640
Hyundai,2018,49279,3.4,44441
Ford,2018,14398,2.7,43424
BMW,2012,66140,2.7,42556
Toyota,2022,140590,3.8,36507
Ford,2019,54456,2.0,33170
Ford,2019,41222,3.1,34153
Nissan,2019,11082,3.9,23009
Nissan,2017,104154,2.0,12664
Toyota,2012,95606,2.6,8497
Ford,2022,24939,3.9,38847
Kia,2015,57582,1.5,7848
Volkswagen,2014,53819,3.0,21993
Nissan,2017,24533,2.5,36513
Nissan,2012,139419,3.4,39116
Kia,2023,8949,2.2,35173
Mazda,2010,100413,2.4,40131
Ford,2021,99814,2.7,7010
Toyota,2018,41174,2.3,24364
Nissan,2019,135027,2.1,14716
Toyota,2018,48664,2.3,43552
Toyota,2012,102527,3.8,20305
Volkswagen,2011,115260,2.3,39475
BMW,2013,52634,3.7,7465
Nissan,2023,75793,1.9,21732
Hyundai,2017,129641,3.1,13742
Mazda,2015,105991,3.3,31258
Toyota,2019,126998,1.7,5028
Nissan,2010,43291,2.8,33353
Mazda,2017,145982,1.4,34164
Hyundai,2014,35604,3.8,38522
Nissan,2022,98738,2.8,12901
Ford,2015,58726,1.5,16595
Toyota,2014,94647,3.2,17216
Hyundai,2019,105718,3.7,34536
Ford,2014,149343,3.3,23184
Toyota,2012,69456,1.7,37758
Honda,2023,43574,2.8,25993
Chevrolet,2013,56121,3.3,11689
Kia,2014,32679,3.5,18005
Toyota,2020,81794,1.4,23768
Hyundai,2020,6759,2.1,5439
Hyundai,2011,60718,3.7,39180
Chevrolet,2015,67268,2.1,16604
Nissan,2011,108533,2.6,32413
Kia,2013,147298,3.2,44847
Mazda,2021,76367,4.0,10203
Toyota,2010,137306,2.5,42851
Nissan,2013,110874,2.7,28742
Ford,2023,142028,2.9,21684
Mazda,2016,26481,2.0,22746
Kia,2023,90141,2.4,30307
Nissan,2017,140266,2.5,40286
BMW,2011,15251,1.5,15530
Mazda,2012,68356,1.4,33973
Volkswagen,2010,88169,2.0,44550
Volkswagen,2016,9029,2.7,9580
Toyota,2013,73396,3.9,22059
Toyota,2020,74049,3.9,34778
Toyota,2019,46138,3.1,12897
Kia,2017,75466,3.6,42731
BMW,2014,140749,3.7,40178
Nissan,2018,10472,3.6,43937
Ford,2015,149800,2.8,20062
Honda,2020,40297,3.2,15211
Hyundai,2019,133298,1.4,11990
Ford,2011,96068,3.1,30680
Nissan,2010,73009,2.5,30528
BMW,2010,104389,3.1,39511
Kia,2021,110666,3.2,29175
Mazda,2021,140734,1.7,35185
Ford,2023,106738,3.7,20482
Mazda,2023,138737,1.9,18211
Honda,2018,81720,1.4,24324
Nissan,2010,144547,2.5,32358
BMW,2012,42239,1.6,35799
Nissan,2021,17660,3.9,29191
Hyundai,2011,63200,2.1,9429
Kia,2021,134267,2.0,23505
Hyundai,2013,28289,2.1,30312
Nissan,2010,144060,2.1,9181
Hyundai,2010,44974,1.6,26313
Chevrolet,2013,105437,2.8,14919
Nissan,2022,50154,1.4,18062
BMW,2022,7421,3.3,31536
Ford,2023,65149,3.4,39938
BMW,2013,74467,2.4,8613
Chevrolet,2016,132058,3.9,25389
Ford,2017,31176,3.4,9262
Chevrolet,2022,127880,1.7,39450
Ford,2017,52540,3.9,38168
BMW,2017,49827,3.6,35308
Nissan,2023,99697,3.2,18257
Toyota,2023,134262,3.1,13782
Volkswagen,2021,48930,3.0,8012
Volkswagen,2023,126211,4.0,39282
Chevrolet,2018,71334,2.6,33514
Volkswagen,2010,139534,1.8,22155
BMW,2018,110799,2.2,11608
Mazda,2019,117095,2.4,31221
Chevrolet,2017,101202,2.2,31005
Ford,2010,55479,1.5,35084
Kia,2016,12449,1.6,16451
Hyundai,2018,50190,1.4,40875
BMW,2013,37953,3.2,28397
Ford,2022,44799,3.1,25360
Mazda,2022,17288,1.6,35931
Kia,2018,14877,2.2,8437
Volkswagen,2010,78127,2.1,38641
Mazda,2018,106053,2.6,19838
Chevrolet,2015,132245,2.3,18164
Honda,2013,93482,3.5,44885
Honda,2021,57550,3.7,31243
Volkswagen,2021,111364,1.9,40122
Honda,2014,146566,1.7,27438
Honda,2016,5078,3.6,13297
Ford,2019,82674,2.7,23634
Ford,2022,88041,2.2,26814
Hyundai,2013,106525,1.5,23027
Nissan,2017,13977,3.0,31710
Volkswagen,2012,122549,1.9,17143
Honda,2011,37593,1.5,18966
Hyundai,2010,138795,2.6,15839
Volkswagen,2023,14773,3.0,19670
Honda,2022,89650,1.8,24631
BMW,2015,19539,3.1,21853
Toyota,2011,45593,1.9,42911
BMW,2017,103446,1.5,10065
Kia,2020,130114,1.8,14540
Volkswagen,2019,98671,2.9,16040
Nissan,2022,130049,3.1,43947
Kia,2013,65765,3.6,23663
Hyundai,2018,101782,1.6,41441
Hyundai,2013,98984,3.9,6345
Honda,2013,38312,2.8,32873
Kia,2022,12586,2.0,44271
Honda,2021,87833,2.4,24371
Volkswagen,2017,130017,1.5,16454
Hyundai,2021,89463,1.7,6196
Toyota,2022,115491,3.7,35328
Hyundai,2017,20020,1.7,27193
Ford,2014,103170,1.5,42062
Mazda,2012,64523,3.0,36460
Nissan,2021,80043,2.4,15368
Kia,2011,68477,2.5,8910
Honda,2018,98420,1.7,22399
Mazda,2023,95334,1.5,42205
Mazda,2018,115918,3.7,24538
BMW,2014,34904,2.4,26341
Chevrolet,2023,89073,1.7,14352
BMW,2022,87644,1.9,20970
BMW,2017,127507,1.7,21546
Nissan,2016,67927,2.6,35860
Ford,2012,57050,3.5,26145
Hyundai,2021,39232,2.4,31796
BMW,2014,85656,3.0,42042
Volkswagen,2022,69021,3.2,40992
Hyundai,2018,47914,3.3,12974
Ford,2013,68856,3.0,17746
Honda,2012,116290,2.8,10597
Chevrolet,2016,51798,2.6,36284
Hyundai,2017,43382,2.6,27077
Kia,2014,28473,2.3,19440
Nissan,2022,126451,2.7,36619
Mazda,2017,20765,2.6,6223
Honda,2014,97334,2.2,23746
Ford,2018,71314,2.2,13869
BMW,2016,58120,2.6,11871
Volkswagen,2014,45435,3.5,25403
Volkswagen,2022,84843,2.0,24312
Chevrolet,2018,107900,3.6,5365
Ford,2014,12357,3.3,34912
Honda,2017,73089,2.1,39783
Kia,2021,33820,1.4,23172
Mazda,2013,25487,1.6,29880
BMW,2018,84507,3.7,32353
Nissan,2021,27188,3.5,42987
Toyota,2015,83416,2.4,38178
Toyota,2015,36310,1.6,34206
BMW,2023,140636,3.5,38107
Honda,2012,99658,2.1,19618
BMW,2022,25062,3.9,41852
Ford,2012,84671,2.8,35850
Toyota,2013,148487,3.3,5103
Chevrolet,2010,74241,2.6,12706
Ford,2015,14044,1.5,33652
Toyota,2010,67263,1.6,40517
Kia,2020,61917,3.9,36501
Mazda,2013,13647,2.5,27235
Volkswagen,2022,110479,1.9,24115
Ford,2016,103533,3.3,31648
Volkswagen,2021,28191,3.7,39299
Volkswagen,2015,133526,2.1,36371
Toyota,2017,103259,2.9,17755
Ford,2013,125282,2.0,16681
Mazda,2018,106781,3.5,42654
Kia,2019,85840,1.6,38682
Hyundai,2017,113286,2.4,44031
Chevrolet,2023,66885,2.4,43904
Volkswagen,2014,70702,3.1,24947
Mazda,2023,62924,1.9,33928
Nissan,2015,129679,2.6,37201
Nissan,2014,49587,2.8,26696
Hyundai,2015,65197,3.7,31756
Hyundai,2010,71463,2.8,13376
Hyundai,2013,81636,1.7,22557
Chevrolet,2018,83779,1.7,43314
Chevrolet,2013,123788,3.8,12624
Kia,2011,58246,3.9,15987
Volkswagen,2015,126671,1.8,6414
Honda,2011,135430,3.4,43767
Nissan,2012,51558,2.1,38044
Toyota,2016,36244,3.6,37070
Toyota,2013,34386,1.7,16834
Hyundai,2010,27312,2.5,33424
BMW,2018,112983,2.9,33791
Nissan,2015,13718,3.6,35631
Honda,2018,70536,3.6,17872
Honda,2012,111766,1.9,5250
Toyota,2014,52078,3.9,37882
BMW,2018,20542,3.1,18803
Honda,2015,122575,3.1,18923
Nissan,2011,126204,3.7,44049
Volkswagen,2010,134562,2.2,36461
Mazda,2018,147842,2.5,11719
BMW,2010,127593,4.0,41495
Honda,2023,105299,1.4,35000
BMW,2014,139649,3.7,39287
BMW,2010,118211,3.6,41360
Volkswagen,2014,125897,2.1,18113
Nissan,2014,19322,3.5,22147
Toyota,2016,62813,2.3,39213
Volkswagen,2016,56442,3.0,10149
Honda,2020,144600,2.6,13141
Hyundai,2019,114097,1.7,40185
Volkswagen,2010,80447,3.7,5924
Hyundai,2018,12212,2.8,6755
Ford,2010,39867,2.7,12966
Toyota,2014,69662,3.7,19032
Nissan,2016,103716,2.3,42503
Mazda,2021,52672,2.9,43768
BMW,2017,86682,3.7,44036
Hyundai,2011,65624,2.3,12221
Mazda,2023,139065,3.5,21174
Mazda,2010,16654,2.7,37927
Hyundai,2013,5246,1.8,21778
Mazda,2021,61714,1.5,26323
BMW,2013,49738,3.3,23802
Kia,2019,61247,2.1,34862
Ford,2021,123055,3.5,14971
Hyundai,2015,33906,1.9,13515
BMW,2010,138761,2.9,35909
Toyota,2023,72004,1.6,29076
Hyundai,2010,70768,3.3,42148
BMW,2012,127699,3.4,39613
BMW,2014,133881,3.8,40400
Volkswagen,2021,94060,2.9,32069
Kia,2015,105190,1.7,18510
Hyundai,2014,21693,3.6,26702
Nissan,2022,96019,2.2,25500
BMW,2022,72136,3.7,33936
Ford,2022,123002,3.9,10617
Volkswagen,2014,34027,1.7,11828
BMW,2018,69307,1.6,40156
Hyundai,2011,10729,3.7,24652
Honda,2021,62143,3.7,7887
BMW,2021,50932,2.9,35304
Chevrolet,2010,121529,3.7,34050
Honda,2015,121363,3.8,22326
BMW,2018,72326,2.8,14759
Mazda,2016,115016,3.2,24491
BMW,2017,46893,3.0,6712
Toyota,2014,129213,1.9,28697
Mazda,2019,107647,2.5,30430
Hyundai,2013,47411,3.2,28933
Ford,2015,83732,3.0,26633
Honda,2012,137011,2.0,31266
Nissan,2010,147723,3.8,13606
Volkswagen,2020,14285,3.4,11575
Ford,2013,77626,1.6,9164
Mazda,2018,32077,2.3,8526
Volkswagen,2013,64757,4.0,44195
Honda,2010,49733,2.4,25162
Nissan,2023,30786,3.1,37795
Chevrolet,2013,11275,1.7,16227
Chevrolet,2016,48791,2.2,8831
Nissan,2012,75353,3.7,6937
Volkswagen,2019,148882,2.7,21014
Hyundai,2015,109135,3.5,22368
Volkswagen,2023,54402,1.4,40588
BMW,2010,81868,3.1,37474
Volkswagen,2020,47245,2.2,22608
Hyundai,2013,20077,3.6,37511
Ford,2012,113283,3.9,21756
Honda,2023,123721,3.2,24777
Volkswagen,2010,55654,1.8,23760
Honda,2012,66663,2.6,25087
Mazda,2013,11600,2.6,22586
Chevrolet,2014,75580,3.6,19462
Chevrolet,2015,21411,2.6,17431
Hyundai,2011,69364,2.3,13384
Mazda,2011,46860,3.0,6265
Chevrolet,2015,70636,3.1,9672
Hyundai,2014,20383,3.5,42296
Volkswagen,2010,61546,3.7,15286
Mazda,2012,147581,3.7,35119
BMW,2020,135771,3.0,26901
BMW,2014,134386,2.8,7463
BMW,2022,39221,3.5,40799
Ford,2021,99843,2.2,6830
BMW,2021,107863,3.4,20972
Mazda,2011,78353,2.7,32037
Toyota,2010,104819,1.7,36863
Chevrolet,2018,115417,3.4,38322
BMW,2014,86248,3.1,31038
Mazda,2011,20964,1.6,40371
Kia,2019,39195,2.6,28883
Volkswagen,2013,73885,2.7,21770
Ford,2012,17157,3.1,44764
Honda,2016,127445,3.2,43457
Hyundai,2010,67214,1.9,21336
Kia,2019,18885,1.5,12337
Kia,2021,112922,3.5,23465
Ford,2021,143090,4.0,35417
Hyundai,2013,84127,3.8,31777
Ford,2016,5389,2.7,11856
BMW,2020,21519,2.8,17844
Honda,2019,40224,3.8,13196
Hyundai,2022,62944,2.8,11169
Mazda,2014,28497,2.1,11643
Chevrolet,2013,145840,3.2,11888
Ford,2013,125784,2.6,22742
Honda,2020,147189,3.4,24864
Volkswagen,2021,43274,3.4,39585
Toyota,2023,79931,3.8,22110
Volkswagen,2011,14913,1.8,6620
Toyota,2017,144857,2.8,10617
Nissan,2021,112101,3.4,37227
Mazda,2013,39237,2.5,16422
Nissan,2011,84987,3.0,30075
Ford,2018,35964,3.5,13441
Ford,2023,104610,2.6,5330
Toyota,2023,10332,2.5,6872
Hyundai,2022,31263,1.9,37480
Honda,2021,52554,3.5,10482
BMW,2019,147990,3.5,29025
Kia,2022,112544,3.3,10539
Ford,2016,58480,2.4,38007
Nissan,2012,76863,2.9,10569
Nissan,2016,52354,1.7,34471
Volkswagen,2010,44709,2.2,19199
Mazda,2021,72933,2.5,14406
Toyota,2010,20698,1.5,27897
Kia,2013,110463,1.7,27806
Toyota,2013,148489,3.6,35769
Ford,2013,37954,3.9,43596
Chevrolet,2018,67884,2.2,33843
Kia,2015,72100,1.7,10117
Volkswagen,2012,105213,3.8,33344
Nissan,2015,111773,3.8,14892
Volkswagen,2011,26266,3.1,39833
Ford,2011,116847,2.3,43276
Chevrolet,2016,148724,1.7,9706
BMW,2023,18789,3.8,14845
Kia,2012,119624,3.8,34941
Toyota,2016,148827,3.3,36529
Kia,2012,47608,3.8,29791
Nissan,2021,35667,1.8,43554
Toyota,2021,73234,1.7,25405
BMW,2011,52929,1.9,44502
BMW,2013,129177,2.0,10722
Mazda,2013,85789,3.6,34304
Toyota,2012,84671,3.8,17746
Honda,2018,63561,2.0,29343
Chevrolet,2015,87191,2.6,24837
Honda,2014,121011,2.6,38026
BMW,2022,111055,1.9,9774
Toyota,2021,20117,3.6,40654
Mazda,2021,89872,2.8,8467
Kia,2015,21714,2.9,32680
Kia,2022,146931,2.1,10389
Kia,2020,146099,2.9,41761
Mazda,2017,94869,3.5,12636
Ford,2014,116452,2.2,33540
Toyota,2022,135041,1.7,36144
Honda,2022,12184,2.9,38196
Chevrolet,2013,53339,3.1,15820
BMW,2016,49896,1.9,8170
Chevrolet,2021,23557,2.0,20967
BMW,2023,107013,1.8,42129
Toyota,2014,60039,3.8,27664
Toyota,2013,90120,2.0,44641
Volkswagen,2023,149907,1.4,5126
Honda,2014,41492,3.6,44996
Nissan,2020,57685,3.5,31206
BMW,2013,124753,2.6,22808
Hyundai,2017,129683,3.5,27966
Nissan,2017,9693,2.6,33524
Kia,2010,53401,2.0,44349
Chevrolet,2023,131290,2.5,42006
Toyota,2021,31957,2.7,21698
Hyundai,2012,121552,1.4,19364
BMW,2020,115423,1.7,36464
Ford,2013,42010,3.7,28513
BMW,2011,15251,2.4,20057
Chevrolet,2023,27343,2.3,32988
BMW,2022,92943,3.7,15865
BMW,2014,76734,1.8,11711
Mazda,2020,101485,2.0,27708
Honda,2017,119643,3.6,12692
Nissan,2021,39385,2.1,40594
Ford,2011,43848,3.0,24831
Toyota,2023,115538,3.3,11550
BMW,2018,117174,2.0,12223
Ford,2022,137971,2.1,8336
Volkswagen,2016,105338,2.7,18434
BMW,2015,18983,3.5,26842
Mazda,2017,27706,2.8,24682
Mazda,2023,25357,1.6,41831
Hyundai,2011,32528,2.3,15989
Kia,2023,34223,2.3,25754
Chevrolet,2014,54877,3.5,9448
Nissan,2013,49487,2.2,16222
Volkswagen,2017,119167,3.7,22627
Chevrolet,2022,144103,2.3,27942
Chevrolet,2010,99197,1.9,13580
Hyundai,2021,82137,2.8,10408
Mazda,2012,15675,2.4,43047
Honda,2019,50221,3.1,30981
Ford,2017,94020,3.8,41975
Toyota,2014,55711,3.8,19319
Honda,2013,41978,2.0,11074
Honda,2015,34022,1.8,37356
Kia,2021,90251,3.8,16489
Kia,2014,42739,3.5,13127
Honda,2012,88169,2.1,41398
Mazda,2022,9226,3.5,18960
Chevrolet,2020,105258,3.3,16426
Ford,2023,93897,2.1,41910
Chevrolet,2014,111844,3.8,29630
Chevrolet,2013,48478,2.2,17832
Chevrolet,2010,46073,2.6,23373
Ford,2010,11161,3.0,9023
Ford,2023,102465,1.9,14535
Hyundai,2016,43229,3.0,40804
Nissan,2013,6628,3.2,40897
Honda,2010,78516,1.7,16386
BMW,2015,107542,2.4,23579
Hyundai,2020,51892,3.0,19648
Hyundai,2021,82411,3.8,7804
Toyota,2020,27980,3.7,26402
BMW,2021,146373,1.8,26252
Kia,2020,55451,3.0,35597
Toyota,2020,131630,1.7,20335
Kia,2010,26798,2.2,6379
Nissan,2017,106320,3.0,36892
Volkswagen,2021,14589,1.6,44653
Kia,2022,116251,3.7,12948
Chevrolet,2018,85633,3.6,10404
Kia,2020,112656,2.6,26857
BMW,2012,53222,2.7,32908
Ford,2016,11381,3.7,41546
BMW,2022,95907,1.5,14864
Nissan,2014,61615,1.8,21573
Hyundai,2012,73453,2.2,20170
Chevrolet,2014,32115,2.3,19448
Volkswagen,2019,9353,4.0,42358
Nissan,2016,81162,1.8,40517
Hyundai,2016,74901,2.2,7493
Mazda,2018,31576,3.6,41539
BMW,2017,118506,3.4,9528
Nissan,2013,90038,3.1,5680
BMW,2014,48701,2.3,5305
Volkswagen,2014,96837,1.7,22377
Hyundai,2019,129390,4.0,18840
BMW,2021,88661,2.1,39169
Ford,2011,32468,3.6,9301
Kia,2021,129854,3.7,10872
Toyota,2016,44123,2.5,43730
Volkswagen,2016,77599,3.6,32063
Toyota,2018,142075,2.1,30344
Honda,2022,147096,3.7,13384
Kia,2018,22173,3.1,43542
Volkswagen,2013,142530,1.9,41097
Nissan,2014,66194,3.4,21395
Ford,2016,126110,3.8,30516
Nissan,2019,58621,2.9,36928
Mazda,2016,69213,3.4,5214
Honda,2020,110959,3.5,37445
Ford,2019,138181,3.4,38552
BMW,2020,126710,2.6,13909
BMW,2017,149437,3.3,15698
Chevrolet,2017,34145,2.8,36059
BMW,2011,82935,2.5,18675
Hyundai,2021,75621,1.8,34382
Honda,2018,85195,3.8,9416
Hyundai,2020,26274,2.5,18943
Kia,2013,145146,2.0,8838
Chevrolet,2010,111057,2.0,40055
Chevrolet,2010,15987,2.0,21398
BMW,2014,133603,1.4,42740
Ford,2016,67538,2.5,30765
Kia,2014,132571,3.7,10473
Mazda,2022,115324,1.5,37064
Honda,2012,93291,3.9,41104
Honda,2020,69082,1.9,12617
Volkswagen,2016,146299,3.3,5725
Nissan,2010,12148,3.4,25557
BMW,2020,35900,3.3,5207
Volkswagen,2010,16771,2.3,22298
Mazda,2021,71461,3.2,32496
Chevrolet,2011,43989,2.6,27558
Toyota,2010,37996,1.8,5193
Mazda,2018,31997,1.9,29675
Mazda,2013,34488,1.5,31826
Ford,2016,114752,2.3,42572
Ford,2014,27975,3.3,9037
Ford,2023,42310,3.9,27177
Ford,2016,69254,1.7,30379
Nissan,2022,98264,2.3,36915
BMW,2022,108197,1.9,41142
Honda,2016,30809,3.4,32847
BMW,2010,110730,3.8,36888
BMW,2010,48995,1.7,40854
Honda,2020,129189,3.7,39794
Ford,2012,62812,2.1,29303
BMW,2019,64760,2.0,8566
Nissan,2011,131675,1.5,12426
Ford,2023,109419,1.6,41859
Nissan,2016,22507,1.6,35007
Volkswagen,2012,39388,2.6,14269
BMW,2016,67164,3.1,31296
Hyundai,2018,90894,1.9,17939
Nissan,2021,62095,2.0,22791
Volkswagen,2020,85469,1.8,10306
Kia,2010,104774,3.5,43239
Kia,2012,118855,1.8,33307
Volkswagen,2022,81189,1.6,17743
Chevrolet,2020,120964,1.5,9092
Chevrolet,2015,145920,1.5,17446
Ford,2022,107945,2.8,31220
Chevrolet,2018,12176,1.6,22927
Kia,2014,78915,2.0,19813
Chevrolet,2012,50663,3.6,18944
Hyundai,2017,11788,3.9,12002
Kia,2022,11282,3.6,25898
Nissan,2023,117218,3.9,44948
Mazda,2021,10375,3.1,18384
Chevrolet,2014,23610,4.0,19487
Chevrolet,2015,123781,2.7,5253
BMW,2022,130194,3.5,35605
Honda,2011,137412,3.9,26133
Hyundai,2013,78519,3.2,43576
Kia,2010,112345,3.9,29697
Kia,2023,37088,2.1,29608
Toyota,2022,116318,2.2,14475
Honda,2013,79063,2.4,15789
Chevrolet,2010,95915,2.6,12982
Volkswagen,2013,67294,3.7,43132
BMW,2023,51661,3.7,43028
Nissan,2011,79090,3.1,17918
BMW,2015,51185,2.0,7536
Chevrolet,2015,73105,2.0,10912
Toyota,2017,94301,3.0,17517
Mazda,2018,98142,2.7,28397
Kia,2017,16578,2.1,38322
Nissan,2010,109358,1.8,24490
Honda,2022,35202,3.3,10108
Chevrolet,2012,84963,3.5,35300
Hyundai,2015,29381,2.1,38718
Volkswagen,2010,89005,2.5,27107
BMW,2017,133730,3.3,42622
Toyota,2023,44615,2.6,18286
Mazda,2015,10802,3.9,43564
Ford,2010,108533,1.7,40873
Volkswagen,2019,119831,3.6,39770
Chevrolet,2011,16841,2.2,27759
Mazda,2015,106572,3.2,5926
Volkswagen,2019,69660,2.1,24787
Volkswagen,2023,117187,3.9,44901
Kia,2017,105489,1.5,26630
Volkswagen,2014,23921,2.7,41988
Hyundai,2010,142817,3.8,6886
Mazda,2023,36443,2.6,9463
Chevrolet,2019,20016,3.6,15249
Chevrolet,2011,83755,3.9,12888
Hyundai,2013,118264,1.6,31053
Honda,2013,34012,2.7,36736
Mazda,2016,92617,3.2,15325
Volkswagen,2011,105064,3.6,34391
Toyota,2016,82974,1.8,14532
Nissan,2016,26251,2.9,25531
Mazda,2016,42860,1.8,23627
Ford,2022,142652,3.4,22096
Toyota,2012,53201,2.1,44117
Hyundai,2015,82919,2.1,10362
Volkswagen,2021,99499,3.4,20711
Honda,2015,74936,3.6,38354
Ford,2013,56922,2.3,28730
Honda,2010,30344,2.7,21747
Honda,2018,128865,3.2,31508
BMW,2011,118581,3.3,27807
Kia,2018,29780,3.4,18971
Ford,2017,63210,2.4,26993
Nissan,2010,5661,2.8,22504
Kia,2020,71214,1.7,27004
Ford,2016,62146,3.9,30423
Honda,2022,57452,3.2,38874
Kia,2019,49505,2.4,22312
Ford,2012,121953,2.4,24496
Nissan,2019,107594,1.6,40777
Toyota,2022,10647,2.6,32237
Mazda,2019,62083,3.1,41528
Volkswagen,2023,110010,3.9,31375
Ford,2023,33979,3.1,13066
Nissan,2023,38288,3.1,26751
Mazda,2018,141714,3.4,29128
Kia,2014,51698,2.7,23552
Ford,2020,8884,1.5,15695
Ford,2012,121564,3.7,20233
Hyundai,2017,40509,2.4,13150
Ford,2021,36649,4.0,42288
Volkswagen,2012,101068,2.5,34386
Hyundai,2016,103954,3.1,44311
Mazda,2023,16036,2.6,31207
Kia,2016,89571,2.0,33095
Kia,2016,14747,3.8,32555
Chevrolet,2023,51692,3.0,13622
Chevrolet,2021,61777,2.6,30270
Mazda,2010,67108,1.8,13029
BMW,2020,112008,4.0,16003
Nissan,2014,55387,3.7,43507
BMW,2021,141590,2.5,11681
Nissan,2020,11277,1.8,28215
Hyundai,2010,80877,1.5,40229
Mazda,2016,122120,1.8,36873
Nissan,2022,28613,2.8,6266
Chevrolet,2022,137031,3.5,22658
Chevrolet,2017,57100,2.3,8237
Honda,2016,142008,2.5,6057
Nissan,2010,147714,2.6,25246
Mazda,2012,111940,1.4,30331
Toyota,2019,24923,1.9,34517
Hyundai,2012,14227,2.7,28718
Ford,2016,73580,2.1,14844
Ford,2013,118767,2.8,29648
Nissan,2021,127478,1.7,10420
BMW,2012,104590,3.5,32454
Hyundai,2015,80186,3.4,39798
Kia,2021,146484,3.1,37740
Volkswagen,2019,104934,2.8,43790
Ford,2015,90947,2.4,17061
Chevrolet,2019,24500,3.2,31123
Hyundai,2014,98066,3.4,7835
BMW,2021,18024,3.5,33351
Mazda,2015,34088,2.3,38692
BMW,2012,124770,1.9,21566
Hyundai,2023,132393,2.3,32157
Kia,2022,47440,1.4,24350
Ford,2019,103739,2.5,35895
Chevrolet,2014,93797,2.1,9396
Toyota,2018,133848,3.5,18337
Mazda,2013,22349,3.2,9891
Chevrolet,2020,136287,1.5,36158
Kia,2011,147499,1.8,7665
Volkswagen,2014,25704,2.8,17468
Kia,2012,133245,3.0,40469
Kia,2021,138777,3.4,21557
Ford,2012,86598,3.9,13572
Hyundai,2013,46732,3.2,11477
Hyundai,2021,135241,2.8,11466
Chevrolet,2013,36233,2.5,39761
Volkswagen,2014,126124,3.3,23932
Volkswagen,2016,98267,3.8,34218
BMW,2013,78658,2.5,32567
Toyota,2020,131160,2.9,5938
Kia,2016,78785,1.9,25755
Toyota,2018,141018,3.6,10744
Honda,2012,9743,3.3,9151
Nissan,2014,125138,2.3,32755
Kia,2013,54612,3.7,7050
Toyota,2018,79696,3.9,8978
Ford,2014,37068,2.2,41712
Nissan,2019,149593,1.9,7936
Volkswagen,2011,143364,3.6,26532
Kia,2019,12629,2.9,34093
Kia,2010,136361,3.7,39554
Volkswagen,2016,98397,2.3,8861
BMW,2020,20791,2.9,35165
Ford,2010,69407,2.9,37877
Kia,2017,93312,1.9,20166
Toyota,2018,30308,4.0,7684
Kia,2016,126356,3.1,11565
Nissan,2018,127673,3.1,19001
Kia,2019,85986,2.2,43807
Toyota,2015,110152,3.1,10118
Mazda,2016,9937,3.6,34796
Nissan,2012,81519,3.5,6453
Chevrolet,2023,146302,3.8,37152
Chevrolet,2023,101422,1.8,25941
Nissan,2018,36994,1.9,22218
Ford,2012,147782,3.2,29911
Mazda,2015,134272,3.5,12317
Nissan,2013,49477,3.2,14044
Toyota,2018,36881,1.8,28688
Honda,2010,127822,2.9,34014
Hyundai,2018,133941,3.3,21304
Kia,2021,9437,1.8,26375
BMW,2013,74456,1.5,14073
Mazda,2019,71663,2.1,16245
Toyota,2014,60753,1.6,34987
BMW,2020,79718,1.8,24694
Chevrolet,2022,90406,1.9,11115
Nissan,2010,69388,2.8,29793
Mazda,2023,42495,1.8,42399
Volkswagen,2010,141581,3.0,25842
Kia,2015,55203,2.2,10901
Hyundai,2019,35487,2.2,28258
Chevrolet,2022,122275,3.9,24243
Nissan,2010,9867,3.5,31760
Kia,2022,79599,2.5,20455
Chevrolet,2011,60984,2.6,16479
Volkswagen,2022,52455,1.7,14089
BMW,2023,66138,3.6,18692
Hyundai,2012,123108,1.4,29943
Hyundai,2016,86774,1.8,17525
Kia,2011,13182,2.8,30049
Toyota,2014,103272,1.9,19520
Kia,2018,14192,3.0,10363
Chevrolet,2021,82159,1.4,30663
Toyota,2021,45256,1.7,6751
Hyundai,2019,10097,3.4,38434
Honda,2017,121081,2.9,22716
Hyundai,2021,72407,1.5,6466
Kia,2017,83709,1.9,18299
Chevrolet,2020,123854,2.0,26109
Toyota,2011,32708,3.6,24996
Nissan,2010,42307,2.9,31695
Toyota,2018,48524,2.8,29798
Volkswagen,2019,71929,1.6,12393
Ford,2021,68804,3.1,23189
Ford,2013,32668,1.8,38347
Mazda,2018,15937,2.8,37112
BMW,2020,22104,2.9,39332
Mazda,2023,9326,3.6,12592
Mazda,2021,74133,3.5,40184
Toyota,2020,42727,1.9,11272
Chevrolet,2016,45526,3.8,41250
Mazda,2021,33341,1.4,18825
Kia,2015,65493,2.3,33338
Toyota,2019,70295,1.6,10493
Chevrolet,2022,116833,3.3,16189
Ford,2018,37700,2.7,5073
Honda,2019,11243,1.9,14629
Kia,2013,44060,1.6,32102
Nissan,2023,86280,2.0,10602
BMW,2010,135202,3.8,7287
Nissan,2014,29970,3.2,35860
Chevrolet,2022,5375,2.0,33616
Volkswagen,2015,109050,3.7,27826
Chevrolet,2015,97312,1.8,20400
Honda,2021,95524,3.2,14162
Ford,2010,142417,2.5,34016
Hyundai,2016,85010,2.1,33345
Chevrolet,2017,68255,2.1,30997
Ford,2021,43923,2.7,37194
Nissan,2014,93198,3.8,39229
Chevrolet,2011,20271,3.3,19893
Chevrolet,2011,134104,3.1,14088
Mazda,2020,120781,3.7,16771
Nissan,2014,67030,2.9,44883
BMW,2016,28519,1.9,24322
BMW,2016,136782,3.9,28737
Kia,2022,33026,2.8,9950
Volkswagen,2013,94381,2.2,28682
Hyundai,2020,123174,3.4,27413
Chevrolet,2023,9892,2.6,38377
Chevrolet,2012,123187,1.4,35998
Kia,2018,40995,2.2,32325
Volkswagen,2021,133835,2.6,41902
Nissan,2023,93340,2.4,26961
Chevrolet,2023,110736,2.8,26335
Ford,2016,130220,1.9,42409
Toyota,2011,22851,2.9,10335
Volkswagen,2010,39326,4.0,38048
Chevrolet,2020,48479,3.4,7318
Volkswagen,2011,43025,3.2,6152
BMW,2022,28365,1.9,25855
Hyundai,2021,76060,2.9,42178
Chevrolet,2012,115948,3.5,22512
Hyundai,2014,73410,2.0,18301
Honda,2023,111325,1.6,30374
Toyota,2012,131526,3.1,38271
Kia,2019,77493,3.2,42107
Hyundai,2018,24076,3.5,7441
Chevrolet,2019,16261,3.0,14386
Mazda,2013,83247,3.6,40985
Kia,2016,44534,2.1,39106
Kia,2013,15090,1.5,22739
Nissan,2012,37771,3.3,5085
Hyundai,2019,83292,2.4,15698
Mazda,2010,75295,1.9,6200
Hyundai,2023,98737,1.5,28190
Nissan,2021,143433,3.4,32019
Toyota,2018,56559,3.5,20132
Chevrolet,2022,138639,2.4,19552
BMW,2020,80713,3.7,7647
BMW,2010,40917,2.5,9666
Hyundai,2020,110142,3.9,16587
Nissan,2022,93148,4.0,14756
Volkswagen,2010,92535,3.5,43914
Chevrolet,2010,127958,2.1,6886
Hyundai,2023,127161,2.4,37856
Volkswagen,2014,6605,2.8,10486
Chevrolet,2016,115747,2.3,35782
Volkswagen,2016,77820,3.5,15518
Kia,2019,59721,3.8,5432
Hyundai,2010,51029,4.0,30685
Nissan,2015,22736,2.3,19412
Chevrolet,2018,139806,2.1,18954
BMW,2015,12531,1.8,39413
Hyundai,2013,38186,1.5,17656
Chevrolet,2019,50077,1.9,27772
Chevrolet,2018,46220,2.1,20907
Volkswagen,2022,89027,2.4,36496
Volkswagen,2012,76842,1.7,31550
Mazda,2022,53241,3.5,16154
Hyundai,2019,140363,3.0,27343
Honda,2013,85496,2.9,41896
Ford,2013,79632,2.8,20251
Honda,2013,105530,2.2,13570
Chevrolet,2015,45428,3.8,18778
Mazda,2022,17612,2.0,22526
Chevrolet,2020,63269,3.1,26581
Honda,2020,61673,2.1,33994
Chevrolet,2016,82207,4.0,15401
Volkswagen,2023,55767,3.8,44986
Hyundai,2018,52901,2.1,18275
BMW,2023,39711,4.0,12634
Honda,2020,56522,3.0,39598
Ford,2012,111537,3.3,17505
Ford,2017,148933,2.1,7969
Volkswagen,2017,29218,2.0,34560
Hyundai,2010,133449,3.6,41875
Toyota,2014,13632,2.1,7098
Toyota,2022,34884,3.8,29955
Nissan,2019,52388,2.4,33005
Nissan,2014,46063,1.4,13458
Honda,2021,136382,2.9,18759
Volkswagen,2017,39675,2.3,14678
Volkswagen,2017,14899,3.9,6317
Chevrolet,2021,121379,2.4,7695
Ford,2011,110636,2.2,16792
Ford,2012,9502,2.9,21230
Ford,2011,56167,3.3,7428
Mazda,2010,133057,3.9,12554
Hyundai,2011,77398,1.6,33468
Kia,2019,9055,2.5,22005
Chevrolet,2015,16876,3.1,37096
Toyota,2021,110722,1.4,40423
Volkswagen,2010,128066,2.7,14439
Toyota,2015,17219,3.5,19789
Mazda,2010,113118,1.5,21368
Toyota,2011,99697,2.3,19653
Ford,2017,53108,2.4,30908
BMW,2023,79007,3.3,26434
Chevrolet,2015,38622,2.2,12888
BMW,2018,101066,2.0,22277
Nissan,2010,34676,1.7,37082
BMW,2014,21781,4.0,27878
Kia,2016,85963,2.6,29402
Volkswagen,2018,8503,1.5,28190
Mazda,2023,37617,1.6,27178
Volkswagen,2020,82599,1.7,39061
Kia,2018,57947,2.0,6600
Volkswagen,2013,38399,3.3,35064
BMW,2022,86808,2.9,30568
Hyundai,2013,122724,3.4,43960
Volkswagen,2013,17984,1.5,43563
Nissan,2012,67886,2.1,30216
Chevrolet,2017,5927,2.5,27355
Chevrolet,2014,64371,2.5,11677
Toyota,2016,96777,1.5,18218
Honda,2019,111573,2.7,32650
BMW,2015,98353,2.1,26899
Ford,2023,110014,1.9,15986
Kia,2018,99378,3.1,19756
Mazda,2023,26121,1.6,37523
BMW,2012,55851,3.7,43657
Chevrolet,2015,119979,3.7,35589
Toyota,2012,21964,2.2,41179
Volkswagen,2011,9200,4.0,34736
Ford,2012,102130,2.4,36650
Ford,2011,146559,3.9,25723
Honda,2011,143142,4.0,25953
Hyundai,2019,129009,3.5,27707
Honda,2020,76516,1.7,39995
Volkswagen,2016,107229,2.9,43205
BMW,2019,48952,3.3,5551
Nissan,2012,67959,1.6,20368
Kia,2017,127040,3.7,25081
Ford,2022,73781,3.6,42008
Mazda,2011,31392,3.8,33382
BMW,2020,42256,2.7,33751
Mazda,2020,106439,2.2,44736
Toyota,2016,36715,2.7,7645
Mazda,2012,124198,3.3,31255
Ford,2018,11546,2.5,9268
Ford,2016,137208,2.3,40595
Ford,2018,93128,1.6,8971
BMW,2011,44312,2.6,42477
BMW,2015,84756,2.4,25345
Kia,2014,20448,3.1,16465
Chevrolet,2023,118398,2.5,11306
Hyundai,2011,48851,1.4,24730
Volkswagen,2013,85532,2.7,7330
Volkswagen,2013,44268,3.4,34354
Toyota,2017,42741,3.9,43939
Honda,2022,5748,1.9,38342
Kia,2016,87186,2.5,27338
Chevrolet,2022,135895,3.6,22836
Nissan,2014,115997,1.5,18004
Toyota,2018,47148,2.3,13639
BMW,2010,27297,2.9,41174
Chevrolet,2013,68160,2.3,21840
Ford,2014,44577,2.7,8366
BMW,2017,57372,3.8,16385
Honda,2012,59681,1.5,39348
Honda,2023,14890,1.6,33476
Volkswagen,2021,118546,1.9,14922
Hyundai,2014,37968,2.4,15075
Hyundai,2012,52323,2.6,36695
Nissan,2022,83680,1.5,28086
BMW,2016,77691,3.7,34334
BMW,2019,80737,3.4,37031
Honda,2012,139577,2.1,19713
Ford,2016,65444,2.1,22484
Ford,2023,12080,1.5,24214
Mazda,2011,149479,2.4,27427
Ford,2016,77189,2.1,39316
Chevrolet,2018,67803,3.0,27657
Hyundai,2021,129591,2.8,29384
Ford,2014,131230,3.9,11568
Kia,2021,50094,3.5,19933
BMW,2015,16383,1.6,42812
Ford,2022,60472,3.2,32095
Mazda,2019,139090,1.7,30613
Nissan,2020,7653,2.2,12309
Nissan,2012,68568,2.8,38511
Honda,2022,29916,2.7,29038
Ford,2019,144684,3.2,26544
BMW,2014,89195,3.5,5829
BMW,2022,103776,3.6,36060
Hyundai,2014,86535,1.6,37802
Nissan,2012,117829,3.1,37217
Honda,2017,116458,3.9,41538
Ford,2015,132956,3.4,25448
Nissan,2022,45585,2.8,27192
Nissan,2012,29569,4.0,37446
BMW,2010,102202,1.5,16002
Ford,2019,59868,1.6,5249
Toyota,2010,12996,3.4,12557
Ford,2022,35437,2.8,5865
Chevrolet,2020,69802,1.7,13572
Nissan,2019,24771,2.4,8880
Hyundai,2021,55009,1.6,8743
Toyota,2011,136203,2.8,26524
Mazda,2019,24299,1.7,35538
Honda,2014,39693,1.4,43135
Ford,2016,140449,2.2,26495
Hyundai,2010,28019,2.0,32524
Mazda,2010,16763,2.3,21346
Mazda,2013,10494,2.3,27939
Nissan,2022,16563,3.0,19814
Chevrolet,2019,38433,3.2,26105
Nissan,2015,34994,1.7,36052
Honda,2018,93618,2.7,19698
Toyota,2010,125129,3.7,7970
BMW,2020,67573,1.8,44773
Kia,2019,23030,3.9,8764
Toyota,2014,83294,1.5,42423
Honda,2018,66952,1.7,6490
BMW,2017,6163,1.9,11605
Mazda,2016,28217,2.6,29633
Toyota,2022,84931,2.2,34832
BMW,2019,84030,2.5,12478
Ford,2011,42820,3.8,23732
Nissan,2018,109217,2.3,40995
Kia,2021,17190,3.6,27809
Hyundai,2022,50963,1.6,7810
Ford,2017,19212,3.5,28747
Toyota,2022,58638,3.7,37962
Volkswagen,2020,37794,2.1,21276
BMW,2019,94831,2.8,27245
Mazda,2019,89590,1.9,8403
Mazda,2018,76446,1.6,6752
Volkswagen,2018,54278,3.4,33707
Toyota,2018,88399,3.0,24013
Mazda,2012,130208,3.4,13659
Chevrolet,2016,51474,2.5,33127
Mazda,2021,50749,2.0,22875
Kia,2010,17406,2.5,16890
Chevrolet,2018,75409,1.6,5126
Honda,2023,85561,2.1,10725
Honda,2018,133367,2.2,10378
BMW,2012,115976,3.3,24155
Chevrolet,2014,76637,1.5,17807
Ford,2021,104909,2.0,42119
BMW,2022,92197,2.1,13148
Ford,2017,66525,2.8,14007
Kia,2015,40176,2.0,17694
Nissan,2019,130933,1.7,39304
Toyota,2019,138911,2.1,21385
Chevrolet,2018,74990,2.5,25041
Volkswagen,2023,126558,2.8,16001
Hyundai,2022,98324,1.5,40933
Toyota,2012,43862,2.2,8243
Kia,2021,94553,3.4,28703
Chevrolet,2016,124088,3.0,33831
Honda,2022,138048,2.6,15033
Toyota,2015,15921,2.6,18469
Ford,2023,128894,2.4,17453
Volkswagen,2014,99848,2.3,28670
Toyota,2013,67563,2.4,39429
Hyundai,2014,36709,3.7,26325
Kia,2022,8444,2.6,12862
Kia,2013,38526,3.1,18720
BMW,2012,24478,3.5,23476
Kia,2016,68332,2.5,41688
BMW,2015,9379,3.6,31600
Kia,2013,56572,4.0,10274
Hyundai,2018,10283,2.7,15262
Kia,2010,22205,2.4,8231
Volkswagen,2010,50246,3.5,34185
Nissan,2018,55971,3.1,40489
Honda,2016,52596,3.0,24644
Volkswagen,2011,28015,3.7,33029
Kia,2020,121581,3.1,39566
Chevrolet,2019,146607,3.1,17929
Ford,2014,97500,1.9,6104
Nissan,2022,103896,3.2,43044
Honda,2013,55539,3.8,44121
Ford,2010,108376,2.9,28789
Volkswagen,2021,96646,3.7,29891
Hyundai,2022,82837,2.3,21354
Hyundai,2018,124821,1.5,31640
Ford,2015,18295,2.6,5183
Chevrolet,2020,47023,1.4,36214
Ford,2022,106409,1.8,40413
Volkswagen,2023,49265,1.9,26426
Ford,2021,56055,2.8,39062
Honda,2015,8361,3.9,6636
Chevrolet,2013,33626,1.5,11222
Mazda,2022,33388,2.0,14399
Toyota,2011,89918,3.9,44505
Mazda,2017,22725,3.7,6572
BMW,2017,105165,3.6,43527
Ford,2012,138527,1.6,35784
Hyundai,2016,8792,3.1,7178
Mazda,2023,86733,1.9,14520
Kia,2016,137380,3.1,13885
Volkswagen,2023,111435,2.5,15349
Mazda,2014,45857,3.1,37872
Nissan,2014,94717,2.5,8098
Chevrolet,2017,145965,3.8,7435
Volkswagen,2013,132293,1.5,26730
Hyundai,2010,83233,1.9,39944
BMW,2010,13438,3.6,43423
Mazda,2018,39992,3.3,6133
Chevrolet,2013,80651,1.9,32292
Toyota,2010,88253,1.7,16797
Chevrolet,2022,101283,2.2,16414
Chevrolet,2011,55950,2.7,27740
Volkswagen,2019,73901,1.5,11989
Toyota,2016,135526,3.6,23951
Chevrolet,2011,130815,2.8,24535
Nissan,2010,66986,3.8,25962
Mazda,2019,99853,2.2,7618
Mazda,2023,132648,1.5,29326
Nissan,2018,50427,3.7,37024
Mazda,2023,117237,1.8,27012
Chevrolet,2014,121837,2.3,35821
BMW,2023,41194,2.6,29236
Chevrolet,2022,21863,2.7,19553
Volkswagen,2013,90650,1.5,28193
Kia,2013,60511,2.8,13385
BMW,2023,94062,1.6,38147
Hyundai,2020,121038,2.2,27580
Hyundai,2022,40415,3.9,36432
BMW,2010,26750,2.1,5678
Chevrolet,2012,42876,3.5,19286
Ford,2022,39489,2.7,14855
Kia,2010,87253,1.9,8554
Nissan,2014,144927,3.3,27705
Chevrolet,2014,95890,2.8,31679
BMW,2018,71759,2.8,29999
Ford,2022,49459,1.5,15094
Chevrolet,2017,51414,2.3,33559
Ford,2014,125565,3.3,33848
BMW,2014,32073,3.5,16636
Chevrolet,2016,105937,3.5,32052
Toyota,2021,28199,1.5,21596
Mazda,2011,59526,1.8,40716
BMW,2022,37272,4.0,23815
Hyundai,2016,115217,1.8,21555
Hyundai,2010,68957,2.0,11312
Kia,2023,5005,3.5,6632
Honda,2014,48226,2.4,11878
Hyundai,2021,107291,1.7,34890
Honda,2021,35208,1.7,42833
Toyota,2015,123480,1.6,44882
BMW,2022,79240,1.9,14816
Ford,2020,124652,2.7,27491
Kia,2023,16452,1.4,30265
Mazda,2019,104278,1.7,31323
Nissan,2010,18558,3.8,43877
Honda,2018,147080,3.7,28436
Mazda,2018,46936,3.6,7098
Kia,2010,71156,3.2,6783
Kia,2013,50610,3.1,25256
Hyundai,2017,143667,2.1,24304
Mazda,2011,115337,2.3,37787
Chevrolet,2022,13785,2.0,19511
Volkswagen,2022,112915,3.9,37839
Kia,2020,76388,3.0,7789
Honda,2022,15134,3.9,15203
Nissan,2017,13814,2.1,41472
Nissan,2019,82576,3.0,23061
Toyota,2022,9529,3.4,27221
Toyota,2021,41687,1.6,8664
Hyundai,2023,111813,3.1,44420
Chevrolet,2022,122270,1.8,21102
Hyundai,2018,119012,2.3,6883
Nissan,2018,68627,3.3,10925
Ford,2023,119621,2.5,8619
Nissan,2010,13819,3.8,25488
Kia,2018,92243,2.0,7795
Mazda,2013,67793,1.8,15978
Mazda,2021,65115,2.3,22644
Kia,2021,136624,3.6,27325
Kia,2017,84718,3.6,27520
Nissan,2022,115086,2.4,18295
Mazda,2023,149221,3.5,43483
Mazda,2018,102139,1.6,41857
BMW,2012,100848,1.4,23378
Mazda,2015,20155,3.6,34994
Kia,2012,135092,3.7,30051
Toyota,2010,80813,1.8,7311
Chevrolet,2019,111064,2.2,36466
Ford,2015,85212,3.6,13595
Kia,2014,14785,1.6,17410
Mazda,2012,16970,3.6,18521
Honda,2023,73800,2.9,9294
Nissan,2023,108297,3.1,30778
Nissan,2013,79343,2.9,16705
Chevrolet,2011,31207,2.9,38908
Kia,2021,14136,1.9,24190
Chevrolet,2019,9980,2.0,31466
Toyota,2019,116898,2.9,41332
Volkswagen,2022,131356,2.4,28891
Hyundai,2023,108970,2.8,38380
Honda,2013,103135,2.1,41573
Hyundai,2013,56107,2.6,9497
Volkswagen,2012,138468,1.8,38048
Honda,2015,115402,1.5,20839
Hyundai,2010,138162,3.9,43502
Honda,2018,56975,3.3,21545
Chevrolet,2020,89449,2.7,21427
Ford,2019,94464,2.8,33582
BMW,2012,14251,2.7,26982
Honda,2012,37126,3.7,32099
Volkswagen,2021,84021,3.4,39393
Chevrolet,2012,112142,2.2,28403
BMW,2016,14545,2.0,28747
Chevrolet,2017,32275,1.6,23323
Toyota,2011,145027,1.8,10447
Mazda,2010,128571,2.7,19449
Nissan,2014,119379,1.9,5822
Toyota,2017,53702,2.2,28715
Volkswagen,2023,117070,1.7,5468
Kia,2012,145082,3.8,7262
Kia,2015,11073,1.5,43980
Nissan,2012,66594,2.3,29896
Chevrolet,2015,95630,2.1,12764
Ford,2021,124158,1.4,22323
Volkswagen,2013,95454,3.8,7346
Nissan,2023,93107,2.2,8145
BMW,2020,78144,2.7,18761
BMW,2016,18408,2.9,44188
Kia,2020,27692,3.0,29716
Mazda,2019,32369,2.6,14717
Chevrolet,2010,114670,2.9,21376
Kia,2010,10126,3.4,22435
Ford,2014,8704,3.9,25637
Nissan,2018,22940,3.1,16345
Honda,2014,29673,2.6,10225
Ford,2013,87964,2.6,22753
Honda,2017,84079,3.2,10293
Chevrolet,2022,13659,3.0,31840
Nissan,2014,144617,2.5,11680
BMW,2010,54223,2.3,31936
BMW,2016,14567,4.0,11803
Toyota,2020,71611,3.4,20353
BMW,2013,14437,1.9,20109
Volkswagen,2019,145287,2.2,28216
Toyota,2014,113316,3.7,26457
Toyota,2022,37068,3.1,17179
BMW,2015,128869,2.2,9966
Kia,2022,58707,2.3,6417
Mazda,2016,92206,2.4,29864
Mazda,2020,67746,1.9,25082
Volkswagen,2011,116308,2.7,42814
Hyundai,2023,140534,3.4,41754
Kia,2010,107025,2.9,20406
Hyundai,2021,8107,3.1,24120
Honda,2012,120436,2.9,43850
Kia,2019,53723,1.6,29605
Nissan,2021,46214,1.9,18798
Hyundai,2010,147241,2.3,37978
Volkswagen,2013,122412,3.7,15554
Volkswagen,2015,59471,2.3,32381
Kia,2014,87755,2.3,39283
Toyota,2022,137922,1.6,27814
Nissan,2020,58916,3.9,9372
Chevrolet,2013,57254,3.4,34968
Nissan,2016,93664,3.4,12165
Volkswagen,2022,40074,2.4,16188
Honda,2020,71029,1.6,42298
Hyundai,2020,65649,2.1,21791
Hyundai,2015,63474,3.6,23660
Honda,2012,92620,1.9,21295
Ford,2018,148695,3.7,12400
Kia,2014,33360,2.8,11753
Volkswagen,2022,15292,3.3,39478
Mazda,2019,17207,2.6,19607
BMW,2010,105080,3.8,5825
Honda,2022,36785,2.0,16312
Honda,2015,73867,2.9,43313
Nissan,2014,54361,1.6,29971
Kia,2019,37209,2.6,41520
Kia,2017,29490,3.9,31171
Mazda,2013,17261,1.6,21151
BMW,2021,36568,2.7,34985
Kia,2010,41968,3.0,15684
Toyota,2020,132678,3.8,34594
Volkswagen,2011,79875,2.2,19565
Toyota,2017,36842,2.7,30684
Ford,2019,126631,4.0,24696
Volkswagen,2017,57266,3.4,10738
Chevrolet,2022,115374,3.5,37997
Volkswagen,2023,48331,3.4,5245
Volkswagen,2014,141256,2.7,13292
Mazda,2015,20366,2.5,7856
Toyota,2011,65245,2.1,44913
BMW,2020,47447,2.6,12787
Nissan,2021,145231,1.5,25553
Mazda,2018,139084,1.7,22510
Volkswagen,2015,23736,2.1,14307
Nissan,2021,74945,2.3,30836
Hyundai,2018,28005,3.2,27109
Nissan,2020,37154,1.8,30107
Honda,2019,82156,3.5,34534
Mazda,2012,60366,3.5,20219
Mazda,2015,39673,2.9,38625
Honda,2019,19741,2.7,20109
Hyundai,2014,101202,2.6,28712
Kia,2018,94109,2.5,10251
Kia,2022,102150,1.6,8618
Kia,2019,88252,3.1,7140
Kia,2010,24750,2.9,18217
Toyota,2018,80300,1.4,23743
Honda,2014,84902,1.9,10770
Hyundai,2010,143301,2.5,31917
Volkswagen,2019,8816,3.7,7780
Ford,2017,141709,4.0,26077
Mazda,2016,125993,3.4,17729
Nissan,2023,142046,3.3,24061
Kia,2015,54715,2.5,27177
Nissan,2011,44069,2.9,26101
Ford,2014,149569,2.0,44754
Mazda,2012,30328,3.3,36383
Chevrolet,2011,115739,1.6,5462
BMW,2023,117517,2.5,22726
Hyundai,2019,100228,3.6,38388
Toyota,2010,59326,3.9,39278
Nissan,2018,110018,3.2,41774
Kia,2011,140058,1.9,32875
Honda,2022,125517,2.9,16055
Nissan,2020,48675,2.9,12926
Mazda,2010,44848,3.9,27126
Chevrolet,2023,45582,3.6,22158
Hyundai,2016,19033,1.5,6241
Honda,2018,16555,2.0,31898
BMW,2015,99471,3.6,5935
Mazda,2017,94355,3.9,35740
Chevrolet,2020,32631,2.2,14529
Honda,2016,55400,3.2,24913
BMW,2018,107249,2.2,9899
Nissan,2016,33902,1.5,17095
Mazda,2022,137797,3.6,27554
Volkswagen,2015,131514,3.3,28175
BMW,2010,85573,1.5,43745
Chevrolet,2018,109146,1.8,35080
Volkswagen,2019,124490,4.0,24070
Volkswagen,2014,120200,3.1,21456
Toyota,2022,45039,3.5,42062
Chevrolet,2011,117488,2.4,36195
Volkswagen,2023,144245,2.7,7428
Nissan,2021,117528,3.0,44348
Mazda,2020,115942,3.5,44055
Mazda,2017,104106,2.3,42577
Nissan,2022,141460,3.1,23605
Toyota,2013,119509,3.4,25380
Hyundai,2023,104205,3.5,39226
Toyota,2012,134785,2.7,25178
Mazda,2022,142948,2.6,24956
Hyundai,2010,23172,1.7,21030
Toyota,2014,36664,2.7,39333
Volkswagen,2012,113808,3.2,8361
Hyundai,2013,72235,3.8,6755
Mazda,2018,60830,1.7,15514
Nissan,2020,10749,3.9,35107
Kia,2023,106297,2.0,29064
Volkswagen,2016,15734,1.9,34742
Volkswagen,2020,137666,1.7,5022
Kia,2014,50819,4.0,24650
BMW,2017,33248,2.9,33618
Ford,2015,7902,2.1,38346
Honda,2019,52434,2.2,29455
Chevrolet,2011,119103,3.9,26874
Toyota,2016,143477,3.7,17773
Ford,2010,44815,2.3,34378
Toyota,2012,9521,1.6,26663
Ford,2021,113838,3.6,25522
Hyundai,2010,108232,3.8,18769
Nissan,2023,90547,3.6,29009
Chevrolet,2010,145108,3.8,36984
Chevrolet,2014,119349,2.9,14610
Toyota,2015,145324,3.6,25958
Kia,2021,59797,3.9,12727
Hyundai,2012,56833,3.7,7949
BMW,2023,63093,2.9,42104
Chevrolet,2012,101651,3.3,16829
Honda,2012,84414,3.3,16069
Toyota,2010,146211,3.5,12294
Volkswagen,2014,75126,2.0,44861
Honda,2010,106778,1.4,13790
Mazda,2019,7973,2.7,8202
Toyota,2019,129249,3.4,14087
Toyota,2012,87958,1.7,12934
Volkswagen,2022,116645,2.8,28612
Hyundai,2015,19495,2.2,13078
Volkswagen,2020,124410,3.6,29292
Chevrolet,2015,122585,1.7,22666
Nissan,2012,41070,3.6,37142
Toyota,2018,38563,3.0,30538
Mazda,2017,24193,3.8,12836
Kia,2020,17727,3.8,22694
Toyota,2012,129234,3.5,43086
Volkswagen,2014,119960,2.8,32974
Ford,2014,60460,1.8,26046
Toyota,2023,20218,2.0,14162
Toyota,2014,33444,2.5,43895
Mazda,2012,74187,3.3,14083
Mazda,2014,28519,2.8,16373
Toyota,2014,55107,2.5,29423
Ford,2013,29281,2.6,43864
Nissan,2013,24316,3.3,10681
BMW,2011,78915,1.5,11835
Ford,2018,51554,2.6,30797
Ford,2016,5207,2.9,32723
Ford,2010,5073,2.9,30552
Nissan,2014,29427,3.0,38964
Hyundai,2011,134513,1.5,34439
Hyundai,2019,81347,2.9,10764
Ford,2015,79777,2.8,31025
BMW,2016,75505,3.6,15873
Volkswagen,2021,45472,3.4,18295
Honda,2011,141961,1.5,24997
Hyundai,2020,144778,2.8,6829
Kia,2015,16520,3.2,16603
Mazda,2022,136351,2.9,28836
Nissan,2012,69305,3.2,10849
Nissan,2018,98098,1.7,5481
Honda,2013,98491,1.8,34432
Hyundai,2012,136362,2.9,41072
BMW,2022,147137,3.5,40800
BMW,2020,135351,1.5,40593
Mazda,2012,94903,2.5,23470
Ford,2011,29107,4.0,28611
Volkswagen,2021,88542,3.4,40423
Hyundai,2018,149101,2.6,7966
BMW,2017,24935,1.7,23911
Honda,2014,113507,2.3,44317
Mazda,2023,65033,1.8,12125
Toyota,2023,10257,3.8,7390
Mazda,2022,107299,3.2,44634
BMW,2018,109110,3.6,7837
Toyota,2022,99358,3.7,12101
Kia,2011,106996,3.0,10853
Chevrolet,2015,137829,1.4,16538
Mazda,2016,27846,2.8,26525
Honda,2015,125652,3.5,19720
Honda,2012,32915,2.2,39683
Volkswagen,2019,49617,3.8,18579
Ford,2023,81880,4.0,19427
Mazda,2019,133526,2.8,18604
BMW,2019,38875,2.8,5386
Chevrolet,2018,34558,3.1,37411
Hyundai,2023,147089,2.9,43620
BMW,2021,100017,1.8,10249
Honda,2017,129720,2.1,14143
Kia,2017,25732,1.9,29512
BMW,2017,118141,1.6,17077
Nissan,2018,62238,1.8,29686
Honda,2010,64839,3.9,21099
Mazda,2017,100504,2.8,37171
Kia,2011,28457,1.7,28785
Nissan,2013,99056,3.3,11033
Toyota,2010,136896,2.6,36432
Chevrolet,2021,107906,2.0,35756
Honda,2015,21734,3.9,33440
Mazda,2019,35659,2.0,42758
Nissan,2010,12894,1.7,34800
Nissan,2021,115317,1.9,36058
Ford,2014,115167,3.8,18501
Nissan,2018,108295,3.6,31352
Chevrolet,2010,7509,3.7,7238
Kia,2018,73208,3.8,28438
Kia,2013,74694,1.6,10933
Nissan,2012,115592,3.2,31679
Mazda,2017,125925,3.1,18425
Honda,2015,126714,4.0,8097
Mazda,2016,36171,3.3,9205
Volkswagen,2018,29525,3.5,16199
Honda,2014,31513,3.3,13083
Toyota,2022,126867,3.0,23882
Chevrolet,2011,141869,2.8,13980
Mazda,2012,135467,3.9,22395
Ford,2012,119447,3.8,16877
Kia,2013,109384,2.5,33008
Nissan,2019,143818,2.1,41376
Honda,2016,94254,2.7,9288
Nissan,2021,113797,3.3,34596
Toyota,2019,29316,2.4,11943
Volkswagen,2015,62077,2.8,22774
Nissan,2012,33880,2.2,34568
Mazda,2023,145745,2.5,24383
Honda,2016,40950,3.9,13735
Ford,2013,25829,2.0,21334
Toyota,2019,100564,4.0,12556
BMW,2020,65495,2.0,33522
Chevrolet,2020,78107,2.2,5327
Volkswagen,2017,52068,1.6,10710
Mazda,2016,88271,3.4,10907
Chevrolet,2016,10613,1.4,42208
Ford,2018,137346,3.4,44001
Chevrolet,2017,42030,2.9,7499
Kia,2021,98726,3.3,16710
Honda,2010,60119,3.4,23249
Chevrolet,2016,90654,1.7,9668
Mazda,2012,129065,1.5,44310
BMW,2021,78311,1.8,26151
Kia,2013,102552,2.4,24263
Kia,2015,128754,1.6,8415
Chevrolet,2014,37279,2.6,42610
Volkswagen,2017,59690,2.1,44532
Hyundai,2011,124190,2.3,33136
Volkswagen,2014,115996,3.8,23738
Nissan,2014,74906,3.3,37470
Mazda,2012,24782,3.1,31226
Hyundai,2023,27829,3.1,32572
Honda,2019,136404,2.8,27755
Kia,2022,46986,2.7,38154
Mazda,2014,57385,3.7,33556
Ford,2013,23616,1.6,33635
Nissan,2020,58109,2.2,21407
BMW,2014,97729,1.7,9018
Nissan,2019,10282,1.4,36756
Mazda,2018,26524,1.4,36639
Honda,2016,12744,1.5,43480
Kia,2010,141769,3.2,11545
Toyota,2012,73905,1.7,44838
Toyota,2018,147617,1.9,28030
Mazda,2013,113482,2.5,30761
Chevrolet,2013,11553,2.1,40682
Volkswagen,2019,131343,3.5,14294
Nissan,2015,54316,3.0,12542
Honda,2012,15183,2.3,29960
Nissan,2012,126937,2.2,42963
Ford,2018,146003,3.2,11550
Toyota,2022,109706,1.8,14981
Kia,2014,120815,2.1,16105
Ford,2023,145833,2.3,42683
Kia,2016,144133,2.6,5952
Nissan,2014,5368,1.9,5598
Honda,2015,131277,1.8,41786
Toyota,2017,60015,4.0,23386
Nissan,2017,10304,3.8,23554
Toyota,2011,60689,2.8,31067
Mazda,2020,33806,3.4,20550
BMW,2018,56244,3.2,37476
BMW,2019,69412,1.6,11988
Kia,2021,5594,2.7,13475
Nissan,2021,22829,1.9,28293
Hyundai,2021,27424,2.9,27997
Toyota,2023,129220,1.6,8239
Toyota,2015,26015,1.8,8274
Hyundai,2016,30209,3.4,28647
Chevrolet,2012,125880,3.6,7775
Nissan,2013,127841,3.8,37523
Hyundai,2015,26140,3.7,42479
BMW,2016,110144,3.8,16924
Toyota,2015,64816,1.6,41223
BMW,2014,108154,3.1,20014
Nissan,2023,88813,3.2,34804
Honda,2021,52764,2.1,16069
Honda,2011,97227,4.0,32985
Kia,2021,87428,2.1,17265
BMW,2016,76889,2.9,38849
BMW,2014,7751,3.7,42821
BMW,2021,51379,2.2,43572
Chevrolet,2018,15363,3.0,44246
BMW,2022,24227,3.3,12148
Honda,2020,79019,3.0,22166
Chevrolet,2013,113414,2.5,39109
Kia,2023,120499,3.9,26490
Mazda,2019,121785,3.0,38387
Ford,2021,113505,2.0,20740
Kia,2011,54008,3.5,12795
Volkswagen,2016,71185,3.1,19067
Chevrolet,2016,103864,1.7,6367
Honda,2010,46729,2.1,14926
Honda,2020,37034,1.8,36624
Nissan,2023,71039,1.6,22098
Toyota,2022,30203,2.0,19287
BMW,2014,19996,2.1,22350
Honda,2012,114880,2.6,19925
BMW,2018,37602,3.9,17224
Hyundai,2018,32935,3.9,35512
Toyota,2016,35425,3.4,11945
Hyundai,2021,126339,3.1,17793
BMW,2018,67534,3.9,9296
Chevrolet,2021,50216,1.8,12163
Volkswagen,2011,84632,2.3,18331
Toyota,2020,39942,2.8,40571
Chevrolet,2019,8527,3.5,19181
Honda,2017,18993,3.0,16310
Volkswagen,2019,35224,3.5,6340
Mazda,2019,10423,1.8,33339
Honda,2019,32113,1.9,15207
Ford,2022,48246,3.3,25687
Kia,2010,31833,2.3,38780
Toyota,2012,20928,2.5,29533
Ford,2017,126190,3.5,16881
BMW,2020,51268,1.6,7732
Toyota,2017,65924,1.8,12304
Kia,2023,94643,2.2,11699
Toyota,2019,86814,3.7,8703
Chevrolet,2017,79361,2.5,38621
Hyundai,2020,29372,2.1,40738
Nissan,2021,54652,3.2,14106
Chevrolet,2020,6563,1.5,17489
Kia,2016,25459,3.4,7018
Toyota,2011,94606,3.2,24307
Chevrolet,2012,94219,1.5,8121
Hyundai,2018,47877,2.7,13038
Ford,2011,39096,2.5,36058
Chevrolet,2022,19134,1.8,40470
BMW,2016,28902,1.8,44571
Ford,2010,31117,1.8,39136
Kia,2012,7766,3.0,8593
Ford,2022,56979,1.8,23876
Toyota,2023,102520,1.6,19812
Volkswagen,2010,147372,3.9,19709
Volkswagen,2015,31360,1.5,43448
Mazda,2013,10605,3.1,7096
BMW,2010,104437,3.8,30593
Toyota,2014,49349,1.5,12499
Kia,2023,121546,3.9,6568
Honda,2013,60371,2.7,22229
Volkswagen,2023,131733,3.4,42044
Kia,2020,42473,3.0,33964
Ford,2019,125305,3.0,42653
Chevrolet,2023,107878,3.5,22628
Volkswagen,2020,21294,1.6,42505
Toyota,2019,9683,2.4,5915
Volkswagen,2011,131745,3.9,28556
Hyundai,2022,105715,1.5,21858
Hyundai,2016,38076,2.1,29401
Hyundai,2021,76712,3.1,19028
BMW,2017,105136,1.7,10589
Volkswagen,2013,27567,2.8,26708
Mazda,2018,83509,3.3,43667
Kia,2012,21094,3.4,21355
Hyundai,2022,27794,2.9,13134
Ford,2015,7000,2.7,36783
Toyota,2020,144930,3.3,23788
BMW,2023,70287,1.8,34829
Nissan,2023,86120,3.2,23770
Hyundai,2016,11782,3.8,17232
Kia,2016,106380,3.2,10425
Ford,2015,141188,1.5,18824
Toyota,2018,46405,2.7,36405
Chevrolet,2010,140455,3.3,44752
Honda,2022,30657,1.5,6161
Ford,2018,149153,3.4,17912
Mazda,2022,74287,2.1,19058
Ford,2018,51620,2.9,28565
Ford,2013,136016,3.9,23477
Mazda,2022,102361,4.0,27055
Chevrolet,2021,116366,3.0,39929
BMW,2021,12785,2.7,7289
Volkswagen,2014,17564,1.9,18840
Toyota,2012,27479,1.9,33903
Ford,2016,132938,2.5,6393
Ford,2011,95225,3.2,44368
Mazda,2017,127084,3.4,21576
Kia,2018,33259,2.0,13261
Ford,2015,68742,2.8,24301
Ford,2018,45302,2.9,24324
Mazda,2015,130982,3.7,31768
Kia,2012,123891,3.7,17872
Mazda,2019,58529,3.5,25604
BMW,2012,138740,2.7,37522
Ford,2011,27917,1.6,21180
Hyundai,2014,97688,2.3,24601
Toyota,2022,106545,3.0,35572
Kia,2023,71413,3.1,9836
Hyundai,2013,120886,3.6,31018
Mazda,2021,38221,2.4,33843
Ford,2015,121831,3.8,30098
Mazda,2014,115081,1.8,7313
Volkswagen,2015,110508,1.5,24809
Volkswagen,2013,148450,1.9,29407
BMW,2023,149018,2.6,6645
Ford,2022,14103,3.5,32359
Ford,2012,117892,1.8,27535
Hyundai,2010,96579,2.8,44008
Nissan,2014,136512,3.4,18042
Ford,2015,104299,1.5,28142
BMW,2014,72647,1.5,38029
Kia,2014,41868,2.7,40898
Kia,2021,43983,1.9,36254
Mazda,2015,41236,2.6,5611
Hyundai,2013,116208,1.5,32253
Chevrolet,2023,44241,3.9,32019
Honda,2021,26650,3.1,5184
Mazda,2013,135462,3.2,22052
Ford,2020,148103,2.7,11466
Mazda,2022,53867,3.5,33220
Chevrolet,2017,60644,3.6,26877
Honda,2020,9460,1.8,21599
Chevrolet,2017,36135,3.4,20389
Chevrolet,2021,99832,2.9,14470
Volkswagen,2012,116098,3.4,20642
Kia,2016,13714,3.8,33124
Nissan,2014,70785,2.3,9637
Ford,2014,11591,2.9,9963
BMW,2021,31402,3.4,26686
Hyundai,2022,113626,4.0,26796
Mazda,2012,78244,3.0,20257
Ford,2011,11482,3.3,42795
Volkswagen,2022,93158,3.6,20934
Kia,2012,134935,3.4,14124
Mazda,2016,49953,3.9,7482
Hyundai,2012,126784,2.0,14027
Nissan,2020,104208,3.8,10837
Ford,2022,26426,1.9,21747
BMW,2011,89059,2.9,8774
Kia,2013,141215,2.8,42356
Toyota,2021,135865,3.6,30892
Ford,2014,74683,2.4,5626
Chevrolet,2022,72883,1.8,43605
Chevrolet,2016,52448,3.2,22560
BMW,2010,59653,3.0,21840
Honda,2023,19720,3.6,30752
BMW,2017,30430,3.4,29861
Kia,2019,149755,3.7,17414
Chevrolet,2012,62063,3.6,5384
Nissan,2023,131929,3.2,39958
Nissan,2020,97479,2.6,32668
Chevrolet,2015,11535,1.5,5254
Kia,2013,101225,2.2,36242
Volkswagen,2023,68402,3.3,13305
Hyundai,2014,11156,1.6,13115
Hyundai,2019,69896,3.4,28176
Kia,2021,85561,2.7,11724
Toyota,2015,23688,3.7,20918
Hyundai,2011,136179,3.1,22646
Mazda,2022,56060,3.5,10793
Hyundai,2012,70199,1.8,42408
Mazda,2017,121918,1.8,8961
Chevrolet,2017,131657,1.9,14394
Volkswagen,2010,29942,2.3,34134
BMW,2019,132806,3.8,23846
Volkswagen,2017,57746,3.4,11522
Hyundai,2020,7921,2.3,36947
Hyundai,2011,69770,3.8,29006
Kia,2019,99380,3.4,28596
BMW,2019,6740,3.1,26471
Hyundai,2022,142212,2.5,31162
Honda,2017,66880,3.1,8716
Honda,2021,113942,2.9,23052
Toyota,2019,65853,3.4,29631
Chevrolet,2014,30460,2.0,9944
Mazda,2010,11993,3.7,19936
Volkswagen,2017,131399,2.9,31520
Chevrolet,2021,59741,3.5,30975
Mazda,2014,12005,2.3,24931
Mazda,2010,55412,2.4,34575
Ford,2013,85387,3.8,8902
Hyundai,2022,149271,3.0,44444
Toyota,2010,102115,2.2,14826
Hyundai,2022,126927,1.6,18288
Toyota,2018,28823,2.5,24304
Chevrolet,2019,7334,3.6,8689
Kia,2011,109534,2.1,12545
Kia,2017,128265,3.6,32548
Chevrolet,2013,53200,1.8,25779
BMW,2018,71138,1.7,37984
Honda,2011,70196,3.0,7817
Mazda,2021,53437,3.5,5107
Toyota,2012,120130,3.4,27881
Nissan,2011,81360,2.8,30742
Hyundai,2019,76392,3.1,42606
Chevrolet,2023,148231,2.1,27438
Mazda,2014,24685,2.8,22831
Toyota,2020,138373,1.9,38966
Volkswagen,2010,124138,3.8,17119
BMW,2021,19073,3.2,23053
Hyundai,2012,8566,2.9,8769
Kia,2010,27937,2.0,12385
Chevrolet,2019,86094,2.5,7399
Kia,2023,56628,3.4,19509
Toyota,2017,69075,2.0,23577
Kia,2021,12120,1.7,6883
Hyundai,2013,36636,2.2,43304
Honda,2012,123698,3.5,13336
Mazda,2017,23773,3.7,33447
Honda,2022,134497,2.5,29651
Chevrolet,2018,109844,3.4,7772
Honda,2017,90993,2.3,13577
Ford,2015,67508,2.7,7214
Mazda,2023,98526,1.5,21830
Toyota,2012,26213,3.3,9496
Mazda,2017,111358,3.3,14315
Ford,2022,34712,1.7,7081
Nissan,2014,62534,2.3,37274
Honda,2014,60070,2.7,33477
Mazda,2021,25151,3.4,40231
Kia,2018,88025,3.5,11961
Toyota,2010,73391,3.3,38365
Volkswagen,2016,89079,2.0,18809
Chevrolet,2017,51998,2.3,34484
Chevrolet,2020,25530,2.0,19417
Chevrolet,2019,107095,3.1,38650
Mazda,2012,47760,3.1,24944
Honda,2017,25515,1.4,8393
Mazda,2010,5622,3.3,28719
Hyundai,2017,134706,2.0,31775
Kia,2016,12245,3.5,12731
Volkswagen,2013,92579,3.6,13193
Volkswagen,2020,85831,3.5,39714
Kia,2016,68532,2.5,27209
Ford,2019,108272,2.3,41182
BMW,2023,43191,2.5,5957
Hyundai,2020,71951,2.8,19082
Toyota,2016,110101,2.0,36286
Volkswagen,2022,107566,3.8,18082
Chevrolet,2019,104992,2.7,41043
Mazda,2022,9158,1.6,32655
Ford,2021,29122,4.0,41627
BMW,2010,111698,2.7,14488
Kia,2012,63882,3.9,8692
Nissan,2016,119214,2.4,40104
Toyota,2020,101533,2.0,40018
BMW,2022,63899,3.3,23529
Chevrolet,2014,23834,2.5,11136
BMW,2018,116756,3.7,22898
Volkswagen,2016,142562,2.6,37710
Mazda,2012,46746,2.3,35607
Kia,2010,14167,3.9,27362
BMW,2014,24330,3.6,26582
Toyota,2023,80927,1.9,16632
BMW,2022,127404,2.7,7233
Nissan,2019,41843,1.7,13786
Ford,2022,125784,1.7,6012
Volkswagen,2014,128216,3.6,26094
Mazda,2016,114435,3.8,41189
Chevrolet,2023,84278,3.3,22926
Kia,2010,103969,4.0,12276
Kia,2019,134129,1.5,30402
Ford,2011,137304,2.3,21369
Honda,2020,82515,1.7,8441
Honda,2015,29311,3.4,11914
Chevrolet,2017,102627,3.7,32017
BMW,2013,80489,2.6,6121
Nissan,2012,35767,3.6,28052
Kia,2012,93094,3.6,9262
BMW,2012,66110,1.8,19783
Kia,2011,25954,2.4,27753
Kia,2010,12424,1.9,6959
BMW,2014,76898,3.1,20677
Ford,2019,75074,2.4,17327
Honda,2014,11644,3.1,13679
Hyundai,2014,28778,3.7,21819
Toyota,2013,36488,2.5,13021
Ford,2012,140422,3.9,25283
Volkswagen,2021,136141,2.5,36623
Nissan,2012,12169,2.0,21225
Nissan,2011,134348,2.8,7549
Toyota,2014,149140,2.4,20347
Nissan,2013,149210,1.7,41094
BMW,2015,125622,1.5,18718
Nissan,2011,137578,3.3,9504
Hyundai,2011,148352,3.8,17129
Nissan,2017,35865,2.5,43213
Kia,2015,104952,1.6,30697
Ford,2012,40935,3.3,15347
BMW,2014,89468,3.7,29925
Honda,2012,10523,2.2,23554
Nissan,2020,87139,2.0,12479
Chevrolet,2011,58349,2.3,40220
Chevrolet,2012,117293,3.8,28762
Chevrolet,2010,142989,2.5,39770
Nissan,2023,72585,3.1,15621
Volkswagen,2016,123600,1.6,33534
Kia,2015,46730,2.1,17109
Mazda,2014,67273,2.0,22987
Nissan,2015,120427,1.6,13478
Volkswagen,2017,25679,1.7,20660
Mazda,2012,101200,2.5,25938
Toyota,2012,25505,2.9,42808
Hyundai,2021,102218,2.2,9867
Kia,2014,18642,2.5,27223
Nissan,2014,126688,3.4,11584
Ford,2023,120197,2.0,40127
BMW,2020,88915,1.5,31789
Ford,2010,90021,2.1,40077
Ford,2013,87842,3.8,16159
Toyota,2018,113287,1.4,7995
BMW,2017,108731,1.7,6633
Toyota,2012,144284,1.6,35113
Mazda,2014,22448,2.4,20399
Toyota,2014,92931,3.1,20607
Chevrolet,2016,117113,3.8,34863
Hyundai,2017,23283,3.5,6661
Chevrolet,2018,103294,2.1,22371
Nissan,2016,55118,3.1,24505
Mazda,2011,125471,3.1,26258
Volkswagen,2017,30089,1.6,12885
Mazda,2017,5040,2.5,16195
Volkswagen,2020,69172,2.2,40611
Hyundai,2022,46992,1.8,33371
Toyota,2023,85894,1.6,28099
Toyota,2011,54279,1.5,31968
BMW,2022,89498,3.6,21958
Nissan,2015,101195,2.3,10109
Ford,2022,36363,2.7,35026
Honda,2019,17812,2.2,43550
Mazda,2010,86912,1.8,31258
Mazda,2020,34428,2.1,30777
Nissan,2016,29321,1.8,37914
Chevrolet,2019,14085,3.4,13462
Kia,2011,73342,3.8,7963
Nissan,2014,65157,2.5,9242
Honda,2023,100795,3.5,44366
Toyota,2016,55939,2.5,28954
Volkswagen,2019,15440,2.6,37087
Chevrolet,2020,138251,2.7,37542
Chevrolet,2018,106427,3.5,17211
BMW,2023,10665,3.8,10807
Hyundai,2010,111517,3.3,38799
Honda,2018,8390,3.7,17337
Chevrolet,2020,13359,3.1,31300
Honda,2014,79600,3.6,32527
Nissan,2015,137853,2.8,22609
Volkswagen,2023,133566,3.4,25329
Volkswagen,2017,30972,3.2,29416
Mazda,2020,95743,3.3,15397
Toyota,2023,105167,2.0,10085
Mazda,2011,61485,1.8,16164
Chevrolet,2021,104025,3.1,25002
Hyundai,2016,135972,2.7,22775
Mazda,2021,77778,3.4,10912
Mazda,2013,82064,1.8,8177
Mazda,2018,54394,3.9,34503
Honda,2015,77441,3.2,40186
Nissan,2016,75174,1.5,28542
Hyundai,2020,107676,2.9,19116
Volkswagen,2015,58797,2.2,7378
BMW,2020,62746,2.1,15663
Honda,2017,55605,3.7,44190
Chevrolet,2015,61060,3.6,23604
Hyundai,2016,52141,1.4,5245
Volkswagen,2017,115909,1.9,19856
Hyundai,2010,8501,3.3,27683
Kia,2019,71722,3.6,21992
Kia,2021,104685,3.3,12889
Mazda,2013,52018,2.8,41294
Mazda,2015,69127,4.0,16375
Kia,2010,64198,3.5,33748
BMW,2013,17225,2.6,39378
Volkswagen,2015,137824,2.9,41943
Chevrolet,2016,131889,1.5,25011
Toyota,2022,92191,3.9,28629
Toyota,2015,103841,2.3,42775
Honda,2020,61734,3.1,21819
BMW,2013,23774,3.1,16956
BMW,2021,119049,1.5,12893
Chevrolet,2022,79918,2.1,25241
Hyundai,2016,107240,3.1,17199
Toyota,2019,88415,3.8,8260
Hyundai,2023,43984,3.4,33706
Hyundai,2011,25907,2.9,34254
BMW,2015,8370,2.0,33954
Hyundai,2014,141898,3.9,40548
Toyota,2011,58227,2.4,31761
Volkswagen,2018,9695,1.8,20251
Ford,2022,37864,1.5,35368
Hyundai,2016,83301,3.9,30060
Chevrolet,2023,133677,3.4,15997
Nissan,2012,66930,2.0,44364
Mazda,2016,63663,1.8,7533
Chevrolet,2020,58653,3.9,28226
Kia,2020,89414,2.0,10556
Toyota,2015,9043,2.6,38929
Nissan,2016,18586,3.0,17293
Mazda,2013,37630,1.6,28764
Chevrolet,2022,52530,2.3,40934
Nissan,2022,7897,3.9,16169
Ford,2019,7030,3.2,23992
Toyota,2022,86205,2.4,9380
Volkswagen,2017,47636,3.5,21761
Honda,2017,130998,3.6,19837
BMW,2016,77135,1.8,11592
Ford,2022,37879,2.9,36136
Kia,2016,134770,2.4,30317
BMW,2019,98846,2.7,5560
Volkswagen,2022,42238,2.6,32404
Ford,2022,84162,2.7,27227
Mazda,2017,105477,2.8,23819
Nissan,2010,139150,1.6,6220
Toyota,2015,130489,1.9,34647
Nissan,2011,71919,2.9,37891
Hyundai,2010,44489,3.8,12496
Chevrolet,2021,8970,3.3,37553
Kia,2019,40579,2.0,31439
Hyundai,2016,19006,2.3,33120
Hyundai,2015,84477,2.3,25633
Kia,2014,118035,3.4,14802
Chevrolet,2014,104209,3.9,9512
Mazda,2018,121570,2.3,25735
Chevrolet,2018,135836,1.4,42852
Toyota,2021,149787,3.8,39372
Nissan,2021,132634,3.4,5853
Mazda,2015,46500,3.6,29610
Honda,2022,17607,1.9,26687
Nissan,2012,52328,3.1,14438
Mazda,2016,87375,2.0,21002
Chevrolet,2013,103954,1.4,12366
Kia,2014,96424,1.8,26289
Chevrolet,2016,58664,3.8,12155
Honda,2021,63141,2.0,40037
Mazda,2016,59879,2.9,28263
Toyota,2019,70475,3.9,9959
Chevrolet,2017,16254,1.6,18908
Mazda,2010,69634,3.5,27991
Nissan,2014,21102,3.0,26520
Honda,2021,24029,2.2,16175
Toyota,2018,65978,2.3,34111
Mazda,2016,69739,1.5,32608
Ford,2020,138125,2.1,30895
Chevrolet,2021,103613,2.5,29541
Honda,2022,128664,3.3,9748
Toyota,2011,85727,2.1,30735
Toyota,2010,26384,2.9,8318
Hyundai,2017,103067,3.3,11353
BMW,2018,102029,3.2,6008
Honda,2019,92414,2.9,27061
Toyota,2014,53373,2.9,14414
Mazda,2023,14519,3.3,29702
Hyundai,2020,96561,2.3,18693
BMW,2015,125724,2.6,19348
Nissan,2011,95262,3.9,36105
Mazda,2020,67584,3.1,11891
Chevrolet,2014,11384,2.8,12937
BMW,2021,127785,2.9,38626
Honda,2013,42917,1.7,42351
Chevrolet,2017,11608,2.9,24793
Volkswagen,2017,23089,3.6,33161
Volkswagen,2023,47132,2.8,31554
Honda,2014,144863,1.9,16188
Nissan,2020,90424,2.6,9803
BMW,2017,90935,2.1,37688
Hyundai,2015,55648,2.3,32309
Ford,2019,49077,2.0,41167
Toyota,2015,142843,2.3,21687
Ford,2022,61858,3.5,23312
Volkswagen,2022,34278,3.4,40217
Volkswagen,2013,21238,2.7,26809
Nissan,2019,138730,3.4,39645
Ford,2021,147963,3.9,8274
Ford,2020,72067,2.5,8226
Hyundai,2012,81894,3.9,20681
Nissan,2018,100942,2.0,44489
Nissan,2014,36623,3.9,21605
Honda,2019,116258,3.6,16605
Chevrolet,2019,38549,1.9,40530
Nissan,2013,104729,2.3,27670
Nissan,2015,108232,3.2,19703
Mazda,2023,73087,1.9,34104
BMW,2013,33062,2.9,18000
BMW,2015,81051,2.8,10206
Kia,2019,13704,2.2,11147
Ford,2017,147482,2.2,42304
Toyota,2017,76974,2.7,10290
Ford,2021,27902,2.2,41101
Honda,2015,141858,1.9,28513
Honda,2010,76629,3.4,29506
Honda,2022,133518,2.9,39133
Chevrolet,2010,33691,2.5,6053
Toyota,2023,131421,1.9,36545
BMW,2012,28118,2.9,17373
Hyundai,2011,141088,3.0,10856
BMW,2010,44277,2.6,28497
Chevrolet,2010,106264,2.4,11000
Honda,2021,96364,3.7,35844
Chevrolet,2021,120447,3.2,43921
BMW,2021,92158,2.3,12680
Hyundai,2015,87146,2.9,23425
Kia,2016,123066,2.0,37018
Toyota,2017,129411,1.4,9844
Chevrolet,2012,37054,3.7,6395
BMW,2010,77978,3.5,29158
Toyota,2014,128676,3.1,41022
BMW,2017,54015,3.5,14000
BMW,2021,12624,3.4,24401
Hyundai,2020,88699,3.6,13649
Kia,2023,83720,3.7,22102
Toyota,2020,61215,3.5,27084
Honda,2013,121066,3.6,43769
Toyota,2011,67639,2.7,40498
Nissan,2018,36973,3.2,14297
Honda,2021,27091,2.3,21696
Toyota,2022,149054,3.6,18105
Mazda,2018,110233,3.6,41743
Mazda,2012,142492,1.6,40511
BMW,2016,49770,2.3,22005
Honda,2022,140103,1.8,9211
Toyota,2010,65068,1.8,31220
BMW,2017,44128,2.5,24734
Ford,2017,97349,3.0,6248
BMW,2022,120729,2.3,15494
Chevrolet,2012,42607,2.2,16537
Mazda,2021,77887,1.6,7374
Ford,2014,7100,2.4,34672
Volkswagen,2013,6737,2.6,19022
Chevrolet,2016,131549,2.4,13327
Honda,2020,146182,3.2,10745
BMW,2016,144511,2.1,35137
Mazda,2020,132152,3.3,28508
Kia,2017,129565,3.7,39610
Mazda,2014,31507,2.9,42441
Hyundai,2022,58678,2.4,18499
Mazda,2020,134599,1.9,37429
Kia,2014,116954,3.8,26781
Kia,2017,131702,3.4,24487
BMW,2014,14539,2.0,28536
Honda,2022,84398,1.8,37903
Kia,2023,125263,1.5,6086
Mazda,2022,147887,1.9,5208
Honda,2010,6854,3.3,15279
Toyota,2020,48904,3.0,10804
Mazda,2012,27434,3.9,31367
Nissan,2011,42845,2.2,31416
BMW,2021,43108,3.4,26743
Chevrolet,2019,128280,1.7,18040
BMW,2014,83907,2.9,32166
Kia,2022,19976,2.6,28785
Volkswagen,2017,54283,3.6,10086
Hyundai,2018,83216,3.2,38801
Nissan,2018,116404,1.9,37453
Kia,2010,11157,4.0,38963
Mazda,2010,60730,3.5,32673
Honda,2010,101729,2.3,12370
Nissan,2010,86581,3.5,18307
Volkswagen,2018,93533,3.9,34682
Chevrolet,2010,124194,3.7,10722
Honda,2016,92112,2.8,23461
Hyundai,2015,116529,2.9,43542
Ford,2018,100800,1.7,24023
Hyundai,2020,7676,1.8,32770
BMW,2018,6215,4.0,25714
Nissan,2013,72800,3.4,41282
BMW,2018,127478,1.5,36059
Kia,2023,137041,2.8,9053
Toyota,2022,44396,2.3,5837
Kia,2023,5600,2.2,28403
Chevrolet,2015,27325,2.8,10619
Nissan,2014,138788,2.2,8268
Toyota,2018,148780,2.1,8274
Honda,2016,22165,3.8,21029
Toyota,2018,66152,1.5,15887
Chevrolet,2014,6434,2.5,20143
Mazda,2013,19852,2.7,35438
BMW,2019,131786,2.5,29772
Volkswagen,2012,97928,3.1,21447
Kia,2014,25375,1.5,7083
Nissan,2018,13651,3.7,32214
Chevrolet,2012,86725,2.7,19326
Ford,2010,126933,2.8,40504
Volkswagen,2011,133489,2.6,25172
Chevrolet,2019,87451,2.6,11679
Ford,2014,138049,1.9,5618
Ford,2012,117141,2.7,15990
Ford,2015,51828,2.5,31221
Mazda,2020,57916,2.6,20805
Toyota,2017,103594,1.4,14724
Hyundai,2015,76613,1.7,23056
Kia,2019,57727,3.4,36513
Ford,2018,132634,2.5,42678
Chevrolet,2015,58801,3.3,27415
Honda,2023,48435,1.8,11017
Honda,2014,77150,3.2,32822
Nissan,2013,120200,2.2,20165
BMW,2011,104943,3.2,42195
Ford,2015,144518,1.6,34674
Chevrolet,2011,108120,2.3,14635
Ford,2014,125537,1.7,28529
Mazda,2010,89557,3.0,7851
BMW,2012,54202,2.4,27092
Ford,2019,136871,1.6,26831
Kia,2014,14939,2.8,43872
Honda,2022,21620,1.5,35039
Ford,2022,105508,3.5,9775
Kia,2016,101553,3.8,27924
Kia,2017,143253,3.5,41700
Toyota,2016,46098,3.9,7794
Kia,2016,49055,3.7,23980
BMW,2020,25885,3.7,22658
Honda,2011,30526,2.0,26137
Nissan,2015,8796,2.0,31529
Mazda,2014,122061,3.5,14593
Honda,2020,91344,2.7,43478
Chevrolet,2018,59571,3.9,32987
Nissan,2021,140182,3.7,41419
Kia,2019,35897,3.7,16207
Ford,2020,146580,2.2,18241
Toyota,2013,63472,1.7,37095
Nissan,2021,35366,3.2,10718
Chevrolet,2016,135564,2.5,5061
Chevrolet,2020,56538,3.8,16342
Nissan,2017,144655,3.6,33934
Toyota,2023,68628,3.8,5879
Kia,2015,5168,2.9,38950
BMW,2012,98200,2.8,17542
Chevrolet,2020,70055,3.6,14055
Kia,2014,129932,2.7,7386
BMW,2010,58117,3.7,12857
BMW,2023,90128,1.5,40815
Chevrolet,2022,56879,2.3,11223
Nissan,2017,28933,3.6,13072
BMW,2021,21159,1.9,29768
Ford,2021,132457,2.4,35343
Honda,2021,98538,1.4,24750
Mazda,2020,149628,2.2,27210
Chevrolet,2011,75256,2.2,16116
Volkswagen,2022,88633,3.3,28043
BMW,2019,136002,3.2,39742
Hyundai,2016,126307,2.6,33486
Ford,2018,40280,3.3,12353
Volkswagen,2010,32837,2.5,7376
Kia,2022,84370,2.5,27152
Mazda,2013,105982,3.1,6558
Toyota,2016,38049,3.3,9620
BMW,2023,146892,3.6,6500
Toyota,2018,21005,3.4,25382
Mazda,2011,127793,3.1,43674
Ford,2011,67974,2.9,10124
Ford,2015,75168,2.2,17762
Mazda,2012,113813,2.1,39701
Ford,2013,15534,3.6,26653
BMW,2012,72224,3.3,8477
Mazda,2022,92855,3.1,42309
Chevrolet,2010,112378,2.1,31035
Hyundai,2023,5816,3.9,42657
Kia,2023,125876,1.6,19452
Honda,2015,130726,3.6,16703
Nissan,2020,103110,1.9,42259
Hyundai,2020,146518,2.4,9047
Honda,2022,100339,2.5,31251
Nissan,2011,149887,3.1,20711
Toyota,2011,98095,2.8,27916
Hyundai,2016,110536,1.9,9707
Volkswagen,2014,81042,1.5,37245
Hyundai,2017,7446,3.3,33283
Ford,2023,88808,2.7,6259
BMW,2011,137792,2.3,24971
BMW,2022,31479,2.1,17134
Honda,2019,83488,3.5,14170
Ford,2017,104238,3.5,42656
Toyota,2016,63656,3.5,27242
BMW,2022,39076,2.0,36582
Kia,2019,51265,3.6,23002
Toyota,2023,37967,4.0,30183
Ford,2017,132479,3.0,23477
Ford,2020,58258,1.5,14404
Honda,2012,130764,3.2,26062
Chevrolet,2017,53625,2.8,16308
BMW,2015,141146,3.3,44639
Ford,2011,25377,1.9,36352
Ford,2015,93992,3.0,12566
Kia,2014,58085,2.8,40144
Hyundai,2012,44701,3.0,25257
Hyundai,2010,55749,3.3,34745
Ford,2016,119692,2.8,18686
Toyota,2011,70081,2.2,5650
Kia,2010,13471,2.2,35551
Toyota,2010,139091,3.2,32305
Nissan,2016,108661,3.1,12380
Chevrolet,2021,119814,2.5,42884
Hyundai,2010,33975,2.3,21442
Hyundai,2018,8249,3.0,40838
Kia,2015,123589,2.2,32275
Mazda,2013,66929,3.9,36688
Toyota,2021,34108,3.0,21907
BMW,2013,100892,2.9,21923
Kia,2022,26541,1.8,40548
Honda,2021,95594,3.0,16949
Mazda,2023,24423,2.2,16116
Volkswagen,2014,91330,2.6,30442
Toyota,2011,63851,2.8,16036
Mazda,2014,128818,2.6,18439
Kia,2011,70552,3.5,37399
BMW,2021,127692,1.7,16053
Honda,2013,143155,1.8,7844
Chevrolet,2019,34118,1.8,8623
Mazda,2020,50334,3.5,32141
Chevrolet,2023,81441,1.7,8236
Ford,2014,100918,3.9,41015
Hyundai,2015,60324,3.9,43123
Nissan,2015,97119,4.0,26246
Hyundai,2018,50156,3.9,39699
Volkswagen,2013,11230,1.8,19760
BMW,2022,37649,3.1,6265
Honda,2023,46429,2.4,5106
Chevrolet,2014,69127,3.3,36606
Kia,2015,72160,2.5,7035
Chevrolet,2013,77785,2.4,21829
BMW,2015,30811,3.8,39104
Kia,2011,87038,2.7,19925
Kia,2021,64227,3.3,29915
Volkswagen,2022,45071,3.1,25706
BMW,2016,45708,3.1,41122
Mazda,2012,63131,2.3,33091
Hyundai,2023,59616,2.1,10573
Ford,2019,91642,3.7,37144
Chevrolet,2013,51503,1.5,10093
Mazda,2018,144279,1.8,5355
Ford,2021,60561,1.7,27656
Honda,2022,142775,3.9,26376
Nissan,2014,24166,1.4,43482
Chevrolet,2018,142235,1.4,41722
Volkswagen,2019,92059,2.0,10580
Ford,2022,79006,2.1,29211
Kia,2019,114438,2.9,12211
Mazda,2019,148692,3.9,38736
Hyundai,2021,141592,2.6,5806
Volkswagen,2019,93841,2.2,39323
Chevrolet,2015,65135,3.5,25888
BMW,2017,105389,2.4,36627
Mazda,2014,59221,1.8,14655
Volkswagen,2014,84863,3.5,24925
Nissan,2012,121536,1.4,30984
Chevrolet,2016,65376,1.9,35896
Honda,2011,41376,3.1,12106
Hyundai,2020,83733,1.7,40815
Honda,2021,50100,2.1,6620
Ford,2012,40445,2.4,31142
BMW,2011,70829,2.4,31344
Ford,2022,122884,3.9,5922
Hyundai,2017,101599,3.2,27876
Mazda,2013,65392,1.5,8577
Ford,2019,98051,2.0,30577
BMW,2017,17454,3.0,13186
Toyota,2017,87188,3.3,43185
Toyota,2017,53321,2.4,32015
Volkswagen,2017,30723,3.6,18602
Volkswagen,2017,42945,3.9,12958
Chevrolet,2021,107195,3.0,10654
Volkswagen,2018,12649,2.9,17010
Nissan,2011,132219,3.4,26266
Volkswagen,2018,142456,3.4,25558
Nissan,2017,27334,2.0,19919
Volkswagen,2020,108652,2.7,30184
Honda,2019,76107,2.6,5482
Kia,2010,44842,3.8,6767
Nissan,2023,15694,1.7,26937
Mazda,2014,100193,3.9,11995
Chevrolet,2020,83367,2.9,15878
Hyundai,2011,135071,2.1,14125
Nissan,2019,123065,3.7,25792
Ford,2014,118850,1.5,15851
Kia,2022,86884,2.2,19861
Honda,2017,60935,3.4,38970
Toyota,2018,21495,3.6,44432
Honda,2018,81268,1.8,8724
Volkswagen,2010,128173,3.8,15433
Chevrolet,2016,105773,1.5,19885
Kia,2021,101404,2.5,6556
Ford,2020,121886,1.7,14884
Nissan,2017,26677,1.7,14087
Honda,2019,147532,3.8,38969
Kia,2012,118918,3.8,40519
Nissan,2022,94501,3.0,26887
Chevrolet,2015,81881,3.9,17558
Hyundai,2020,43724,2.7,24380
Toyota,2012,80153,3.4,29518
Chevrolet,2018,73108,1.7,27358
Volkswagen,2022,56411,2.4,40110
BMW,2012,145995,2.7,17811
Hyundai,2011,109012,3.4,39144
Volkswagen,2018,62676,2.3,14058
Honda,2020,35182,3.9,22190
Hyundai,2022,88042,3.3,9354
Volkswagen,2023,6957,2.8,43062
Hyundai,2017,51009,2.3,38291
Chevrolet,2017,62803,3.1,6578
Kia,2011,93618,3.1,5332
Toyota,2015,59137,3.2,24831
Toyota,2022,60931,2.9,33157
Volkswagen,2022,128190,2.4,41953
Volkswagen,2014,51637,3.5,16017
Hyundai,2023,6758,2.1,6523
Honda,2021,68566,3.0,5267
Volkswagen,2011,36913,2.6,43964
Hyundai,2014,111385,3.7,13463
Mazda,2013,58569,2.9,20847
Toyota,2018,45584,3.6,32486
Volkswagen,2021,21482,3.9,27937
Chevrolet,2010,123337,1.7,23177
Ford,2015,138229,2.8,37796
Hyundai,2016,112919,3.7,16613
Toyota,2021,83663,3.7,22903
Volkswagen,2015,61064,1.9,18998
Kia,2014,79088,2.7,38441
Hyundai,2021,87452,2.0,14446
Honda,2013,59818,3.7,33792
Volkswagen,2014,86255,1.4,7224
Hyundai,2018,101729,2.0,29922
Volkswagen,2014,126467,2.5,44055
BMW,2019,6969,2.0,17624
Ford,2017,108275,3.9,37458
Nissan,2016,48307,2.0,28437
Nissan,2013,17628,2.3,24724
BMW,2019,126859,1.9,10026
Hyundai,2014,87554,3.8,19387
Honda,2016,138673,2.5,19872
Volkswagen,2015,120880,2.1,11887
Hyundai,2022,132395,2.0,9331
Kia,2012,20639,2.9,40196
Honda,2019,64780,3.9,34162
Kia,2012,63552,3.9,43638
BMW,2011,67786,4.0,44796
Chevrolet,2023,103911,2.4,43831
Nissan,2012,109725,3.8,29282
Nissan,2020,40833,2.6,21455
Volkswagen,2019,66093,2.7,7631
Ford,2022,78402,2.8,10634
BMW,2010,35595,1.6,39479
Hyundai,2022,58478,1.9,35559
BMW,2018,141642,3.7,21129
Hyundai,2011,56189,3.7,33905
BMW,2021,23569,1.9,41354
Chevrolet,2022,143577,2.2,11145
Mazda,2012,6179,3.6,10664
Ford,2014,91622,1.9,13225
Hyundai,2019,32807,3.7,36577
Ford,2021,19416,3.5,7085
Honda,2013,138332,3.5,14933
BMW,2022,43888,3.7,33382
Volkswagen,2014,74034,3.7,25627
Toyota,2015,123101,3.8,27483
Honda,2014,141550,3.7,39875
Kia,2019,141870,3.0,5449
Nissan,2010,78633,1.8,35415
Toyota,2015,86231,3.0,27794
Chevrolet,2018,141452,3.8,34844
BMW,2012,46707,3.9,7763
Mazda,2011,36986,3.3,16971
Chevrolet,2015,149236,3.2,29510
Hyundai,2021,135906,3.8,43034
Toyota,2023,51804,2.2,36097
Nissan,2012,34008,1.8,15681
Volkswagen,2013,50836,2.2,23034
Mazda,2015,83102,3.9,31664
Ford,2021,42696,2.0,25631
BMW,2022,64075,2.0,25650
Hyundai,2021,26533,1.9,23768
BMW,2015,58150,2.7,30576
Chevrolet,2021,142006,3.5,12914
Toyota,2011,65303,2.4,43337
Chevrolet,2022,107859,1.7,38951
Toyota,2022,61847,3.3,30610
Volkswagen,2012,44324,3.0,28488
Nissan,2022,56316,2.6,23547
Ford,2018,57025,3.9,30316
Volkswagen,2011,39218,2.6,32921
Honda,2012,108940,3.3,37245
Nissan,2018,104507,1.8,8079
Volkswagen,2013,44820,2.5,16546
Mazda,2010,96984,2.0,35929
BMW,2020,57176,2.3,18904
Chevrolet,2022,27528,2.6,28853
Nissan,2011,56207,1.9,33036
Mazda,2012,7191,3.5,35379
Chevrolet,2018,52378,2.4,32049
Honda,2018,94752,3.7,30970
Kia,2020,48497,3.2,10591
Nissan,2015,113161,1.9,19387
Mazda,2023,58880,3.1,8374
Chevrolet,2020,108994,1.5,28075
Chevrolet,2015,89931,3.5,6823
Volkswagen,2012,29819,3.9,26217
Toyota,2014,40216,3.2,11955
Volkswagen,2020,104028,3.8,25879
Mazda,2013,96676,2.2,33230
Hyundai,2019,69469,2.5,14872
BMW,2019,50219,2.5,42535
Nissan,2021,21487,1.7,29008
Volkswagen,2018,41815,3.5,32788
Chevrolet,2018,97338,2.7,17927
Chevrolet,2010,44352,2.7,32352
Kia,2017,58974,3.1,17784
Nissan,2018,148336,1.8,9061
Kia,2014,140905,3.5,21020
BMW,2013,25030,2.4,30111
Honda,2019,127357,1.6,43442
Volkswagen,2013,10290,1.9,31234
Ford,2011,129605,2.1,42486
Mazda,2018,137891,1.9,10408
Mazda,2014,75643,2.0,14712
Honda,2020,17736,4.0,16422
Nissan,2012,16480,2.8,35960
Volkswagen,2015,42551,3.0,13226
BMW,2018,23140,1.8,40335
Toyota,2018,130417,1.5,17106
Kia,2021,89247,2.2,11735
Honda,2022,113624,3.4,24475
Toyota,2014,53717,2.9,9570
Kia,2017,146691,1.4,16511
Honda,2013,18147,3.5,9429
Mazda,2014,44022,1.7,12189
Mazda,2016,103718,2.5,21821
Chevrolet,2016,33670,4.0,39000
Kia,2022,99362,1.7,9466
Ford,2016,13146,3.5,9176
BMW,2017,18787,3.5,29522
Hyundai,2020,36544,2.6,26199
Nissan,2014,48028,4.0,22748
Nissan,2010,30598,2.2,23400
Kia,2020,130857,2.2,32676
Honda,2018,65263,1.8,16726
Honda,2018,25354,2.4,44561
Hyundai,2016,31108,2.2,25991
BMW,2021,93490,3.0,37251
Volkswagen,2015,21727,1.5,20157
BMW,2022,149678,2.2,22300
Volkswagen,2022,142655,1.4,39477
Hyundai,2014,54899,1.4,12977
Volkswagen,2014,139428,3.5,14708
Ford,2012,125586,3.3,14414
Chevrolet,2019,70921,3.3,36639
BMW,2010,20811,2.3,19543
Volkswagen,2015,74769,3.2,31497
Mazda,2017,33919,2.1,23946
Ford,2023,11246,2.2,13500
BMW,2011,133619,2.9,42399
Volkswagen,2017,72271,3.2,20471
Mazda,2017,23941,2.1,21800
Hyundai,2019,84222,3.2,40093
Hyundai,2017,104482,3.9,40644
Kia,2019,19422,2.7,23911
Nissan,2012,104183,2.5,30821
Toyota,2019,88425,2.0,39626
Mazda,2017,125016,2.3,10298
Kia,2020,108601,2.8,14731
Ford,2021,124797,3.9,38574
Volkswagen,2021,81033,2.1,10150
BMW,2023,134886,2.0,43328
Honda,2013,88526,3.9,9296
Mazda,2012,67034,3.0,23461
Toyota,2020,44264,3.3,34532
Honda,2018,97963,3.6,18301
Chevrolet,2017,6324,1.6,41312
Toyota,2019,25286,2.7,11643
Kia,2022,130646,1.8,41006
Toyota,2022,31730,3.0,26090
Volkswagen,2011,58737,3.9,17312
BMW,2022,122410,1.5,24704
Ford,2022,7894,2.1,32876
Honda,2022,127336,4.0,40433
Toyota,2023,53896,1.4,7349
Volkswagen,2017,52563,1.8,18144
Hyundai,2020,126256,1.6,21880
Toyota,2020,132481,3.4,38153
Toyota,2012,89595,3.4,38512
Nissan,2019,23323,3.4,36774
Honda,2021,99685,3.4,18699
Nissan,2023,54165,3.6,17098
Nissan,2015,52993,3.4,11028
BMW,2014,116318,2.7,21250
Volkswagen,2017,135140,3.3,19508
Nissan,2018,120433,3.0,14382
Toyota,2020,62314,2.4,36318
Kia,2016,19640,3.6,35568
Kia,2015,116115,3.4,39804
Hyundai,2015,40950,1.9,36960
Kia,2010,123174,1.5,34568
Hyundai,2014,91426,2.2,34500
Kia,2023,39675,2.4,30159
Chevrolet,2017,40431,1.9,36105
Hyundai,2015,13127,3.6,23231
Mazda,2021,21712,1.5,22120
Honda,2010,148534,2.7,21168
Honda,2014,15397,1.5,38178
Honda,2022,26101,2.8,10592
Volkswagen,2020,129567,2.6,27949
BMW,2021,50196,3.4,14696
Ford,2014,85560,3.2,33645
BMW,2021,145697,3.6,5435
Hyundai,2012,107185,2.8,26839
BMW,2017,45876,3.5,32386
Kia,2018,98553,3.3,13351
Hyundai,2015,82972,3.4,16649
BMW,2015,113700,3.0,7195
BMW,2011,11747,3.3,8669
Nissan,2019,23583,2.4,10606
Chevrolet,2011,40497,1.6,9607
Volkswagen,2015,79323,2.5,11831
Hyundai,2021,144110,1.9,35786
Ford,2017,8910,3.0,40633
Honda,2011,106800,2.1,24195
Toyota,2018,45270,3.9,24524
Mazda,2022,144234,2.1,31946
BMW,2021,81798,1.7,13791
Honda,2023,104796,3.7,37474
Kia,2018,35270,2.5,38394
Mazda,2023,58054,2.3,6322
Chevrolet,2013,108241,3.7,27027
Honda,2013,28801,3.1,13223
Nissan,2013,86392,2.8,12854
Honda,2020,82588,2.3,6392
Chevrolet,2014,32789,2.2,39145
Honda,2017,18683,2.9,42312
BMW,2011,44162,2.7,13003
Honda,2020,144244,2.1,10904
Nissan,2014,44225,1.9,8934
Volkswagen,2023,41064,3.5,17646
Chevrolet,2011,92704,3.2,12328
Nissan,2020,20698,4.0,5475
Hyundai,2020,82320,2.7,17425
Honda,2017,98667,4.0,13665
Ford,2010,82987,2.6,5801
Honda,2016,43328,2.8,42773
Chevrolet,2012,22358,1.9,39265
Mazda,2013,11276,1.8,22764
Nissan,2023,11224,3.8,31078
Ford,2017,55822,4.0,35702
Hyundai,2012,110422,2.8,14509
Kia,2021,26555,2.1,28087
Hyundai,2022,68689,3.9,21411
Nissan,2022,42573,3.5,10032
Mazda,2016,66238,1.9,30835
Nissan,2021,31107,2.2,42351
Toyota,2010,25200,1.4,16191
Ford,2018,20308,2.9,36307
Mazda,2022,75669,2.8,7010
Ford,2015,70234,1.8,41160
Nissan,2012,146476,2.3,24515
Volkswagen,2016,148920,3.8,25704
Ford,2022,102412,3.1,31052
Toyota,2014,79309,3.6,17339
BMW,2017,86779,3.6,12780
Mazda,2017,85564,3.8,13923
Toyota,2021,90477,1.5,19585
Toyota,2018,92601,2.1,31323
Kia,2015,133692,2.5,27951
Volkswagen,2013,87150,3.1,23473
Honda,2022,109758,3.0,43308
Volkswagen,2011,23267,2.0,9420
Chevrolet,2012,76567,1.9,27862
Kia,2014,146219,2.5,29692
Nissan,2017,107787,2.1,5580
Nissan,2021,39136,3.9,39913
Hyundai,2019,22035,3.9,31873
Honda,2011,105414,1.7,42754
Chevrolet,2014,19775,3.2,6766
Ford,2023,138827,2.0,29406
Volkswagen,2018,66079,3.3,23192
Mazda,2011,100995,3.4,22800
Toyota,2017,22561,1.5,40789
Ford,2012,85917,3.2,10982
Hyundai,2017,30618,3.7,8644
Volkswagen,2013,23940,2.0,33601
Mazda,2013,16876,1.7,6434
Hyundai,2021,52777,2.9,34048
Toyota,2016,60946,2.7,20561
Kia,2014,147199,3.7,36187
Honda,2013,12596,2.6,32240
Kia,2016,23468,2.5,36269
Mazda,2021,23855,3.3,21315
Kia,2012,35467,1.6,8819
Mazda,2018,144229,1.5,39992
Chevrolet,2023,112790,2.7,6769
Chevrolet,2022,115564,1.6,7961
BMW,2014,136990,3.8,37098
BMW,2021,9747,3.1,9580
Kia,2012,47563,3.4,13842
Nissan,2011,70192,2.0,31627
Kia,2016,125424,2.7,19692
Kia,2021,65730,1.7,6906
Nissan,2016,111170,1.9,41554
Honda,2021,77086,2.9,20883
Volkswagen,2022,112904,2.1,35512
Nissan,2014,89023,3.8,26102
Mazda,2013,36194,4.0,34913
Volkswagen,2022,92555,1.4,28841
Toyota,2020,29592,3.4,33599
Honda,2011,103736,1.7,30633
Toyota,2011,58202,2.9,31695
BMW,2016,60033,2.0,5015
Ford,2019,68091,3.9,42967
Chevrolet,2016,114805,3.7,10391
Toyota,2013,112509,2.9,12026
Hyundai,2023,22335,1.9,35177
Kia,2013,141479,3.4,16347
Mazda,2013,5414,2.8,38933
Toyota,2020,96535,3.0,26113
Toyota,2011,75507,3.3,35522
Ford,2022,20145,2.5,7749
BMW,2022,141057,1.4,44641
Kia,2018,94889,2.3,15689
Kia,2010,12650,2.5,20853
Ford,2017,48407,2.4,36615
Nissan,2015,93441,3.6,23973
Ford,2022,98303,2.3,35804
Hyundai,2019,92377,2.5,34987
Volkswagen,2016,110632,1.6,7727
Hyundai,2021,127274,3.3,22069
Ford,2014,17708,2.0,25936
Chevrolet,2015,32175,2.0,26713
Nissan,2015,24335,2.9,7775
Chevrolet,2022,137609,4.0,41950
Hyundai,2018,106472,2.5,11585
Kia,2019,141759,2.3,43219
Hyundai,2022,21352,1.5,15977
Honda,2013,121583,3.4,14881
BMW,2021,45571,2.1,10316
Mazda,2020,104760,3.4,11230
Honda,2021,104798,2.1,9973
Ford,2022,14479,1.5,18902
Toyota,2014,31814,2.7,9428
Chevrolet,2013,15065,3.8,16134
Volkswagen,2010,30820,1.9,42096
Honda,2019,146510,1.8,26874
Nissan,2015,27871,1.9,40680
Chevrolet,2014,54325,3.2,16126
Honda,2013,24661,2.4,17582
Kia,2015,59850,2.1,24151
Mazda,2021,6396,2.3,42676
Hyundai,2014,5173,2.2,33812
Hyundai,2012,125909,2.8,43803
Honda,2011,20913,1.7,36801
Ford,2022,81616,2.7,5914
Nissan,2015,126433,2.2,38626
Ford,2013,89998,3.8,22103
Chevrolet,2020,67726,2.5,34004
BMW,2022,105003,1.7,21530
Mazda,2019,85499,3.8,27493
Mazda,2012,60820,3.8,18622
Hyundai,2023,128842,1.9,11906
Mazda,2017,24475,3.5,8446
Ford,2021,122939,3.6,43544
Nissan,2018,119412,2.3,28517
Nissan,2016,110824,1.8,13156
Hyundai,2011,146014,3.5,16067
Honda,2017,38660,1.5,42761
Nissan,2020,13406,3.0,15289
Ford,2022,149243,2.3,40823
Toyota,2022,100839,2.9,14216
Honda,2020,92259,3.5,7180
BMW,2014,87525,3.6,24808
Volkswagen,2020,117976,4.0,44293
Kia,2019,58566,3.1,14814
Mazda,2016,103039,2.0,42886
Mazda,2014,56665,2.1,30448
Toyota,2011,110347,2.5,9192
Honda,2021,92101,3.6,30049
Hyundai,2021,88403,2.4,40613
Ford,2021,34621,3.2,16008
Toyota,2013,91205,1.5,27511
Kia,2022,94233,2.5,30906
Nissan,2020,145809,1.8,21969
Hyundai,2014,37035,3.8,28727
Volkswagen,2015,117257,3.5,15548
Hyundai,2014,80224,1.8,28329
Toyota,2019,17974,2.4,33885
BMW,2020,29648,1.6,35195
Toyota,2010,33612,3.3,24966
Toyota,2010,113722,1.9,22237
Toyota,2012,47576,3.5,5134
Hyundai,2018,30563,1.6,26284
Toyota,2020,72127,2.9,20798
Honda,2011,85994,3.0,27798
Hyundai,2019,141973,2.3,5383
Nissan,2014,111383,1.8,5612
Honda,2018,112083,2.2,26181
Kia,2016,14034,2.7,9721
Nissan,2020,41417,3.9,18635
Volkswagen,2017,98728,2.6,37689
Mazda,2011,123297,1.9,44996
Hyundai,2014,38489,1.5,5155
Mazda,2018,137876,1.4,34163
Hyundai,2010,83147,2.5,18039
Nissan,2010,65538,2.2,22399
Volkswagen,2019,52877,1.7,33962
Ford,2017,58391,1.8,12925
Ford,2011,18229,2.3,12604
Honda,2018,140362,3.2,6338
Toyota,2019,98666,3.0,43976
Toyota,2018,55812,1.6,43254
Ford,2013,117203,1.8,36360
Nissan,2011,112632,3.8,28272
Volkswagen,2012,7523,1.6,32629
Honda,2019,104964,1.9,15258
Nissan,2010,143702,2.2,30263
Toyota,2012,9512,2.0,10552
Honda,2014,13329,2.2,19536
Mazda,2012,16752,3.3,11925
Chevrolet,2012,121441,1.6,13307
Kia,2019,81584,2.3,36446
Honda,2015,45103,3.0,22453
Toyota,2012,120872,1.5,44977
Nissan,2012,69279,1.5,13380
Mazda,2018,56003,2.7,38822
Kia,2011,11520,3.7,6465
Kia,2010,63697,2.6,24302
Honda,2019,75827,2.5,32935
Kia,2017,20106,1.4,24844
Mazda,2022,131934,3.3,12134
Volkswagen,2023,76660,1.8,23420
Nissan,2012,56218,3.2,22028
Honda,2016,50863,2.3,9165
Kia,2011,103550,1.5,26310
Volkswagen,2020,78123,2.3,23157
Nissan,2020,120029,3.1,27205
Hyundai,2021,51995,3.4,31407
Volkswagen,2017,7434,3.1,17008
Hyundai,2018,120029,3.2,17718
Hyundai,2017,51381,2.0,11479
Volkswagen,2017,148944,3.9,26815
Kia,2017,81252,2.0,31395
Hyundai,2023,146624,1.8,5055
Kia,2016,18465,2.0,34696
Kia,2011,10920,3.9,44149
Nissan,2017,141540,1.6,26713
BMW,2014,84613,3.4,21445
Mazda,2015,32217,1.7,33390
Kia,2013,45464,3.4,9265
Nissan,2010,48307,2.1,37942
Chevrolet,2022,73275,3.3,30717
Hyundai,2014,132211,1.5,20900
Honda,2012,62554,2.3,9867
Kia,2018,15662,2.6,30054
Volkswagen,2013,125526,1.5,24997
Hyundai,2019,139562,1.9,30166
Hyundai,2011,122572,1.8,7638
Chevrolet,2013,108218,2.7,26151
Honda,2012,114946,1.7,20004
Nissan,2012,135593,3.9,33901
Chevrolet,2014,120277,3.7,11694
Mazda,2010,99152,2.0,6930
Hyundai,2014,133787,2.0,14370
Kia,2017,95319,3.9,23212
Kia,2019,31640,2.2,36552
Chevrolet,2021,17541,2.5,13991
Mazda,2018,22354,3.2,6152
Ford,2021,109893,2.3,31732
Toyota,2010,54057,3.7,40511
Volkswagen,2023,102251,2.9,38285
Volkswagen,2011,47439,2.9,11328
Ford,2011,14362,2.8,19942
Hyundai,2015,18171,1.7,19349
Nissan,2010,73721,3.5,27596
Honda,2020,119045,2.9,16965
Ford,2010,30975,1.5,17029
Mazda,2011,66945,3.6,9739
Kia,2021,58596,3.3,27147
Toyota,2022,86065,2.2,44221
Hyundai,2013,44218,2.1,28616
Toyota,2011,21582,2.7,12868
Honda,2013,106552,1.4,29990
Kia,2012,6147,3.5,41265
Mazda,2012,110054,3.8,5433
Volkswagen,2018,102565,2.6,32926
Honda,2017,75242,2.8,34645
Ford,2021,101110,3.5,35928
Volkswagen,2021,140107,2.1,23235
Volkswagen,2019,31858,2.7,20459
Mazda,2018,80453,1.7,31198
Ford,2010,42822,3.2,5289
Chevrolet,2021,42631,3.5,20854
Honda,2014,115389,1.6,12909
Nissan,2021,142246,3.7,18992
BMW,2021,89064,2.4,25476
Kia,2013,104008,3.8,19549
Mazda,2020,80496,3.7,11953
Kia,2023,104373,3.5,22217
Honda,2018,115370,3.6,32283
Ford,2023,31859,2.2,14381
Nissan,2012,79496,2.4,25260
BMW,2014,52798,2.0,31404
Toyota,2017,52642,2.3,34043
Nissan,2019,49683,2.9,43327
Mazda,2014,13451,3.6,16655
Kia,2018,57095,2.8,29468
Nissan,2011,53394,3.2,12087
Hyundai,2015,141347,1.8,30150
Ford,2014,27855,3.8,16986
Ford,2018,113135,2.9,34576
Hyundai,2016,27624,3.4,28866
Volkswagen,2017,114894,4.0,23486
Volkswagen,2016,65981,3.6,12644
Honda,2022,46620,2.7,10425
Chevrolet,2019,124728,3.7,31820
Toyota,2019,16041,3.1,43189
Hyundai,2014,81153,3.3,34649
Honda,2020,71646,3.1,29774
Kia,2022,123433,2.1,12977
Hyundai,2023,36207,2.3,13116
Chevrolet,2014,18107,2.9,21556
Hyundai,2022,137912,3.7,36029
Chevrolet,2020,121598,2.6,5458
Chevrolet,2013,114406,2.8,5778
Chevrolet,2011,38510,2.4,32483
Ford,2023,8160,1.4,38559
Nissan,2018,42309,3.1,26882
Ford,2019,61718,2.9,22047
Honda,2019,28391,3.9,20531
Ford,2021,19295,2.7,13011
Ford,2019,113151,2.8,21056
Kia,2019,52036,2.1,21358
Hyundai,2012,88487,1.7,14963
Ford,2020,64672,3.2,32664
BMW,2020,114512,3.5,34391
Chevrolet,2012,111973,3.7,18278
Hyundai,2012,42473,2.5,20292
Volkswagen,2017,5141,3.2,14613
Kia,2015,9655,2.1,11003
Nissan,2010,114066,2.1,30774
Kia,2021,67971,4.0,14014
Chevrolet,2022,99138,3.6,26655
Hyundai,2023,132684,2.1,5757
Nissan,2012,30785,2.5,29766
Toyota,2013,143460,2.9,6342
Mazda,2022,97240,1.4,42736
Kia,2011,57957,3.9,38454
Nissan,2015,107808,1.7,37940
Honda,2019,38741,3.5,12075
Nissan,2021,106242,3.9,16912
Mazda,2010,5085,3.2,13942
Chevrolet,2010,94643,3.9,17311
Hyundai,2017,47756,1.5,10858
Toyota,2013,84975,2.3,18794
Honda,2010,95571,2.6,11460
Nissan,2016,85611,3.4,10358
BMW,2018,89428,3.1,28492
Ford,2019,55296,3.3,9884
Chevrolet,2016,127516,1.8,29121
Kia,2010,86247,3.6,40783
Kia,2010,99000,3.5,10340
Mazda,2021,68927,3.4,9340
Chevrolet,2010,58816,3.5,32014
Honda,2017,133852,2.0,21768
Volkswagen,2016,114756,1.8,8519
Toyota,2023,52972,3.7,34179
Honda,2012,68716,3.9,12385
Toyota,2012,83978,2.5,10323
Hyundai,2021,58282,2.6,28418
Hyundai,2012,63568,3.3,18940
Chevrolet,2011,104495,2.7,19395
Chevrolet,2023,54135,2.2,5496
Kia,2023,65661,1.9,29829
Ford,2013,141993,1.5,32989
Mazda,2016,99744,2.9,34704
Ford,2018,24895,1.8,12752
Honda,2012,34215,3.6,12039
Kia,2019,18461,4.0,30004
Toyota,2016,135942,2.6,19854
Volkswagen,2021,111328,1.7,12649
Nissan,2013,53916,2.9,6935
BMW,2010,116336,2.9,42304
Hyundai,2014,35671,1.7,14051
Ford,2017,116611,3.1,27808
Mazda,2012,107932,2.2,43677
Volkswagen,2019,15130,3.6,21822
Volkswagen,2013,120703,2.9,19113
Hyundai,2012,76693,2.5,8855
BMW,2019,122271,3.9,23703
Chevrolet,2023,75675,2.7,23725
Volkswagen,2023,22311,3.7,23773
Honda,2017,113007,2.1,37604
Honda,2019,55889,2.5,19935
Chevrolet,2017,109883,1.6,22878
Toyota,2023,149704,2.5,12205
Kia,2013,8038,3.7,7070
Chevrolet,2020,12219,3.6,38753
BMW,2011,77036,3.9,13625
Honda,2021,122454,3.3,32233
Volkswagen,2012,7825,2.1,20244
Honda,2012,132301,1.8,31216
Nissan,2013,28054,1.9,35713
Kia,2020,46178,3.1,43253
Mazda,2022,18077,2.4,14091
Nissan,2011,76694,2.5,29180
Toyota,2011,91341,3.6,39515
Hyundai,2012,80563,3.3,42838
Nissan,2021,33253,1.9,19645
Toyota,2010,110347,1.8,41923
Toyota,2017,51853,3.5,7701
Mazda,2015,48154,3.9,32195
Hyundai,2012,110539,1.9,20675
Ford,2010,87423,3.9,32072
Chevrolet,2012,126924,2.5,6600
Volkswagen,2010,94646,3.8,8998
BMW,2012,141255,3.4,18280
BMW,2013,24023,3.8,27208
BMW,2015,13957,3.1,16365
Ford,2016,21620,1.8,19566
Chevrolet,2016,9491,1.6,8477
BMW,2018,113500,3.0,22532
Chevrolet,2017,43728,1.6,8009
Volkswagen,2022,69650,2.0,20870
BMW,2013,8387,1.9,11600
Hyundai,2015,21025,2.5,23435
Toyota,2020,137518,3.0,5216
BMW,2010,109673,3.8,18518
Chevrolet,2017,108896,3.8,13663
Toyota,2015,64388,4.0,41295
Mazda,2011,125747,3.4,29218
BMW,2017,115930,3.8,10850
BMW,2013,134442,3.5,6964
Nissan,2018,39226,3.8,28228
Toyota,2013,23406,1.7,11501
BMW,2010,27989,3.9,20014
Hyundai,2016,47580,2.0,40164
Volkswagen,2019,50731,2.9,10885
Toyota,2014,82541,2.7,40076
Volkswagen,2019,142933,2.9,9433
Kia,2020,45039,3.2,25942
Chevrolet,2021,146425,2.8,43489
Mazda,2014,111171,3.2,14978
Nissan,2013,69050,2.8,38537
Hyundai,2015,132281,1.4,16516
Mazda,2010,75254,3.0,10208
Nissan,2012,107454,2.8,13633
Mazda,2020,21907,2.9,44603
Mazda,2021,105785,1.4,36945
Honda,2016,9484,2.6,27972
Chevrolet,2020,28194,3.7,26987
Ford,2017,28886,2.3,19539
Nissan,2021,13537,2.6,36252
Hyundai,2018,28399,1.7,14230
Toyota,2010,96810,2.6,41397
Mazda,2013,11892,2.4,26574
Mazda,2011,134579,3.7,21766
Nissan,2011,45544,1.5,37157
Kia,2010,112617,3.9,12565
Ford,2014,24267,2.9,21621
Mazda,2011,45396,2.8,27902
BMW,2013,118204,3.7,5837
Honda,2018,112478,1.9,25525
Volkswagen,2020,48404,1.9,5071
Honda,2012,56736,3.7,18091
Ford,2017,71843,3.8,40127
BMW,2019,56376,3.6,14156
Honda,2022,41212,1.5,27165
Volkswagen,2015,55403,3.1,20857
Toyota,2019,96126,2.6,12717
Chevrolet,2014,75277,3.5,33633
Toyota,2011,114710,1.8,40172
Chevrolet,2020,31607,3.8,20405
Kia,2022,68543,2.3,18892
Kia,2012,122117,2.2,11087
Kia,2017,83294,1.9,35278
Honda,2021,47191,1.4,10880
Kia,2021,61957,2.2,19554
Chevrolet,2018,134658,1.8,11220
Toyota,2020,85614,3.3,18538
Nissan,2020,37802,3.4,12213
Mazda,2016,86940,3.6,8974
Chevrolet,2010,122000,1.4,11089
Toyota,2021,120144,2.3,41470
Toyota,2021,45668,1.4,29428
Mazda,2022,32573,2.7,22893
BMW,2022,70258,3.8,12220
Nissan,2015,127608,2.5,17429
BMW,2016,135687,3.7,11668
BMW,2021,110431,3.9,34255
Toyota,2015,14782,2.0,20848
Volkswagen,2019,124529,1.4,34491
Hyundai,2020,100615,3.3,23377
Chevrolet,2022,110953,2.9,6696
Honda,2011,92087,2.3,38124
BMW,2022,9774,2.4,5915
Kia,2018,148252,1.6,12552
Honda,2012,133782,3.7,15738
Ford,2015,86964,2.0,19546
Volkswagen,2015,107674,1.7,19807
Honda,2017,25148,3.4,13380
Mazda,2022,49342,2.7,27709
Hyundai,2013,58479,3.4,20605
Nissan,2015,19066,3.7,38271
Mazda,2010,126469,2.4,28632
BMW,2018,86084,1.5,38007
Volkswagen,2021,13779,2.1,29571
Volkswagen,2018,46562,1.5,42881
BMW,2016,69627,1.8,18346
Hyundai,2020,69981,3.6,5235
Toyota,2022,53294,3.8,20271
Honda,2010,88176,3.2,31713
Kia,2012,15353,3.3,21534
BMW,2021,117123,3.3,10607
Kia,2014,101406,1.7,16532
Honda,2013,148943,1.5,34743
Hyundai,2014,48377,3.2,19897
Toyota,2016,130902,1.5,23895
Nissan,2018,26670,3.5,14324
Hyundai,2010,146383,2.9,11221
Kia,2014,9955,1.7,7023
Volkswagen,2012,48360,3.1,21947
Volkswagen,2012,149394,3.0,13545
Ford,2020,128689,2.4,29435
Chevrolet,2011,5152,3.5,29412
Mazda,2015,149545,2.2,40035
Mazda,2023,76445,2.4,19924
BMW,2015,32009,3.2,31434
Kia,2012,122426,3.4,31726
Mazda,2010,86039,2.1,15597
Mazda,2016,120413,1.4,17958
Hyundai,2011,125388,1.9,22282
Nissan,2017,82270,2.1,7884
Kia,2012,56517,3.8,28746
Ford,2010,136090,3.7,24790
Nissan,2019,56113,3.1,14953
Ford,2018,121539,3.2,25122
Kia,2014,44880,3.0,34260
Toyota,2010,21484,3.4,26473
Toyota,2019,44606,2.3,16409
Mazda,2020,67618,2.8,31633
BMW,2015,131804,3.1,37415
Volkswagen,2019,19464,2.6,5451
Hyundai,2012,77671,3.4,37383
Mazda,2020,76565,3.8,24905
Chevrolet,2013,138581,3.1,40251
Toyota,2017,138027,1.6,10117
Mazda,2014,12078,3.0,10342
Volkswagen,2021,110847,3.2,16576
Ford,2015,132307,2.1,9781
Ford,2019,58932,2.2,14022
Honda,2013,87830,2.9,29161
Hyundai,2015,76699,3.2,24917
BMW,2012,50601,3.7,29886
Ford,2019,77251,3.4,13253
Honda,2021,93062,1.7,10126
Toyota,2010,44373,2.3,12954
Ford,2015,130836,1.8,9370
BMW,2023,102997,3.4,17368
Mazda,2022,120292,2.1,32879
Volkswagen,2010,60001,1.7,39252
Chevrolet,2019,47970,1.7,8476
Ford,2021,134196,1.7,16882
Chevrolet,2012,52055,2.0,10888
Chevrolet,2021,149293,3.4,11993
Chevrolet,2017,87122,2.0,38047
Nissan,2016,86628,2.1,29253
Chevrolet,2017,149942,3.7,21326
Nissan,2019,103546,2.6,16162
Volkswagen,2019,129409,2.7,26786
Chevrolet,2011,8740,1.4,18122
Honda,2019,24105,1.6,35195
Chevrolet,2016,125714,3.3,7676
Kia,2023,95358,2.3,23127
Hyundai,2013,33519,1.8,41268
Honda,2010,55712,2.5,13888
BMW,2020,63328,1.5,14087
Ford,2012,144759,3.2,18696
Volkswagen,2014,134993,1.6,43955
Volkswagen,2023,100616,1.5,5870
Kia,2019,69949,2.5,12362
Kia,2017,28892,2.9,23435
Kia,2011,6082,3.4,9529
Kia,2011,56905,1.6,20492
Kia,2017,100106,2.3,36452
Toyota,2023,144807,2.1,25275
Mazda,2018,16255,3.3,41125
Volkswagen,2019,110137,2.4,27189
Kia,2022,146166,3.0,21550
Ford,2022,65515,2.7,26583
Toyota,2010,92010,2.9,29864
Honda,2023,39918,2.4,14070
Honda,2011,11103,2.0,14665
Nissan,2013,87803,1.6,8330
Mazda,2021,59390,1.9,5159
Honda,2012,54158,1.8,15381
Kia,2010,63889,3.8,18733
Volkswagen,2013,67267,3.8,21356
Nissan,2020,135606,2.1,35381
Hyundai,2022,140263,1.7,23384
Toyota,2020,141695,2.1,25050
Hyundai,2011,7293,3.5,34068
Hyundai,2019,97703,3.7,26489
Kia,2014,107729,2.7,18423
Hyundai,2010,40992,2.8,39955
Hyundai,2023,88160,2.6,36262
Honda,2017,20848,1.9,39062
BMW,2019,66173,1.5,23954
Nissan,2011,117911,3.0,30190
Hyundai,2020,143589,3.5,42279
Mazda,2012,35980,3.3,26455
Ford,2012,13455,3.7,25232
Nissan,2013,11944,3.5,42939
Mazda,2016,69627,2.1,9264
Ford,2022,69723,1.7,19930
Hyundai,2018,5858,2.5,43847
BMW,2012,42011,2.3,15196
Chevrolet,2010,101054,3.3,27667
Volkswagen,2020,20437,1.6,30636
Mazda,2019,30550,3.9,16396
Hyundai,2010,33929,3.9,17296
Nissan,2021,137091,1.6,33856
Honda,2020,29284,2.5,7279
Hyundai,2015,82350,3.7,19205
Chevrolet,2014,115839,1.9,22231
Hyundai,2019,119680,3.2,19803
Hyundai,2016,80640,3.2,35340
Volkswagen,2016,75909,2.0,7677
Honda,2012,37371,1.4,12850
Mazda,2016,18234,3.1,25816
Kia,2018,68172,3.0,14909
Kia,2017,142429,3.1,29381
Nissan,2012,26595,1.8,8229
BMW,2019,50599,3.0,37006
Hyundai,2014,143844,2.8,5138
Nissan,2022,58890,2.6,13391
BMW,2022,107205,3.4,18935
Mazda,2023,33684,2.4,14304
Mazda,2017,64924,2.3,20801
Honda,2011,16708,2.8,16099
Kia,2023,12670,3.9,28085
Kia,2023,75470,2.3,24856
Nissan,2016,7666,2.6,33940
Volkswagen,2020,72989,2.1,21719
Kia,2019,133639,3.2,5587
Volkswagen,2019,121255,2.3,11768
Volkswagen,2016,7473,3.2,38574
Mazda,2020,46214,1.8,19610
Honda,2021,110346,2.1,18880
Nissan,2023,99373,1.9,18358
Ford,2022,21806,3.4,24278
Nissan,2017,51292,1.6,24615
Volkswagen,2010,34228,2.1,16776
BMW,2017,52986,2.7,31318
BMW,2023,101780,1.6,5723
Honda,2010,136626,1.4,9766
Mazda,2012,54158,3.2,32539
Mazda,2018,88685,3.0,25270
Volkswagen,2013,131123,1.4,32123
Volkswagen,2019,32749,1.5,13521
Chevrolet,2022,117195,2.0,21888
Chevrolet,2018,55809,3.8,8042
Volkswagen,2010,69076,3.1,23813
Kia,2017,143535,3.5,23524
Nissan,2012,129108,3.4,5956
Kia,2020,120178,4.0,16777
Mazda,2016,79045,3.9,8350
Ford,2011,100402,1.6,30425
Nissan,2022,83041,1.5,21064
Kia,2016,29466,2.7,34066
Kia,2016,112712,2.1,7404
Toyota,2018,128212,2.7,41855
Nissan,2011,43867,1.6,43780
Ford,2017,119361,3.8,43462
Honda,2014,105567,3.4,6976
Honda,2019,104370,2.8,40672
Kia,2018,59896,2.6,17725
Volkswagen,2017,7790,2.6,14790
Ford,2012,110383,3.0,41565
Ford,2012,49449,2.8,39322
Mazda,2020,88593,2.7,5929
BMW,2021,115464,3.2,11934
Toyota,2019,93562,3.4,31073
Mazda,2017,103652,3.1,29149
Ford,2018,68720,2.4,38888
Hyundai,2011,25517,2.5,7506
Volkswagen,2012,87131,1.7,33401
Ford,2023,84497,2.5,16391
Toyota,2023,67430,3.4,5692
Ford,2017,135329,1.6,18784
Nissan,2011,34456,1.9,20632
Nissan,2017,123788,3.6,14109
Chevrolet,2014,70346,2.9,34089
Toyota,2015,18930,3.1,5416
Kia,2023,37915,2.2,32160
BMW,2019,33040,2.7,32757
Kia,2021,78390,3.4,17593
BMW,2013,127871,3.7,20381
BMW,2012,65665,3.9,23770
BMW,2017,126832,3.6,20973
Honda,2018,66324,1.6,23179
BMW,2022,99855,2.3,13263
Ford,2017,121158,3.3,23220
Hyundai,2018,138669,2.5,34951
Toyota,2010,65697,2.5,42403
Hyundai,2014,6302,3.5,23101
Chevrolet,2021,82790,3.6,9948
Ford,2016,12484,3.5,38530
BMW,2017,123957,2.3,7954
Honda,2023,63627,2.0,26990
Mazda,2020,139428,2.3,19541
Kia,2011,22451,3.2,25731
Nissan,2021,8074,2.3,27976
Toyota,2020,56642,1.5,14054
Hyundai,2023,123452,3.5,33843
Ford,2013,125709,1.6,20018
Mazda,2016,32654,4.0,33912
Volkswagen,2014,19189,3.6,12115
Volkswagen,2010,60107,3.9,13528
Nissan,2022,61020,3.6,21463
Volkswagen,2023,7560,1.7,8318
Kia,2011,29652,2.5,11685
Chevrolet,2014,57266,3.8,24994
Volkswagen,2015,131108,1.6,33247
Nissan,2010,68318,2.2,10787
Chevrolet,2021,125392,2.6,12069
Kia,2012,71548,2.6,15713
Nissan,2015,107589,3.9,30438
Volkswagen,2015,118280,2.4,15968
BMW,2016,138397,2.0,37897
Toyota,2019,61109,2.6,6094
Volkswagen,2021,96837,2.4,38878
Nissan,2023,102942,3.0,38628
Toyota,2023,60845,4.0,16869
Toyota,2012,81955,2.8,13604
Chevrolet,2010,89314,2.6,27385
Kia,2022,107825,2.9,16689
Volkswagen,2016,99845,3.9,10042
Mazda,2021,74727,3.0,29910
BMW,2020,61582,1.7,31620
Kia,2012,149096,3.8,22935
Mazda,2014,61045,2.9,31631
Mazda,2013,149671,1.8,12771
Hyundai,2021,93999,2.0,33199
Chevrolet,2010,26755,1.7,37976
Honda,2021,141524,3.9,44096
Ford,2016,78129,1.6,23164
Ford,2023,103815,3.4,29781
Chevrolet,2022,91044,2.3,15836
Chevrolet,2013,82539,1.6,18745
Mazda,2010,107941,2.5,5282
Chevrolet,2020,132602,1.4,37084
Mazda,2015,117603,3.5,31271
Kia,2013,17215,2.8,39255
Honda,2022,34859,2.6,42787
Hyundai,2013,65585,3.6,27812
Mazda,2011,75655,2.8,15620
Chevrolet,2010,123019,2.9,35838
Toyota,2012,40076,3.5,21919
Volkswagen,2019,127698,3.3,29447
Ford,2014,86537,3.1,32302
Honda,2021,75655,3.2,22287
Volkswagen,2018,71101,2.1,33497
Nissan,2023,45407,1.7,13338
Chevrolet,2016,148162,3.0,16941
Mazda,2013,79528,2.0,34977
Hyundai,2017,55430,1.5,8653
Toyota,2021,50701,2.1,23523
Hyundai,2013,28575,3.3,22580
Volkswagen,2015,57656,3.2,42156
Toyota,2021,112487,3.7,11869
BMW,2010,19062,3.2,35558
Ford,2023,48485,2.5,11405
Chevrolet,2015,15621,2.1,34342
Nissan,2019,27901,3.4,43464
Volkswagen,2014,18634,2.5,43907
Mazda,2023,32736,3.5,37203
Ford,2011,70912,3.6,37511
Nissan,2010,100873,2.3,40753
Hyundai,2022,80875,2.3,32780
Ford,2015,63957,3.8,43732
Nissan,2020,43010,2.4,44964
Nissan,2011,73383,3.2,16355
Hyundai,2018,16659,2.4,5137
Nissan,2018,78750,3.3,14313
Honda,2010,122391,1.9,20261
Toyota,2014,44430,3.6,15444
Honda,2017,57500,4.0,37484
Hyundai,2013,115265,3.4,40002
Kia,2012,85990,2.3,9336
Ford,2014,145182,2.8,8638
BMW,2014,38144,3.1,20812
Mazda,2017,85920,1.9,37110
Mazda,2015,30826,2.1,32831
Volkswagen,2011,29004,3.5,19322
Volkswagen,2020,135868,3.9,20676
Hyundai,2010,147616,2.1,8844
Volkswagen,2022,16102,1.8,36628
Mazda,2012,70491,4.0,12413
Honda,2011,27869,2.2,15663
BMW,2013,23150,3.4,28308
Mazda,2012,92425,2.4,10933
Honda,2018,146628,3.9,8311
Kia,2014,33552,3.0,29804
Hyundai,2013,107145,2.5,43550
Chevrolet,2019,57396,1.9,29353
Kia,2018,147535,2.1,37052
Kia,2013,49623,3.6,19302
Mazda,2015,21351,1.5,10150
Hyundai,2023,39388,1.8,31850
Toyota,2019,19968,1.9,19017
Nissan,2010,79259,1.6,12679
Kia,2022,45596,3.2,28383
Volkswagen,2011,118670,4.0,31954
Honda,2013,99168,1.8,14667
Toyota,2018,54544,3.5,9505
Hyundai,2015,41225,1.9,14725
Chevrolet,2015,138435,3.9,18293
BMW,2020,94274,2.7,39915
Toyota,2018,129228,3.6,39150
Chevrolet,2021,32436,1.8,23761
Mazda,2013,38085,3.7,36202
Ford,2012,13896,1.6,8263
Nissan,2016,18785,1.5,40908
Mazda,2021,123459,3.2,38904
Hyundai,2016,63385,1.7,7429
Ford,2018,91164,3.7,9138
Chevrolet,2015,58805,3.0,25203
Ford,2011,135672,2.3,16228
BMW,2015,74542,2.1,21493
Volkswagen,2017,98136,1.6,14119
Volkswagen,2015,116286,3.2,22237
Mazda,2018,117905,3.8,42290
Mazda,2013,56279,3.4,25213
Hyundai,2012,124301,3.0,21747
Hyundai,2020,18950,1.7,38760
Honda,2014,56901,3.6,27421
BMW,2012,62587,3.9,44464
Hyundai,2020,53284,2.1,17089
Kia,2021,25038,2.5,17827
BMW,2011,52567,1.4,32860
Honda,2011,65037,3.6,44730
Volkswagen,2013,56522,1.5,29099
Toyota,2012,40371,2.7,37707
Honda,2018,141819,2.9,20786
Honda,2023,106837,1.5,33370
Mazda,2016,7966,1.9,30906
Nissan,2015,99776,3.5,6913
Ford,2019,101447,2.1,19388
Volkswagen,2021,78107,3.3,25106
Chevrolet,2017,24391,3.3,28085
Chevrolet,2018,61965,2.5,19417
Hyundai,2012,111688,1.6,18485
Volkswagen,2021,107424,1.4,6868
Kia,2019,25581,2.7,15546
Hyundai,2016,108141,1.6,32402
Hyundai,2018,9025,3.3,15034
Honda,2010,132242,2.4,8098
Volkswagen,2019,42025,3.2,12439
Ford,2018,112381,2.5,10425
Hyundai,2023,74489,3.0,10006
Nissan,2016,23678,3.6,14653
BMW,2019,142389,3.7,31893
Kia,2023,67348,1.4,14725
Kia,2013,75649,3.1,30369
Hyundai,2022,126493,2.9,43121
Nissan,2020,67784,3.1,41391
BMW,2021,58223,1.6,7293
Toyota,2015,12739,1.6,42785
Mazda,2020,29616,2.7,5501
Mazda,2020,93400,1.5,38681
Mazda,2015,90676,3.4,31639
Honda,2015,70283,3.4,33004
Kia,2011,101581,1.7,25979
Chevrolet,2014,115252,2.6,24062
Chevrolet,2016,20545,2.9,41738
Honda,2015,45176,3.6,14467
Hyundai,2012,16602,4.0,10730
Volkswagen,2020,61413,1.4,41369
Volkswagen,2021,28047,2.6,14817
Mazda,2014,131160,3.5,35151
Volkswagen,2022,73983,3.5,16537
Hyundai,2017,144348,2.8,24524
Toyota,2020,127520,1.9,21201
Honda,2014,132136,2.9,5010
Toyota,2021,17737,2.4,29835
Kia,2019,113659,2.5,44947
Volkswagen,2012,9457,2.3,41425
BMW,2018,147223,1.8,40723
Mazda,2020,146987,3.3,7794
Honda,2012,135646,3.2,28776
Mazda,2011,110991,2.8,7527
Volkswagen,2015,18698,2.3,13214
Ford,2017,149753,3.5,28767
Volkswagen,2015,68011,1.8,9096
Honda,2010,149122,2.5,37396
Chevrolet,2017,97771,3.1,24235
Honda,2010,116836,3.5,38853
Nissan,2018,92747,3.1,11891
BMW,2017,100830,1.7,36181
Volkswagen,2015,84842,1.7,5423
Nissan,2011,102758,1.5,24692
Chevrolet,2022,137996,2.9,30903
Hyundai,2018,138512,2.0,12278
Hyundai,2017,41210,1.8,7456
BMW,2022,69904,1.6,23101
Kia,2013,35737,3.1,13668
BMW,2011,88127,3.4,35544
BMW,2022,63510,3.6,6617
BMW,2023,76118,2.9,22867
BMW,2015,70018,2.3,25908
BMW,2010,111557,2.6,39459
Toyota,2016,144426,3.1,41605
Chevrolet,2010,75183,3.3,6845
Honda,2022,127090,3.1,42139
Volkswagen,2015,54019,3.9,32111
Nissan,2014,47043,3.4,35518
BMW,2021,18539,3.4,17224
Kia,2019,119926,3.5,8861
Mazda,2023,147057,2.6,13331
Volkswagen,2012,19419,2.1,43074
Mazda,2015,97152,3.5,36334
Nissan,2013,81840,2.6,35184
Nissan,2023,95640,3.0,7910
Volkswagen,2021,111600,2.5,14445
Kia,2015,52640,2.4,22381
Toyota,2013,33552,3.1,13539
Hyundai,2010,102975,3.1,18256
Nissan,2014,80992,2.2,19933
Kia,2017,126320,1.9,30862
Nissan,2015,95262,1.7,32292
Ford,2019,44724,1.7,18300
Hyundai,2018,53576,3.5,43007
Nissan,2013,15159,2.1,44212
Kia,2019,95027,3.2,35089
Nissan,2018,126395,2.1,31473
Mazda,2017,25705,3.1,43868
Volkswagen,2012,64201,4.0,34315
Volkswagen,2023,69898,1.6,36511
Nissan,2015,93169,3.1,26913
Kia,2013,102203,2.1,32575
Mazda,2010,45902,1.6,18127
Toyota,2018,126106,1.6,32670
Toyota,2013,139791,2.4,19600
Mazda,2020,115530,2.8,36768
Honda,2023,130466,3.1,31851
Kia,2014,50703,2.9,28174
Toyota,2012,23449,3.7,41192
Honda,2013,91300,1.8,9794
Kia,2022,53429,3.6,13592
Mazda,2018,135546,2.8,16426
BMW,2016,131850,3.6,5313
Honda,2017,18301,2.5,28068
Honda,2012,98064,2.7,12614
Nissan,2012,117359,2.5,34495
Chevrolet,2023,69339,1.7,38394
Chevrolet,2016,54089,1.8,30406
Kia,2017,29569,2.7,26713
Nissan,2023,142472,2.8,15569
Volkswagen,2014,112738,2.6,28769
Hyundai,2010,81419,1.4,14553
BMW,2012,31543,2.7,29556
Hyundai,2014,23788,1.7,7858
Honda,2012,119943,2.9,18272
Ford,2023,97767,2.1,44976
Toyota,2010,100505,4.0,18899
Toyota,2016,76676,2.3,25028
Nissan,2010,61764,3.5,38885
Chevrolet,2019,125210,2.0,37786
Ford,2022,58335,1.9,20892
Nissan,2015,109541,2.0,17194
Honda,2015,147730,2.3,24014
Ford,2023,103331,3.6,36797
Toyota,2016,97856,3.4,32497
Kia,2021,46280,2.5,8045
Honda,2020,106934,1.9,18849
Nissan,2010,93823,1.5,33625
Volkswagen,2020,32881,3.0,23827
Mazda,2012,101003,3.2,16429
Honda,2021,84077,3.0,32909
Honda,2018,136403,2.7,32773
Volkswagen,2011,105021,3.9,36065
BMW,2023,131423,1.5,22830
Kia,2014,93164,4.0,8120
Volkswagen,2012,74087,2.1,11225
Hyundai,2021,65252,2.4,20396
Hyundai,2021,106221,3.4,6881
Honda,2022,12792,2.0,6316
BMW,2014,85884,3.2,39066
Toyota,2016,78110,2.3,22868
BMW,2010,105932,3.8,8236
Hyundai,2012,25957,1.8,42431
BMW,2020,19111,3.8,35426
BMW,2022,94968,3.5,5802
Kia,2015,52986,1.8,15413
Honda,2016,6209,2.4,30055
Kia,2019,21553,1.7,32789
Toyota,2012,133802,3.0,27686
Toyota,2013,91316,3.9,39576
Hyundai,2015,20023,1.6,27166
Nissan,2014,24819,2.1,17858
Volkswagen,2020,58025,3.4,15840
Chevrolet,2018,80919,2.6,6489
Honda,2022,144786,2.3,11970
Nissan,2021,41320,3.0,18441
Honda,2010,37235,2.2,12769
Volkswagen,2022,92525,2.3,23401
Volkswagen,2014,37668,3.5,30977
Ford,2020,73068,2.4,17555
Kia,2010,54973,3.2,15871
Hyundai,2017,21849,1.8,40585
Ford,2016,131027,2.4,12802
Toyota,2014,62297,2.8,10923
Chevrolet,2015,53287,2.1,7949
Hyundai,2013,138609,2.5,14832
Toyota,2018,13307,3.4,16364
BMW,2023,34051,1.8,9702
Kia,2012,146374,2.7,32752
Kia,2011,76811,2.1,8820
Kia,2016,112767,2.5,21098
Ford,2022,72438,2.4,19552
Mazda,2011,40791,3.1,24921
Nissan,2022,18739,3.4,33072
Volkswagen,2015,126745,2.7,17524
Chevrolet,2020,86221,1.8,24828
Volkswagen,2017,89513,3.7,6518
Mazda,2012,44286,1.9,24085
BMW,2012,42707,2.9,41304
BMW,2012,107697,2.8,44500
BMW,2010,12139,2.1,40338
Hyundai,2018,131478,3.9,35729
Toyota,2014,33786,3.2,39795
Toyota,2018,19828,2.6,26814
BMW,2014,12224,2.6,19849
Chevrolet,2016,49173,1.6,9654
Ford,2010,44630,3.4,8162
Chevrolet,2018,36371,1.6,37338
Chevrolet,2010,81394,1.9,31897
Toyota,2013,109308,1.8,37120
Kia,2016,39594,1.6,8133
Chevrolet,2020,126240,3.6,42836
Chevrolet,2021,53205,3.8,41722
Volkswagen,2018,71321,3.0,30045
Kia,2010,115626,3.7,33239
Toyota,2021,32865,3.2,39116
Ford,2023,141258,3.2,39509
Nissan,2022,118887,3.7,17495
Toyota,2020,62704,1.6,11898
Toyota,2022,132269,1.5,38889
Chevrolet,2015,73176,1.5,38513
Volkswagen,2020,124738,2.5,10831
Mazda,2019,41417,3.9,6138
BMW,2020,117936,3.7,20898
Honda,2014,100153,3.4,7492
Volkswagen,2012,66700,2.5,43409
Mazda,2019,69276,3.5,20910
Chevrolet,2011,40971,2.0,44694
Chevrolet,2010,65740,2.9,20729
Ford,2011,110539,3.3,44564
Mazda,2021,143365,1.6,37098
Hyundai,2022,132377,3.7,31727
BMW,2013,69314,3.3,20882
Honda,2015,62679,2.8,37406
Ford,2021,101284,1.6,23987
Volkswagen,2014,27322,3.2,24013
Volkswagen,2023,5843,2.6,21829
Mazda,2013,54145,3.3,41592
BMW,2017,31216,1.5,20569
BMW,2021,120812,2.9,30769
Volkswagen,2016,124399,2.6,24812
Hyundai,2023,113805,2.5,24396
Chevrolet,2013,113196,2.7,20795
BMW,2019,48299,1.7,32055
Mazda,2022,69723,3.8,36117
Volkswagen,2022,131607,3.2,42595
Chevrolet,2014,125263,1.6,28454
Kia,2021,12403,1.6,15941
Toyota,2019,26013,1.9,28785
Chevrolet,2014,6604,2.0,36646
BMW,2012,47229,2.7,37147
Toyota,2022,148934,2.8,34448
BMW,2018,115828,1.8,26509
Mazda,2020,16594,3.9,22834
Nissan,2014,77042,3.5,20418
Chevrolet,2021,73326,3.0,12789
Toyota,2022,82950,2.1,13209
Mazda,2019,54009,3.8,24326
BMW,2011,26617,2.2,42760
Chevrolet,2022,126074,2.2,31997
Mazda,2013,53465,2.3,29619
BMW,2021,48415,1.5,26664
Nissan,2013,85460,1.6,38090
Nissan,2014,89763,2.6,9332
Honda,2017,111093,3.7,30871
Ford,2014,96842,3.9,37037
Mazda,2010,24622,3.4,14442
Ford,2011,61852,2.5,42209
Honda,2012,43052,2.2,30315
Hyundai,2012,73225,2.0,43740
Chevrolet,2019,143026,2.8,30554
BMW,2015,110567,2.7,5410
Volkswagen,2018,44818,2.6,38182
Ford,2019,92181,2.2,32871
Ford,2010,83593,2.9,14992
Mazda,2015,88262,3.0,19436
Chevrolet,2018,55806,3.7,19544
Mazda,2013,77672,3.4,20803
Nissan,2019,54149,2.3,39125
Ford,2012,120765,2.4,34734
Chevrolet,2022,70657,2.0,36806
Kia,2015,57347,1.8,27149
Hyundai,2015,72750,1.7,30637
BMW,2022,57143,1.5,42279
Honda,2011,15076,2.5,37882
Hyundai,2014,138034,3.9,25789
Honda,2010,25407,2.8,28668
Ford,2022,95519,3.3,39800
Hyundai,2018,99689,2.4,26665
Hyundai,2018,60572,2.4,42195
BMW,2012,52919,1.7,17680
Volkswagen,2014,23703,2.2,40218
BMW,2012,111260,3.8,33019
Mazda,2016,141627,2.7,14836
Volkswagen,2022,6892,1.9,44184
Hyundai,2010,85749,3.1,42179
Volkswagen,2014,52542,2.5,26498
Volkswagen,2015,94429,3.6,10169
Mazda,2023,100289,1.6,28910
Chevrolet,2020,86518,2.8,26103
Ford,2021,98022,3.5,10076
Chevrolet,2023,101350,3.6,6703
Ford,2016,47846,2.4,28261
Chevrolet,2012,64176,3.3,42210
Chevrolet,2016,81594,3.9,16294
Honda,2013,79424,3.0,22167
Volkswagen,2019,81092,3.5,14380
Nissan,2020,132749,2.9,39218
Mazda,2023,55921,3.5,39120
Chevrolet,2015,94861,3.8,34768
Hyundai,2014,49084,3.2,36691
Kia,2013,98856,1.8,10019
Honda,2015,86836,1.6,7363
Kia,2022,137189,3.5,14023
Toyota,2021,12447,2.1,42923
BMW,2012,7460,3.7,31542
Toyota,2012,58490,1.9,42541
Ford,2014,125171,3.8,8105
Chevrolet,2020,117590,3.5,26141
Mazda,2014,54326,3.7,18304
Hyundai,2018,129592,2.0,27483
Nissan,2013,130899,3.7,20026
Nissan,2014,85865,2.9,19124
Honda,2021,126428,1.6,13961
Honda,2018,38461,3.8,7443
Honda,2013,10976,1.9,5869
Honda,2022,57449,2.0,41634
Volkswagen,2012,140440,3.2,33152
Chevrolet,2016,139095,2.9,27442
Kia,2016,96321,3.7,41127
Chevrolet,2017,112435,2.2,39521
Chevrolet,2013,66891,1.5,10270
Toyota,2013,52664,4.0,29104
Mazda,2023,145594,2.2,42889
Hyundai,2023,47721,1.8,23493
Ford,2018,91969,4.0,34407
Mazda,2019,24126,2.9,17919
Honda,2016,6096,1.8,38848
Kia,2012,95111,3.6,30135
Toyota,2022,59155,3.9,8978
Volkswagen,2018,122430,3.7,7349
Kia,2022,75265,1.9,29632
Toyota,2014,111511,1.5,19274
BMW,2013,69086,2.4,44174
Volkswagen,2010,36185,2.3,37563
Honda,2018,53555,2.5,22843
Ford,2015,16764,3.5,31166
Honda,2020,63132,1.4,21533
Kia,2011,113007,3.2,27275
Honda,2022,142955,4.0,23940
BMW,2016,74756,2.4,7407
Honda,2012,33293,2.7,7730
Toyota,2015,29656,3.0,13044
Nissan,2017,47604,2.1,14615
Honda,2012,128555,3.3,16497
BMW,2022,46307,1.9,44609
Chevrolet,2021,15104,1.6,25937
Chevrolet,2021,30966,3.5,25768
Ford,2014,55710,1.9,15846
Ford,2023,22822,3.3,11373
Ford,2015,138997,3.7,38003
Mazda,2010,101829,1.5,33927
Hyundai,2019,9819,3.2,17224
Ford,2016,141443,3.1,38809
Honda,2013,16984,3.0,36095
Ford,2019,93297,2.2,9494
Hyundai,2020,145352,1.5,24395
Mazda,2016,136364,1.7,9642
Hyundai,2016,75979,2.1,9931
Kia,2020,145254,2.5,21639
Ford,2014,49362,3.8,35547
Ford,2017,7576,3.2,36325
Ford,2017,109582,1.5,39664
Kia,2014,5819,3.8,10269
Hyundai,2014,91145,3.3,44331
Toyota,2016,77248,2.7,5417
Honda,2015,131308,2.6,31520
BMW,2013,32083,3.8,19758
Honda,2011,32565,2.8,15187
Ford,2017,119265,2.7,44883
Mazda,2012,10751,3.4,30009
Kia,2011,34285,2.9,16410
Toyota,2021,76150,2.0,40799
Volkswagen,2019,42402,4.0,41499
Toyota,2016,91276,2.1,27660
BMW,2019,90564,3.2,30202
Honda,2015,139279,2.7,33051
Ford,2017,119590,1.7,21046
Nissan,2022,7656,3.9,30296
Volkswagen,2023,129564,2.3,35452
Ford,2015,47772,3.1,38889
Kia,2016,31418,3.3,25177
Volkswagen,2011,119915,2.4,16091
BMW,2019,107202,2.1,28103
Nissan,2023,100645,1.6,16585
Hyundai,2011,114787,3.9,30350
Hyundai,2015,37720,2.9,41954
Hyundai,2018,129139,3.3,37577
Mazda,2023,42907,2.6,11410
Hyundai,2012,77103,2.0,26997
Chevrolet,2020,139532,4.0,43409
Volkswagen,2019,97504,3.9,33128
Nissan,2023,40282,3.6,36946
Kia,2023,141576,3.8,40259
Chevrolet,2022,90089,2.9,6627
Chevrolet,2017,134976,2.4,20480
Nissan,2014,126101,2.3,38499
Kia,2022,22048,3.8,7283
Volkswagen,2015,92257,3.9,29603
Honda,2015,118353,2.5,27827
Ford,2020,117107,3.0,25676
Honda,2021,34100,3.5,15991
BMW,2019,7632,3.2,14943
Nissan,2020,105193,3.7,32255
Honda,2022,118298,3.0,5133
Honda,2012,32694,2.9,40700
Honda,2020,115814,2.4,41059
Hyundai,2020,22343,1.6,32403
Toyota,2014,20406,1.5,37372
Honda,2021,39775,1.8,27978
Ford,2010,67240,1.6,26364
Nissan,2011,103408,2.8,16171
BMW,2019,39429,2.4,18568
Toyota,2012,18170,1.5,17506
Mazda,2013,75954,1.5,22715
Ford,2022,132776,2.8,44206
Ford,2018,11960,2.8,44626
Hyundai,2010,63408,1.5,29746
Hyundai,2012,102479,3.1,10557
Nissan,2012,40783,1.7,21020
Ford,2022,77542,2.7,8188
Kia,2022,88349,1.8,36758
Kia,2015,86129,1.5,16941
Nissan,2014,21625,2.0,27806
Honda,2012,110390,2.6,38370
Chevrolet,2013,129242,3.3,37978
Mazda,2020,88987,2.1,22132
BMW,2016,96990,3.2,8407
Hyundai,2012,127519,3.6,6227
BMW,2018,45106,2.1,25274
Chevrolet,2017,101099,2.8,9886
Volkswagen,2022,77423,2.5,37710
Nissan,2011,42903,1.5,39161
Honda,2014,82988,2.4,18037
Toyota,2023,115258,2.4,33917
Honda,2013,75913,3.0,31717
Ford,2021,40168,3.7,23831
Honda,2022,90078,3.1,6428
Ford,2014,84792,2.3,13938
BMW,2012,11902,2.6,42139
Volkswagen,2019,85624,3.7,42035
Hyundai,2020,77545,3.1,32706
Volkswagen,2010,139606,2.4,24689
Ford,2017,82335,3.0,42107
Toyota,2018,12791,3.1,15027
Chevrolet,2017,14512,2.7,27096
BMW,2013,26720,3.6,28169
BMW,2021,89756,3.5,30108
Honda,2011,47094,2.8,34323
Hyundai,2013,99209,3.9,13140
Honda,2023,94361,3.9,18760
Honda,2018,52373,3.9,29141
Ford,2019,13381,2.0,42975
Chevrolet,2018,147033,1.7,31931
Hyundai,2014,106683,3.0,14944
Honda,2014,131997,3.3,29291
BMW,2019,117333,2.2,17813
Honda,2012,25207,2.8,32537
Mazda,2023,7622,3.1,16196
Nissan,2015,108823,2.6,16839
BMW,2016,134575,2.8,33839
Mazda,2021,5913,1.6,34379
Nissan,2019,18055,4.0,18626
Toyota,2023,108533,2.4,17922
Mazda,2021,26585,1.9,7625
Ford,2018,146936,2.6,41210
Toyota,2016,99588,2.2,35105
Kia,2012,83133,2.4,24085
Hyundai,2021,136613,2.9,27280
BMW,2022,108166,2.1,13454
Kia,2016,36983,3.1,13040
BMW,2022,145470,2.5,22838
Hyundai,2010,29759,1.6,20123
Hyundai,2011,66353,3.7,6614
BMW,2013,64325,2.6,13119
Hyundai,2016,26118,3.8,20868
Mazda,2018,84284,2.4,43753
Volkswagen,2014,91609,2.8,42569
Chevrolet,2017,112752,3.7,20891
BMW,2016,81479,2.6,18080
Kia,2014,36081,3.0,36779
Kia,2022,124502,2.0,28554
Hyundai,2012,41548,2.0,36790
BMW,2012,79010,2.8,25619
Volkswagen,2022,123288,3.0,44136
Volkswagen,2015,35888,3.1,13987
Chevrolet,2019,36608,3.4,43480
Mazda,2020,14401,3.8,33557
Chevrolet,2013,60417,2.0,34806
Ford,2012,70976,3.0,14921
Kia,2013,57959,2.6,15316
Volkswagen,2012,50694,1.6,43419
Hyundai,2022,54625,2.6,8433
Volkswagen,2021,110593,3.5,32182
Volkswagen,2019,121545,1.6,5633
Nissan,2020,24163,3.0,26363
Kia,2020,10036,2.5,24672
Ford,2022,132635,3.1,9502
Chevrolet,2021,132267,3.5,33093
Ford,2015,102193,2.8,31974
Nissan,2022,129426,2.2,8374
Mazda,2016,82083,1.6,6553
Ford,2013,43011,2.2,30922
Volkswagen,2012,93953,2.3,30708
Toyota,2012,107646,3.1,26218
BMW,2020,42822,2.4,5252
Ford,2012,123026,2.4,43502
BMW,2018,61909,2.2,16358
Nissan,2020,47786,2.3,24899
Ford,2020,134918,2.1,36281
Ford,2023,32932,3.3,34328
Honda,2023,99187,4.0,41698
Volkswagen,2021,58371,3.3,39568
Hyundai,2012,66155,1.6,17447
BMW,2012,11415,3.0,28829
Mazda,2017,105198,3.2,19631
Honda,2013,43227,3.4,22655
Volkswagen,2016,67098,3.4,6485
Nissan,2012,123489,2.7,30525
BMW,2017,56807,2.1,28264
Chevrolet,2012,139590,1.7,18615
Nissan,2014,26460,1.4,9117
Hyundai,2010,47440,1.4,22196
BMW,2021,69042,3.8,38051
Nissan,2014,69624,3.0,37740
Honda,2015,34396,2.9,9162
Nissan,2016,120333,2.4,27101
Hyundai,2011,129429,3.5,30069
Hyundai,2011,84935,2.0,6638
Toyota,2023,6698,3.3,20958
Ford,2018,127625,2.3,13197
Chevrolet,2019,41194,3.2,6677
Chevrolet,2010,49664,3.2,18142
Honda,2011,16416,2.2,9651
Hyundai,2011,50384,3.8,40565
Toyota,2022,75110,2.7,8442
Volkswagen,2019,103694,2.1,23181
Toyota,2016,148771,3.2,20469
Mazda,2015,22665,3.4,22798
Nissan,2018,105026,3.9,23642
Ford,2020,22341,1.6,15590
Toyota,2016,54914,2.8,36068
Nissan,2012,76132,2.7,6070
Ford,2012,10949,2.2,42616
BMW,2010,51784,3.4,14932
Mazda,2017,11621,1.9,26607
Mazda,2010,66037,2.3,27028
Hyundai,2020,10514,3.4,5487
Mazda,2023,44983,2.6,26815
BMW,2011,33656,1.8,32659
Hyundai,2020,98621,3.7,31628
Kia,2021,93538,3.3,7764
Volkswagen,2016,143825,2.9,15678
Honda,2010,144813,3.0,24070
Nissan,2021,72541,3.0,39635
Volkswagen,2013,32141,2.7,22934
Volkswagen,2018,146189,3.3,31177
Chevrolet,2017,95222,3.3,37463
Toyota,2020,6823,1.4,31848
Mazda,2023,25005,1.7,36798
Kia,2022,137210,1.5,19040
Toyota,2017,54875,1.8,11070
Honda,2021,138484,1.6,6326
Toyota,2012,84331,1.9,33668
Chevrolet,2014,104070,2.8,9365
Honda,2013,18119,3.1,23423
BMW,2020,16573,3.8,44401
BMW,2021,113656,3.3,6678
Hyundai,2017,80021,1.5,14378
Toyota,2020,9017,2.6,19753
Nissan,2016,145258,3.2,6736
Kia,2023,117082,2.2,25466
Chevrolet,2016,27781,2.4,39597
Honda,2019,105155,3.5,43905
Kia,2019,142982,1.5,42078
Toyota,2016,8871,2.8,44437
Nissan,2010,19627,3.5,28544
Toyota,2022,33586,3.5,34095
Mazda,2016,79950,1.7,12154
Mazda,2013,67126,3.6,36251
Chevrolet,2021,59029,1.6,9176
Honda,2012,109665,3.8,7655
Honda,2022,52733,2.0,6210
Volkswagen,2021,25300,1.7,29709
Chevrolet,2022,13828,1.6,12334
Chevrolet,2014,118747,2.3,18275
Nissan,2011,142914,2.3,12817
Mazda,2017,113872,2.8,36905
Honda,2021,119402,3.3,13778
Toyota,2021,36430,2.7,27491
Chevrolet,2018,122208,3.9,5214
Hyundai,2014,89445,1.9,40130
Ford,2012,34930,1.9,29429
Honda,2019,124705,3.2,39932
BMW,2016,28221,2.2,12946
Honda,2010,148478,1.8,37268
Hyundai,2019,5259,3.5,13509
Honda,2012,29192,2.0,28409
Hyundai,2018,111561,3.3,21454
Ford,2011,20733,1.9,24696
Volkswagen,2020,122466,3.8,22429
Nissan,2023,148388,2.2,31661
Ford,2018,53948,3.3,5653
Kia,2020,95771,3.6,25717
Volkswagen,2010,116491,1.7,12710
Nissan,2013,91919,1.6,8964
Mazda,2021,98653,3.0,34746
Hyundai,2019,120048,3.0,26890
Chevrolet,2022,141786,3.0,33560
Kia,2015,11043,2.6,8091
Ford,2022,129953,3.8,34830
Honda,2016,147625,3.2,37144
Ford,2012,99045,1.6,6849
Nissan,2018,41528,3.4,19065
Kia,2013,34784,2.1,43412
Toyota,2014,78904,3.3,38284
Nissan,2017,58192,1.6,39980
Volkswagen,2021,11170,3.4,35353
Ford,2023,45896,2.8,41098
Ford,2012,110287,3.3,27417
Kia,2017,99782,2.7,30512
Hyundai,2023,90919,3.5,11783
Kia,2023,49007,3.9,11365
Chevrolet,2020,65849,3.3,41575
Ford,2010,117917,3.3,44501
Hyundai,2017,118638,2.0,12762
Hyundai,2023,147681,2.3,29238
Kia,2022,49610,1.7,17867
Mazda,2020,104565,2.8,7967
Nissan,2020,75818,2.6,19320
Volkswagen,2021,24270,2.2,9089
Mazda,2019,29354,1.6,17792
Ford,2017,86519,3.8,42246
Ford,2015,43639,3.0,38606
Ford,2014,108064,2.2,11722
BMW,2018,105284,2.3,26727
Honda,2015,93523,2.4,26249
Toyota,2010,50832,3.5,30872
BMW,2021,90557,1.9,44593
Toyota,2015,94220,3.6,36545
Hyundai,2010,61316,2.2,37022
Ford,2015,30790,3.7,36957
Chevrolet,2012,71683,3.7,33972
Volkswagen,2015,10550,3.2,13269
Kia,2022,28769,3.7,15544
Volkswagen,2015,105754,3.3,41974
Chevrolet,2010,143210,1.8,40180
Kia,2022,109661,3.9,30059
Hyundai,2018,79601,1.9,8101
Chevrolet,2017,79101,2.7,30397
Ford,2011,6194,2.4,14779
Chevrolet,2011,34533,2.3,35804
Ford,2014,90401,3.4,10786
Chevrolet,2019,141687,2.2,7398
Chevrolet,2011,110762,2.8,34642
Mazda,2020,20084,2.3,33257
Volkswagen,2010,144088,3.7,23378
Toyota,2011,39825,1.8,38401
BMW,2014,49072,1.9,14951
Mazda,2020,42246,1.7,20287
Toyota,2019,62793,3.4,16372
Mazda,2023,22393,1.8,41339
Honda,2016,139850,2.8,34534
Kia,2014,107284,3.4,32494
Ford,2010,52068,1.7,37573
BMW,2016,49778,3.8,12361
Mazda,2015,102506,2.1,40837
Mazda,2016,137322,3.5,35215
Hyundai,2011,23703,3.5,6578
Chevrolet,2014,57347,2.3,28664
Honda,2023,73493,2.8,32054
BMW,2017,18894,3.0,13531
BMW,2022,62063,2.5,41327
Kia,2021,30772,2.3,32960
BMW,2016,103290,3.6,18260
Nissan,2015,96168,1.9,37365
BMW,2022,113754,3.5,27893
Mazda,2015,69181,1.9,9768
Nissan,2021,105210,3.2,23619
Toyota,2010,73475,2.1,16336
Chevrolet,2010,16670,3.8,37616
Nissan,2016,112036,3.0,10191
Toyota,2012,128397,2.8,8659
Honda,2015,100142,2.2,16619
Volkswagen,2021,84967,2.7,33242
Ford,2014,128303,1.6,11634
Mazda,2012,145121,1.8,21067
Nissan,2015,16028,2.2,37131
Volkswagen,2012,109762,3.9,44129
Chevrolet,2017,39520,2.6,34828
Hyundai,2023,34587,2.4,10691
Honda,2016,23050,3.4,28105
Ford,2018,69597,3.2,29424
Chevrolet,2014,140533,3.1,31767
Honda,2021,113909,3.0,29785
Hyundai,2010,7118,1.7,32979
Toyota,2020,43394,2.4,44001
Hyundai,2019,12358,3.7,28577
Nissan,2020,117853,3.9,22658
Ford,2017,47030,2.5,19874
BMW,2011,61291,1.4,40380
Kia,2015,109664,2.7,10204
Mazda,2010,68215,2.0,17580
Mazda,2015,116517,1.9,30644
Toyota,2013,36572,2.1,26122
Chevrolet,2014,25649,1.7,26965
Ford,2019,104692,1.5,31780
BMW,2016,34927,2.6,11304
Toyota,2022,128499,2.1,20353
Kia,2015,147663,2.1,26258
Nissan,2010,90638,2.0,20994
Nissan,2018,134666,2.7,29385
BMW,2015,43289,3.3,9318
BMW,2015,81411,3.1,33395
BMW,2018,136497,3.9,15363
Hyundai,2021,85279,3.8,18461
Mazda,2019,143080,2.5,37173
Volkswagen,2014,46176,3.5,41742
Ford,2020,109617,1.9,36537
Volkswagen,2015,13801,2.0,8459
Hyundai,2015,148717,3.2,29092
Chevrolet,2016,30300,2.0,43193
Nissan,2018,149229,2.6,41879
Mazda,2014,145087,2.2,9608
BMW,2014,64111,2.0,25833
Kia,2013,80705,1.8,43351
Kia,2019,116270,3.0,18415
Kia,2013,33465,1.5,21526
Ford,2021,66723,3.2,21720
BMW,2017,29759,3.7,31402
Mazda,2022,80347,2.3,34687
Nissan,2011,42094,2.5,11044
Volkswagen,2019,29019,2.9,12371
BMW,2017,7435,3.1,35777
BMW,2011,136806,2.8,42926
Hyundai,2010,123180,3.2,6536
Chevrolet,2019,103295,3.5,13752
Kia,2022,12764,4.0,21170
Toyota,2018,134600,2.4,38111
Mazda,2020,22459,2.9,28639
Hyundai,2017,75658,2.4,19668
Chevrolet,2015,117716,2.0,22763
Chevrolet,2013,35342,4.0,32524
Honda,2011,64973,1.4,10046
Kia,2017,61993,1.6,38613
Honda,2012,28135,2.9,37207
Hyundai,2019,124823,3.2,41421
Chevrolet,2013,124687,3.3,30073
Toyota,2014,73500,3.2,26315
Mazda,2022,84114,3.5,42950
Honda,2013,94942,3.3,10711
Chevrolet,2020,42893,2.8,7915
Mazda,2017,10786,2.6,24450
Kia,2018,33878,3.3,16344
Volkswagen,2023,111661,3.3,28618
Mazda,2023,93013,2.3,40415
Chevrolet,2023,82484,1.4,7005
Hyundai,2010,122685,2.2,43658
Honda,2011,44837,2.8,22062
Honda,2021,28854,2.8,31890
Nissan,2013,23761,2.4,6390
Chevrolet,2010,99406,3.8,10405
Nissan,2020,57009,2.6,28345
Toyota,2015,6455,1.8,40394
Toyota,2021,63332,1.9,41527
Chevrolet,2014,18682,1.6,8879
Honda,2022,6890,2.1,22567
Kia,2016,130362,2.2,42731
Ford,2021,64172,2.3,20037
Toyota,2015,40196,3.6,23661
Honda,2023,99786,3.4,36445
BMW,2023,56469,2.7,28499
BMW,2012,62390,2.6,33199
Nissan,2014,132340,2.4,31829
Mazda,2012,45816,1.4,15561
Kia,2018,12282,3.8,18706
Nissan,2011,86454,2.2,21841
BMW,2015,15446,3.6,30477
Kia,2018,21456,3.3,17440
Ford,2019,100490,1.7,33098
Mazda,2016,139529,2.2,40083
Nissan,2014,41853,2.7,36961
BMW,2011,110892,2.1,38669
Toyota,2011,136024,2.4,38904
Toyota,2013,101199,2.1,18605
Nissan,2019,10045,3.1,10284
Ford,2021,38615,2.3,5507
Ford,2011,135321,2.3,18371
Chevrolet,2021,104699,2.1,18197
Mazda,2022,98531,3.5,7627
Honda,2022,62414,3.1,30251
Ford,2017,35426,3.3,22688
Mazda,2019,19113,2.4,33067
Ford,2016,62599,3.6,18853
Chevrolet,2016,69614,2.5,14842
Volkswagen,2012,71437,1.9,9283
Ford,2016,56854,2.7,26292
Mazda,2017,81396,2.6,39532
Chevrolet,2014,129326,1.6,21942
Chevrolet,2010,16110,3.1,20812
Mazda,2010,25543,3.5,30425
Mazda,2021,100929,2.3,7089
Toyota,2020,128747,3.4,39993
Volkswagen,2023,81610,2.9,29553
Chevrolet,2013,100238,2.1,33264
Toyota,2011,147336,2.3,31284
Kia,2016,68534,3.9,18086
Nissan,2022,59025,2.0,42967
Nissan,2012,92041,1.8,19396
Chevrolet,2021,105886,1.6,28724
Toyota,2013,137572,3.7,14134
Volkswagen,2018,45887,3.1,23434
Volkswagen,2011,100653,1.7,38244
Kia,2021,136886,3.4,33730
Chevrolet,2017,112091,3.0,44970
Ford,2010,42834,4.0,21692
Kia,2012,81723,2.7,14615
Toyota,2013,124600,2.7,32826
Ford,2023,11086,2.0,23585
Nissan,2015,16510,1.9,12585
Hyundai,2010,39832,3.3,8514
Nissan,2023,19200,2.4,10715
Chevrolet,2017,110668,3.3,37782
Mazda,2011,35141,3.4,24649
Nissan,2014,104668,3.7,34725
BMW,2015,87186,2.5,16430
Nissan,2017,149480,1.6,5831
Nissan,2012,18594,1.5,25152
Nissan,2021,144298,2.2,25462
Nissan,2018,37212,3.8,15558
Ford,2021,5067,3.3,35726
Ford,2014,50663,2.9,41949
Nissan,2017,54834,2.0,32467
Honda,2013,18232,3.3,27789
Honda,2021,81682,3.3,15937
Ford,2018,51002,2.0,30085
Hyundai,2017,47291,3.2,23072
Mazda,2014,139262,1.7,8482
Kia,2012,104156,1.7,10251
BMW,2010,86578,1.5,19876
BMW,2014,77889,3.5,41826
Nissan,2014,94157,2.1,37159
Hyundai,2013,98170,3.0,32967
Honda,2019,95868,1.8,39159
Honda,2019,115492,2.6,44466
Hyundai,2017,112803,1.5,17643
Mazda,2012,101177,3.6,17189
Ford,2021,138667,2.8,21860
Mazda,2019,69402,3.7,34339
Chevrolet,2018,6218,2.6,39855
Chevrolet,2012,144747,2.2,10442
Honda,2013,68447,2.4,40802
Kia,2015,91603,2.0,40796
Chevrolet,2018,29384,3.7,36524
Honda,2019,45527,2.2,17642
Nissan,2011,99100,2.2,42178
Volkswagen,2011,82277,3.0,6811
Volkswagen,2011,63465,1.7,25926
Toyota,2014,21665,2.0,15952
Nissan,2015,42689,2.5,25793
Volkswagen,2012,48689,1.9,43776
Mazda,2012,70180,2.1,14076
Toyota,2011,33040,3.2,7708
Honda,2020,30927,2.1,39090
Hyundai,2015,18514,3.1,20592
Hyundai,2010,113801,2.7,35506
Honda,2018,61058,3.4,31839
Kia,2020,49398,3.4,10478
Honda,2019,94233,1.9,39944
Ford,2013,95948,3.9,34822
Hyundai,2023,142211,3.5,21234
Volkswagen,2011,57601,2.8,30502
BMW,2022,66894,2.9,7622
Toyota,2021,127262,3.6,31029
Kia,2015,84634,2.7,20805
Chevrolet,2014,109303,2.6,32691
Nissan,2012,95544,3.0,23605
Kia,2022,25731,1.6,28100
Chevrolet,2012,83619,2.9,28691
Kia,2014,147897,2.0,34922
BMW,2013,77586,1.7,41200
Kia,2014,92862,3.5,41111
Volkswagen,2011,81685,2.4,12572
Honda,2020,48745,2.7,36331
Ford,2010,97272,2.2,31751
Toyota,2014,91575,1.5,10583
Hyundai,2020,92097,2.6,17972
Chevrolet,2010,31820,3.4,5353
Toyota,2012,25192,3.4,18463
Kia,2017,61968,3.8,7933
Honda,2020,45642,3.6,10425
Toyota,2017,125525,4.0,14219
Honda,2018,53145,2.9,35428
Chevrolet,2010,120467,1.5,19205
Volkswagen,2013,56414,3.6,25116
Volkswagen,2015,55191,3.9,26576
Honda,2016,118316,2.6,28448
Honda,2014,101915,1.7,31728
Ford,2022,94875,1.5,16604
Nissan,2016,110870,3.0,13323
Ford,2020,40048,3.1,38615
Toyota,2019,84896,1.4,19360
Mazda,2017,100632,3.9,24879
Ford,2019,102574,2.8,42382
Toyota,2015,61314,3.0,31493
Hyundai,2020,74044,2.9,15924
Toyota,2013,66127,2.2,18828
Toyota,2010,50015,3.7,41647
Honda,2020,55734,1.4,33948
BMW,2014,70056,3.3,36393
Kia,2019,106122,2.3,7138
Honda,2019,67502,1.9,8835
Honda,2019,48102,2.5,33361
BMW,2013,145677,1.9,19966
BMW,2014,76899,3.7,34294
Kia,2013,96017,3.5,38984
Mazda,2018,117109,3.6,32208
Hyundai,2012,27133,3.6,9774
Ford,2012,27720,3.5,24783
Toyota,2019,146486,2.9,31413
Ford,2016,8379,3.7,11421
Volkswagen,2011,139223,1.6,8023
Chevrolet,2018,59758,2.1,33717
Mazda,2017,79140,2.0,23520
Chevrolet,2021,73187,1.7,27800
Toyota,2023,21308,1.4,32713
BMW,2015,80304,2.4,26376
Toyota,2023,139230,3.3,36470
Hyundai,2022,120857,3.1,6992
Ford,2018,115946,3.1,18804
Kia,2020,127300,3.7,8504
Nissan,2012,118002,3.9,40899
Nissan,2013,101791,3.2,36605
Kia,2016,26787,1.6,27952
BMW,2010,133324,3.2,12368
Nissan,2022,53793,2.8,42459
BMW,2010,12153,1.6,32161
Honda,2010,60766,2.1,27089
Hyundai,2021,10931,2.0,25457
Mazda,2017,32040,3.4,6283
Ford,2022,119329,2.3,19600
Ford,2015,135197,2.7,21452
Mazda,2012,70939,3.4,23409
Toyota,2019,17801,3.8,22959
Toyota,2016,111280,2.8,26698
Chevrolet,2015,32064,2.8,13984
Toyota,2014,8985,1.6,13498
BMW,2012,86796,2.7,25344
Kia,2023,64466,3.2,21529
Honda,2013,129052,1.9,8565
Mazda,2022,11549,1.7,21826
BMW,2022,75664,3.6,41694
BMW,2020,17801,1.7,20546
Chevrolet,2020,118901,3.8,29884
BMW,2010,56380,2.1,43295
Hyundai,2018,53442,2.3,43460
Toyota,2014,15505,2.8,27072
Ford,2011,82906,1.9,28955
Hyundai,2021,64228,3.2,26062
Honda,2020,85129,2.8,25424
Honda,2018,96695,3.9,40186
Honda,2021,68275,3.8,24105
Toyota,2016,34621,3.4,17341
BMW,2023,24538,1.9,5576
Honda,2023,74024,2.0,30844
Mazda,2017,20332,2.1,5199
Ford,2022,29594,3.6,37552
BMW,2012,16793,3.1,30984
Chevrolet,2023,25850,1.9,41592
Toyota,2016,65438,2.6,26043
Kia,2020,28936,3.9,25304
Hyundai,2010,117442,3.3,41087
Volkswagen,2015,8827,3.8,42958
Hyundai,2019,63889,3.5,42519
Honda,2015,130306,3.3,14945
Ford,2020,51790,3.6,36044
Chevrolet,2019,71352,3.2,13196
BMW,2021,65215,2.9,24950
Mazda,2015,63207,3.3,5948
Nissan,2012,66643,2.0,14210
Hyundai,2015,82319,2.7,43127
Nissan,2023,78095,3.9,36633
BMW,2012,123060,3.5,35482
Ford,2019,47890,3.8,15138
Nissan,2018,100736,3.9,14712
Hyundai,2016,143080,2.9,6438
Kia,2023,64544,1.9,41799
Volkswagen,2022,115930,3.3,11036
Nissan,2013,115079,1.4,22421
Kia,2012,129412,1.6,43095
Kia,2015,58044,2.1,13721
Honda,2018,24184,1.4,9857
Volkswagen,2012,26633,3.2,23513
Mazda,2017,30368,3.5,26272
Hyundai,2015,32045,3.4,8554
Chevrolet,2013,74919,1.8,37134
BMW,2014,114390,3.5,14701
Chevrolet,2012,96881,3.6,18771
Nissan,2023,66261,1.7,23229
Volkswagen,2011,60464,2.7,33175
Nissan,2018,106454,3.2,8475
Volkswagen,2022,132046,2.5,39948
Hyundai,2012,138649,3.7,11046
BMW,2015,140377,2.8,7839
BMW,2014,58202,1.7,6258
Hyundai,2019,97276,2.8,41524
Mazda,2020,83138,2.9,21727
Kia,2017,93074,3.9,30724
Volkswagen,2014,45828,2.5,8694
Toyota,2020,23330,3.7,41006
Toyota,2017,149314,2.2,16643
Kia,2020,39340,2.6,7682
Nissan,2014,99468,3.2,19084
Volkswagen,2020,65989,3.7,18004
Ford,2019,18823,3.4,42902
BMW,2022,87119,1.8,18416
Chevrolet,2015,122065,1.9,37304
Ford,2014,74604,1.6,12939
Chevrolet,2011,13281,3.0,10645
BMW,2019,76734,2.5,17506
Toyota,2019,92951,3.7,43281
Hyundai,2015,46051,4.0,15838
Mazda,2023,97215,3.7,11500
Honda,2016,135226,1.5,40115
Nissan,2012,62283,3.9,31444
Kia,2012,64309,1.7,5163
Toyota,2021,148420,2.6,6466
Hyundai,2016,68335,2.2,42535
Hyundai,2020,48124,1.8,10484
Chevrolet,2019,87509,1.8,17260
Hyundai,2013,132211,2.3,21063
Volkswagen,2011,129960,1.5,31115
Nissan,2018,90558,1.6,30809
Honda,2023,57466,3.3,11220
Toyota,2022,29459,3.0,28374
Volkswagen,2018,50076,1.7,40496
Toyota,2015,15080,2.5,21680
Mazda,2023,25168,3.0,8081
Honda,2011,88097,1.7,6923
Hyundai,2012,36892,3.9,23628
Mazda,2014,139037,3.6,5677
Chevrolet,2020,37438,2.0,17567
Mazda,2020,144565,2.7,16927
Ford,2014,108467,2.7,12594
Chevrolet,2022,45955,2.3,27394
Honda,2018,116010,3.4,26078
Nissan,2019,38625,3.1,5596
Ford,2012,88260,3.6,14315
Toyota,2011,30393,1.4,28166
Kia,2019,26399,3.0,19220
Kia,2017,122991,4.0,24999
Ford,2016,54941,3.5,34449
Nissan,2021,31656,2.3,42677
Volkswagen,2018,105606,1.8,31490
Kia,2012,104377,2.5,36827
Ford,2015,113527,2.5,31918
Honda,2014,36766,2.9,43066
BMW,2014,78097,1.6,18967
Nissan,2019,135929,2.4,42158
Nissan,2017,115864,3.6,37644
Volkswagen,2010,140417,3.1,33387
Chevrolet,2010,77583,2.5,43962
Hyundai,2012,130061,2.2,20973
Kia,2020,112590,2.1,5621
Hyundai,2011,49889,3.3,41371
Hyundai,2011,120990,2.5,19540
Honda,2011,74850,2.0,36725
Toyota,2013,113519,3.5,21535
Hyundai,2010,8474,2.1,33866
Nissan,2019,92768,1.6,34173
Volkswagen,2018,29039,2.8,23447
Volkswagen,2023,19104,2.1,9318
BMW,2014,133404,1.4,27733
Toyota,2014,22786,2.7,44416
Chevrolet,2018,51716,3.7,28217
Nissan,2023,135738,3.1,23803
Nissan,2014,127914,1.4,33248
BMW,2022,56269,2.4,12542
Mazda,2022,92950,2.0,11529
BMW,2020,21791,3.1,38338
Hyundai,2023,124363,2.6,20308
Ford,2017,83429,1.8,32838
Volkswagen,2020,108807,2.6,25433
BMW,2010,11224,3.8,8389
Hyundai,2010,110909,2.5,21134
Kia,2013,32685,3.7,5373
Toyota,2017,99045,2.6,27732
Nissan,2012,23476,3.4,14101
Mazda,2010,127214,3.4,31966
Toyota,2020,81598,3.4,22440
Hyundai,2021,112474,3.1,13439
Chevrolet,2018,6484,3.9,39458
Kia,2018,97526,3.8,23186
Hyundai,2018,24760,2.2,43752
Ford,2018,11326,3.2,36717
Honda,2011,129802,3.1,33433
Hyundai,2023,75723,1.9,16628
BMW,2023,130477,2.1,10193
Hyundai,2020,117325,2.2,32423
BMW,2020,134778,2.3,33195
Chevrolet,2020,19963,3.6,7545
Nissan,2013,142310,3.4,37372
Volkswagen,2011,131197,3.5,22853
Honda,2016,65494,3.8,37161
Chevrolet,2020,46328,2.7,30752
BMW,2012,66790,3.6,17770
Volkswagen,2018,117962,3.2,38003
Ford,2016,148877,2.6,16739
Toyota,2017,91037,1.9,35217
Honda,2018,79860,2.5,14805
Mazda,2017,45632,1.9,34020
Chevrolet,2016,121167,2.1,34824
Toyota,2018,92268,2.1,37658
Toyota,2020,149297,3.4,23223
Hyundai,2010,44859,2.7,8555
Hyundai,2020,31496,3.5,25712
Mazda,2013,89392,3.7,15311
Mazda,2013,5958,3.0,37774
BMW,2014,98399,2.5,15218
Mazda,2017,128951,3.6,14235
Toyota,2019,88408,2.9,37691
BMW,2010,91687,3.6,33185
Volkswagen,2015,18584,2.1,13691
Nissan,2018,42917,2.9,35405
Nissan,2019,92672,2.0,41606
Nissan,2017,61308,3.2,32078
Honda,2011,94010,2.9,22791
Honda,2016,25321,2.8,8517
Mazda,2014,113798,3.1,42667
Nissan,2011,126534,2.4,19099
Ford,2020,116349,1.9,23925
Hyundai,2010,102313,3.5,14754
Ford,2011,33858,2.4,39142
Nissan,2020,46838,4.0,14779
Nissan,2019,43336,2.7,12554
Hyundai,2015,69597,2.7,18625
Nissan,2020,140840,3.2,6369
Chevrolet,2021,116467,3.1,21336
Toyota,2017,123901,1.9,26242
BMW,2012,10177,2.1,11621
Hyundai,2014,78582,2.0,36446
Nissan,2020,142673,1.5,37451
Honda,2011,79433,1.5,38911
Honda,2021,61261,3.1,38725
Toyota,2017,9581,2.7,22192
Honda,2013,126975,3.7,44141
BMW,2020,44802,2.2,37721
Kia,2019,129457,3.4,14504
Kia,2021,34698,1.7,18027
Kia,2015,56119,3.5,13229
Toyota,2012,65393,3.8,7485
Toyota,2020,10080,3.0,30648
BMW,2017,69652,3.3,8388
Hyundai,2017,73664,4.0,5527
Mazda,2012,125023,2.4,34483
Kia,2021,67577,1.5,20454
Honda,2018,83117,3.2,14715
Ford,2019,119490,1.4,32620
Mazda,2022,127907,2.9,20063
BMW,2014,49569,3.0,9233
Hyundai,2019,14811,2.9,20416
Honda,2018,82641,1.8,14116
Nissan,2016,98897,1.6,15405
Hyundai,2019,91588,3.8,27732
Kia,2012,148032,2.8,29164
Kia,2015,131709,2.2,8046
Nissan,2019,96039,3.4,20109
BMW,2011,23162,3.8,34414
Volkswagen,2015,10530,2.5,25208
Hyundai,2021,127779,1.7,13067
Nissan,2014,28128,3.2,11060
BMW,2022,75707,3.8,37767
BMW,2012,140537,3.9,7101
Toyota,2023,95275,3.5,39969
Hyundai,2016,34998,2.1,7273
Honda,2020,32333,2.3,44196
Volkswagen,2013,70886,1.8,35781
Chevrolet,2020,11522,3.3,35087
Ford,2023,103504,1.8,37456
Hyundai,2015,94194,2.5,20012
Mazda,2018,40320,2.8,32808
BMW,2021,115424,2.4,10039
Toyota,2023,118959,1.8,31671
Nissan,2015,62630,2.2,21632
Kia,2013,61662,3.0,13217
Nissan,2019,118305,3.3,32792
Nissan,2011,113291,3.0,43147
Volkswagen,2018,139630,3.9,23931
Hyundai,2023,78834,3.0,29103
Nissan,2013,8513,2.0,31800
Volkswagen,2013,145532,2.7,20848
Chevrolet,2011,118860,3.6,42924
Honda,2014,54512,2.2,35944
Chevrolet,2022,33669,3.3,44728
Hyundai,2015,108099,3.4,34937
Kia,2019,104754,3.8,9485
Chevrolet,2015,62560,2.4,39111
Volkswagen,2012,36709,2.1,38686
Volkswagen,2021,92705,2.7,44454
Ford,2023,22011,4.0,12732
BMW,2018,24651,3.7,28056
Mazda,2016,5566,2.1,5576
Mazda,2022,41526,1.9,44678
Hyundai,2023,7020,2.6,35667
BMW,2012,74066,1.8,11722
Ford,2013,23890,3.4,19563
Toyota,2016,80919,1.5,41951
Nissan,2020,48882,2.0,28279
Chevrolet,2017,30304,1.4,27221
BMW,2015,123016,2.0,31660
Nissan,2013,52742,1.5,31906
Toyota,2021,67124,3.2,33110
Kia,2011,134925,2.9,44849
Ford,2019,96354,2.0,8179
Nissan,2017,43451,1.9,26573
Ford,2010,57754,2.2,6714
Ford,2018,149741,3.5,30709
BMW,2017,25754,1.8,20821
Volkswagen,2012,129779,1.7,31790
Honda,2019,107047,2.7,33009
Hyundai,2013,140919,3.6,8101
Mazda,2019,86472,2.0,11702
Ford,2013,43446,1.7,42550
BMW,2011,102676,2.7,15014
BMW,2021,65489,3.3,33872
Nissan,2020,120363,3.0,30851
Nissan,2019,74589,2.5,32329
Chevrolet,2014,136994,1.5,7094
Ford,2022,103711,2.2,21556
Honda,2021,55261,3.8,20488
Hyundai,2012,148862,2.0,15433
Hyundai,2021,25343,3.0,29047
Kia,2020,6490,3.8,32254
Kia,2010,133369,2.7,14691
Chevrolet,2011,65928,2.6,17822
Mazda,2020,123888,1.8,5915
Kia,2021,88401,3.9,15656
Toyota,2016,102914,1.9,21221
Chevrolet,2010,21178,2.7,10349
Hyundai,2021,133272,1.8,33261
Hyundai,2022,42622,2.3,38262
Honda,2022,46834,3.7,9230
BMW,2011,144127,3.1,36037
Toyota,2023,135241,1.4,40499
Mazda,2019,109762,3.9,35032
Nissan,2016,78929,3.4,37871
Chevrolet,2010,86396,4.0,41355
Kia,2016,132000,3.4,16020
Volkswagen,2022,88451,3.4,15079
Honda,2017,145653,3.2,41266
Hyundai,2020,86617,2.5,43795
Volkswagen,2022,88537,2.2,27477
Chevrolet,2023,50101,2.8,30684
Ford,2011,29940,1.9,13514
Mazda,2013,73907,3.3,28246
Ford,2016,16016,4.0,29362
Chevrolet,2010,59617,3.0,28257
Ford,2015,88292,3.6,9761
Mazda,2014,7237,1.8,14658
BMW,2020,106778,3.5,26107
Chevrolet,2015,70263,3.8,26175
Volkswagen,2017,25852,3.6,15305
Ford,2020,141830,3.0,22825
Mazda,2020,50003,3.8,30739
Kia,2010,90895,3.9,21009
Nissan,2012,14176,3.5,41943
Mazda,2020,34658,2.8,31008
Honda,2022,130038,3.6,43365
Nissan,2018,141746,2.4,6967
Kia,2021,32948,2.3,10462
Toyota,2017,32749,2.3,24430
Volkswagen,2013,97356,1.9,22847
Hyundai,2020,133390,3.0,22211
Kia,2023,31678,3.1,20238
BMW,2019,50418,3.6,33784
Nissan,2018,130400,3.2,6915
BMW,2016,114203,3.4,41365
Nissan,2011,142240,3.2,6892
Honda,2010,108845,3.2,23561
Toyota,2010,107209,2.3,40620
Hyundai,2022,6080,3.9,18124
Honda,2012,82333,3.1,23709
Kia,2022,123307,2.9,20173
BMW,2023,41018,3.6,18100
Nissan,2019,90487,2.5,17273
Kia,2011,108424,1.7,23180
Mazda,2013,78775,2.0,31158
Toyota,2023,16927,3.5,15070
Volkswagen,2023,5944,3.3,18889
Mazda,2017,57420,1.7,44911
BMW,2014,24503,1.6,16640
Toyota,2014,15175,3.0,32921
Toyota,2015,139377,3.8,41070
Kia,2022,132412,1.9,15948
Mazda,2021,44537,2.8,34325
Kia,2014,115681,3.5,12747
Kia,2014,38136,2.8,30895
Kia,2023,80624,2.3,19997
BMW,2016,85312,3.5,16160
Nissan,2015,103415,3.4,44090
Nissan,2022,90992,3.6,39463
BMW,2022,88117,3.9,43110
Hyundai,2023,66241,1.8,26718
Volkswagen,2019,133923,2.3,13848
Honda,2020,40629,4.0,11525
Volkswagen,2011,18895,2.9,9769
BMW,2022,135370,3.1,42828
Ford,2010,100344,3.7,9777
Honda,2010,63918,3.2,41189
Hyundai,2013,148864,3.2,8037
Chevrolet,2011,68406,1.7,5578
Honda,2015,20430,2.7,11373
Toyota,2021,44130,3.2,23963
BMW,2021,133752,3.5,17438
Chevrolet,2018,74120,2.5,28062
Volkswagen,2019,66397,1.7,8988
Chevrolet,2020,126212,2.4,36659
BMW,2023,59455,2.5,15233
Volkswagen,2019,56078,3.4,8635
BMW,2017,36088,1.5,14416
Mazda,2013,145669,2.4,29486
Ford,2022,7013,2.6,29085
Hyundai,2021,88640,2.8,5210
Hyundai,2011,98979,3.9,13772
Toyota,2010,149537,3.3,9561
Ford,2016,120184,2.0,34316
Ford,2019,134045,3.0,33902
Toyota,2012,8219,2.3,13445
Volkswagen,2023,144149,3.5,30807
Toyota,2015,138782,1.8,10755
Volkswagen,2014,51994,1.8,11666
Toyota,2014,116181,1.7,37834
Honda,2021,149036,2.8,6859
Honda,2011,33288,1.7,29456
Mazda,2023,35714,1.5,35045
Nissan,2018,8602,2.3,15290
Toyota,2020,93024,3.5,36035
Ford,2013,9096,1.8,18755
Honda,2019,105638,2.3,27073
Kia,2010,76652,2.5,27603
Volkswagen,2011,34610,3.7,44605
Honda,2018,71815,2.6,27270
Honda,2016,108253,2.7,19484
BMW,2019,70585,2.1,18034
Volkswagen,2011,43419,3.1,16162
Hyundai,2016,134213,1.5,13004
Chevrolet,2023,47734,3.9,13272
Volkswagen,2013,126898,2.7,27838
Mazda,2019,123276,1.6,16279
BMW,2011,142611,2.9,20702
Volkswagen,2021,26754,2.7,33819
Volkswagen,2013,9223,2.0,41272
Nissan,2014,54339,1.9,41167
BMW,2022,141374,2.1,26864
Volkswagen,2023,116169,1.7,40429
Chevrolet,2013,99151,2.8,24956
Chevrolet,2012,26241,3.7,19557
Kia,2015,38434,3.8,11264
BMW,2010,46892,3.9,27206
Hyundai,2017,35798,3.0,17447
Volkswagen,2021,141210,3.0,29018
Nissan,2014,119141,2.2,28550
Nissan,2017,107156,3.7,44086
Ford,2019,18533,2.7,20556
Hyundai,2013,113672,2.1,11362
Nissan,2013,116354,3.9,39235
Chevrolet,2014,102509,3.2,6468
Ford,2014,54944,2.6,30331
Toyota,2020,63594,1.6,15489
Nissan,2015,146586,1.8,12704
Mazda,2014,137422,1.9,15619
BMW,2014,97942,3.7,7877
Nissan,2022,52318,3.9,40866
Honda,2017,89195,2.1,27323
Hyundai,2015,93170,2.7,36828
Honda,2011,80805,3.5,35766
Kia,2013,63465,2.4,42658
Nissan,2013,5608,2.7,8854
Toyota,2014,120471,3.7,44184
Honda,2015,136239,1.9,13071
Honda,2020,124467,4.0,23744
Hyundai,2014,135885,2.6,36279
Ford,2023,139328,2.1,19679
Toyota,2023,138551,3.7,34567
Honda,2020,94511,1.6,31097
Volkswagen,2015,46939,3.1,11126
Toyota,2017,106120,1.6,15537
Volkswagen,2013,13982,3.9,44876
Nissan,2020,116333,3.1,22492
Honda,2012,55626,2.4,20248
Honda,2018,62277,2.5,40755
Chevrolet,2012,107305,1.8,32936
Chevrolet,2020,81176,2.3,42770
Hyundai,2017,115170,3.7,33839
BMW,2019,131260,3.5,7043
BMW,2021,30702,3.1,19500
Ford,2014,66541,3.9,27090
Hyundai,2018,109330,2.9,38307
BMW,2012,16353,1.9,6693
Hyundai,2019,110610,3.3,29178
Honda,2019,67766,2.9,12082
Chevrolet,2017,112247,2.5,35548
Chevrolet,2023,51596,1.8,20071
Chevrolet,2022,112354,3.2,16354
BMW,2022,123548,2.6,12420
Toyota,2016,75264,2.9,34447
Mazda,2021,69756,2.2,12140
Honda,2016,67553,1.8,14017
Nissan,2023,29029,2.3,27036
Hyundai,2020,23384,3.6,32054
Chevrolet,2019,92926,1.8,23738
Chevrolet,2018,68182,2.6,32036
Chevrolet,2021,7015,2.2,30923
Honda,2017,87082,3.9,35040
Chevrolet,2012,58901,1.6,18892
Ford,2023,136102,2.0,8690
Hyundai,2022,142673,2.6,6051
Honda,2015,123307,2.0,28308
Hyundai,2020,91985,3.2,16839
Volkswagen,2015,22231,2.4,42372
Kia,2014,54943,3.4,40651
Ford,2012,120196,2.8,43322
Toyota,2018,126767,2.5,24781
Toyota,2016,99952,2.3,29454
Mazda,2013,19294,2.0,13063
Ford,2015,67996,2.1,28043
Hyundai,2014,127463,1.9,42233
Toyota,2010,145276,3.6,21270
Kia,2011,106374,2.8,10898
Toyota,2010,87994,2.7,9646
Chevrolet,2018,120156,2.2,25438
Mazda,2018,87655,2.7,38410
Honda,2014,13133,3.7,20243
Nissan,2017,86573,3.6,30090
Nissan,2019,48816,3.0,32974
Toyota,2013,25861,2.8,36766
Hyundai,2010,79639,2.0,41054
Hyundai,2022,82034,3.2,25345
Chevrolet,2022,124743,3.6,44977
Toyota,2013,12658,2.2,10160
Toyota,2016,134622,2.5,35064
Nissan,2020,85801,1.7,28988
Volkswagen,2011,52467,3.6,19909
Toyota,2011,103041,1.7,10596
Honda,2015,147483,3.2,30938
Mazda,2018,114109,1.9,27909
Mazda,2012,62848,3.3,19743
Honda,2016,76664,3.1,7006
Volkswagen,2019,31841,3.2,36056
Hyundai,2023,43746,3.1,33680
Nissan,2018,90980,2.4,7046
Mazda,2020,24180,3.0,36376
Ford,2022,10444,2.0,36808
Kia,2018,108235,2.1,29423
Nissan,2020,74344,1.6,44922
Volkswagen,2013,79216,3.0,43792
Ford,2011,51487,3.6,23151
Toyota,2010,30826,2.4,23702
Honda,2015,76654,1.9,11405
Toyota,2014,109017,3.5,17660
Chevrolet,2015,99072,3.1,30070
BMW,2016,19707,3.7,34585
Honda,2018,125919,1.4,20733
Ford,2019,17596,2.4,13151
Kia,2019,124980,3.7,32382
BMW,2020,96679,3.2,40441
Chevrolet,2015,8817,2.6,41977
Hyundai,2015,31849,2.5,22629
Chevrolet,2022,77018,3.7,13914
BMW,2012,60353,3.6,31971
Mazda,2022,106627,1.4,17275
Nissan,2017,56755,1.7,27554
Volkswagen,2018,16691,2.7,14721
Toyota,2010,6565,1.7,5586
Hyundai,2015,46878,2.1,13061
Volkswagen,2016,86386,3.6,19749
Chevrolet,2020,69556,2.4,21773
Kia,2017,140191,2.6,25510
Toyota,2021,88574,1.9,17099
Hyundai,2019,123146,3.0,14071
Volkswagen,2020,70777,1.7,17045
Toyota,2017,140404,3.0,41694
Toyota,2016,53475,3.3,14284
Hyundai,2017,149470,3.7,40438
Ford,2020,30363,2.9,33313
Nissan,2018,121320,2.3,39909
Ford,2019,57225,3.6,26499
Toyota,2016,116001,3.0,27313
BMW,2012,118409,2.3,41453
Honda,2018,67402,2.2,16823
BMW,2010,148817,2.2,8522
Hyundai,2023,105905,1.5,27131
Toyota,2017,64604,1.7,8473
Toyota,2015,146095,1.6,12253
Kia,2020,100643,2.2,8570
Nissan,2012,61834,2.6,29603
Kia,2018,54679,1.8,28553
Hyundai,2015,39179,3.6,14664
Mazda,2016,25581,1.6,24235
Ford,2020,87309,3.9,16768
Kia,2011,79953,1.6,13253
Hyundai,2010,74328,3.7,11171
Ford,2010,112873,2.1,20331
Hyundai,2012,125400,4.0,44199
Mazda,2020,100987,2.8,30785
Nissan,2012,5234,1.4,30157
Nissan,2017,85853,2.1,15053
Hyundai,2016,8138,3.8,6915
Kia,2019,87728,2.2,12838
Nissan,2017,10159,2.3,16975
Honda,2010,121006,1.5,43919
Kia,2013,108988,2.1,19590
Volkswagen,2017,124591,2.1,40135
Chevrolet,2019,129467,3.3,18949
Hyundai,2011,5066,2.7,37635
Hyundai,2016,62684,1.8,27388
Hyundai,2017,13187,3.5,14394
Mazda,2023,148241,3.0,18830
Hyundai,2018,51131,2.1,40324
Nissan,2016,120643,2.0,29647
Nissan,2021,59785,3.8,18034
Chevrolet,2018,118841,3.1,22666
Chevrolet,2011,127961,3.5,37912
BMW,2020,88107,2.0,10892
Kia,2010,5002,2.9,37699
Nissan,2010,32765,1.5,12240
Nissan,2020,136835,2.9,43258
Mazda,2021,15921,1.9,8141
Nissan,2013,24224,3.1,43827
Nissan,2010,92266,3.8,14113
BMW,2016,92301,2.6,33755
Honda,2017,31989,2.2,5281
BMW,2012,83590,1.7,31997
Honda,2023,7475,3.1,29330
BMW,2010,109353,2.9,26087
Nissan,2012,121979,2.8,34407
BMW,2011,81620,3.8,34117
Nissan,2015,124086,3.9,24023
Nissan,2020,140537,3.3,41352
Chevrolet,2016,75482,1.9,24660
Toyota,2018,146586,3.9,17195
Honda,2014,46006,2.3,34077
Volkswagen,2013,130044,1.6,25324
Kia,2010,139733,2.0,39780
Kia,2020,75463,3.6,32179
BMW,2023,114162,1.9,15261
Toyota,2015,11179,2.4,38025
Mazda,2020,138526,2.1,16874
Volkswagen,2017,90407,1.5,25055
Kia,2013,41828,2.9,29753
Ford,2010,118051,3.0,37663
Hyundai,2023,68975,3.5,24886
Ford,2023,46738,2.5,40501
Mazda,2014,18119,1.8,25169
Volkswagen,2019,28872,3.1,26195
Kia,2014,51152,3.7,21571
BMW,2011,94656,1.7,12752
Hyundai,2015,39369,1.9,38597
Honda,2019,34315,2.3,10251
Kia,2018,8843,3.1,23140
Kia,2023,53512,2.8,15552
Mazda,2015,8675,3.3,24779
Kia,2017,82585,1.5,27849
Volkswagen,2019,38773,3.5,20869
Toyota,2012,65044,4.0,20785
Volkswagen,2019,5231,1.5,38291
Honda,2011,16845,2.7,41954
Toyota,2013,27960,3.3,9533
Kia,2021,88610,2.6,37206
Kia,2018,108274,2.9,12018
Hyundai,2018,14089,3.8,19626
Kia,2012,52635,2.8,37167
Nissan,2021,143954,2.0,24380
Honda,2022,111647,3.3,33036
Chevrolet,2010,55503,2.4,35331
BMW,2010,10524,2.1,9715
Hyundai,2013,27201,2.0,30772
Ford,2013,24817,1.6,15606
Toyota,2020,146162,3.8,31433
Chevrolet,2021,22743,2.9,8261
BMW,2019,128572,3.9,7742
Kia,2015,110736,3.6,18914
Volkswagen,2014,21483,1.5,8493
Nissan,2015,117179,2.0,35675
Toyota,2019,24826,2.2,43877
Toyota,2016,18196,2.7,35222
Toyota,2016,31496,3.3,11922
Honda,2019,120274,3.2,25391
Toyota,2023,16159,4.0,23263
Hyundai,2019,32780,3.8,20950
BMW,2018,119943,1.9,5900
Volkswagen,2015,88920,3.6,24674
Hyundai,2017,134427,3.6,44875
Hyundai,2011,40775,2.9,19756
Nissan,2017,102333,2.3,25628
Volkswagen,2018,58654,1.9,40082
Nissan,2013,149768,2.0,20819
Toyota,2014,50170,2.3,29589
Toyota,2014,42880,2.7,39041
Hyundai,2011,124589,2.9,21803
Hyundai,2014,56329,2.2,43284
Toyota,2018,72116,2.3,21058
Mazda,2013,106530,1.4,43164
BMW,2019,140662,1.4,29520
Honda,2012,127189,3.8,41192
Chevrolet,2023,10301,1.4,8179
Kia,2016,94482,1.5,40766
Ford,2017,29491,1.9,12248
Volkswagen,2022,129191,3.3,18146
Nissan,2022,121741,3.2,35144
Volkswagen,2019,22328,3.1,35744
Toyota,2015,95005,2.9,40608
Chevrolet,2015,13770,1.9,5605
Ford,2022,145178,2.4,6327
Hyundai,2014,95273,2.6,39778
Hyundai,2020,127152,2.9,26840
Nissan,2015,59888,1.9,20746
BMW,2018,136846,3.3,9938
Kia,2011,70592,2.2,17192
BMW,2019,110530,3.1,37302
Chevrolet,2020,37648,2.7,9936
BMW,2012,135809,2.9,31112
Nissan,2010,5545,2.5,5581
Ford,2013,57132,2.6,12393
Ford,2011,42674,3.7,39436
Ford,2015,66486,2.6,21898
Hyundai,2022,47373,3.5,28396
Mazda,2010,97527,2.4,35439
Chevrolet,2017,125186,3.2,39245
Kia,2019,8388,2.0,41618
Chevrolet,2015,55564,3.8,39634
Chevrolet,2018,81357,3.9,6319
BMW,2021,71107,3.7,9197
Honda,2015,53877,2.3,8135
Chevrolet,2019,87267,2.1,40539
Nissan,2016,24049,1.9,40289
Honda,2014,140664,3.7,27841
Mazda,2023,101766,1.7,29295
Nissan,2017,15691,3.1,15495
Chevrolet,2017,62886,2.3,17524
Volkswagen,2019,48860,1.9,9585
Hyundai,2018,68791,1.9,7712
BMW,2021,132273,3.7,10405
Toyota,2015,55521,3.6,30112
Kia,2010,144549,2.1,33681
Kia,2018,144124,1.5,29940
Nissan,2012,73595,3.7,35008
Kia,2018,33797,1.5,9770
Honda,2016,103354,1.6,7330
Ford,2023,20410,3.5,35971
Volkswagen,2021,65780,3.5,41859
Toyota,2022,16495,1.9,27077
Kia,2012,143929,1.5,5412
Kia,2018,48677,1.6,21738
Nissan,2023,143898,2.6,7196
Chevrolet,2016,18791,2.5,44326
Hyundai,2016,31965,1.9,10023
BMW,2016,87443,3.8,42891
BMW,2011,95766,2.8,22455
BMW,2020,107905,3.5,12036
BMW,2013,132374,1.7,36364
Mazda,2019,122877,3.9,11320
Toyota,2017,89028,3.5,19021
Chevrolet,2021,113434,2.1,15850
Hyundai,2011,27840,1.5,33980
Hyundai,2022,33638,1.8,16134
Nissan,2013,128144,2.5,23547
Volkswagen,2019,73870,1.4,42309
Kia,2017,71247,1.5,39250
Kia,2021,79640,1.7,8468
Chevrolet,2012,100887,3.5,17120
Mazda,2021,68826,2.8,39610
Honda,2015,103635,1.9,10410
Ford,2021,127847,2.1,14305
Chevrolet,2011,119094,3.1,21754
Honda,2017,74370,2.2,18907
Ford,2017,128031,3.2,14446
Hyundai,2021,134149,3.4,18483
Mazda,2022,29996,2.2,16397
Chevrolet,2010,78269,2.4,19992
BMW,2012,145262,1.5,6911
Hyundai,2023,24939,3.5,15842
Honda,2011,13484,3.0,16560
Chevrolet,2016,62512,3.7,10610
Chevrolet,2016,127495,1.9,20826
Nissan,2013,27406,3.9,42865
Toyota,2021,12793,3.2,31335
Hyundai,2021,11677,1.9,11634
Chevrolet,2017,60869,2.6,29726
Kia,2012,96034,3.2,19504
Kia,2023,129700,1.4,41474
Toyota,2018,61335,3.4,5898
Chevrolet,2014,149340,3.9,8151
BMW,2023,15634,1.6,21369
Toyota,2022,11420,3.7,22266
Toyota,2023,74914,2.6,30231
Honda,2011,71534,2.7,15308
Honda,2018,9302,3.6,14435
Volkswagen,2010,143902,2.9,28128
Hyundai,2020,118202,2.3,5594
Ford,2017,23908,3.3,43205
Toyota,2015,50191,1.8,33930
Honda,2021,29373,3.1,28257
Mazda,2010,147076,3.4,15002
Volkswagen,2023,123886,2.3,35326
Chevrolet,2013,54157,3.9,5820
Hyundai,2012,62355,3.1,31380
Chevrolet,2016,7150,1.6,14786
Volkswagen,2016,28226,3.9,32832
Nissan,2015,84680,3.3,33586
Kia,2023,91442,3.2,37779
Hyundai,2019,66528,2.1,27625
Kia,2023,36435,2.6,5407
Mazda,2019,59102,3.7,27191
Chevrolet,2021,57434,2.2,25547
Nissan,2017,143964,2.5,8736
Mazda,2016,98708,2.1,24222
Ford,2013,44907,2.0,20677
Chevrolet,2016,20479,1.5,9796
Volkswagen,2010,118792,3.3,27647
Nissan,2012,15802,1.6,24306
Hyundai,2011,114885,2.8,15483
Nissan,2016,12774,1.5,37068
Chevrolet,2018,21625,4.0,8387
Honda,2014,99111,3.2,25316
Mazda,2018,111332,3.0,8904
Nissan,2021,18749,1.9,22877
Kia,2022,51521,2.8,17088
Mazda,2017,80732,2.7,12790
Kia,2010,101663,2.3,10334
Nissan,2023,94398,1.8,5473
Honda,2020,120758,2.4,44437
Mazda,2011,59069,3.0,28331
Volkswagen,2015,35591,2.7,39047
Mazda,2014,115280,2.9,22227
Hyundai,2020,93563,2.9,43735
Nissan,2016,64132,2.0,13135
Ford,2018,107591,1.7,43059
Chevrolet,2023,44005,2.8,42709
Toyota,2013,91946,3.7,34046
BMW,2017,31348,4.0,16723
Ford,2013,41573,3.4,21958
Kia,2012,138286,2.0,29855
Volkswagen,2021,135541,3.0,24969
Volkswagen,2011,35973,2.0,44811
BMW,2017,127809,2.9,30179
Honda,2020,29632,2.6,44335
Hyundai,2017,60301,2.4,32142
Chevrolet,2020,21621,3.1,39284
Ford,2021,5732,3.6,17715
Toyota,2012,135271,2.3,31102
Mazda,2010,27547,2.7,10571
BMW,2022,106128,2.6,19465
Honda,2015,132117,2.0,43359
Volkswagen,2014,60671,2.5,10370
Toyota,2017,138526,1.5,31824
Volkswagen,2015,120455,2.7,24578
Nissan,2013,147647,3.3,14734
BMW,2019,57576,2.4,33700
Honda,2019,120401,3.3,22890
Mazda,2021,21469,3.4,31263
Kia,2021,55730,4.0,44168
Honda,2020,105320,2.8,7419
Chevrolet,2011,16678,2.5,14645
Mazda,2017,65771,3.1,37481
Ford,2014,50699,3.0,6322
Honda,2021,112767,4.0,18193
Mazda,2017,20002,3.2,40406
Ford,2014,33389,2.2,7634
Honda,2015,133538,1.9,22383
Toyota,2022,52971,3.5,27972
Kia,2019,34421,1.9,27495
Toyota,2023,93238,3.0,27565
Chevrolet,2014,143043,1.7,41660
Mazda,2020,24235,3.3,29118
Ford,2012,107460,3.4,16280
Nissan,2019,136846,4.0,44853
Honda,2017,56613,3.9,44523
Nissan,2012,12985,3.3,44297
Honda,2013,144379,2.1,38267
Chevrolet,2015,35119,1.5,18450
Nissan,2011,61808,2.8,17877
Ford,2023,88269,3.4,19089
Hyundai,2016,65587,1.4,15518
Toyota,2014,24231,2.8,42207
Ford,2021,111318,3.7,34739
Volkswagen,2019,35028,3.1,21074
BMW,2022,109265,3.2,24702
Chevrolet,2014,36143,2.6,19184
Kia,2014,28975,3.9,22307
Honda,2022,63983,2.4,41807
Ford,2022,146685,2.4,37629
Nissan,2011,63311,2.7,20396
BMW,2020,60088,2.9,6022
Hyundai,2022,99650,2.8,26055
Volkswagen,2021,94125,3.5,7350
Nissan,2019,81559,3.6,25974
Toyota,2018,79747,1.7,35529
Hyundai,2012,72542,3.0,38324
BMW,2021,113058,4.0,25537
Mazda,2016,145105,3.0,34760
Mazda,2014,39971,3.2,32624
BMW,2019,69705,3.6,36043
Mazda,2019,128692,3.7,10378
Chevrolet,2014,102440,1.4,8673
Ford,2013,60935,2.0,37597
Honda,2019,66105,3.6,12536
Ford,2015,113205,3.1,23745
Volkswagen,2016,108970,3.0,12411
Ford,2016,28790,3.6,41735
Ford,2020,50241,3.5,27305
Toyota,2021,23892,3.4,36013
Honda,2017,16524,1.5,11651
Ford,2014,7593,3.4,28113
Honda,2016,121160,1.9,20327
Kia,2021,60602,1.5,13220
Mazda,2023,137297,2.7,14905
Nissan,2013,83716,3.9,19589
Toyota,2018,67060,3.7,40587
Mazda,2014,105508,4.0,33768
Honda,2012,123014,2.0,13941
Mazda,2014,146720,3.2,18975
Ford,2018,141020,1.5,9617
Nissan,2022,25186,3.5,40371
Ford,2022,98846,2.8,6177
Volkswagen,2020,50926,4.0,24937
Ford,2017,63912,2.0,33012
Nissan,2010,65614,3.4,21597
Hyundai,2014,113560,1.8,19910
Kia,2015,143050,2.1,30232
Honda,2022,17098,2.2,6871
Kia,2019,38313,2.9,15124
Volkswagen,2022,68239,2.3,38749
Kia,2020,46143,2.5,41980
Mazda,2011,54989,2.8,22990
BMW,2023,121580,1.5,32670
Toyota,2015,22841,3.1,40624
Nissan,2023,81998,3.1,10208
Toyota,2018,24184,3.9,7902
Nissan,2023,133367,1.7,8530
Honda,2013,115131,1.5,34556
Kia,2012,12489,1.7,27208
Honda,2018,20767,2.5,43891
Ford,2011,72247,2.0,37731
Ford,2021,28871,2.0,7022
Toyota,2018,126233,3.7,6855
Chevrolet,2020,116219,2.2,17872
Chevrolet,2019,53164,2.5,19658
BMW,2020,74919,3.2,17138
Chevrolet,2020,143523,2.3,27196
Volkswagen,2011,123357,2.8,24977
Mazda,2023,60242,2.8,42938
Mazda,2022,68529,2.1,41032
Ford,2020,41256,3.3,36277
Chevrolet,2023,139284,3.6,7759
BMW,2019,71452,3.4,5102
Nissan,2012,56246,2.4,39441
Ford,2022,147502,3.8,16453
Honda,2016,100853,3.7,16380
Chevrolet,2011,83295,2.1,40784
Ford,2010,95882,1.7,34493
Chevrolet,2018,44499,3.7,26471
Volkswagen,2015,124481,3.3,29274
BMW,2018,8698,2.2,10916
Toyota,2021,37969,2.2,28823
Hyundai,2012,140309,2.2,41070
BMW,2012,86870,3.6,6963
Chevrolet,2019,24553,2.0,8522
Honda,2021,136064,3.1,27288
Honda,2012,7864,3.6,37739
Toyota,2011,44128,2.4,16359
Kia,2022,20326,1.6,37246
Honda,2020,141484,3.4,24103
Ford,2015,14349,1.5,35122
Honda,2012,56461,3.6,42861
Hyundai,2014,78933,2.3,37204
Toyota,2022,67586,3.5,28470
Ford,2020,113553,2.8,35779
Chevrolet,2014,129514,2.3,43923
BMW,2019,68182,3.7,9693
Toyota,2012,27678,3.4,23036
Hyundai,2012,26947,1.6,32705
Mazda,2010,75660,3.8,39495
Hyundai,2015,46849,2.6,23761
Nissan,2012,100457,1.8,20755
Nissan,2010,115994,3.4,7403
Mazda,2022,104114,2.7,25955
Volkswagen,2023,14250,3.1,16031
Honda,2023,140470,3.2,29539
BMW,2022,136729,1.9,24911
Kia,2019,60488,3.9,13726
Kia,2018,103356,1.7,23874
BMW,2020,38754,3.0,22762
Hyundai,2010,62199,1.8,32682
Mazda,2014,124424,3.7,21405
Mazda,2014,78938,1.9,23532
Chevrolet,2011,124647,2.5,30061
Toyota,2023,104079,1.6,24496
Ford,2023,14106,2.6,14841
Nissan,2022,94359,1.4,6488
Kia,2010,119261,2.6,25478
Honda,2015,147177,3.2,41422
Ford,2016,89921,1.9,18421
Hyundai,2020,119452,2.8,23026
Chevrolet,2020,63053,2.6,38532
Ford,2018,138023,2.3,39528
Chevrolet,2017,138442,3.1,15885
Kia,2019,109457,4.0,37813
Kia,2012,53068,3.8,41109
Honda,2018,46047,3.9,24383
Mazda,2010,55224,1.5,35265
Hyundai,2022,131487,2.1,15209
Volkswagen,2015,123609,3.8,27744
BMW,2022,60094,1.5,41693
Honda,2023,15502,2.3,37450
Kia,2019,54130,3.1,36336
Toyota,2011,74505,4.0,39686
Mazda,2019,114213,2.1,20825
BMW,2018,31234,3.4,31039
Toyota,2018,15807,3.1,38036
Honda,2017,105491,3.0,29148
Ford,2022,14788,3.3,7908
Volkswagen,2020,115022,2.1,37968
Chevrolet,2016,115875,2.3,44527
BMW,2023,48491,2.9,43741
BMW,2015,127882,2.5,38836
Honda,2011,24435,3.3,43558
BMW,2023,110442,3.5,22861
Chevrolet,2013,143231,2.8,44547
Chevrolet,2019,108789,2.4,34574
Toyota,2016,129939,3.8,15282
Ford,2023,54389,3.3,9946
Chevrolet,2022,82611,3.2,35062
Volkswagen,2015,131059,1.5,16660
BMW,2018,47945,2.8,7990
Toyota,2022,119188,1.7,27756
Kia,2022,117873,3.1,18295
Toyota,2014,137534,2.2,38173
Volkswagen,2021,68220,3.3,43190
Mazda,2021,70344,3.4,20953
Toyota,2015,14413,2.2,27881
Kia,2019,147700,3.9,39204
Chevrolet,2015,44064,2.7,10160
Nissan,2023,39424,2.0,17496
Nissan,2017,38899,3.4,13287
Nissan,2017,129851,3.4,35067
Mazda,2015,36247,2.5,42530
Kia,2017,70591,3.1,24704
Volkswagen,2016,24907,1.5,7499
Honda,2010,137605,2.2,39995
Nissan,2014,22046,3.7,27121
Honda,2020,57175,2.0,5361
Mazda,2019,130557,3.8,35848
Honda,2019,109271,2.9,28954
BMW,2022,136069,3.7,26818
Mazda,2019,67742,1.7,24971
Honda,2014,83052,2.6,8901
Toyota,2019,138076,2.2,7267
Nissan,2023,75970,3.7,43584
Ford,2018,42014,2.3,5496
Hyundai,2016,106700,2.9,36613
Mazda,2016,110874,3.6,14579
Chevrolet,2019,128682,2.0,33564
Hyundai,2011,46312,1.5,42476
Volkswagen,2017,56126,2.7,30754
Mazda,2012,63477,3.2,34543
Mazda,2018,9561,3.3,18068
Honda,2015,135387,2.5,40125
Mazda,2018,71931,1.6,15142
Nissan,2018,136124,2.4,26078
Kia,2016,24535,1.7,11121
Kia,2019,68838,1.6,12328
Volkswagen,2021,40554,2.2,37392
BMW,2017,19675,3.4,21196
Ford,2011,38912,3.4,16179
BMW,2014,7112,3.0,7233
Nissan,2012,149823,3.5,19828
Nissan,2010,38063,2.7,18301
Toyota,2022,117844,2.0,33546
Kia,2015,108046,2.9,22291
Hyundai,2022,55732,3.8,24043
Chevrolet,2021,102557,1.5,16437
Mazda,2018,77755,3.9,9748
Ford,2011,135788,3.3,32952
Chevrolet,2018,110315,3.2,29922
BMW,2017,73163,3.0,10188
Chevrolet,2020,66506,2.1,6513
Toyota,2018,94538,3.7,29274
Ford,2014,13701,3.9,38269
Ford,2022,144007,3.8,17280
Toyota,2011,22845,1.7,9331
Nissan,2019,77456,3.3,18531
Toyota,2019,39738,2.8,11337
Nissan,2015,6551,3.4,7306
Hyundai,2016,90771,2.3,34166
Volkswagen,2012,45851,3.9,20308
Nissan,2023,114588,2.2,21867
Chevrolet,2015,103395,3.3,26652
Nissan,2015,9934,2.7,38197
Volkswagen,2017,79232,3.0,35060
BMW,2010,77404,1.7,6190
Mazda,2013,48155,3.0,5845
Toyota,2010,14125,2.9,19363
Mazda,2017,120571,3.3,15692
Toyota,2011,24088,2.1,42676
Hyundai,2017,68840,3.6,27117
Kia,2012,132391,3.9,28036
Chevrolet,2017,31999,3.7,24216
Chevrolet,2015,48606,2.4,11765
BMW,2010,136032,3.4,9308
Kia,2016,143144,2.3,44422
Kia,2022,21773,3.6,18790
Toyota,2016,121336,2.4,10998
Chevrolet,2015,46725,1.9,19072
Chevrolet,2010,144611,2.7,39994
Kia,2014,115069,1.8,18452
Toyota,2010,145609,2.9,36839
Nissan,2010,86290,2.9,22432
Nissan,2015,115030,2.7,22151
Volkswagen,2017,109368,3.0,7198
Honda,2010,105541,3.9,8563
Ford,2011,29780,2.4,26391
Hyundai,2014,52873,2.5,21223
Toyota,2017,82912,2.1,31078
Nissan,2020,94835,1.9,21690
BMW,2013,114938,2.2,7668
Ford,2023,21715,2.0,17743
Ford,2014,32544,2.5,40193
Ford,2019,50763,2.0,13129
Kia,2014,103725,2.7,22593
Volkswagen,2012,136047,2.1,43975
BMW,2015,56935,2.5,18975
Honda,2014,130637,1.7,26298
BMW,2011,103552,1.8,41158
BMW,2023,147810,3.0,26143
Toyota,2019,102044,2.9,32439
Volkswagen,2023,49435,1.8,33179
Mazda,2013,147496,2.2,25444
Volkswagen,2020,130175,2.0,11398
Mazda,2013,128579,3.5,43949
Honda,2016,98939,2.3,29333
Toyota,2016,59384,2.5,42748
Kia,2018,58013,3.1,7247
Ford,2019,110010,2.2,21647
Toyota,2021,14559,2.4,5745
Kia,2011,78850,3.5,26450
Toyota,2015,102757,3.5,11314
Kia,2011,109692,3.0,13652
Toyota,2018,13735,2.9,25315
Volkswagen,2011,76112,1.9,9674
Volkswagen,2015,56855,2.6,22551
Volkswagen,2017,78742,2.1,44352
Ford,2015,96578,3.3,23493
Hyundai,2021,128124,3.0,35682
Chevrolet,2012,122302,2.4,27248
Mazda,2014,63242,2.8,13916
Volkswagen,2013,133599,2.5,35144
Hyundai,2010,105465,1.8,6169
Mazda,2014,54755,3.4,15490
Toyota,2019,9043,3.7,32760
Honda,2021,45022,3.8,15831
Kia,2014,34264,3.5,42521
Hyundai,2016,51329,3.5,42645
BMW,2021,134960,1.5,10701
Nissan,2016,24876,3.4,24457
Hyundai,2011,79732,2.2,25217
Volkswagen,2023,77290,1.8,22657
Volkswagen,2013,98240,2.8,39236
Hyundai,2010,52441,2.9,6703
Kia,2022,64155,2.7,13093
Mazda,2014,87734,3.1,22416
Toyota,2014,13723,3.3,17701
Nissan,2013,67058,1.8,17777
Toyota,2019,88454,3.0,38621
Ford,2021,116388,1.5,35859
Kia,2021,55636,2.6,26033
Volkswagen,2016,138338,1.7,41987
Ford,2015,116480,2.6,38460
Toyota,2022,104622,1.9,29221
Toyota,2019,138624,3.3,39093
Nissan,2012,67751,3.7,44258
Chevrolet,2011,133619,1.8,32361
Toyota,2013,102073,3.3,11094
Mazda,2018,38845,1.8,14275
Mazda,2019,92359,2.5,8704
Hyundai,2014,7526,3.0,40382
Nissan,2010,119205,2.8,24765
Nissan,2020,37501,1.5,23686
Volkswagen,2012,38489,2.3,19883
Toyota,2018,112740,2.6,9153
Chevrolet,2016,10801,2.4,44736
BMW,2012,102493,3.1,10939
Ford,2010,132556,3.7,43492
Nissan,2013,5745,3.1,11669
Hyundai,2018,149398,2.9,36433
Hyundai,2021,13124,1.8,22317
Toyota,2016,10599,2.3,21070
Toyota,2014,104181,2.8,32767
BMW,2022,12764,3.8,31996
Honda,2020,45077,2.2,9386
Honda,2023,146963,2.3,16953
Toyota,2015,145726,2.9,39969
Kia,2010,55499,3.7,27890
Mazda,2016,34817,2.8,44638
Mazda,2021,69811,1.9,36881
BMW,2014,70488,1.6,41596
BMW,2016,30807,3.7,41347
Volkswagen,2014,19289,3.1,37026
Chevrolet,2014,74797,2.0,19576
Hyundai,2012,22963,3.3,35865
Mazda,2014,100306,3.3,37192
Kia,2017,101527,3.4,32585
Toyota,2023,139109,3.7,5799
Nissan,2017,19501,1.8,35436
Kia,2011,49932,3.9,8422
Volkswagen,2020,52948,4.0,11761
Kia,2010,83374,1.4,13139
Nissan,2011,87518,1.6,19906
Ford,2020,64546,2.5,43206
Honda,2016,74279,1.5,21770
Ford,2012,68039,3.3,17099
Hyundai,2017,36966,3.1,8983
Hyundai,2013,114929,3.4,41158
Mazda,2019,117331,4.0,24209
Nissan,2019,142282,3.8,42901
Hyundai,2017,122252,2.2,33404
BMW,2023,127829,2.4,39404
Mazda,2011,104386,3.4,19250
Volkswagen,2022,132982,2.4,27640
Mazda,2023,34443,3.2,14667
Ford,2014,61335,3.8,6518
Toyota,2015,41426,2.5,16730
BMW,2010,70379,2.9,30290
BMW,2023,80951,3.6,36634
Chevrolet,2010,26964,2.6,36531
BMW,2023,146447,2.2,6458
BMW,2018,52531,2.1,22513
Ford,2014,86684,1.6,9775
Kia,2023,10913,2.3,19832
BMW,2013,126742,3.2,14415
Toyota,2023,96471,1.6,43280
Honda,2010,37938,2.1,18687
Ford,2012,108323,1.7,41590
Ford,2022,56879,2.5,31351
Kia,2013,117033,1.6,9921
Chevrolet,2020,72644,3.3,7805
Kia,2020,68297,3.8,32879
Mazda,2014,80386,1.9,9066
Honda,2023,146059,2.1,39593
Hyundai,2019,106089,1.8,20007
Volkswagen,2021,95915,1.9,10767
Hyundai,2023,24388,2.2,8877
Chevrolet,2014,148033,2.1,19869
Chevrolet,2019,79382,2.4,25378
BMW,2017,47836,2.8,31836
Kia,2022,29843,3.3,12859
Mazda,2022,117715,3.7,10276
BMW,2012,6092,2.6,25108
Nissan,2016,47428,3.8,11372
Mazda,2023,80049,3.2,13612
Chevrolet,2022,121185,3.3,30004
Chevrolet,2015,42761,2.8,17413
Ford,2019,139151,2.8,17329
Nissan,2020,47468,2.8,14319
BMW,2019,112317,2.7,9001
Chevrolet,2019,17167,2.6,23805
Nissan,2020,138207,3.4,34938
Honda,2015,100772,2.4,24098
Volkswagen,2019,122260,1.9,37847
Kia,2018,26305,1.8,22177
Chevrolet,2023,51422,3.7,10436
Honda,2016,145238,3.6,25897
Mazda,2022,131167,2.0,35824
Kia,2020,112001,1.7,38254
Nissan,2016,121458,3.9,7712
Kia,2020,86993,2.7,29216
Hyundai,2023,32716,1.6,21229
Ford,2010,148271,2.0,9800
Nissan,2010,22280,3.2,19591
Honda,2018,138505,1.6,19795
Chevrolet,2018,138241,2.5,41817
Nissan,2021,38590,2.5,29808
Toyota,2020,128336,3.2,30892
Hyundai,2019,31787,1.9,35073
Honda,2012,82062,4.0,28820
Mazda,2020,7139,1.8,10713
Toyota,2020,113879,3.0,19990
Nissan,2017,46273,2.3,15892
Ford,2018,73185,1.7,14803
Toyota,2010,59241,2.8,36609
Kia,2021,123567,1.8,22481
Nissan,2023,44821,3.2,18434
Honda,2012,137561,1.5,19489
Nissan,2022,48568,2.7,44322
Ford,2015,22039,2.0,10653
Volkswagen,2013,74254,3.9,34280
Kia,2017,41783,3.2,33751
Chevrolet,2018,54352,3.4,28537
Nissan,2016,11611,3.2,7602
Ford,2020,34105,3.1,19573
Toyota,2010,78865,1.8,41522
Toyota,2023,104379,4.0,17008
Honda,2011,121436,3.1,24285
Kia,2010,110249,3.7,8105
Toyota,2018,133205,2.7,7025
Chevrolet,2013,49373,2.1,6602
Volkswagen,2019,90824,2.5,44134
Volkswagen,2023,5448,2.4,38528
Honda,2017,136140,1.4,24210
Nissan,2014,94016,3.2,24053
Toyota,2014,9908,3.3,12012
Ford,2014,98744,1.5,33871
Mazda,2020,12369,2.0,41709
Volkswagen,2014,116606,3.1,37263
BMW,2012,127429,2.2,20807
Honda,2015,39508,3.8,36907
Nissan,2023,31595,1.7,17215
Hyundai,2010,122880,3.8,25476
Honda,2017,50432,3.8,26598
Ford,2022,63858,3.9,41804
Mazda,2013,109347,1.6,21786
BMW,2015,55228,2.1,30825
Volkswagen,2011,54160,2.1,29688
Kia,2011,98164,3.7,11393
BMW,2017,105700,3.5,43332
Volkswagen,2023,103427,1.8,25376
Hyundai,2010,148993,1.8,42325
Hyundai,2017,96546,2.6,38985
Volkswagen,2019,53507,1.9,22698
Kia,2019,34589,2.6,37706
Honda,2010,110976,3.6,15429
Kia,2018,39845,2.7,43333
Toyota,2010,128995,3.3,26535
Volkswagen,2013,87515,2.1,21784
Volkswagen,2018,32278,2.1,27002
Kia,2010,28348,2.9,9018
Chevrolet,2018,130387,3.6,36487
Chevrolet,2023,37790,2.8,19329
Ford,2017,62669,1.9,34714
Chevrolet,2014,9972,2.0,26856
Hyundai,2015,21015,3.0,38750
Toyota,2014,85556,1.7,11790
Volkswagen,2013,49460,1.6,11535
BMW,2021,67823,1.7,33317
Hyundai,2019,46519,2.4,35446
Ford,2023,64899,2.3,21953
Mazda,2022,148408,1.4,12919
Toyota,2021,50649,1.8,24029
Chevrolet,2013,59846,2.3,26530
Nissan,2023,50283,2.5,28785
Honda,2019,92991,2.4,41259
BMW,2017,21597,2.2,9220
Volkswagen,2017,86784,3.5,36834
Mazda,2018,63385,2.5,28991
Honda,2012,116058,3.1,8653
Kia,2019,130251,3.6,26015
Kia,2017,135541,3.6,17445
Toyota,2012,109065,3.6,33404
Toyota,2011,143288,2.7,14457
Toyota,2011,105254,3.1,18488
Hyundai,2018,136919,2.2,6186
Hyundai,2013,127164,3.6,14507
Kia,2014,140743,2.0,9042
Toyota,2011,46504,3.4,8730
BMW,2018,9153,2.6,28207
Ford,2016,131769,2.2,5344
Toyota,2012,67338,2.4,37789
Volkswagen,2015,79107,2.9,14408
BMW,2016,14353,3.8,26218
Volkswagen,2023,59450,1.7,14879
Nissan,2021,87717,3.8,41134
Kia,2015,146080,3.5,18349
Toyota,2019,10290,2.9,34310
Chevrolet,2020,36474,1.7,41014
Honda,2019,71167,3.5,18414
Toyota,2015,63711,3.2,16691
Ford,2022,33351,2.7,17508
Nissan,2017,110405,3.7,34864
Toyota,2023,110737,3.1,19921
Honda,2017,40567,2.2,44916
Honda,2014,92645,1.5,26992
Hyundai,2023,137221,3.4,29981
Ford,2013,24387,2.1,34886
Ford,2020,132074,2.1,12608
BMW,2014,134266,2.6,28377
Chevrolet,2018,5019,3.3,24990
Ford,2021,71535,3.8,34723
Nissan,2019,99074,2.0,35888
Chevrolet,2015,140497,3.7,40849
Hyundai,2012,88610,3.0,8891
Ford,2012,76864,3.6,9407
Hyundai,2023,89430,3.6,13329
Honda,2010,109356,2.4,20090
Toyota,2014,146314,3.2,16712
Ford,2015,114212,3.9,37247
Honda,2017,19275,3.1,12196
Toyota,2020,64566,2.6,27315
Toyota,2018,44911,2.4,10148
Honda,2016,15357,1.8,40443
Volkswagen,2010,30364,4.0,9592
Chevrolet,2016,77906,3.1,30619
Volkswagen,2019,122677,2.1,26182
Kia,2018,134020,1.6,9103
Mazda,2013,146568,3.4,23136
Toyota,2020,48189,3.6,38891
BMW,2021,140375,2.5,39091
Chevrolet,2016,46838,3.9,9879
Toyota,2018,53566,2.3,8452
Nissan,2010,39380,3.4,28180
BMW,2021,66817,2.1,17992
Kia,2019,99618,2.3,43727
Kia,2018,115974,3.0,7432
Nissan,2013,139536,1.5,28059
Honda,2021,28364,1.9,17788
Chevrolet,2017,14366,1.9,37732
Hyundai,2012,59891,2.3,35972
Chevrolet,2011,26610,3.4,32089
BMW,2022,54431,3.8,13023
Volkswagen,2021,11215,1.4,6464
Hyundai,2017,105974,2.1,26595
Kia,2017,92777,1.5,28101
Kia,2012,143740,3.6,29115
Honda,2022,44070,1.9,25217
Mazda,2017,43037,3.4,44178
Chevrolet,2020,91029,1.5,42060
Honda,2020,16902,2.4,29108
BMW,2015,133272,2.3,40948
Hyundai,2019,69849,2.3,25250
Nissan,2018,68698,2.9,37480
Toyota,2019,79585,2.4,41513
Volkswagen,2022,16992,2.4,23993
BMW,2015,133939,1.9,12405
Toyota,2017,94166,2.5,17670
Chevrolet,2011,84597,3.3,8780
Nissan,2010,148491,2.2,34743
Kia,2019,86187,3.6,12603
Honda,2019,33338,1.8,42858
Hyundai,2011,28929,3.6,12245
Honda,2021,57600,3.0,21779
Hyundai,2013,101740,2.5,38292
Mazda,2019,127510,1.5,20599
Mazda,2018,54729,1.7,19810
Honda,2016,43284,2.5,33082
Hyundai,2018,56674,3.7,5835
Hyundai,2018,66964,3.9,19732
Toyota,2018,43461,3.8,7961
Honda,2017,70581,2.1,37331
Ford,2015,15126,2.1,35354
Chevrolet,2023,43492,3.3,31192
Kia,2020,104284,3.8,42062
Mazda,2019,73830,1.7,44149
Ford,2016,64414,2.4,6677
Mazda,2011,125676,3.6,35047
Nissan,2020,121802,2.7,10640
Mazda,2010,62969,3.6,23077
BMW,2022,24938,1.7,34614
Mazda,2014,143801,3.4,38028
Toyota,2017,107347,2.4,28282
Ford,2012,80738,3.2,44641
Nissan,2016,114089,2.2,27851
Hyundai,2014,11951,3.2,13794
Hyundai,2021,87172,3.2,16164
Nissan,2019,142368,2.5,13364
Volkswagen,2022,134563,3.9,15997
Honda,2017,130296,1.4,27522
Volkswagen,2015,124351,3.2,7648
Ford,2015,89122,3.8,26463
Mazda,2016,24225,3.6,5680
Hyundai,2016,38038,2.9,29508
Toyota,2013,90059,3.7,14407
Volkswagen,2019,146443,1.7,24122
Mazda,2021,112340,2.8,42994
Kia,2019,98965,4.0,27969
Honda,2019,74159,4.0,43991
Nissan,2022,91914,3.2,30320
Mazda,2017,68776,1.8,20292
Honda,2015,14294,1.7,11754
Honda,2020,5750,3.8,14861
Hyundai,2022,113863,3.7,30828
Hyundai,2017,124101,2.2,29219
Ford,2016,133390,3.8,27185
Kia,2010,47732,1.7,28987
Nissan,2013,56238,2.2,11853
Honda,2016,53046,3.1,37157
Ford,2018,148464,1.8,13887
BMW,2011,123553,4.0,37588
Volkswagen,2014,132545,2.0,26247
Chevrolet,2018,103632,2.0,16312
Honda,2018,129594,2.6,39976
Ford,2015,67423,3.4,39714
Kia,2016,85179,1.7,5925
Hyundai,2018,20386,3.1,17792
Honda,2023,33822,1.7,22051
Honda,2023,109620,1.6,38439
Mazda,2019,17131,1.5,32849
Kia,2017,87540,2.8,6035
Nissan,2023,124932,2.5,44156
Hyundai,2019,47797,2.2,29827
Honda,2015,75471,2.8,38142
Volkswagen,2015,101050,2.7,36203
Hyundai,2016,99229,2.6,33657
Volkswagen,2016,33897,1.8,21966
Chevrolet,2011,66988,3.7,26171
Nissan,2018,126444,3.0,41963
Chevrolet,2013,134677,1.7,12880
Honda,2022,38795,2.1,7909
Mazda,2022,129865,3.4,23621
Nissan,2019,64070,3.4,14884
Mazda,2018,79560,3.3,15741
Ford,2021,82121,3.5,5377
BMW,2020,84628,3.0,33520
Kia,2019,133592,2.2,36543
Ford,2012,12800,2.3,9566
Chevrolet,2014,55064,2.7,16256
Volkswagen,2014,61791,2.0,42577
Chevrolet,2016,78208,3.6,42928
Nissan,2021,43200,3.3,35340
Nissan,2013,47229,3.9,37701
Chevrolet,2020,54909,2.5,7676
Honda,2022,89753,3.7,21864
Chevrolet,2021,133863,3.4,22853
Nissan,2013,56239,3.6,16382
Nissan,2022,69567,3.2,29187
Hyundai,2022,97904,2.3,13552
Toyota,2010,50621,2.0,29996
Mazda,2015,90163,2.1,12491
Ford,2013,50357,2.9,24160
Chevrolet,2020,39492,3.7,18343
Hyundai,2019,14125,2.6,26261
Honda,2019,39052,3.0,42338
Nissan,2014,148332,3.3,8262
Chevrolet,2023,91896,3.6,40271
Nissan,2020,86465,3.1,31909
Volkswagen,2018,34081,3.0,29820
Hyundai,2013,117362,4.0,26162
Chevrolet,2010,11158,3.6,19715
Volkswagen,2020,29663,3.3,12757
BMW,2018,60255,3.6,24442
Hyundai,2014,148458,4.0,30689
Chevrolet,2019,5216,2.7,15659
Chevrolet,2022,109857,3.2,39547
Kia,2021,46150,3.5,5638
Hyundai,2022,34910,2.6,40098
Hyundai,2020,27757,3.9,38208
Nissan,2016,32423,2.4,23075
Chevrolet,2012,131337,2.0,17397
Mazda,2013,106659,3.2,25982
Mazda,2021,33742,1.6,6835
Mazda,2019,116830,1.7,22402
BMW,2018,21983,3.9,6111
Chevrolet,2019,30435,2.1,35656
Chevrolet,2022,27168,1.5,33776
Volkswagen,2010,76974,2.6,42786
Kia,2021,118840,3.7,16904
Hyundai,2020,118795,2.3,9617
Nissan,2014,49851,2.5,8626
Kia,2017,32257,1.8,11536
Volkswagen,2019,86475,2.3,43722
Chevrolet,2016,48200,3.9,5513
Ford,2023,128873,3.7,36057
Hyundai,2023,41678,3.3,36757
BMW,2013,16773,3.4,36293
Mazda,2016,149406,3.1,30975
BMW,2010,33701,1.7,20085
Chevrolet,2015,92740,1.7,19532
Volkswagen,2018,84468,2.8,23369
Ford,2012,53528,2.9,30126
Honda,2013,6376,3.9,6174
Mazda,2017,64557,2.6,15491
Nissan,2021,129395,3.8,11641
Chevrolet,2014,147988,4.0,43618
Toyota,2014,111675,3.6,30500
Ford,2010,71261,2.4,30739
Ford,2015,76805,3.4,19348
Hyundai,2023,59887,2.8,30209
BMW,2011,88125,1.9,18191
Mazda,2010,99079,1.7,20981
Chevrolet,2015,37411,1.6,42015
Toyota,2014,142745,2.2,35939
Mazda,2022,27156,3.2,13867
Volkswagen,2014,34856,3.8,10134
Toyota,2018,84758,2.2,22722
Kia,2021,131677,2.8,19862
Kia,2019,43910,2.6,28651
Ford,2019,40749,1.7,40460
Volkswagen,2022,33421,3.4,41461
Kia,2012,106750,2.8,23646
Ford,2010,78775,3.8,18531
BMW,2023,118774,3.6,33240
Chevrolet,2023,140080,2.1,9434
Ford,2017,30038,2.2,15252
Chevrolet,2021,141265,2.8,42420
Volkswagen,2014,117641,1.7,7849
Hyundai,2020,29305,2.1,18422
Mazda,2014,64763,3.5,12055
Ford,2017,101075,1.8,16708
Ford,2017,46993,2.8,32522
Chevrolet,2020,132398,2.4,40162
Kia,2011,45193,1.9,20674
Kia,2012,43520,3.9,35847
Ford,2019,38243,3.5,41243
Kia,2019,127192,2.1,9213
Kia,2010,147003,3.4,15494
Ford,2012,25967,1.4,9141
BMW,2021,62040,2.1,23932
BMW,2013,115252,1.7,27468
Honda,2020,10023,2.5,31487
BMW,2016,108885,3.1,17998
Honda,2018,116829,1.8,8273
Volkswagen,2021,116550,2.0,38359
Nissan,2014,88268,2.4,36336
Mazda,2021,105661,3.0,35363
Nissan,2010,10000,2.2,42564
Kia,2011,34756,3.0,32987
Toyota,2019,42982,2.3,43297
Kia,2011,149931,2.1,20438
Ford,2018,58760,3.6,23408
Ford,2019,16734,2.4,40966
Mazda,2016,133557,3.8,35813
Hyundai,2011,80328,2.2,21139
Hyundai,2010,89997,2.8,15366
Hyundai,2014,92975,1.5,7761
BMW,2021,15428,3.2,32738
Volkswagen,2010,26139,3.5,14591
Kia,2018,33976,3.9,24510
Ford,2012,18011,3.6,30636
Toyota,2011,16543,2.2,41780
Toyota,2023,127636,2.8,34781
Toyota,2022,53142,2.9,14510
Hyundai,2015,126430,1.5,13872
Mazda,2012,34563,1.6,11421
Hyundai,2014,121958,2.2,25889
Ford,2019,147938,3.3,8172
Kia,2023,46787,2.1,7853
Kia,2017,144058,3.7,6445
Mazda,2019,145607,3.1,30328
Volkswagen,2011,44164,2.6,27131
BMW,2021,24511,2.8,13205
Toyota,2022,55613,2.3,41977
Kia,2014,43344,3.9,16493
Mazda,2020,149860,1.9,10574
Toyota,2017,47330,3.6,16941
Hyundai,2010,46445,3.2,34308
Chevrolet,2019,93916,3.3,41373
Nissan,2019,13133,3.6,7553
Kia,2023,139873,1.8,6580
Volkswagen,2020,70747,3.2,9581
Mazda,2022,75332,3.4,23942
BMW,2021,28404,4.0,42956
Volkswagen,2022,138733,3.3,21394
Hyundai,2021,63259,3.9,12578
Kia,2013,148502,3.6,42658
Ford,2014,147620,3.7,42307
Hyundai,2023,78280,3.8,7467
BMW,2019,14525,2.8,9024
Hyundai,2021,79592,3.2,36500
Mazda,2023,30862,1.7,18934
Volkswagen,2020,128188,2.3,10531
Mazda,2012,104847,3.7,9191
Toyota,2021,126172,3.9,20762
Chevrolet,2011,10721,1.7,11670
Volkswagen,2021,23385,2.9,44254
Chevrolet,2012,96011,3.3,8183
Mazda,2020,22491,2.7,26015
Ford,2014,144247,2.0,40508
Kia,2016,26241,1.5,14449
BMW,2011,115831,3.9,41599
Hyundai,2022,94191,2.0,18742
Hyundai,2023,42088,2.2,17547
Chevrolet,2016,33950,3.1,27689
BMW,2015,46361,2.5,42042
Volkswagen,2023,129973,2.5,15470
Kia,2016,52617,1.6,15010
Nissan,2016,147335,4.0,24182
Chevrolet,2018,8856,2.1,20967
Volkswagen,2016,115197,1.7,42432
Volkswagen,2023,112885,3.2,42316
BMW,2021,124087,3.4,16560
BMW,2022,134175,1.5,38952
Honda,2015,23782,2.1,30442
Hyundai,2019,99912,1.9,33740
Kia,2017,127971,3.5,24862
Toyota,2016,21368,1.9,30773
Chevrolet,2015,35825,2.0,41734
Kia,2013,108526,4.0,14779
Honda,2016,89099,3.2,30460
Honda,2021,32392,2.4,8104
Kia,2017,137384,3.4,31345
BMW,2017,34129,2.6,17520
Volkswagen,2021,128778,2.0,13302
Nissan,2021,24556,2.7,15725
Kia,2013,46208,3.4,38493
Chevrolet,2019,97351,1.9,24431
Toyota,2018,24016,2.7,31945
Hyundai,2012,84421,1.7,11024
Honda,2018,68658,3.6,30949
Ford,2012,41472,3.5,39788
Ford,2022,51295,3.2,38426
Volkswagen,2016,88117,3.8,21059
BMW,2013,144764,2.4,12602
Hyundai,2014,127978,1.7,40972
Honda,2022,85707,3.9,31073
Ford,2012,20019,2.7,16085
Ford,2011,128592,2.6,24614
Nissan,2021,8914,1.6,36061
Kia,2017,93908,2.9,29992
Mazda,2023,86818,3.1,40824
Hyundai,2016,29621,2.6,24582
Mazda,2016,40899,3.8,44610
Toyota,2017,67610,3.3,27238
BMW,2022,65007,1.5,27354
Kia,2010,30525,2.8,21773
Toyota,2021,147832,4.0,27957
Chevrolet,2017,32297,1.9,7855
Honda,2019,92157,3.0,28294
Mazda,2021,114785,2.1,24626
Volkswagen,2023,102403,2.4,30453
Chevrolet,2023,124412,1.5,8017
Hyundai,2014,98446,3.2,16760
Honda,2017,53977,3.4,18657
Ford,2018,126223,3.4,7819
Mazda,2022,25428,3.9,6138
Kia,2011,89141,3.6,32450
Kia,2012,21244,1.9,29624
Chevrolet,2015,34264,2.0,23180
Chevrolet,2018,42035,3.4,38148
BMW,2023,26102,3.4,34079
Ford,2019,91734,1.7,11276
Nissan,2019,12237,1.4,14415
Mazda,2017,7984,2.4,10365
Toyota,2023,24640,3.2,44394
Hyundai,2022,12179,3.7,41406
Mazda,2015,55584,1.8,7240
Mazda,2014,47734,3.5,44851
Ford,2023,103721,3.2,25636
Mazda,2022,93394,1.8,29065
BMW,2012,88058,3.7,40513
Mazda,2021,47193,3.8,14542
Volkswagen,2013,50053,2.1,10897
Volkswagen,2022,84028,1.8,35168
Honda,2022,143704,3.9,35297
Hyundai,2016,31544,1.5,15691
Volkswagen,2016,29174,3.9,19279
Hyundai,2012,7471,2.0,22932
Kia,2013,68099,2.5,19172
BMW,2012,34319,2.2,14818
Ford,2011,50850,1.8,32597
Ford,2015,44056,2.3,15876
Volkswagen,2016,25721,2.8,41283
BMW,2013,113005,1.6,6738
Kia,2014,26534,3.5,32734
Toyota,2017,82400,3.5,17230
BMW,2018,134499,3.5,20080
Honda,2016,148250,3.2,15736
Ford,2019,148460,2.6,22809
Honda,2023,81585,3.6,9680
Ford,2010,69278,3.6,39645
Kia,2020,81408,2.1,19452
Mazda,2023,72314,2.7,20990
Nissan,2012,97131,1.9,29892
BMW,2020,72037,2.1,19830
BMW,2014,146369,2.0,40311
Mazda,2012,126590,3.6,14651
Toyota,2010,83806,2.1,35984
Ford,2011,139648,2.8,36977
Toyota,2017,59879,3.0,19349
BMW,2016,137353,3.3,7379
Volkswagen,2022,128694,1.5,7279
Volkswagen,2019,119434,2.6,24984
Chevrolet,2012,88189,2.2,5439
Hyundai,2013,74871,3.6,28447
Volkswagen,2023,16676,1.5,35961
Volkswagen,2022,96263,1.9,41684
Ford,2012,138326,2.2,40440
Chevrolet,2022,39343,1.6,30917
Ford,2013,47329,2.4,24473
BMW,2017,17094,3.3,37244
Honda,2018,79295,2.0,39525
Toyota,2016,19145,3.4,31491
BMW,2018,8187,2.8,15806
Honda,2023,51386,2.3,33009
Kia,2018,52698,2.4,19971
Kia,2016,84570,1.7,25745
Ford,2016,88801,2.0,7939
Nissan,2017,69156,3.3,17036
Nissan,2021,86892,3.6,37488
Honda,2019,59914,2.1,28794
Volkswagen,2021,11870,2.9,16743
Ford,2021,72698,1.5,27010
Honda,2012,53629,1.6,35046
Ford,2017,115979,3.9,13356
Honda,2010,100117,3.7,7208
Kia,2022,94957,1.6,28773
Chevrolet,2015,57044,3.5,26951
Ford,2011,43811,1.7,44614
Chevrolet,2016,73518,3.6,30762
Kia,2022,30451,3.8,32702
Nissan,2012,94791,1.8,42864
Mazda,2020,8515,1.8,24402
Toyota,2019,86947,3.8,13876
BMW,2014,71171,2.2,24359
Toyota,2019,56167,2.6,31024
Toyota,2011,51477,2.2,27649
BMW,2010,61677,3.3,15818
Kia,2014,67649,1.9,19411
Kia,2018,74158,2.7,6051
Nissan,2018,115825,3.6,13761
Mazda,2016,35649,3.9,38540
Hyundai,2023,132304,2.3,11749
Toyota,2018,130956,1.7,13671
Volkswagen,2013,122083,3.5,5827
Toyota,2012,82737,1.7,11008
Hyundai,2020,8470,3.4,26395
Ford,2013,11900,3.2,39664
Nissan,2016,126250,2.9,9601
Chevrolet,2017,11132,3.8,28814
Chevrolet,2011,43735,2.2,23566
Hyundai,2014,109562,1.6,8801
Toyota,2014,74074,4.0,36072
Chevrolet,2022,20191,2.5,26553
Hyundai,2018,7747,2.5,16789
BMW,2022,115030,1.6,44662
Kia,2022,79659,3.3,42218
Honda,2022,52326,3.3,36965
Kia,2012,101583,1.8,23722
Toyota,2021,111369,2.0,40006
Hyundai,2015,83840,1.4,16583
Ford,2019,81861,3.7,11655
Chevrolet,2021,62335,2.0,43155
Chevrolet,2014,26068,3.8,35657
Chevrolet,2011,126489,2.9,17695
Hyundai,2011,147604,2.5,5230
Kia,2013,5892,1.4,16395
Ford,2021,64959,1.6,17796
Hyundai,2013,126516,1.8,20875
Toyota,2016,106927,1.7,27554
Nissan,2023,103663,2.1,18501
Toyota,2021,92680,1.8,43207
Honda,2023,26339,3.1,36319
Nissan,2010,61092,2.2,22050
Toyota,2020,119090,3.3,37890
Ford,2015,130084,1.8,42311
Mazda,2020,92594,1.9,41387
Mazda,2022,93184,3.4,5061
Mazda,2018,142407,3.0,40246
Honda,2011,125161,1.7,11369
Honda,2021,88486,3.9,32969
Mazda,2014,132506,3.4,33968
BMW,2019,38247,2.8,8500
Chevrolet,2020,38867,2.3,21462
Nissan,2019,49722,1.6,32388
Nissan,2013,87836,2.3,5535
Chevrolet,2013,15401,2.2,29978
Kia,2017,124585,1.6,39287
BMW,2023,125878,3.4,20427
Mazda,2015,80087,2.5,18795
Chevrolet,2016,55459,3.7,19631
Hyundai,2020,23605,1.8,29669
Nissan,2021,42742,2.2,5191
Hyundai,2018,109418,2.1,8754
Chevrolet,2022,147085,3.6,43077
Chevrolet,2012,113596,2.7,41813
Toyota,2020,9667,1.8,36145
Toyota,2011,113456,2.3,15682
Ford,2012,107922,3.9,17589
Ford,2017,33784,2.8,33212
Honda,2022,80095,1.5,19313
Honda,2018,131474,1.6,34818
Mazda,2019,111594,2.0,11197
Toyota,2014,52576,3.0,43931
Mazda,2017,104350,2.0,37192
Chevrolet,2023,33910,3.6,10184
Mazda,2020,118260,3.0,6442
Chevrolet,2016,59596,2.2,12815
Nissan,2021,57907,2.4,24079
Toyota,2023,138241,2.4,23369
Ford,2021,76996,2.2,26419
Mazda,2022,139613,3.0,9111
Toyota,2018,148004,1.9,23890
Nissan,2013,11548,2.2,7032
Hyundai,2022,61273,1.6,17607
Ford,2019,130039,2.4,44885
BMW,2012,110481,1.6,38915
Volkswagen,2018,35617,1.4,44431
Toyota,2017,87859,3.1,31401
Kia,2016,13429,1.8,34324
Toyota,2010,78423,1.5,17266
Chevrolet,2011,111333,1.6,41643
BMW,2018,52704,1.9,20029
Kia,2014,70897,3.3,44270
Mazda,2010,30091,1.4,23132
Nissan,2018,109169,3.3,43736
Kia,2010,139213,3.0,31152
Mazda,2017,59790,2.7,39280
Mazda,2014,134401,3.8,17394
Mazda,2023,87212,3.6,8107
Chevrolet,2020,109334,2.5,28812
Kia,2021,6609,1.4,30520
Honda,2015,114067,3.2,21707
Nissan,2010,39128,1.5,20490
Hyundai,2011,5623,2.1,23336
Toyota,2016,39333,2.7,42432
Chevrolet,2011,39688,1.7,28731
Ford,2014,121199,3.2,23754
Hyundai,2020,27871,2.2,37325
Nissan,2018,67693,2.3,29858
Chevrolet,2014,27303,3.1,36061
Hyundai,2021,94849,2.4,21801
Toyota,2012,79302,2.0,18048
Mazda,2020,39769,1.9,34683
BMW,2022,101676,3.3,19627
Mazda,2015,59827,3.4,36578
Nissan,2016,48668,1.9,26000
Toyota,2019,39279,2.2,31987
Hyundai,2023,15285,3.9,5536
Volkswagen,2020,50209,4.0,15317
BMW,2019,66700,2.9,36728
Mazda,2020,138764,3.4,38782
Honda,2017,52390,3.3,42104
Hyundai,2012,112850,2.4,31295
Mazda,2020,143711,1.5,7094
Hyundai,2013,129172,3.3,11993
BMW,2019,74788,1.8,31195
Nissan,2013,115235,2.2,13890
Ford,2011,56060,2.2,31415
Mazda,2016,98011,2.3,14668
Hyundai,2021,71811,2.6,36257
Ford,2013,37562,2.7,42062
Ford,2013,35254,2.7,44276
Honda,2022,139743,1.8,27975
Ford,2021,64562,3.1,43934
BMW,2017,125471,3.5,43535
Toyota,2015,44733,2.6,5168
Ford,2015,46357,3.6,38711
Volkswagen,2020,79696,2.6,11981
Hyundai,2018,70997,2.9,7506
Ford,2013,113693,1.6,8404
Kia,2018,34452,1.8,9016
Toyota,2010,61973,3.4,39177
Chevrolet,2020,73342,2.0,30918
Toyota,2018,52988,1.6,29460
Nissan,2010,61602,2.9,13914
Chevrolet,2016,44415,1.6,9470
Honda,2015,90676,3.2,42861
Toyota,2016,26781,3.2,17903
Nissan,2018,13993,2.6,10660
Toyota,2019,85689,3.2,37586
Ford,2013,15549,3.5,36062
Mazda,2021,147559,1.9,7646
Mazda,2018,132549,3.1,36266
Nissan,2012,111522,3.2,27717
Toyota,2019,134662,1.9,7833
Nissan,2020,24451,3.3,32571
Honda,2020,90271,3.3,44496
Mazda,2018,7332,1.8,39835
Kia,2022,125004,2.2,22367
Chevrolet,2010,136808,3.8,40024
BMW,2023,41615,1.6,25588
Ford,2014,55450,2.0,16147
Kia,2019,88011,2.9,36136
Kia,2014,5232,3.9,23373
Hyundai,2010,101866,2.1,7117
Kia,2010,54373,3.5,37022
Chevrolet,2012,76269,2.4,43534
Chevrolet,2018,29514,2.3,44704
Ford,2016,143639,4.0,7242
Nissan,2015,5364,3.5,33326
Volkswagen,2018,117004,2.0,43086
Volkswagen,2013,114285,1.9,35092
Toyota,2013,37378,1.6,12210
Toyota,2012,112746,2.7,18995
BMW,2014,144719,2.3,36750
Chevrolet,2014,31339,2.4,40337
Toyota,2021,84152,2.5,32837
Hyundai,2023,50383,4.0,37484
Toyota,2019,16924,1.4,11461
Honda,2016,90311,2.5,6140
Honda,2016,54887,1.6,20437
Hyundai,2015,106818,3.1,29002
Kia,2013,123463,1.5,26027
Honda,2016,118890,3.4,42237
Volkswagen,2023,91581,3.7,18002
Volkswagen,2011,20886,3.9,26091
Honda,2022,105018,1.7,27671
Toyota,2021,52521,3.9,5592
BMW,2018,141292,2.5,27546
BMW,2016,101663,3.0,7210
Volkswagen,2011,108553,1.4,10413
Honda,2019,115086,2.4,43073
Kia,2011,95051,2.3,13367
Ford,2022,148394,2.7,36733
Toyota,2015,76678,1.7,19182
Toyota,2020,68207,3.2,8930
BMW,2016,147737,2.9,12218
Honda,2018,24519,2.0,15176
Nissan,2013,109182,4.0,22217
Mazda,2017,43710,1.4,14332
Honda,2023,123667,2.3,36027
Hyundai,2019,36720,2.1,5334
Honda,2022,121199,2.9,34045
Toyota,2011,26284,3.7,19656
Ford,2015,140731,3.1,30562
Hyundai,2013,7962,1.5,31919
BMW,2017,112390,3.6,30941
Chevrolet,2018,128733,2.1,29334
Chevrolet,2011,148699,1.7,9343
Nissan,2016,138482,2.5,16540
BMW,2016,119867,3.7,5046
Kia,2017,71124,1.5,26709
Volkswagen,2022,134238,3.0,25803
Nissan,2014,23429,2.3,35551
Chevrolet,2020,92774,3.0,5588
Volkswagen,2022,130279,2.1,28812
Kia,2012,133592,3.9,6127
BMW,2010,81764,1.7,39425
Volkswagen,2013,128444,1.8,28404
BMW,2012,108068,1.5,5484
Kia,2011,110391,3.5,44735
Mazda,2015,90973,1.6,22702
Hyundai,2016,140536,2.1,32986
Volkswagen,2019,132669,1.9,20849
Volkswagen,2016,12166,2.3,23898
BMW,2021,17646,3.4,36902
BMW,2017,133513,3.9,15997
Volkswagen,2022,23034,3.7,24533
BMW,2023,62846,3.6,37216
Ford,2011,84903,2.5,20879
Ford,2023,97517,3.5,12043
Mazda,2020,13253,3.4,44044
Mazda,2021,116712,2.0,37675
Mazda,2019,83275,2.1,24307
Chevrolet,2022,106590,2.7,44173
Chevrolet,2015,19741,3.9,33772
Honda,2022,20341,1.7,8688
Nissan,2015,94194,4.0,26970
Hyundai,2019,21740,1.8,22897
Ford,2021,67485,2.7,19762
Kia,2010,85824,2.2,26201
Hyundai,2011,64785,2.5,29340
Hyundai,2022,108270,3.9,39148
Kia,2018,147436,3.0,30787
Toyota,2017,140025,2.2,32946
Volkswagen,2021,32877,3.0,7512
Nissan,2022,138642,2.6,42588
Honda,2013,37391,3.9,34628
Mazda,2015,124587,2.3,19408
Kia,2011,146464,2.9,44026
Chevrolet,2021,102702,3.6,18414
Mazda,2014,26087,3.9,38587
BMW,2011,45509,3.5,38026
Kia,2022,39664,3.8,16845
Mazda,2014,30558,2.6,13339
Volkswagen,2016,106268,3.4,24662
Volkswagen,2016,14302,1.6,25077
Volkswagen,2018,142426,2.9,19750
Mazda,2012,100826,1.4,5911
Volkswagen,2021,96659,2.1,24484
Ford,2013,26508,3.1,13469
Chevrolet,2018,131323,1.8,18991
Honda,2023,26420,1.9,30499
Kia,2017,111926,1.6,26966
Hyundai,2021,65777,3.3,19493
Mazda,2016,48419,2.6,6977
Mazda,2017,43880,3.7,10572
Chevrolet,2018,72618,2.3,22163
Toyota,2021,18553,2.5,40076
Nissan,2013,107031,2.7,19049
BMW,2014,75539,3.6,17491
Kia,2018,5726,2.2,17058
Toyota,2016,61557,1.5,32201
BMW,2023,35666,3.0,41016
Nissan,2013,88834,3.5,32180
Hyundai,2015,142298,2.8,37293
Mazda,2020,81093,2.2,18762
Volkswagen,2010,9970,3.0,27841
Chevrolet,2010,77358,4.0,24811
Kia,2018,55803,2.9,36559
Chevrolet,2017,55472,2.2,20425
Honda,2022,125149,2.0,41661
Hyundai,2010,55106,4.0,39796
Honda,2022,125672,3.6,10976
Nissan,2020,10543,2.1,7051
Nissan,2011,12130,2.1,19774
Ford,2022,56218,3.5,27153
Nissan,2013,123639,4.0,42931
Toyota,2010,11133,2.6,22344
Toyota,2011,88724,2.0,7946
Volkswagen,2014,73861,2.0,37829
Mazda,2017,107002,3.5,37772
Chevrolet,2015,142045,3.0,44306
Mazda,2015,60043,3.0,10620
Mazda,2013,22261,1.9,26576
Toyota,2011,106661,1.7,33846
Chevrolet,2012,110388,1.4,21397
Volkswagen,2022,137064,3.8,34714
Hyundai,2015,120758,2.3,10644
Ford,2015,94318,3.4,41735
Toyota,2014,31335,3.7,29084
Honda,2015,125218,3.0,12102
Ford,2020,7949,2.5,34249
Hyundai,2015,35071,1.5,32421
Nissan,2022,30477,2.3,28702
Mazda,2010,76126,2.2,7239
Kia,2015,45005,2.9,25096
Volkswagen,2014,70601,3.4,32585
Mazda,2017,17894,3.2,37406
Nissan,2018,114637,3.7,40186
Hyundai,2023,114828,1.5,34340
Honda,2015,141549,3.0,40725
Volkswagen,2022,83181,1.9,27532
Volkswagen,2021,71951,3.9,40274
Hyundai,2021,111871,2.5,17141
Ford,2019,142279,3.0,6056
BMW,2013,13369,2.3,32740
Mazda,2012,71297,2.0,24269
Ford,2019,6282,3.2,39569
Toyota,2021,92623,3.8,26752
Hyundai,2010,42214,1.6,7003
Toyota,2016,73919,3.5,10192
Honda,2014,136101,2.3,19992
Ford,2013,80237,1.7,31678
Kia,2018,89013,3.3,40200
BMW,2016,57582,1.6,44178
Hyundai,2019,88518,3.3,8434
Hyundai,2022,40371,2.5,18712
BMW,2017,7480,1.8,44163
Volkswagen,2013,14038,1.8,35920
Nissan,2019,29782,3.3,30140
Honda,2021,68444,3.6,9186
Ford,2019,64837,3.2,13549
Hyundai,2017,90050,3.3,27791
Hyundai,2013,145493,3.6,8528
BMW,2010,93394,2.5,30484
Kia,2020,91611,1.8,14218
BMW,2017,28052,2.4,33721
BMW,2010,73332,3.9,13501
Mazda,2022,131109,2.6,30143
Ford,2021,116443,3.8,35867
Volkswagen,2012,50610,3.2,36840
BMW,2016,129082,3.3,38395
Kia,2012,6287,1.9,31161
Volkswagen,2022,91770,2.4,17393
Chevrolet,2017,30124,3.3,32479
Ford,2014,25329,3.1,23714
Hyundai,2012,121075,3.6,33059
Chevrolet,2014,63617,1.9,9067
Volkswagen,2014,106567,3.3,15681
Volkswagen,2017,113595,1.5,35751
Ford,2021,33984,2.2,35214
Nissan,2018,123676,3.0,17109
Mazda,2015,51358,3.9,39210
Hyundai,2019,60434,4.0,27707
Chevrolet,2012,10971,2.5,8111
BMW,2011,19656,3.4,9086
Honda,2020,46054,3.0,14054
Nissan,2012,12272,3.2,34938
Hyundai,2018,44856,3.3,31010
Honda,2016,73804,2.8,32551
Mazda,2020,31529,3.5,17061
Honda,2020,24956,2.9,10719
BMW,2018,63160,1.7,16989
Honda,2022,40368,4.0,20619
Nissan,2015,39937,2.2,28506
Toyota,2017,28737,3.9,17248
Nissan,2019,139176,2.2,23948
BMW,2020,138483,3.6,38155
Chevrolet,2018,32603,3.2,13328
Toyota,2012,102983,2.3,39422
Mazda,2016,17838,3.8,11706
Nissan,2018,114551,2.9,32109
Toyota,2011,48911,3.6,37353
Volkswagen,2021,61686,3.5,41039
Nissan,2016,42650,1.5,18258
Toyota,2014,97524,2.1,11113
Ford,2017,90425,2.6,41589
Chevrolet,2013,82528,3.8,7911
Hyundai,2010,73172,1.6,34087
Honda,2020,35927,1.9,20024
Toyota,2022,68835,3.0,12940
Hyundai,2019,29620,3.1,29095
Nissan,2017,136418,1.8,32103
Hyundai,2015,25177,3.9,6733
Volkswagen,2022,21199,1.9,23406
Kia,2017,17934,1.9,7413
Kia,2012,34029,3.1,37845
Chevrolet,2017,122230,2.5,21881
Toyota,2017,46019,1.5,5599
Volkswagen,2021,86319,3.8,27472
Honda,2010,122532,1.6,21419
Mazda,2013,111097,1.8,26734
BMW,2016,40183,3.7,32492
Chevrolet,2022,107382,2.1,5489
BMW,2023,50609,3.5,19135
Kia,2020,42916,1.8,36649
Ford,2010,8035,1.5,37276
Mazda,2012,93672,2.0,44977
Mazda,2012,29613,3.3,10795
BMW,2015,10825,3.1,44745
Ford,2014,94038,2.2,26045
Nissan,2021,67688,3.0,27632
Hyundai,2020,19363,3.1,22812
Chevrolet,2016,149061,2.9,11556
Volkswagen,2012,43260,3.8,31598
Mazda,2020,94388,3.5,35539
BMW,2010,109826,3.5,26682
Hyundai,2020,102157,2.5,43745
Kia,2012,130839,3.2,5806
Volkswagen,2017,122811,1.9,19498
BMW,2014,146825,2.2,7171
Chevrolet,2012,36325,2.7,22915
Honda,2023,145608,3.5,20358
Mazda,2017,36085,2.3,30242
Kia,2015,13000,2.5,17151
Chevrolet,2012,85777,3.9,5278
Toyota,2023,100160,2.1,41416
Kia,2014,17967,3.0,15865
Volkswagen,2010,129481,1.7,43107
Toyota,2015,149318,2.5,24701
Kia,2023,19347,2.3,7638
BMW,2021,72358,1.4,5999
Honda,2022,87299,2.9,25313
Hyundai,2023,103032,2.3,5494
Honda,2018,121815,2.1,10781
Honda,2021,85296,3.7,34640
BMW,2016,144879,2.0,9475
Ford,2020,59042,2.5,11144
Kia,2022,30710,3.9,16406
Hyundai,2017,69478,1.6,20284
Nissan,2015,46411,3.8,10213
BMW,2020,20773,2.4,30029
Ford,2014,85693,3.5,17983
BMW,2021,20710,2.3,20640
Ford,2015,127785,2.5,6354
Honda,2016,100415,2.5,29637
Mazda,2018,130585,3.9,19477
Mazda,2017,136783,2.8,29944
Toyota,2014,125507,2.0,12544
Nissan,2016,129858,3.0,41378
Hyundai,2017,26889,3.7,40645
Ford,2010,12439,2.0,32447
Kia,2017,98909,2.3,23623
Honda,2020,46126,2.9,21148
Volkswagen,2016,9588,4.0,24047
Kia,2020,89039,2.6,37868
Kia,2021,12511,2.9,32873
Ford,2021,27674,1.8,38601
Hyundai,2011,135660,3.4,44282
Honda,2011,61820,2.0,29593
Honda,2021,108761,2.3,32309
Hyundai,2015,104412,3.2,23464
Mazda,2012,81666,3.3,33915
Chevrolet,2010,24238,2.2,18578
Toyota,2017,69333,3.6,42596
BMW,2016,90134,3.5,40356
Toyota,2013,47294,3.0,13128
Mazda,2023,76362,1.9,27378
Ford,2010,73396,3.8,12980
Ford,2011,46930,2.8,21958
Nissan,2018,70602,2.4,35387
Toyota,2013,29285,3.8,33982
Toyota,2012,30413,3.9,39168
BMW,2017,74141,3.3,16023
Ford,2013,120028,3.5,19338
Kia,2016,123437,2.0,39729
Toyota,2022,82113,2.1,44367
BMW,2023,29517,2.9,31360
Hyundai,2023,117047,4.0,42521
Volkswagen,2023,64525,3.3,5828
Hyundai,2014,108453,3.3,23949
BMW,2014,61170,2.1,28532
Kia,2020,120072,2.5,30589
Nissan,2015,62941,2.3,9876
Ford,2021,103312,2.2,11741
Nissan,2022,70452,3.3,9178
Nissan,2013,55465,1.7,18227
BMW,2011,149335,1.8,17167
Ford,2015,25107,2.5,44117
Honda,2022,147440,2.2,19528
Volkswagen,2014,25137,3.7,27336
Toyota,2012,11930,1.9,20476
Nissan,2013,39556,2.0,37270
Hyundai,2012,15199,1.9,10682
Honda,2012,46072,3.6,35846
Honda,2013,41534,1.9,20194
Kia,2011,57483,2.3,22979
Nissan,2013,142227,3.1,26277
Nissan,2019,147806,1.6,32848
Chevrolet,2020,71899,3.5,9641
BMW,2011,16111,3.2,36335
Kia,2023,99107,2.1,20726
Honda,2019,44420,2.4,10642
Honda,2017,106679,3.0,8278
Chevrolet,2019,148223,3.9,10618
Toyota,2014,76168,3.0,6308
Mazda,2022,139504,2.1,7781
Hyundai,2016,101299,2.7,28050
Mazda,2020,43206,2.6,5384
Nissan,2013,19942,2.8,10584
Ford,2019,86189,2.7,42834
Kia,2015,110992,2.3,31605
Nissan,2022,141965,3.7,12883
Toyota,2021,22733,2.3,14707
Mazda,2023,70843,2.8,19938
Nissan,2019,145610,2.1,37035
Hyundai,2013,18919,2.5,40528
Honda,2015,61207,3.2,34278
BMW,2010,143881,3.4,37472
Volkswagen,2015,68523,3.5,33731
Nissan,2015,29093,3.3,32681
Toyota,2011,36660,2.6,24133
Kia,2021,45877,1.5,17303
Ford,2019,117220,2.8,36638
Hyundai,2019,47472,1.5,26792
Chevrolet,2018,85832,3.9,20485
Toyota,2015,138355,2.4,15639
Mazda,2021,110856,2.7,26582
BMW,2020,115520,1.7,14940
Mazda,2022,29518,4.0,26268
Honda,2016,30443,2.7,30815
BMW,2011,137454,2.2,17664
Mazda,2011,90534,1.9,42861
Kia,2011,94015,3.1,11982
Mazda,2019,29693,2.5,13213
Hyundai,2022,40294,2.2,41888
Hyundai,2020,52780,1.4,14773
Volkswagen,2018,96330,1.5,6065
Mazda,2012,94739,3.2,40322
Kia,2022,37029,2.6,38113
Kia,2013,49774,3.6,19236
Nissan,2010,73692,3.4,9910
Ford,2010,32921,2.9,36301
BMW,2013,147111,2.9,38234
Toyota,2023,78980,3.3,8383
Chevrolet,2011,137701,3.3,33873
BMW,2017,53492,2.3,37611
BMW,2022,116260,1.7,34231
Honda,2013,26207,3.4,17082
BMW,2012,16523,2.0,41970
Honda,2012,74579,3.5,40279
Nissan,2015,21003,3.0,16150
Ford,2021,51596,2.3,7416
Kia,2022,8816,3.6,10037
Volkswagen,2015,24110,3.2,11247
Kia,2015,71104,2.8,10941
Mazda,2015,50598,2.2,20310
Chevrolet,2017,140177,4.0,14792
Ford,2017,115748,3.6,19839
Ford,2018,106076,1.8,44357
Nissan,2010,115732,3.5,26498
Chevrolet,2019,74590,1.7,9547
Mazda,2017,94797,2.0,6673
Mazda,2014,25382,3.9,42495
Volkswagen,2012,103440,3.7,21554
Toyota,2020,26170,3.0,13572
Kia,2019,35295,3.2,7678
BMW,2012,96535,1.6,8317
Chevrolet,2015,55617,2.3,10815
Mazda,2017,42539,2.2,42096
Mazda,2019,123520,1.5,44899
Toyota,2011,17037,3.2,14072
Ford,2021,119317,2.2,20499
Mazda,2018,79795,3.0,20206
Volkswagen,2014,32514,1.5,27287
Mazda,2014,15582,1.4,7606
Mazda,2010,109808,1.8,25923
Toyota,2015,126242,3.2,15302
Volkswagen,2022,63537,3.0,26789
Hyundai,2020,65819,1.9,29300
Honda,2020,128113,2.8,25484
Toyota,2014,23531,3.0,10774
Ford,2016,44164,3.8,29350
Ford,2016,85665,3.4,32212
Chevrolet,2013,72259,1.8,25906
Toyota,2014,132362,2.1,41874
Nissan,2019,111627,2.4,23175
Toyota,2023,93284,1.7,23482
Hyundai,2017,113605,2.8,39187
Mazda,2011,33337,3.8,23804
Toyota,2010,79130,2.2,14170
Nissan,2023,5269,4.0,10522
BMW,2015,83901,2.0,14869
Nissan,2020,61732,2.6,41176
Ford,2023,88074,2.3,10734
Hyundai,2013,61167,2.2,38189
Mazda,2022,101004,2.4,12124
Nissan,2019,29284,1.5,13371
Hyundai,2012,37744,2.8,14622
BMW,2016,142844,3.3,19429
Volkswagen,2017,75058,3.6,7624
Volkswagen,2020,138235,2.2,16470
Volkswagen,2021,56435,2.8,22827
BMW,2013,117178,3.7,36961
Mazda,2021,60308,3.5,22213
Honda,2021,86113,2.6,15938
Honda,2019,133328,1.8,11593
Hyundai,2021,9163,2.9,41332
Volkswagen,2020,48750,4.0,39570
Ford,2020,131942,3.4,17906
Mazda,2015,20172,3.6,7671
Honda,2022,42254,1.9,23569
Toyota,2020,133091,3.8,25483
Chevrolet,2020,64495,1.4,16154
Kia,2011,135637,3.6,37473
BMW,2017,84831,2.0,5465
BMW,2015,84273,3.0,9669
Honda,2020,15853,2.2,16470
BMW,2018,63116,1.8,33448
Volkswagen,2020,89346,2.0,32049
Kia,2022,21097,2.6,12562
Ford,2022,69859,3.8,12891
Toyota,2015,57398,2.4,12642
Hyundai,2015,92431,1.5,34941
Kia,2021,123164,1.5,44554
Ford,2011,109215,1.9,31575
BMW,2014,83448,1.5,24571
Honda,2018,133248,2.4,26940
Nissan,2010,108512,2.4,28075
Hyundai,2013,81652,3.9,40098
Mazda,2019,56931,2.2,33913
Chevrolet,2019,116590,3.0,15370
Honda,2023,13646,3.5,41438
BMW,2012,57786,2.7,18121
Honda,2010,24630,3.2,7235
Volkswagen,2010,9304,3.9,36203
BMW,2010,103225,2.2,6665
Honda,2010,27007,1.6,7162
Kia,2022,121821,2.5,25942
Kia,2011,130748,2.8,43721
Toyota,2020,114833,2.9,9195
Toyota,2014,59491,3.3,14691
Hyundai,2011,39489,3.7,13909
Honda,2013,60801,2.7,31594
Toyota,2018,52068,1.8,5903
Volkswagen,2012,120874,2.4,15847
Ford,2011,22534,1.8,6811
Toyota,2013,62087,1.9,31866
Honda,2018,38123,1.4,9174
Kia,2013,7823,3.8,29766
Chevrolet,2021,144229,3.3,16929
Nissan,2014,20581,1.7,5824
Mazda,2013,110847,3.8,9923
Toyota,2022,131846,3.7,41978
Mazda,2017,63535,3.8,41121
Nissan,2023,26998,1.7,44928
Hyundai,2022,12085,1.6,7527
Kia,2013,66508,1.6,25246
Kia,2011,135611,3.9,32583
Nissan,2021,87186,3.1,27029
Honda,2013,77853,1.9,19421
Mazda,2011,100022,3.8,5733
Mazda,2018,88468,2.6,29155
Nissan,2020,38149,3.4,40365
Mazda,2023,15476,3.1,37551
Honda,2017,64716,3.1,22592
Kia,2018,143489,2.5,41594
Hyundai,2013,52893,2.4,16138
Volkswagen,2010,10570,1.8,32874
Kia,2012,43818,1.6,17227
Ford,2016,121639,3.8,43454
Ford,2010,31021,3.8,42862
Kia,2020,54172,3.1,26857
Honda,2017,98536,2.4,24564
Volkswagen,2018,148963,1.5,15954
Hyundai,2017,143851,2.6,19668
Mazda,2014,52369,3.1,11721
Ford,2021,59439,2.2,20011
Ford,2020,63425,2.3,13116
Ford,2023,78360,2.6,44349
BMW,2021,50379,2.7,31527
Honda,2022,108689,3.3,24798
Kia,2018,34757,2.7,13110
Volkswagen,2013,52192,3.6,21525
Kia,2018,130343,2.7,12129
BMW,2010,85553,1.5,19521
Ford,2021,33332,1.8,5038
Nissan,2020,56604,3.3,25906
BMW,2012,11508,2.6,41382
Honda,2013,16933,2.6,13255
Hyundai,2020,148177,3.9,14473
Mazda,2019,58256,2.9,38066
Chevrolet,2010,12536,1.7,17031
Volkswagen,2021,27836,2.5,27055
BMW,2015,7217,2.9,19393
Hyundai,2022,33165,1.5,34523
Chevrolet,2013,34475,2.3,11229
Hyundai,2013,129639,3.9,7559
Kia,2010,22361,3.4,12926
Kia,2014,124590,2.4,30494
Ford,2018,149938,2.1,5746
Toyota,2015,109356,2.1,25701
Mazda,2017,24188,3.6,37492
Honda,2020,61731,2.4,29904
Honda,2013,63929,3.6,42545
Ford,2018,9390,3.8,29820
Kia,2016,142084,2.6,11687
Ford,2023,59436,3.9,9094
Nissan,2023,32506,2.2,17363
BMW,2016,134473,2.1,44627
BMW,2017,113306,1.7,37858
Volkswagen,2011,90498,2.0,30113
Kia,2021,25548,3.4,38162
Toyota,2015,9651,2.4,24463
Nissan,2016,73492,1.8,13870
Nissan,2012,109085,1.7,43926
Kia,2017,120517,2.7,12939
BMW,2010,128609,2.8,25672
Chevrolet,2010,71195,3.5,15914
BMW,2019,12805,3.3,5005
Volkswagen,2012,71296,1.8,35834
Volkswagen,2015,101309,2.1,39542
Kia,2016,111827,3.2,5978
Mazda,2011,98603,1.9,17382
Mazda,2023,47718,3.5,7770
Toyota,2015,140480,3.1,31518
Mazda,2021,72391,2.8,11162
Hyundai,2014,98321,3.1,38292
Hyundai,2015,76157,1.7,14149
Honda,2010,105576,2.8,29839
Hyundai,2023,58346,2.6,7424
Chevrolet,2019,97550,2.7,41669
Chevrolet,2016,73698,2.3,26595
Chevrolet,2017,90800,2.6,24802
Hyundai,2023,109821,3.7,44479
Toyota,2016,58117,2.3,26797
BMW,2018,64117,1.5,44752
Kia,2010,71144,2.1,39365
Ford,2019,13076,2.6,43305
Honda,2018,38908,2.8,24992
Volkswagen,2020,17353,2.5,7506
Nissan,2020,97290,3.5,7521
Volkswagen,2022,13173,3.8,19501
Honda,2012,10196,2.7,10280
Volkswagen,2011,143989,1.6,42730
BMW,2015,71274,2.5,6005
Volkswagen,2020,146964,1.9,7458
Volkswagen,2014,68541,2.1,33083
BMW,2013,136729,3.6,36563
BMW,2013,135833,2.8,5723
Hyundai,2017,94232,3.6,22675
BMW,2019,89646,4.0,11521
Ford,2022,27572,2.8,22145
Mazda,2012,29421,3.8,33677
Ford,2022,7164,3.2,26459
Volkswagen,2010,111642,1.7,13654
Ford,2014,110106,2.5,24803
Honda,2017,59292,3.1,16041
Kia,2012,75167,3.2,9613
Mazda,2011,67939,3.6,42051
Kia,2010,124855,3.1,35873
Nissan,2022,108533,1.6,41016
Ford,2013,123288,1.8,33798
Kia,2020,49598,2.3,24597
BMW,2011,141268,2.2,16155
Toyota,2023,122005,2.0,31025
Toyota,2017,38689,3.0,15988
BMW,2020,91707,2.5,19328
Kia,2022,67548,3.2,32584
Volkswagen,2019,111153,2.4,25054
BMW,2021,90949,2.1,6853
Mazda,2018,106282,2.8,21271
Chevrolet,2022,14279,1.7,25902
Honda,2019,133239,4.0,38682
Volkswagen,2010,27925,3.1,14095
Mazda,2011,10572,1.7,7711
Kia,2015,83221,3.0,26364
Volkswagen,2022,91686,1.6,25727
Volkswagen,2019,108726,2.7,33687
Kia,2021,95539,2.2,25893
BMW,2016,44378,3.2,22548
Kia,2011,110542,2.7,31324
Ford,2017,27617,3.4,15394
Ford,2022,63052,2.0,38259
Honda,2019,69129,3.1,16442
Toyota,2018,121076,3.2,34327
Hyundai,2017,57454,2.6,23942
Honda,2018,34270,3.6,44025
Honda,2015,115016,1.8,18744
Chevrolet,2020,119400,3.4,14615
Hyundai,2016,8217,1.7,37010
Toyota,2015,133066,1.8,27479
Volkswagen,2016,141888,1.9,11158
Hyundai,2012,46106,3.1,30785
Chevrolet,2013,128859,3.1,19673
Nissan,2018,70162,2.6,28569
Honda,2012,95847,2.2,24652
Kia,2011,86363,3.0,20169
Honda,2021,51175,1.8,28837
BMW,2022,143730,3.0,8736
Chevrolet,2020,76588,1.4,22770
Honda,2016,71389,1.8,38630
Honda,2015,70783,3.2,20826
Hyundai,2012,130059,3.7,39806
Hyundai,2015,51604,1.6,37737
Kia,2016,81031,3.1,23641
Mazda,2015,97664,1.6,33646
BMW,2010,133600,3.7,7543
Kia,2021,72999,2.4,5928
Nissan,2023,123425,3.3,7178
BMW,2010,79713,1.8,36249
Hyundai,2018,59933,3.6,37099
Honda,2015,131934,2.5,30011
Volkswagen,2021,26750,1.9,18147
Honda,2011,73670,2.9,39980
Toyota,2020,143742,2.1,15310
Kia,2010,80148,2.1,34727
BMW,2020,56469,1.7,13360
Volkswagen,2021,125839,2.0,38187
Toyota,2011,28257,3.5,33757
Nissan,2017,72197,2.8,43672
Honda,2014,143554,2.3,28561
Mazda,2016,99543,3.8,36578
Chevrolet,2016,93811,3.5,19687
Toyota,2011,100068,2.2,42609
Honda,2013,68743,1.7,7904
Honda,2011,45020,1.9,8705
BMW,2016,111103,3.2,33214
BMW,2014,129051,2.9,44118
Mazda,2010,103858,4.0,11867
Toyota,2011,16399,1.4,43722
Hyundai,2015,98401,3.7,19683
BMW,2023,58753,1.4,13322
Chevrolet,2013,137888,2.5,36675
Honda,2016,78075,3.8,29013
Honda,2011,86010,3.1,6643
Nissan,2022,54340,2.9,14393
Nissan,2021,55592,2.2,5788
Mazda,2011,38988,3.9,22624
Toyota,2021,122285,1.8,9488
Ford,2015,114364,2.1,35395
Volkswagen,2017,15253,2.6,36691
BMW,2022,106211,1.7,27539
Toyota,2010,125371,2.5,7359
Honda,2014,20604,1.5,9612
Kia,2010,39483,3.8,41316
Nissan,2020,115031,2.2,39406
Volkswagen,2015,45577,3.0,35896
BMW,2016,32501,3.7,21668
Hyundai,2015,7670,3.5,14462
Hyundai,2023,20135,3.7,16360
Nissan,2022,96739,3.3,30223
Toyota,2018,55763,1.9,41091
BMW,2012,63060,2.4,36070
Volkswagen,2017,44932,2.7,44929
Honda,2012,86052,2.3,17672
Toyota,2020,42024,3.9,37674
Nissan,2021,91189,3.5,14682
Mazda,2022,121210,3.5,6014
Ford,2022,41138,2.3,43573
Toyota,2016,44670,3.4,17598
Chevrolet,2023,32981,3.0,20469
BMW,2022,8384,2.4,13297
Hyundai,2014,65416,2.2,23974
Chevrolet,2021,74719,3.5,15524
Toyota,2022,97401,3.0,17202
Toyota,2010,129035,1.5,25436
Chevrolet,2020,103901,1.5,37328
Mazda,2021,101254,3.6,15784
Chevrolet,2013,12495,1.6,33852
Honda,2023,97270,2.8,37562
Volkswagen,2022,70231,3.0,9361
Chevrolet,2020,60369,3.8,37576
Chevrolet,2018,29067,2.7,6376
BMW,2017,98850,1.9,25966
Volkswagen,2012,149160,2.1,38681
Ford,2011,15976,1.5,10994
Chevrolet,2020,73712,2.0,20852
Chevrolet,2018,100827,3.5,28771
Honda,2010,117716,3.4,29251
Hyundai,2018,40666,1.6,40481
Honda,2021,33148,2.6,26488
Chevrolet,2016,88184,2.2,11931
BMW,2021,142922,3.1,11815
Honda,2011,119035,3.9,16245
BMW,2020,53332,3.0,34803
Volkswagen,2014,113955,3.3,9413
BMW,2023,137626,2.4,38910
Mazda,2011,115238,1.5,31624
Kia,2014,61531,2.5,9875
Volkswagen,2016,65926,2.7,38080
Kia,2014,71207,2.7,8144
Chevrolet,2011,100256,2.0,44239
Chevrolet,2020,123256,2.6,35202
Mazda,2023,48437,3.3,44030
Toyota,2014,92233,2.2,37644
Kia,2021,126666,3.0,37789
Honda,2021,60195,1.8,32603
Mazda,2019,97516,2.1,7404
Volkswagen,2023,14474,3.7,24009
Ford,2015,5534,3.0,17957
Honda,2014,17040,1.6,44866
BMW,2011,45529,2.1,25292
Chevrolet,2015,140738,4.0,42382
Volkswagen,2015,42441,2.1,8659
Mazda,2021,41766,2.9,15344
Kia,2011,126305,2.8,36949
Kia,2022,41460,2.4,41859
Nissan,2022,107363,1.5,6830
Chevrolet,2013,46290,2.1,29770
Honda,2016,65116,3.9,41822
BMW,2010,104831,1.4,6638
BMW,2010,133773,3.3,18992
Chevrolet,2023,106999,3.7,35751
Nissan,2020,48513,3.4,38443
Nissan,2021,50139,2.2,40714
Honda,2020,47381,2.8,43341
Nissan,2015,146495,3.7,27367
Mazda,2016,7216,3.9,44530
Nissan,2021,76872,1.7,28619
Kia,2014,112347,1.7,24596
Hyundai,2021,20573,3.9,32568
Toyota,2019,29094,3.7,39026
Kia,2017,79907,1.9,43242
Kia,2020,41363,3.9,9587
Ford,2013,25751,1.9,42911
Ford,2012,60008,1.6,20399
Chevrolet,2016,134579,3.2,12480
Ford,2023,146123,2.8,44277
Chevrolet,2013,59153,2.0,8301
Kia,2010,5737,3.8,24268
Toyota,2020,114308,2.5,12486
Honda,2017,81520,2.4,30075
Honda,2014,149158,3.0,34842
Hyundai,2022,108646,2.0,21189
Volkswagen,2017,83784,2.9,19936
Honda,2017,93836,2.3,43785
Volkswagen,2021,46486,3.2,10319
Nissan,2014,19436,2.0,38015
BMW,2017,54094,1.9,24693
Kia,2016,28818,2.0,13176
Toyota,2022,77233,3.8,44813
Chevrolet,2012,9161,3.6,14919
Volkswagen,2013,133349,3.6,12655
Hyundai,2020,15043,3.4,21100
Honda,2021,127765,3.1,33425
Mazda,2022,70655,1.7,34923
Honda,2016,58636,2.2,10762
Ford,2013,148646,2.9,40374
Kia,2015,134848,1.7,37463
Ford,2021,55942,1.5,18239
Honda,2011,116009,1.6,36796
Mazda,2021,54502,1.7,36439
Ford,2011,15394,1.7,13015
Toyota,2012,125145,1.9,17593
Ford,2019,7250,2.7,29335
Mazda,2016,24621,2.1,41336
Ford,2012,93442,3.6,26527
Volkswagen,2021,115005,3.7,17526
Nissan,2012,29623,3.8,17081
Chevrolet,2022,97388,2.6,10463
Honda,2023,59999,3.4,22783
Volkswagen,2013,101207,2.9,29575
Chevrolet,2019,115520,1.8,36831
Nissan,2015,21321,3.1,26859
Volkswagen,2010,16376,3.6,42023
Hyundai,2015,23276,2.3,26973
Volkswagen,2017,84392,3.3,8553
Toyota,2021,30544,3.4,32147
Mazda,2017,65504,3.1,40433
Honda,2015,50701,3.7,18734
Kia,2015,123794,1.8,24445
Chevrolet,2022,114594,3.6,40633
Ford,2012,40271,3.0,34490
Honda,2023,27444,3.6,39718
Kia,2011,92070,2.8,37920
Nissan,2016,14662,2.3,33984
Volkswagen,2017,115248,3.7,38049
Kia,2019,149324,3.7,25508
Hyundai,2022,32214,2.1,7126
Honda,2023,107798,3.3,19518
Honda,2015,21350,1.6,18025
Honda,2014,24987,1.6,39684
Mazda,2013,11761,2.7,26856
Nissan,2010,29358,1.5,22999
Mazda,2018,59601,2.5,35566
Honda,2020,131553,3.5,32140
Hyundai,2019,95249,3.7,36545
Ford,2013,8751,2.1,33147
Hyundai,2011,141916,1.6,30441
Chevrolet,2013,34153,3.0,43844
Nissan,2022,144563,2.1,25553
Volkswagen,2020,13733,1.5,6144
Honda,2014,123144,1.7,22950
Kia,2011,35516,3.8,42428
Ford,2016,131283,3.7,26842
Volkswagen,2012,129971,3.6,9628
BMW,2023,54698,2.3,31007
Hyundai,2017,120671,3.3,25063
Ford,2013,19759,3.9,27335
BMW,2021,117571,2.9,17125
Mazda,2020,29955,2.3,24684
BMW,2014,88835,3.5,19181
Volkswagen,2012,59206,2.5,42677
Nissan,2022,17695,2.9,7275
Hyundai,2020,95296,2.8,17446
Ford,2014,80793,2.0,30777
BMW,2018,55872,1.4,13490
Hyundai,2020,110082,4.0,17109
Ford,2022,37938,2.5,7781
Ford,2023,144663,2.1,26425
Volkswagen,2011,53013,3.4,6946
Hyundai,2016,16784,2.9,33708
Volkswagen,2019,69712,3.7,18918
BMW,2017,128118,3.4,37844
Chevrolet,2012,29466,2.1,39329
Nissan,2020,147885,2.9,33090
Chevrolet,2013,97687,2.7,23112
Toyota,2022,11620,3.9,25384
Honda,2020,30924,2.0,44227
Chevrolet,2019,39857,2.1,18153
Mazda,2011,80682,3.8,25799
Nissan,2019,107037,2.6,11127
Honda,2022,67743,2.6,32105
BMW,2018,110777,3.7,37660
Volkswagen,2012,120684,2.2,39172
Mazda,2018,5845,3.2,36366
Honda,2022,35678,3.3,28697
Honda,2016,142725,2.6,40295
Ford,2015,71855,2.3,12646
Toyota,2020,91037,3.3,42564
Volkswagen,2021,47670,2.1,7175
BMW,2020,26487,3.5,12932
Hyundai,2012,84868,2.5,41049
Chevrolet,2020,73426,1.4,36759
Nissan,2016,10513,2.9,43891
Toyota,2020,65842,1.9,28882
Ford,2023,144716,2.6,5893
Ford,2012,113756,3.5,27719
Honda,2022,123000,1.9,13477
Kia,2020,48675,1.9,5744
Chevrolet,2015,71604,2.6,39429
Toyota,2017,15962,2.6,19169
Honda,2014,78532,2.6,7006
Toyota,2020,21833,3.2,15889
Mazda,2020,6913,2.1,28114
Volkswagen,2022,125661,2.1,12798
Nissan,2012,62076,1.5,41933
Chevrolet,2015,56697,2.4,27549
Ford,2017,108115,1.9,15637
Kia,2019,75863,2.9,7347
BMW,2012,35118,1.9,11206
Hyundai,2021,41229,3.7,11833
Volkswagen,2022,143605,3.6,24449
Chevrolet,2023,128800,3.4,24830
Mazda,2020,49178,3.5,35332
Chevrolet,2020,35411,3.9,14235
BMW,2014,144240,2.2,14162
Nissan,2018,64228,3.9,13641
Nissan,2023,71180,3.7,29171
Toyota,2023,81057,2.3,41494
Honda,2019,148773,3.6,27949
Nissan,2019,77800,3.7,36214
Kia,2012,61515,1.5,37800
Hyundai,2022,91176,3.7,30980
Mazda,2021,96205,2.5,10477
BMW,2020,73297,3.5,15742
Ford,2011,62379,1.7,5330
Nissan,2020,69816,1.8,35370
Ford,2022,120157,3.9,9086
Nissan,2023,135383,2.5,9920
Kia,2017,92878,3.5,13511
Ford,2023,77383,3.4,13392
Honda,2023,79516,3.4,40744
Mazda,2023,21674,3.4,28276
Hyundai,2016,103733,3.8,22297
Kia,2021,136669,2.9,33462
Honda,2018,93709,2.5,22501
Hyundai,2013,94975,3.8,5316
Honda,2012,108825,2.3,14239
Honda,2019,13232,3.0,25298
Honda,2014,9479,3.6,25555
Toyota,2020,89853,3.8,25761
Hyundai,2010,93827,3.9,39642
Honda,2014,51678,3.1,5960
Volkswagen,2022,147560,3.3,41084
Volkswagen,2022,141476,2.7,19305
Nissan,2012,148497,2.1,43227
Mazda,2010,95012,1.4,32915
Ford,2012,141337,2.0,15719
Nissan,2014,100105,3.9,21352
Toyota,2014,113029,3.5,12675
Volkswagen,2019,88028,2.6,44753
Hyundai,2021,121274,2.3,29495
Mazda,2017,71648,1.6,13174
Mazda,2020,71648,1.4,20080
Ford,2010,113762,3.4,10325
Hyundai,2016,94979,4.0,8587
BMW,2014,76510,2.1,24484
Ford,2012,20518,2.1,17334
Mazda,2013,37344,3.8,39358
Toyota,2012,83892,3.0,40561
Kia,2017,51069,1.9,5614
Kia,2013,51273,1.5,10558
Volkswagen,2012,64826,2.9,29496
Mazda,2011,83353,2.6,15924
Toyota,2012,60158,2.5,16399
Ford,2016,147632,3.9,44416
Toyota,2015,86396,2.1,22861
Chevrolet,2019,55200,2.7,7405
Ford,2021,27497,2.0,37479
Honda,2022,86794,2.2,40888
Ford,2014,39869,3.4,6985
Volkswagen,2017,49417,1.9,41774
Kia,2020,10568,3.2,37662
Ford,2010,112233,1.7,43130
Honda,2012,48271,1.9,22779
Chevrolet,2011,24052,1.5,42698
Toyota,2011,133953,3.0,13797
Hyundai,2021,49013,4.0,29722
Kia,2020,24499,3.1,29875
Toyota,2021,6307,3.8,10145
Chevrolet,2010,80922,2.8,18967
Hyundai,2014,26943,3.2,24349
Mazda,2014,82203,3.8,10765
Nissan,2012,91726,1.6,8012
Volkswagen,2021,80497,3.0,25458
Toyota,2021,40362,2.9,42069
BMW,2018,9967,1.5,31056
Hyundai,2021,46534,1.8,11311
Mazda,2015,21465,2.8,38143
BMW,2023,131718,2.7,14097
Nissan,2019,130850,2.3,34342
Nissan,2023,118702,3.2,35936
Kia,2015,111781,2.3,21019
BMW,2019,127902,3.4,13060
Kia,2015,131547,3.5,22566
Kia,2023,82718,3.1,11648
Kia,2011,24929,2.1,43244
Kia,2020,117623,3.5,35789
Mazda,2019,27830,2.1,42162
Volkswagen,2019,21478,2.2,8338
Ford,2017,122210,3.0,17207
Mazda,2015,70086,3.2,39422
Chevrolet,2022,100607,2.4,22831
Kia,2023,134174,2.9,31176
Hyundai,2012,20988,2.0,41025
Hyundai,2019,101958,3.5,29312
BMW,2018,15441,4.0,25819
BMW,2011,20609,3.2,20778
Chevrolet,2016,139742,2.2,43756
Mazda,2012,80073,2.3,15753
Hyundai,2021,26028,1.5,8537
Honda,2015,79727,3.1,13181
Honda,2014,145288,3.0,34784
Ford,2022,148650,3.9,38804
Honda,2015,74739,2.4,16856
Toyota,2017,53617,3.8,35957
Kia,2023,122333,3.4,33073
Chevrolet,2012,10384,2.1,37981
BMW,2011,90554,1.4,37782
Toyota,2017,76655,3.3,17422
Volkswagen,2010,108505,2.7,18954
Kia,2011,26409,3.9,36379
Hyundai,2019,22676,1.5,9522
Kia,2010,140347,2.8,15779
BMW,2014,144035,3.5,7932
Nissan,2017,111967,3.5,39599
Nissan,2011,85940,3.1,21269
Toyota,2013,65965,2.4,16017
Mazda,2013,113485,1.6,24708
Hyundai,2020,78061,2.2,14007
BMW,2020,63318,3.1,35606
BMW,2016,42087,3.4,13876
BMW,2010,131861,3.5,20555
Honda,2018,11953,3.4,41591
BMW,2012,99266,2.2,12353
Nissan,2015,108431,3.2,9593
Volkswagen,2019,99613,3.9,39962
Chevrolet,2023,43739,1.8,40959
Kia,2014,133020,3.3,30627
Chevrolet,2013,111879,2.5,6451
Nissan,2018,29987,2.0,41885
Nissan,2020,123064,2.2,28009
Volkswagen,2021,11038,1.8,37714
Ford,2023,7775,3.5,15539
Toyota,2018,143549,2.4,38263
Honda,2010,76910,3.8,30690
Mazda,2016,72819,3.9,41100
BMW,2019,22046,3.9,34161
BMW,2018,123723,1.8,12580
Volkswagen,2014,46181,2.3,37894
Ford,2010,136823,2.2,6873
BMW,2017,53736,3.8,12437
Honda,2014,106458,1.6,27068
Toyota,2015,55420,2.9,16932
Honda,2016,58257,2.7,27502
Ford,2019,48096,3.9,25708
Nissan,2016,94764,3.9,7352
Honda,2022,81061,2.5,19428
Chevrolet,2023,29790,2.5,31111
Honda,2021,120683,2.4,44803
Nissan,2016,10327,3.5,38666
BMW,2010,122898,1.7,20145
Kia,2016,112107,1.7,11349
Kia,2020,126354,3.2,14119
Kia,2012,68827,1.4,21662
BMW,2014,62225,3.1,32985
Volkswagen,2019,17644,1.7,9074
Toyota,2014,84163,3.4,21216
Toyota,2017,97017,3.3,13419
BMW,2016,132240,1.9,12146
Honda,2016,76410,3.4,19091
Mazda,2015,6106,3.5,31617
Toyota,2016,117420,3.8,17250
Chevrolet,2023,144491,3.3,22007
Chevrolet,2016,121676,3.7,14103
Hyundai,2014,61329,3.1,20545
Chevrolet,2014,45908,3.0,43798
Toyota,2013,43787,3.2,14702
Mazda,2023,131887,2.5,14860
Nissan,2013,95355,2.0,25970
Kia,2014,112745,2.5,38908
Honda,2019,27755,2.9,34490
Nissan,2018,33356,3.2,26469
Mazda,2023,118526,2.6,34571
Volkswagen,2020,82260,2.3,44854
Kia,2021,14127,2.0,41852
Hyundai,2015,83205,1.9,11293
Volkswagen,2017,146950,2.6,14372
Toyota,2018,68041,3.2,36144
Mazda,2021,105180,3.6,18236
Kia,2023,7205,2.3,16791
Hyundai,2013,69767,3.0,33726
Honda,2021,29401,2.6,25027
Honda,2022,38314,3.9,28272
BMW,2016,130748,3.7,30818
Toyota,2014,72605,3.7,16478
Chevrolet,2013,60362,2.9,7665
Mazda,2021,61005,2.5,42208
Hyundai,2016,101867,3.1,37374
Hyundai,2012,93650,1.8,27933
Chevrolet,2010,37784,3.7,13757
Chevrolet,2016,7809,2.1,13528
Volkswagen,2018,98371,3.5,34740
Kia,2011,13519,2.2,6971
Volkswagen,2016,148535,2.8,20490
Ford,2019,85777,3.4,6152
Ford,2011,112039,2.4,24310
Toyota,2022,90370,2.3,10420
BMW,2022,52939,3.7,36032
Mazda,2012,138820,1.6,43672
Hyundai,2022,100516,3.6,19620
Kia,2019,97965,3.8,15769
Honda,2023,78913,2.9,16497
Honda,2021,123893,3.2,40417
Nissan,2019,62378,3.6,37343
Chevrolet,2012,45871,2.5,11240
Toyota,2021,63989,3.7,44530
Nissan,2022,45708,2.4,22038
Nissan,2013,33161,2.2,23893
BMW,2015,109169,4.0,17296
Mazda,2012,27736,1.5,22566
Hyundai,2022,80387,2.2,14825
Kia,2018,37805,2.6,20285
Honda,2011,19429,2.2,37303
Honda,2016,63230,2.1,17396
Honda,2015,67626,2.4,42477
Ford,2023,69139,2.4,30216
Mazda,2011,106664,1.6,36352
Toyota,2020,65007,3.4,35459
Honda,2012,107602,1.8,38772
BMW,2015,51567,1.5,35753
Honda,2019,8475,2.9,33630
Toyota,2013,133990,3.1,15944
Ford,2010,109864,3.4,19048
BMW,2010,57529,1.6,21138
Nissan,2012,26425,1.8,38135
Toyota,2017,59152,1.9,39349
Nissan,2020,100129,2.9,40748
Chevrolet,2013,20169,3.7,16634
Volkswagen,2020,74769,3.2,9784
Honda,2010,7462,2.2,31787
Toyota,2017,24616,3.6,5374
Volkswagen,2019,48627,3.1,27003
Kia,2015,29430,3.2,16653
BMW,2010,36877,3.9,30841
Mazda,2021,120213,3.9,40748
Chevrolet,2019,100821,2.4,16192
Kia,2019,37014,3.1,32083
Kia,2015,129024,1.9,23140
Chevrolet,2010,91750,2.5,43610
Nissan,2019,34392,2.1,11942
Toyota,2019,103766,2.4,31332
Hyundai,2012,126071,3.2,24250
Honda,2011,115612,1.9,40638
BMW,2013,68935,1.9,16156
Ford,2011,80706,2.4,17192
Toyota,2020,83271,1.7,30976
Honda,2022,37348,3.5,28049
Toyota,2014,31539,3.9,28864
Kia,2013,17542,3.5,30739
Hyundai,2015,103606,2.8,26114
Ford,2023,136848,3.2,5578
Toyota,2016,136695,3.5,41999
Honda,2021,24770,1.6,27852
Ford,2011,110334,2.5,21367
Ford,2011,19723,1.8,39403
Mazda,2017,36327,1.6,17322
BMW,2022,38055,3.4,15198
Kia,2022,34764,3.6,43531
Mazda,2018,118385,1.6,42775
Honda,2014,57791,1.9,33628
Honda,2016,45723,2.0,23555
Nissan,2022,104447,3.6,25017
Toyota,2021,20882,3.8,36419
Toyota,2018,83732,3.4,12706
Nissan,2023,32092,3.5,9787
Volkswagen,2010,121889,2.3,23887
Chevrolet,2017,26673,2.5,40177
Toyota,2019,134980,2.1,6249
Chevrolet,2019,40512,3.9,24997
Toyota,2018,23737,3.3,11437
BMW,2018,37061,2.3,8598
Volkswagen,2019,8966,1.8,19829
Hyundai,2016,133702,1.9,36546
Volkswagen,2021,102053,1.9,13264
Honda,2021,51534,3.0,11276
Nissan,2021,112088,3.7,21868
Honda,2021,24790,3.7,34160
Hyundai,2019,57104,1.6,7407
Mazda,2012,119507,3.2,23811
Honda,2022,96131,1.8,27839
Honda,2022,18185,2.2,36054
Honda,2014,15806,2.8,34052
Ford,2022,128970,3.6,36778
Chevrolet,2011,22010,2.0,25626
Volkswagen,2020,9766,3.7,38153
Mazda,2019,13217,3.3,19000
Volkswagen,2012,46581,3.2,19830
BMW,2019,116681,1.7,35938
Chevrolet,2016,98597,2.6,7127
Mazda,2010,56812,2.1,7335
BMW,2012,78203,2.9,42285
Kia,2014,122760,3.2,16359
Ford,2020,45671,1.6,10985
Honda,2023,110029,3.1,11627
Ford,2013,25117,2.7,40549
Volkswagen,2012,36178,3.6,9757
Mazda,2015,75000,3.5,6610
BMW,2021,65118,2.5,39486
Hyundai,2015,137917,3.9,15885
BMW,2013,82965,2.9,19931
Ford,2018,106062,3.9,22663
Honda,2020,61729,3.3,30873
Hyundai,2015,139476,2.5,24526
Volkswagen,2018,54534,2.0,17191
Hyundai,2022,59162,2.6,12385
Chevrolet,2020,47249,3.8,17311
Kia,2019,97964,1.7,38653
Honda,2019,141140,2.6,12861
Ford,2011,146301,2.3,18558
Mazda,2015,82444,3.7,5946
Nissan,2023,95997,3.5,13587
Hyundai,2013,49454,2.8,21221
Toyota,2011,123670,2.5,42329
Nissan,2014,41942,3.2,17099
Volkswagen,2023,95420,3.9,43433
Toyota,2012,63070,1.7,18118
Toyota,2015,73640,3.7,44718
Toyota,2020,19017,2.2,24403
BMW,2023,47673,1.4,41644
Nissan,2017,119118,3.3,31895
Volkswagen,2013,55587,3.4,19226
Ford,2021,140637,2.2,29256
Kia,2013,83761,3.4,35738
Volkswagen,2014,64541,3.5,27323
Ford,2015,56352,3.2,43525
Ford,2020,35623,1.5,10244
Toyota,2016,55822,3.1,21171
Honda,2015,90284,3.8,43785
Nissan,2016,46184,3.0,29780
Ford,2018,136918,2.4,13451
Nissan,2013,69801,2.9,12570
Chevrolet,2019,118515,4.0,15727
BMW,2010,107373,2.6,10292
Kia,2018,122644,3.6,10280
Chevrolet,2016,58539,1.8,6296
Ford,2013,29031,1.5,35979
Volkswagen,2019,97373,2.4,20581
Nissan,2017,142983,1.8,26619
Chevrolet,2021,126436,2.3,6647
Nissan,2016,127373,3.3,35559
BMW,2021,99084,2.6,16608
Volkswagen,2011,55368,2.2,27425
Chevrolet,2010,125241,3.7,29872
Nissan,2018,83448,1.4,40212
Volkswagen,2016,122399,3.5,29274
Toyota,2023,80014,3.0,6736
Hyundai,2019,65501,1.5,15338
Toyota,2010,6304,1.5,13799
Kia,2022,55782,1.8,14280
Ford,2013,58232,3.9,39206
Honda,2014,91223,1.6,39961
Hyundai,2014,142075,3.3,24965
Ford,2023,129046,2.4,21270
Chevrolet,2023,55770,2.0,20383
Kia,2023,75672,2.9,21960
BMW,2014,7777,2.4,24825
Kia,2020,99626,2.2,26298
Nissan,2012,120606,2.0,5531
Kia,2014,45353,2.6,33158
Chevrolet,2013,33658,1.8,19322
BMW,2014,76157,3.6,28603
BMW,2016,148439,2.9,36620
Mazda,2014,6503,1.6,42628
Kia,2023,57379,2.6,25600
Toyota,2023,5827,3.0,14226
Mazda,2023,24615,3.6,21937
Mazda,2017,57025,1.5,39040
Chevrolet,2017,145881,2.6,15885
Hyundai,2012,83891,3.2,15469
Toyota,2014,129065,1.9,10622
BMW,2021,92772,2.0,42304
Kia,2013,10632,2.7,30254
Mazda,2023,13886,3.7,20719
Ford,2023,25400,2.4,35313
Ford,2014,121756,2.7,16228
Mazda,2017,100586,3.1,28079
Nissan,2013,68414,2.2,24680
Kia,2014,27008,3.7,44302
Chevrolet,2016,141595,3.9,30041
BMW,2012,145510,3.1,29939
Mazda,2022,134012,3.1,19322
Toyota,2015,53159,3.2,8239
Mazda,2018,70823,1.9,13610
Volkswagen,2020,20796,3.3,10833
BMW,2013,121091,2.3,29278
Hyundai,2013,75068,4.0,33021
BMW,2015,48137,3.4,38293
Toyota,2015,38208,2.9,44634
Volkswagen,2012,26996,3.8,11130
Hyundai,2023,140957,3.9,11212
Honda,2010,104572,3.5,33204
Toyota,2012,126907,3.4,25076
Ford,2017,11864,1.6,25191
Nissan,2017,70721,3.2,17134
BMW,2015,91177,2.3,13871
Honda,2016,113944,3.8,21539
Volkswagen,2011,41311,3.0,28024
Honda,2018,112975,2.4,18050
Chevrolet,2012,107944,2.3,25955
Kia,2011,130340,2.8,44140
BMW,2014,32154,2.7,28959
Kia,2010,104448,2.4,38258
Ford,2014,71170,1.9,43932
Honda,2019,143649,3.5,36403
Volkswagen,2013,116157,2.5,27635
Ford,2021,64225,1.7,11451
Kia,2015,116145,1.6,15496
Honda,2021,40573,2.0,36156
Ford,2014,94506,2.8,13770
Toyota,2018,52131,1.8,44328
Mazda,2014,128449,2.0,41264
Nissan,2022,110086,2.7,17099
Hyundai,2017,99635,2.0,39271
Toyota,2021,108516,3.6,17717
Ford,2022,9130,2.9,21161
Volkswagen,2011,57693,1.6,35589
Chevrolet,2012,8386,1.8,36350
Mazda,2012,131435,1.9,32118
Hyundai,2012,47697,3.0,6347
Toyota,2015,31999,1.7,14117
Chevrolet,2016,21149,1.5,21692
Chevrolet,2016,102122,3.3,41334
Chevrolet,2021,83830,2.6,33212
Mazda,2016,15727,3.6,29000
Honda,2021,76626,3.5,27170
Toyota,2012,76031,2.1,40294
Honda,2010,133298,1.9,14996
BMW,2015,56552,2.7,41998
Mazda,2012,17147,1.6,30551
Chevrolet,2022,15996,3.0,11722
Chevrolet,2012,22898,1.4,32499
Mazda,2012,80275,3.5,25749
BMW,2018,21777,3.7,42248
Nissan,2021,122318,4.0,20142
Volkswagen,2013,119791,2.3,41882
Nissan,2014,149369,2.9,40138
Honda,2012,18536,3.6,5853
Mazda,2019,75972,2.6,11830
Volkswagen,2022,35589,2.3,10096
Nissan,2021,136493,1.5,15737
Honda,2010,60349,2.4,18190
Ford,2021,59444,1.6,14544
Kia,2013,52350,2.3,8295
Volkswagen,2010,142880,2.3,41409
Hyundai,2020,41544,3.1,37497
Volkswagen,2020,91310,2.4,40919
Honda,2016,128155,2.4,33577
Chevrolet,2016,94130,2.1,34535
Honda,2013,95305,3.0,37933
Toyota,2014,99827,2.4,29999
Chevrolet,2019,33594,3.9,44520
Honda,2016,19980,3.7,37212
Nissan,2022,54401,2.0,11820
Kia,2015,114963,2.5,43121
Honda,2022,43879,3.0,15700
Nissan,2013,9391,1.4,33198
Hyundai,2013,111091,2.0,35206
Toyota,2011,90640,2.1,25625
Ford,2019,25393,2.4,32529
Toyota,2011,75441,3.7,17471
Chevrolet,2021,105640,1.7,19102
Kia,2013,56736,1.6,24895
Toyota,2014,55917,3.1,7275
Volkswagen,2013,68743,2.3,41256
Ford,2023,116112,1.9,24372
Chevrolet,2012,63486,3.2,37361
Volkswagen,2020,149082,2.0,26715
Chevrolet,2011,134849,2.9,15117
Volkswagen,2013,144039,2.5,30207
BMW,2023,124350,2.3,26669
Kia,2020,123204,3.3,20451
Nissan,2014,117747,3.0,8499
Toyota,2010,113092,2.7,39568
Hyundai,2022,38913,1.7,17483
Volkswagen,2010,72163,2.9,14829
BMW,2015,15050,3.2,43769
Kia,2014,120933,3.5,15490
Hyundai,2020,120057,2.2,21928
Toyota,2013,19264,2.1,31742
BMW,2010,121473,3.3,32106
Hyundai,2021,54726,2.6,26067
Ford,2023,20759,2.5,15402
Mazda,2016,10504,1.8,9669
Chevrolet,2013,111324,2.5,19992
Chevrolet,2012,68699,3.3,17256
Honda,2023,52172,2.6,34985
Ford,2016,66816,3.7,40922
Mazda,2011,135704,1.4,39236
Honda,2019,69807,1.9,25541
Hyundai,2010,70152,3.0,40429
Honda,2020,56267,3.1,15505
Volkswagen,2013,148343,2.1,42297
Ford,2022,112652,3.8,40958
BMW,2017,120773,2.3,20687
BMW,2022,77729,2.5,33467
Mazda,2015,53573,3.9,6926
Toyota,2018,14021,2.6,10033
BMW,2010,14040,3.0,38006
Ford,2010,110285,2.8,37725
Kia,2020,140416,1.9,24170
Chevrolet,2014,83938,4.0,10046
Kia,2015,143275,1.6,17460
Honda,2017,83854,4.0,9901
Nissan,2012,113025,2.6,14362
Volkswagen,2015,141512,1.9,19815
Nissan,2012,48209,1.8,11497
Ford,2017,7892,3.1,29363
Nissan,2021,90544,3.2,25797
Kia,2020,11687,3.7,11890
Toyota,2020,129557,2.0,21085
Ford,2013,109608,2.5,38486
Chevrolet,2011,85925,3.9,23830
Mazda,2021,35152,2.5,17383
Ford,2018,134285,2.6,41317
Hyundai,2019,30875,2.2,41525
Chevrolet,2022,33939,3.7,17827
Ford,2017,144541,2.4,15225
Hyundai,2015,87943,3.1,31533
Chevrolet,2012,96311,1.9,31081
Honda,2011,56132,3.0,15376
BMW,2022,121278,3.8,38043
Volkswagen,2013,67719,3.4,5742
BMW,2013,96498,1.6,27596
Kia,2010,75762,3.0,8232
Mazda,2018,10253,2.9,7228
BMW,2019,117024,2.3,21168
Ford,2017,13726,3.6,35365
Honda,2016,63952,3.5,34934
Nissan,2015,105702,3.1,18338
Kia,2012,45000,3.3,12345
BMW,2013,34735,1.9,31601
Toyota,2011,46648,3.8,27154
Mazda,2016,132103,3.1,11777
Nissan,2011,6286,2.6,44601
Volkswagen,2023,80810,1.9,23463
Ford,2019,146798,3.2,27700
Honda,2010,66540,1.7,17315
Chevrolet,2015,30916,2.2,33464
BMW,2013,84826,2.9,16534
Toyota,2017,7377,3.1,35995
Mazda,2010,97573,1.4,6439
Volkswagen,2018,54004,1.4,8542
BMW,2015,59780,1.7,40124
Volkswagen,2023,56267,3.4,10546
Nissan,2011,117008,2.9,7897
Nissan,2017,26802,3.0,34795
Kia,2014,30446,3.0,38532
BMW,2014,95296,1.5,21470
Honda,2014,88132,1.8,8349
Mazda,2016,16837,3.3,39913
Chevrolet,2016,43992,3.1,37659
Chevrolet,2019,144761,2.6,40810
Ford,2020,6565,1.5,39255
Ford,2016,129542,2.5,26488
Mazda,2021,29793,2.0,9018
BMW,2019,140692,3.2,33216
BMW,2011,70200,3.5,42929
Nissan,2017,30937,2.7,29371
Toyota,2010,115712,2.4,19924
Ford,2022,127227,2.1,11622
Toyota,2023,130038,1.6,25695
BMW,2011,64400,2.4,34659
Ford,2020,50277,3.2,43846
Chevrolet,2016,30372,3.1,13672
Volkswagen,2013,141028,2.5,12356
Ford,2020,16911,3.9,18911
BMW,2019,118771,3.8,30713
BMW,2019,86232,3.7,25413
Volkswagen,2018,56403,2.5,17610
Toyota,2020,142742,3.3,19893
Mazda,2018,64844,3.8,44806
Volkswagen,2023,68137,3.3,13830
Chevrolet,2012,28473,2.2,34767
BMW,2022,52298,1.6,5909
Honda,2023,26345,3.9,35593
Chevrolet,2022,30608,4.0,39467
Toyota,2012,106488,3.2,41185
Volkswagen,2018,111835,2.2,13156
BMW,2022,15286,3.6,44965
BMW,2019,94185,3.9,23299
Volkswagen,2021,49476,2.7,15483
Mazda,2017,125059,2.2,13823
Volkswagen,2010,108581,2.5,27367
Ford,2015,98567,1.6,14634
Hyundai,2016,78477,2.9,9071
Mazda,2023,51016,2.4,15263
Hyundai,2020,21260,3.7,28582
Toyota,2023,92576,2.1,38388
Nissan,2017,49713,1.4,34286
Chevrolet,2021,74748,3.3,44300
Kia,2021,103789,1.4,20757
Volkswagen,2011,55201,2.8,35500
Chevrolet,2023,104087,1.9,17368
Kia,2010,16251,3.0,21192
Toyota,2013,128499,1.9,40471
Toyota,2010,133356,2.7,5874
Nissan,2011,67939,2.3,9694
Mazda,2012,13061,1.9,12306
Chevrolet,2013,29408,3.0,43512
Chevrolet,2021,132218,1.6,18379
Volkswagen,2021,131354,3.8,13918
Toyota,2015,29687,3.4,37094
Kia,2017,132757,3.8,28326
Honda,2018,71505,1.5,32460
Nissan,2013,21551,1.4,28258
Mazda,2010,65149,2.3,13412
BMW,2023,97372,3.0,6228
Honda,2014,132763,2.0,22900
Ford,2014,147103,2.8,38250
Hyundai,2018,60341,3.0,7620
Nissan,2015,26521,1.8,28345
Kia,2014,91894,3.4,31108
Honda,2019,30333,3.8,27807
Kia,2019,116965,3.1,18044
Volkswagen,2014,69731,3.9,34870
Nissan,2017,6973,2.0,16974
Toyota,2020,15900,1.5,31312
Mazda,2010,24460,2.0,22018
Kia,2014,97031,3.1,37545
Chevrolet,2010,138278,3.0,39070
Honda,2016,14958,2.1,27006
Chevrolet,2023,16383,2.5,23067
Kia,2016,132418,2.4,38324
Honda,2022,74213,3.9,41982
Toyota,2019,30257,2.2,21675
Hyundai,2017,85106,1.9,39696
Hyundai,2023,78181,2.9,21083
Volkswagen,2016,83320,1.7,31956
Ford,2020,132587,2.7,42308
Hyundai,2018,144398,3.2,7692
Ford,2017,33986,3.9,15015
Honda,2017,15437,3.7,42852
Hyundai,2012,110264,3.6,38995
Kia,2019,149228,2.4,27787
Toyota,2013,32777,3.7,8280
Kia,2013,30310,3.3,7516
Kia,2010,122786,2.5,38105
Ford,2015,110817,2.9,34998
BMW,2011,110395,2.5,18414
BMW,2018,84475,1.9,42965
Mazda,2023,119694,2.6,31101
Hyundai,2010,34303,3.5,33393
Toyota,2010,65866,2.1,19779
Toyota,2020,63781,3.1,35569
Chevrolet,2022,95671,2.8,31162
Kia,2019,43405,3.8,18399
Toyota,2020,30021,3.3,34580
Honda,2015,6308,2.3,14378
Nissan,2022,104720,2.9,40087
Kia,2010,124733,3.8,8330
Ford,2021,23289,2.0,7176
Kia,2012,62673,2.6,29893
Toyota,2019,12782,2.0,19080
Volkswagen,2011,109406,2.5,38952
Honda,2022,25062,1.6,7729
Honda,2020,106306,3.7,20503
Hyundai,2018,115025,3.9,11707
BMW,2014,105869,2.9,12409
Ford,2015,138655,2.8,41898
Hyundai,2011,48232,3.9,42550
Mazda,2017,117411,2.4,39945
Nissan,2015,27235,3.0,11571
Chevrolet,2020,121502,3.6,16700
Honda,2021,74454,2.7,36825
Ford,2017,18869,2.0,41425
BMW,2017,142583,3.5,34612
Ford,2023,40981,2.1,38099
Chevrolet,2010,61909,3.6,29761
Chevrolet,2016,116614,3.9,13469
Hyundai,2011,89433,2.8,43440
Kia,2020,132547,1.5,18828
Mazda,2017,116182,3.9,32733
Mazda,2021,64895,3.6,9739
Toyota,2011,33014,1.7,15349
Mazda,2013,75519,3.0,37186
Ford,2011,91058,2.2,39837
Mazda,2022,22704,2.3,8643
BMW,2016,50968,2.9,35474
Mazda,2014,93209,3.3,30773
Honda,2022,56527,1.4,7182
Toyota,2020,130186,1.8,17567
Ford,2022,82942,3.7,43023
Chevrolet,2020,103034,2.7,29843
Hyundai,2018,149525,2.7,17681
Nissan,2014,64006,3.6,9490
Hyundai,2020,6280,1.7,8301
Kia,2017,88538,3.3,5277
Nissan,2011,34834,2.7,29236
BMW,2012,22985,3.3,7069
Volkswagen,2015,138378,3.2,39600
Toyota,2020,143894,3.1,44746
Chevrolet,2016,117488,3.6,17322
Hyundai,2023,5942,2.8,40212
Mazda,2019,41699,2.5,33662
Toyota,2017,41517,1.9,26896
Mazda,2012,75276,2.3,14233
Toyota,2016,148491,3.7,20603
Toyota,2017,87327,2.3,42567
Kia,2019,56195,4.0,8808
Honda,2015,75808,3.0,18605
BMW,2013,79294,3.5,24506
Mazda,2022,85639,2.7,25245
Mazda,2015,59909,3.1,31464
Mazda,2018,149045,4.0,19007
Kia,2012,49330,2.7,16253
Hyundai,2011,97064,2.1,22003
Ford,2014,110444,3.1,12196
Mazda,2016,149548,3.8,28222
Hyundai,2012,111596,1.4,32811
Honda,2014,9756,4.0,26449
Mazda,2013,44564,2.8,17319
BMW,2020,84850,3.5,44135
Chevrolet,2016,49404,1.7,35419
Volkswagen,2011,58483,2.2,9881
Mazda,2021,132482,3.9,35658
Ford,2020,21541,2.1,5709
Chevrolet,2022,65452,2.5,32871
BMW,2016,26329,2.1,36368
Kia,2021,130071,2.6,37620
Volkswagen,2011,123316,1.8,12282
Kia,2012,57934,2.7,35639
Ford,2014,24072,2.2,7322
Volkswagen,2016,30268,3.5,9933
Ford,2022,128931,2.4,41993
Kia,2015,108348,3.5,38997
BMW,2021,33459,3.1,40523
Volkswagen,2016,133578,3.8,27452
Nissan,2020,12846,3.5,8300
Hyundai,2015,105402,3.7,24592
BMW,2022,56308,2.8,38030
Volkswagen,2021,135445,3.8,34179
Ford,2010,141526,1.8,22614
Ford,2014,101236,1.6,13154
Honda,2021,39895,2.8,41464
BMW,2010,34678,3.5,40321
Ford,2016,116023,2.0,8716
Toyota,2013,59752,3.9,20914
Hyundai,2014,61183,1.9,16365
Kia,2010,12762,3.2,33885
Chevrolet,2017,9426,3.8,12766
Honda,2013,72010,3.9,18964
Ford,2012,18051,3.1,25398
Toyota,2010,142061,2.9,26353
Honda,2013,14240,1.6,22665
Toyota,2012,54567,1.5,27920
Honda,2017,132277,4.0,37405
Ford,2018,100331,2.1,25883
Toyota,2021,43275,1.6,43740
Volkswagen,2014,121854,2.8,26244
BMW,2018,10782,2.2,25667
Chevrolet,2010,17646,2.3,32274
Kia,2016,54440,2.3,34031
Chevrolet,2020,105904,2.0,22105
Kia,2023,62918,3.9,11876
Nissan,2016,90332,2.1,10489
Hyundai,2015,75859,2.8,29343
Nissan,2013,56545,2.0,16614
Mazda,2022,91000,3.4,36897
Ford,2020,147326,2.0,22606
Volkswagen,2018,55164,3.0,22315
BMW,2023,125936,3.6,24236
Volkswagen,2012,40128,2.1,10265
Chevrolet,2020,97245,3.5,23152
Kia,2020,8512,1.6,38886
Nissan,2010,78654,1.7,15575
Volkswagen,2011,125287,2.4,14490
Nissan,2012,71887,2.5,31096
Hyundai,2011,118121,2.7,31428
Hyundai,2015,25288,1.5,33549
Kia,2022,127548,1.7,15348
Mazda,2023,15539,1.4,31115
Volkswagen,2016,146917,3.9,8720
BMW,2014,51870,2.2,38048
Nissan,2014,81702,3.2,37150
Nissan,2016,18467,3.0,21440
Hyundai,2015,51436,3.3,27852
Ford,2021,51943,3.7,21474
Kia,2017,28116,2.0,5003
Nissan,2018,149090,2.5,13724
Hyundai,2011,114790,2.3,37664
Hyundai,2021,139511,1.6,29010
Toyota,2011,21696,1.5,13606
Nissan,2010,20948,3.4,43096
Toyota,2016,65962,1.7,13454
BMW,2020,91141,1.4,13936
BMW,2023,17192,2.5,27128
Hyundai,2013,28362,2.2,44026
Ford,2018,30071,1.6,36116
Ford,2015,128860,1.5,5310
Toyota,2021,133598,3.8,30182
Hyundai,2016,86226,3.8,27211
Toyota,2022,100118,2.7,31120
Kia,2016,138979,3.6,37876
Toyota,2017,103275,3.5,40101
Mazda,2013,73679,2.9,27999
Nissan,2012,79455,3.4,42993
BMW,2012,132073,3.8,41863
Honda,2019,92310,2.9,16715
Hyundai,2017,12574,2.7,9156
Ford,2021,145378,1.4,31690
Volkswagen,2022,39811,2.8,7294
Nissan,2012,130044,3.5,32548
Honda,2017,143753,3.4,5337
Mazda,2011,140925,3.1,21996
Volkswagen,2014,97955,1.5,12795
Ford,2014,32462,3.8,24195
Mazda,2016,67165,2.5,11923
Ford,2014,127986,2.9,40503
Ford,2018,11599,2.4,15773
Hyundai,2012,138413,2.3,41198
Volkswagen,2018,60471,2.7,25403
Kia,2010,50012,2.7,30092
Toyota,2012,120938,2.3,36479
Toyota,2013,32217,3.5,40570
Nissan,2015,93392,1.5,23515
Ford,2019,12408,1.7,36806
Nissan,2017,40841,1.6,34899
Volkswagen,2016,127960,2.9,7301
Ford,2017,114031,2.5,10528
Ford,2015,87181,2.6,21767
Honda,2015,52812,2.9,35817
BMW,2023,123007,2.2,23963
Toyota,2015,133329,1.9,25456
Volkswagen,2012,62302,2.2,11786
Mazda,2023,75439,4.0,17735
Mazda,2019,133895,3.9,14094
Kia,2013,50603,3.9,25738
Chevrolet,2020,56814,1.5,23667
Volkswagen,2015,126646,1.6,21197
Chevrolet,2022,39740,1.5,9863
Honda,2016,26274,3.5,41403
Mazda,2012,110026,4.0,14667
Volkswagen,2013,67842,2.8,13331
Ford,2015,14031,3.2,35804
BMW,2010,49796,2.3,15350
Hyundai,2020,98425,3.4,24425
BMW,2016,98760,3.1,5114
Kia,2022,60878,3.5,35909
Mazda,2020,21931,2.7,43330
Nissan,2010,50122,1.9,37807
Nissan,2020,67121,2.6,24889
Hyundai,2022,64970,2.2,33583
Mazda,2021,43320,3.2,36700
Volkswagen,2022,63669,1.8,21920
Ford,2021,89791,2.3,35469
Kia,2022,110846,1.4,15970
Nissan,2019,5574,3.5,11079
Hyundai,2020,137173,2.5,12522
BMW,2020,22759,3.4,26035
Ford,2018,100038,1.7,39816
Nissan,2019,43002,1.9,18188
BMW,2018,90868,3.6,10547
Volkswagen,2020,84352,2.9,26817
BMW,2018,19319,1.4,20967
Ford,2013,116126,3.8,34585
BMW,2011,91384,4.0,12468
Volkswagen,2016,28909,3.1,12609
Kia,2022,8750,3.3,21040
Ford,2013,124294,1.7,26666
Kia,2023,98177,3.4,10795
Hyundai,2014,148071,1.7,41393
Mazda,2010,36106,3.7,21073
BMW,2020,91810,2.7,25481
Honda,2021,110306,1.8,28313
Kia,2019,27985,1.6,16426
Volkswagen,2022,125655,2.5,14493
Nissan,2015,10527,1.4,9918
Kia,2021,127582,3.9,19999
Nissan,2016,41066,1.8,11175
BMW,2012,113556,2.5,29560
Hyundai,2019,55678,3.0,16632
Toyota,2011,116206,3.2,5777
Ford,2022,51249,2.9,36190
Nissan,2021,72692,1.9,38138
Nissan,2021,81151,2.6,21485
Ford,2019,7794,2.2,44430
Toyota,2016,107547,1.6,9684
BMW,2010,53128,2.4,24146
Volkswagen,2011,93615,3.0,12138
Mazda,2012,77428,1.7,23567
Nissan,2013,140163,1.8,42334
Toyota,2014,130958,1.6,13969
Toyota,2013,96569,1.4,12626
Hyundai,2019,15396,3.8,30508
Nissan,2012,103415,3.6,29580
Kia,2010,43342,2.0,5774
BMW,2016,76424,2.9,12686
Volkswagen,2021,79824,3.5,31022
Toyota,2019,110664,2.4,23787
Hyundai,2015,30872,3.3,44665
Hyundai,2011,26215,3.7,8253
Ford,2011,9968,2.7,32909
Nissan,2012,99198,3.7,8028
Toyota,2017,46053,1.9,35721
Volkswagen,2017,136739,3.7,44926
Kia,2019,127611,3.5,5578
Honda,2019,130956,3.6,13294
Honda,2019,27091,1.4,22677
Kia,2021,27456,3.1,42208
Toyota,2019,141821,2.4,28524
Nissan,2020,131743,3.0,23404
Volkswagen,2023,121689,1.6,32775
Ford,2021,56290,2.0,19023
Nissan,2017,73605,2.3,9345
Mazda,2016,54502,3.3,23741
Nissan,2023,132185,2.8,6660
Nissan,2011,94128,1.4,17122
BMW,2010,93790,2.3,9310
Toyota,2015,117943,3.8,33605
Ford,2020,68081,1.9,31794
BMW,2017,121245,2.0,12006
Toyota,2010,60540,2.2,24769
Chevrolet,2012,112281,2.1,8106
Ford,2010,11734,1.7,16502
Toyota,2019,35632,2.2,23252
Honda,2018,90826,2.8,25713
BMW,2016,85175,3.2,28762
Chevrolet,2023,51614,3.1,13329
Ford,2017,115702,1.8,5559
Mazda,2018,57585,3.0,24268
Volkswagen,2012,15499,2.3,27782
Mazda,2019,128440,3.5,43254
Honda,2020,74193,2.3,35375
Honda,2011,67341,3.9,22483
Kia,2015,117829,3.0,10593
Kia,2014,84488,2.5,28342
Mazda,2013,77439,2.7,29746
BMW,2015,108603,1.9,33558
Nissan,2015,55694,3.2,15397
Toyota,2021,122827,3.9,11907
Volkswagen,2012,138992,2.7,9570
Chevrolet,2023,142400,4.0,21731
Volkswagen,2011,32798,1.8,35159
Honda,2018,126421,3.1,16209
Kia,2017,133474,3.2,38675
Nissan,2023,41579,2.2,26639
Hyundai,2013,103172,2.3,14983
Ford,2015,84973,3.9,40191
Hyundai,2012,65554,3.0,16893
Hyundai,2020,53515,3.4,44408
BMW,2017,142183,3.3,13543
BMW,2012,15919,3.0,31711
Kia,2011,88001,1.5,27916
Hyundai,2016,60926,3.1,6170
Chevrolet,2023,82911,2.3,8146
Honda,2012,32617,2.6,18467
Hyundai,2022,75899,3.6,41005
Nissan,2018,139273,3.9,35923
Ford,2012,11998,3.2,31398
Toyota,2017,43099,2.0,38734
Kia,2011,128959,2.2,12727
Kia,2018,114255,1.8,25953
Mazda,2010,143032,2.9,13935
Nissan,2021,43506,3.8,5796
BMW,2012,73959,3.5,30831
Honda,2020,135169,2.8,31412
Chevrolet,2023,81894,3.8,21276
Nissan,2011,139571,3.7,34104
Volkswagen,2022,26952,2.3,24376
Toyota,2023,87833,2.8,30082
Ford,2022,25823,2.2,18276
Mazda,2021,92587,1.4,17013
Nissan,2016,37701,2.6,37591
Mazda,2014,70436,3.4,24274
Toyota,2017,94816,3.0,25837
Hyundai,2011,25374,3.8,33189
Mazda,2017,69541,3.2,25603
Kia,2016,137272,1.8,16208
BMW,2021,94309,2.1,33821
Hyundai,2020,70657,1.7,38691
Nissan,2014,74906,3.5,30035
Ford,2011,112455,3.9,40519
Kia,2019,139887,2.0,20314
Toyota,2020,42175,3.4,36467
Hyundai,2016,22736,2.5,10522
Kia,2019,92142,2.3,36406
BMW,2013,135795,4.0,13805
Hyundai,2013,31905,2.3,25142
Honda,2017,149628,3.1,24503
Honda,2015,149516,3.3,16604
Hyundai,2018,55007,3.4,7436
Hyundai,2020,52774,3.6,30927
Honda,2011,136093,2.9,9650
Nissan,2014,45085,3.0,20225
Mazda,2015,142784,3.2,13731
Ford,2017,60965,1.8,22993
Kia,2013,148216,1.9,33677
Kia,2020,33462,3.4,44661
Toyota,2016,38737,1.8,23963
Ford,2020,35684,3.2,22987
Chevrolet,2016,13536,1.5,10662
Honda,2013,96841,2.3,41017
Chevrolet,2010,94997,3.1,10587
BMW,2012,8331,3.2,7904
Ford,2011,74831,3.0,35603
Volkswagen,2022,60300,2.5,13751
Toyota,2022,93363,2.1,29275
Hyundai,2021,86498,3.0,42608
BMW,2012,115103,1.9,11260
Mazda,2014,85609,1.6,24434
Volkswagen,2020,59423,1.5,40611
Ford,2021,52999,2.1,41318
Ford,2010,146557,1.5,40448
Chevrolet,2014,113556,2.0,18000
Nissan,2011,149337,2.2,18269
Chevrolet,2023,72024,2.3,19506
Kia,2013,10733,3.3,20104
Chevrolet,2015,60634,2.5,31317
Nissan,2018,118584,4.0,41176
Mazda,2019,87032,3.9,31199
BMW,2015,142998,4.0,6480
Honda,2019,48766,2.5,16657
Ford,2022,120741,1.5,26768
Hyundai,2020,6563,3.6,42985
Chevrolet,2021,86363,2.5,8546
Volkswagen,2011,117003,3.1,16752
Mazda,2017,84427,3.6,10144
Toyota,2014,29932,3.0,42079
Ford,2018,91474,3.3,14291
Nissan,2019,19026,2.0,43740
Kia,2018,147526,1.9,12835
Nissan,2013,126857,2.8,35221
Chevrolet,2022,42171,3.1,38480
BMW,2010,26043,3.7,25548
Kia,2020,22422,3.5,9976
Volkswagen,2023,33443,4.0,44436
Nissan,2018,147814,3.9,31893
Volkswagen,2018,34791,3.0,44769
Toyota,2017,132585,2.7,38513
Volkswagen,2014,86974,3.4,13491
Ford,2014,62265,2.1,42402
Mazda,2019,30877,2.3,43056
Kia,2015,116004,3.4,37724
Ford,2010,148175,3.9,10469
Hyundai,2018,110429,3.7,16273
Nissan,2014,74003,1.6,39207
Nissan,2016,6494,2.0,9677
Hyundai,2020,41901,2.1,32929
Volkswagen,2017,91785,2.4,39519
Ford,2014,54334,1.6,43440
Kia,2012,39004,2.0,33461
Kia,2015,148499,3.3,34996
Hyundai,2016,53606,2.0,38945
Nissan,2022,63888,3.9,23019
Hyundai,2023,70770,2.5,32654
Toyota,2013,5072,1.7,5676
Toyota,2018,99679,3.6,34617
Toyota,2023,27151,3.8,12361
Honda,2020,62971,3.8,18267
Mazda,2013,15531,2.7,23281
BMW,2020,117548,3.8,22639
Chevrolet,2019,82087,3.2,8315
Honda,2011,42030,1.9,20030
Kia,2018,36792,2.8,21648
Volkswagen,2013,143460,2.5,44838
Nissan,2013,45224,2.6,24554
Volkswagen,2019,51959,2.5,25060
Hyundai,2010,30544,1.9,26427
Nissan,2023,113523,2.4,13586
Chevrolet,2011,109421,2.7,11809
Chevrolet,2021,91351,2.1,32859
Ford,2012,115031,1.9,36348
Volkswagen,2016,106244,1.9,38356
BMW,2021,81545,1.9,12839
Chevrolet,2018,139700,2.6,33002
Mazda,2021,39727,1.9,19901
Ford,2014,39294,3.3,13860
BMW,2013,29223,2.3,6698
Nissan,2022,101240,3.8,30139
Volkswagen,2011,8519,1.6,10235
Volkswagen,2023,88615,2.2,22291
BMW,2022,27280,3.3,13276
BMW,2021,94910,3.2,15804
Chevrolet,2023,50079,2.5,18648
Nissan,2016,136448,3.7,6603
Ford,2015,136850,1.6,11316
Mazda,2021,108579,2.7,34296
Kia,2021,139667,1.9,15183
Kia,2016,83723,2.4,21056
Honda,2017,78025,3.2,17561
Mazda,2018,128934,1.7,43543
Nissan,2019,101962,1.5,11750
Nissan,2014,63150,2.5,36528
Ford,2020,89403,2.1,40920
Volkswagen,2014,51686,3.3,11376
Honda,2013,59947,1.6,37016
Ford,2020,68426,3.9,10657
Honda,2012,122387,3.0,10065
Volkswagen,2022,45252,2.7,31023
Hyundai,2016,30927,2.5,37647
Honda,2022,72034,3.3,21048
Ford,2022,125785,2.3,16943
Hyundai,2014,101647,3.4,8196
BMW,2016,55819,3.2,21641
Mazda,2011,57336,2.8,22076
Chevrolet,2018,108221,3.7,14934
Ford,2018,53773,2.3,5054
BMW,2022,93781,1.6,28195
Kia,2018,34581,2.4,7471
Kia,2022,104361,3.7,21322
Nissan,2022,93232,1.6,27991
Ford,2014,29486,3.4,23038
Toyota,2023,125426,3.5,7300
Chevrolet,2019,58785,2.5,34698
Toyota,2021,86141,1.9,28799
Mazda,2018,102620,2.3,14866
Nissan,2010,30503,2.4,15862
Chevrolet,2011,118329,3.8,32288
Hyundai,2019,62626,2.1,5833
Honda,2014,148093,3.9,43098
Chevrolet,2014,120658,1.7,42104
Volkswagen,2015,147370,3.9,23618
Hyundai,2023,65197,2.0,18917
Honda,2017,113585,1.8,41246
Mazda,2021,49976,1.7,33288
Kia,2010,77686,2.2,10642
Honda,2019,47552,3.0,23127
Volkswagen,2021,47377,3.1,43902
Nissan,2018,45123,2.4,27630
Honda,2013,98479,2.0,21110
Chevrolet,2017,95496,4.0,29070
Chevrolet,2021,15837,2.1,7213
Nissan,2022,24519,2.4,21387
Chevrolet,2021,91096,2.7,41405
Mazda,2014,28307,3.3,9347
Volkswagen,2010,24640,1.8,28799
Ford,2023,101716,2.1,5471
Ford,2018,68001,4.0,28453
Kia,2017,61615,3.5,7313
BMW,2014,119541,2.6,30835
Mazda,2023,16632,1.7,31549
BMW,2020,93362,3.7,10747
Ford,2023,26216,3.4,37518
Honda,2013,146196,2.9,38975
Honda,2017,32737,2.5,18843
Honda,2018,39839,3.8,27277
Chevrolet,2016,128211,2.2,35037
Chevrolet,2013,140356,2.2,23173
Toyota,2016,41303,3.7,31639
Honda,2015,44133,3.0,8169
Honda,2020,20298,3.9,42782
Hyundai,2021,5352,3.1,22179
Nissan,2012,8122,1.5,28442
Ford,2019,10207,1.9,16877
Chevrolet,2012,128739,2.1,12737
Volkswagen,2010,132142,3.7,34289
Chevrolet,2023,43593,3.6,24028
Volkswagen,2022,127569,3.5,25866
Toyota,2014,127279,2.8,20904
Volkswagen,2017,71706,1.8,5903
Chevrolet,2021,135309,1.7,39214
Kia,2015,86041,1.7,41265
Chevrolet,2017,141712,3.6,26787
Mazda,2016,64472,1.8,30500
Kia,2011,92165,3.5,19314
Honda,2017,82361,3.6,21051
Ford,2013,31181,1.7,34008
Volkswagen,2020,45074,3.7,26581
Chevrolet,2014,52030,3.7,15403
Chevrolet,2020,16125,3.1,17512
Volkswagen,2022,10801,2.7,25516
BMW,2017,60897,3.1,34457
Ford,2014,53266,2.5,8601
Hyundai,2014,95183,2.9,6220
Nissan,2015,7292,3.9,33747
Honda,2016,124362,1.7,9856
Kia,2018,19977,2.0,7319
Chevrolet,2023,47193,2.8,38443
Toyota,2020,119881,2.1,21481
Ford,2016,99745,4.0,14747
Volkswagen,2015,98694,3.3,33235
Chevrolet,2021,33964,2.5,6260
Kia,2019,63073,3.7,22558
Toyota,2013,95147,1.8,9088
Nissan,2023,51607,2.1,20648
Nissan,2020,37577,3.9,44558
Kia,2019,28572,2.8,12218
Ford,2021,84494,3.8,22455
Toyota,2011,46204,4.0,24534
Volkswagen,2020,62272,2.3,32390
Toyota,2022,142017,2.9,27852
Mazda,2020,102572,3.6,8263
Volkswagen,2018,26879,2.1,33407
Honda,2019,11319,2.6,23154
Hyundai,2020,50245,1.8,5945
Honda,2014,30791,3.1,30959
Hyundai,2014,91083,1.4,7952
Honda,2020,85195,2.6,13235
Toyota,2021,26658,3.8,31335
Ford,2012,68713,3.7,23648
Kia,2022,104835,3.5,18367
Chevrolet,2012,84975,1.8,26457
Hyundai,2010,25945,2.8,22418
Chevrolet,2021,105079,3.3,5104
Mazda,2020,77672,1.7,35695
Mazda,2014,15681,1.8,33625
Chevrolet,2012,47109,1.5,8664
Mazda,2020,141227,2.2,21027
Volkswagen,2011,28789,3.7,7054
Chevrolet,2020,66572,2.7,35763
Mazda,2018,34563,3.6,30793
Hyundai,2022,52358,1.6,7709
Ford,2023,21466,1.5,42111
Mazda,2019,55259,3.5,8968
Chevrolet,2015,29121,2.7,6633
Hyundai,2012,75010,2.6,13228
Chevrolet,2016,47884,2.6,35008
Nissan,2021,132192,2.4,28178
Toyota,2018,5636,3.7,26052
Toyota,2018,5799,2.8,26133
Toyota,2010,131663,3.9,11727
Honda,2011,121734,3.6,14808
Volkswagen,2017,38384,3.3,22262
Chevrolet,2020,30604,3.1,8334
Volkswagen,2010,50297,3.6,6448
Chevrolet,2020,137738,3.7,37365
Nissan,2021,5037,1.7,33394
Mazda,2020,131825,2.3,38507
Honda,2023,21647,3.5,19429
Ford,2012,132556,2.0,34881
Chevrolet,2020,27911,2.9,12971
Hyundai,2016,23137,3.4,32139
Mazda,2017,68960,2.0,5352
Kia,2014,57734,2.4,27073
Kia,2023,91076,3.8,42051
Ford,2011,123523,2.3,34383
Hyundai,2012,10861,3.0,9686
Toyota,2018,131009,2.5,21613
Honda,2022,102173,3.7,5320
Volkswagen,2020,103294,2.5,23917
BMW,2022,36946,2.3,44430
BMW,2019,57255,1.9,33495
Honda,2016,108056,2.3,29768
Mazda,2022,99376,3.1,20081
Nissan,2010,144087,1.9,11987
Mazda,2012,57009,3.2,5808
Kia,2018,38870,1.4,16849
Volkswagen,2016,45071,2.4,23217
Kia,2021,65079,2.6,9514
Chevrolet,2022,125690,1.6,43792
Kia,2022,29962,3.2,22200
BMW,2022,88532,1.7,27933
BMW,2023,55717,1.6,40131
Volkswagen,2011,58156,2.4,17299
Kia,2015,59962,3.3,40194
Honda,2018,90703,3.9,36011
Honda,2013,53101,3.4,16049
Ford,2019,103944,2.6,38662
Nissan,2011,25470,2.1,20440
Volkswagen,2012,114491,2.2,7974
Kia,2016,97350,2.1,16027
Volkswagen,2013,39867,2.1,34557
Mazda,2016,146906,1.6,44973
Toyota,2014,130268,2.0,7247
Hyundai,2023,85396,1.7,20631
Mazda,2017,82813,1.4,5571
Mazda,2017,92709,2.1,10727
Kia,2014,139821,2.3,20048
Toyota,2016,9746,3.8,38913
Honda,2020,63778,4.0,41067
Honda,2015,126883,2.9,28135
Mazda,2022,109806,3.7,8345
Nissan,2017,47399,3.0,26763
Honda,2018,107581,2.7,27699
Chevrolet,2014,32544,1.5,15587
Mazda,2016,108191,1.5,17962
Hyundai,2023,83490,1.5,12777
Toyota,2010,149085,1.8,33535
Ford,2020,66508,1.6,19881
BMW,2017,13668,1.9,7160
Volkswagen,2012,132300,2.7,9260
Mazda,2010,129198,2.7,14696
Honda,2015,26712,2.3,41239
Volkswagen,2023,10194,3.1,15212
Hyundai,2022,35549,2.4,33859
Kia,2017,52390,2.0,36851
BMW,2020,10350,3.2,33438
Nissan,2012,141768,3.9,41746
Ford,2010,102550,3.5,28154
Kia,2012,47248,2.5,18369
Hyundai,2014,103572,2.4,11744
Honda,2020,122623,1.5,37839
Chevrolet,2017,30597,3.1,27149
Toyota,2018,103393,2.0,15839
Kia,2022,39693,3.2,36443
Kia,2021,84147,3.4,10378
Ford,2018,130953,3.7,17089
Toyota,2013,100644,2.8,14238
Hyundai,2017,106551,3.6,41536
Volkswagen,2020,22532,3.3,15322
Volkswagen,2014,34398,2.3,6664
Toyota,2012,80330,1.7,29322
Nissan,2014,133713,2.0,19336
Mazda,2011,97276,3.6,29219
Nissan,2020,120118,2.8,12151
Nissan,2020,13015,3.1,5594
Kia,2020,16742,3.5,10004
Kia,2015,8542,3.1,37733
BMW,2010,137445,3.6,20128
Honda,2015,75375,1.6,32130
Hyundai,2022,58331,3.7,39029
Hyundai,2014,64992,3.5,42148
BMW,2022,82026,3.7,27902
Kia,2018,90934,3.3,40200
Ford,2022,142121,2.1,36727
Ford,2023,30704,1.7,20137
Honda,2016,30685,1.7,10690
Toyota,2015,69451,2.7,18536
Kia,2020,56702,2.4,14417
Volkswagen,2021,79233,3.1,42073
Volkswagen,2016,44796,2.7,20381
Kia,2019,30755,1.7,20028
Chevrolet,2014,133710,1.4,37244
Toyota,2010,108340,1.7,42185
Volkswagen,2018,28521,1.8,19550
Mazda,2014,70921,3.3,43146
Nissan,2013,35344,2.1,8757
Kia,2015,42539,1.6,32000
Chevrolet,2014,143352,3.4,37599
Mazda,2010,34594,3.8,30816
Nissan,2011,96514,1.7,24624
Nissan,2013,118152,3.9,33221
Honda,2017,8794,3.9,18701
Toyota,2014,129168,2.8,18764
Kia,2016,128777,2.2,26937
Chevrolet,2011,31980,1.8,27950
BMW,2017,69752,3.5,13143
Honda,2014,10229,3.0,5938
Ford,2013,139027,3.1,38108
Mazda,2018,99134,3.6,42242
BMW,2015,7953,2.6,15023
Mazda,2023,17010,2.4,12556
Kia,2013,142310,3.4,34920
Chevrolet,2017,148818,2.2,20938
Chevrolet,2012,51788,2.3,9608
Nissan,2023,14765,2.4,21190
BMW,2022,131833,3.6,11473
Chevrolet,2019,130076,3.4,15219
Volkswagen,2011,37419,2.2,9123
Mazda,2016,35427,1.8,43746
Nissan,2023,58703,2.4,43453
Kia,2021,149621,3.0,11774
Chevrolet,2013,11548,3.2,9490
Hyundai,2013,113138,1.9,18012
Kia,2019,77483,2.0,13484
BMW,2018,127472,3.8,36141
Volkswagen,2011,42996,2.4,5969
Toyota,2010,17467,2.2,39436
Ford,2016,37737,3.2,33118
Hyundai,2021,97146,2.6,23686
Nissan,2017,104782,2.0,8279
Mazda,2012,96123,2.5,22591
BMW,2011,112927,1.8,13594
BMW,2013,117276,2.1,38806
Toyota,2011,95568,2.5,23738
Hyundai,2021,25435,2.7,10272
Mazda,2011,24960,3.3,30568
Ford,2014,60805,2.4,20431
Honda,2019,102569,2.8,29244
Honda,2014,104442,3.9,33738
BMW,2017,122233,3.5,8243
Hyundai,2018,14552,2.0,5805
Toyota,2011,85330,2.0,34372
BMW,2010,114687,3.1,34252
Honda,2012,50105,2.9,25582
BMW,2015,82164,2.8,13942
Honda,2023,36092,1.8,16295
Hyundai,2014,80687,2.3,25219
Hyundai,2017,113625,3.4,41378
Toyota,2017,43959,3.3,6492
Nissan,2011,10765,1.8,12457
Nissan,2023,62732,2.5,43209
BMW,2018,90903,2.6,18428
BMW,2023,70391,2.7,30396
BMW,2023,86552,2.6,25279
Toyota,2013,54338,2.7,30161
Kia,2023,53247,3.5,34080
BMW,2010,73964,2.4,40541
Nissan,2023,111062,2.8,30524
Nissan,2011,106692,3.0,29400
Mazda,2023,101282,3.8,8541
Hyundai,2020,67422,3.1,28506
Kia,2015,83648,1.7,39492
Honda,2014,53069,2.9,19242
Nissan,2021,53599,3.1,41075
Ford,2016,11859,1.4,5594
Ford,2018,33570,1.6,17426
Nissan,2015,34148,1.4,44145
Ford,2015,138823,1.5,26019
Chevrolet,2011,142575,1.6,29708
Kia,2016,76779,3.9,37597
Hyundai,2011,110104,1.9,36389
Nissan,2022,106310,1.9,6385
Nissan,2016,101116,3.6,20535
Honda,2017,27224,3.4,29144
Kia,2021,77681,3.2,36943
BMW,2010,122211,2.5,13465
BMW,2018,130669,1.5,42384
Volkswagen,2017,58374,3.5,23099
Mazda,2018,24299,3.6,8082
Chevrolet,2014,149569,2.7,24907
Toyota,2022,96884,3.1,29065
Toyota,2023,64482,2.6,32418
Volkswagen,2013,59826,2.2,12569
Hyundai,2010,93109,2.8,7404
Toyota,2018,133865,3.2,15913
BMW,2023,135754,1.8,21821
Ford,2013,130276,2.8,44158
Mazda,2013,84458,3.4,6473
Kia,2013,69490,2.6,33727
BMW,2011,81543,1.8,5344
Honda,2021,5872,3.7,12401
Kia,2020,86330,3.2,5146
Toyota,2022,27388,3.0,34091
Honda,2013,60589,3.1,26062
Kia,2011,127021,2.0,41493
Nissan,2017,41800,2.7,36404
Chevrolet,2016,85223,2.2,29832
BMW,2020,77702,3.6,16443
Honda,2019,13885,2.9,28713
Volkswagen,2011,94362,3.3,8934
Chevrolet,2023,18026,3.1,23621
Kia,2011,58189,2.7,34515
Hyundai,2011,28585,3.5,36503
Volkswagen,2010,18006,3.0,12067
BMW,2022,33532,2.0,16909
Nissan,2015,11642,2.2,11938
Honda,2015,149628,3.6,14936
Ford,2010,47237,3.8,34324
Honda,2020,42996,2.8,42191
Chevrolet,2010,145211,2.4,29187
Honda,2015,124268,3.0,19890
Chevrolet,2020,70933,2.7,20659
Volkswagen,2015,119909,3.6,7003
Honda,2013,52374,3.6,44379
Volkswagen,2012,36117,2.6,21681
Nissan,2023,58106,3.5,34594
Nissan,2018,27112,1.9,24087
Chevrolet,2015,36100,2.4,11519
Kia,2010,135423,1.6,36789
Nissan,2012,22158,3.5,20875
Mazda,2010,103643,3.9,8586
Honda,2012,71832,2.9,9445
Mazda,2011,70823,3.4,33946
Honda,2014,120580,2.4,32932
Toyota,2012,123967,2.9,23933
Volkswagen,2016,56005,2.3,10355
Chevrolet,2017,26102,3.2,9372
BMW,2016,68673,2.0,34408
BMW,2011,30218,1.8,21906
Hyundai,2019,57824,3.7,21994
Kia,2019,126679,3.6,9134
Chevrolet,2016,131208,3.6,30137
Nissan,2019,23935,3.5,24227
Ford,2012,87029,3.3,7067
Kia,2016,50269,3.7,39470
Kia,2010,92613,1.9,34162
Ford,2011,144831,3.7,18720
Volkswagen,2021,108860,3.8,39686
Kia,2019,14549,3.3,19076
Toyota,2010,62125,3.0,36917
Kia,2018,108375,2.0,23119
Hyundai,2022,113872,3.7,21159
Mazda,2022,92932,2.9,29510
BMW,2011,46083,3.0,7927
Volkswagen,2011,70610,3.0,44793
Chevrolet,2015,138060,3.7,26803
Nissan,2016,111652,1.8,24368
Toyota,2023,110591,1.6,11739
Volkswagen,2022,73619,2.0,28560
Mazda,2011,90738,2.7,21844
Hyundai,2023,53934,2.6,6061
Mazda,2013,49939,2.7,7171
Chevrolet,2012,149928,1.7,8933
Ford,2022,40833,3.5,25004
Nissan,2014,12954,2.2,39089
Ford,2018,53338,3.8,32798
Honda,2011,41936,3.6,10194
Hyundai,2022,90932,1.6,17278
Nissan,2014,61338,1.5,10775
Chevrolet,2017,11308,3.0,13060
Volkswagen,2015,138986,1.6,41465
BMW,2013,115020,2.9,16418
Nissan,2019,47301,1.6,24245
Volkswagen,2017,90854,2.6,27035
Volkswagen,2012,73237,2.5,30429
Honda,2013,105449,2.9,20788
Toyota,2020,60611,2.3,23719
Hyundai,2018,78023,1.8,12455
Hyundai,2014,129159,3.6,44542
Honda,2015,59825,2.2,25656
Ford,2021,54556,1.6,32687
Ford,2020,39692,2.7,19340
Chevrolet,2011,129737,3.7,8175
Toyota,2018,94541,2.1,30352
Volkswagen,2017,120569,2.6,34126
Kia,2016,67652,2.4,15897
Kia,2018,76559,1.5,39733
Ford,2014,129819,3.7,33391
Honda,2014,86283,3.4,32648
Toyota,2020,118806,1.6,18552
Mazda,2020,88165,1.7,41217
BMW,2018,79167,1.4,8789
Toyota,2020,89868,4.0,5727
Chevrolet,2014,78663,2.5,7553
Volkswagen,2018,23989,3.8,6744
Volkswagen,2010,93397,2.5,24024
Hyundai,2019,88014,1.7,27763
Nissan,2019,116557,2.3,18844
Nissan,2020,141173,2.5,41207
Hyundai,2017,137146,1.9,36522
Chevrolet,2012,21399,1.5,38977
Volkswagen,2022,39295,2.2,43777
Nissan,2017,127930,2.8,39529
Nissan,2014,103015,2.1,27732
BMW,2011,73735,3.9,27669
Nissan,2018,81969,2.7,43467
Volkswagen,2013,68242,1.7,25861
Chevrolet,2023,45568,2.5,39775
Mazda,2023,114532,3.2,19739
Ford,2016,84027,2.7,7911
Toyota,2021,105296,2.3,37278
Honda,2017,122641,1.7,39829
Kia,2016,55083,2.6,12509
Toyota,2020,17805,1.7,29272
BMW,2015,89058,2.4,8841
Nissan,2023,140361,1.7,7786
Chevrolet,2021,57552,3.2,20459
Mazda,2016,96199,3.4,23573
Kia,2013,149677,2.0,42395
Hyundai,2019,115532,1.6,15459
Mazda,2010,144489,2.3,44160
Ford,2014,15573,2.9,6771
Nissan,2017,82769,3.4,32586
Honda,2019,32710,2.4,40972
Kia,2015,137974,2.4,43835
Nissan,2014,115150,3.8,39618
Kia,2011,139675,2.6,30652
Honda,2019,92372,2.6,44182
Ford,2021,78972,2.5,40665
Hyundai,2014,113607,2.3,25227
Volkswagen,2019,137832,3.3,20777
Chevrolet,2021,100497,2.1,8820
Mazda,2012,109609,2.4,39004
Toyota,2022,32692,2.1,41561
Hyundai,2011,127686,2.9,24251
Hyundai,2023,111520,3.9,17451
BMW,2012,117510,2.4,16874
Kia,2013,91315,3.9,20033
Kia,2011,75880,3.1,31849
BMW,2023,144337,3.5,29493
Mazda,2013,51195,2.3,41545
Kia,2013,19916,2.0,33495
Volkswagen,2015,148334,2.9,9507
Chevrolet,2021,18873,4.0,14373
Toyota,2014,52011,3.2,35238
Toyota,2016,9187,3.2,31597
Honda,2020,81522,2.6,18254
Honda,2016,104714,3.7,26329
Chevrolet,2012,131366,3.2,31543
Nissan,2018,41380,3.2,11228
Nissan,2016,28723,2.2,34279
Hyundai,2016,107771,3.9,6615
Hyundai,2011,133497,2.1,43161
BMW,2021,108659,2.8,39581
Ford,2019,18460,2.3,13474
Honda,2012,102055,1.9,36819
Ford,2012,25379,1.8,17264
Kia,2021,49718,2.2,30835
Toyota,2022,144874,3.2,30831
Hyundai,2015,143717,3.9,32465
Nissan,2013,137910,3.6,9259
Chevrolet,2013,77220,2.0,37198
Honda,2010,67849,1.6,28410
Toyota,2015,61447,3.2,37898
Mazda,2017,45382,1.5,38867
Chevrolet,2017,92619,3.6,14439
Ford,2017,45953,3.5,27078
Volkswagen,2014,28536,3.5,7418
Ford,2019,11182,2.8,21733
Honda,2015,107723,3.9,42769
Chevrolet,2014,111547,2.6,43821
Volkswagen,2013,110395,4.0,13211
Kia,2021,21284,3.7,20374
Mazda,2013,15375,1.7,28956
Ford,2013,63771,3.7,15078
Mazda,2013,53709,2.2,5402
Chevrolet,2023,28788,3.4,15218
Toyota,2015,119755,1.4,8719
Chevrolet,2015,148078,2.1,42289
Nissan,2014,145437,3.4,25077
Volkswagen,2021,58728,3.9,23035
Toyota,2020,11056,1.8,37750
Ford,2023,128140,2.6,19608
Kia,2020,64657,2.9,29937
Mazda,2018,12223,3.9,35731
Chevrolet,2017,36573,2.6,18918
BMW,2019,109855,3.8,13060
Honda,2015,101724,3.9,40655
Ford,2020,25323,3.8,28805
Honda,2018,134785,3.3,7257
Toyota,2014,93577,1.7,17137
Nissan,2019,79920,3.0,23548
Ford,2013,48582,3.4,23629
Nissan,2023,71201,3.9,24612
Nissan,2015,14793,3.4,13593
Kia,2013,12452,2.8,19316
Toyota,2017,60749,1.9,13810
Chevrolet,2016,63048,2.6,36830
BMW,2014,32943,3.1,38592
Volkswagen,2019,65797,2.2,25472
Nissan,2015,32225,2.6,8811
Toyota,2020,45158,1.4,37563
Kia,2016,126288,3.7,14754
Ford,2011,94535,1.5,26044
Hyundai,2018,21739,2.5,13204
Hyundai,2016,56074,2.7,7710
BMW,2017,140399,3.9,35442
Kia,2023,8338,3.8,28261
Toyota,2014,136867,3.1,44609
Kia,2012,87109,2.9,18534
Volkswagen,2011,82871,2.4,7345
Volkswagen,2011,61603,1.5,43934
Chevrolet,2012,84807,2.1,31087
Hyundai,2010,53129,3.6,44681
Hyundai,2010,80978,3.1,38485
Volkswagen,2016,129559,3.5,25854
Kia,2019,132234,3.6,17697
BMW,2021,109374,1.6,12061
BMW,2020,124081,2.3,23733
Nissan,2017,118308,3.2,29935
Ford,2015,67878,3.6,33369
Hyundai,2016,80891,3.5,38645
Volkswagen,2010,120240,2.5,15575
Kia,2023,31662,3.8,22897
Toyota,2010,148158,2.2,5398
Ford,2018,44640,2.4,6255
BMW,2014,37369,1.9,26842
Honda,2016,74694,2.0,39375
Honda,2015,104258,1.4,38662
Kia,2013,84968,2.2,8856
Mazda,2010,84259,2.2,15129
Mazda,2013,114073,1.6,36809
Hyundai,2019,44636,2.3,25847
Toyota,2019,98863,2.2,42655
Nissan,2017,49603,3.5,44566
Kia,2022,120796,1.8,20194
Honda,2021,23180,3.3,25181
Honda,2020,75821,1.7,20662
Toyota,2022,23595,2.7,28756
Hyundai,2010,67693,3.3,6776
Mazda,2011,105945,3.0,9194
Chevrolet,2017,24612,3.1,41735
Hyundai,2011,69505,1.9,29923
Hyundai,2020,141894,3.6,38206
BMW,2022,116857,3.9,30644
Nissan,2021,103013,1.8,8799
Nissan,2019,28719,3.7,41198
Honda,2018,62464,2.4,18348
Nissan,2012,139791,3.2,35307
Honda,2012,90833,2.7,43327
Hyundai,2015,83462,3.5,27192
Toyota,2012,66168,1.5,33153
Chevrolet,2018,102786,2.2,29001
Toyota,2020,131384,1.5,42817
Hyundai,2017,53533,3.8,30339
Volkswagen,2013,101755,1.8,14780
Kia,2015,93738,2.5,27376
Mazda,2017,146187,3.1,31085
Kia,2013,26522,2.6,31750
Chevrolet,2022,14968,2.8,7955
Nissan,2014,58808,1.9,31866
Kia,2016,123265,1.6,16092
Nissan,2017,27681,2.1,26532
Hyundai,2016,24251,2.2,16370
Chevrolet,2017,41317,2.5,27244
BMW,2013,60679,2.2,27003
Mazda,2010,72290,1.5,16957
Mazda,2015,127383,1.6,41458
Volkswagen,2014,144310,3.2,5695
BMW,2020,144087,1.6,7536
Honda,2013,77033,1.5,37405
Mazda,2011,57091,3.5,38539
Ford,2010,18734,1.5,40295
Honda,2018,59917,1.6,30871
Mazda,2021,57028,2.8,31947
Hyundai,2011,30812,2.6,37283
Chevrolet,2018,36882,3.9,34659
Chevrolet,2015,38775,3.8,17008
Ford,2022,140901,3.1,36961
Hyundai,2015,31714,1.6,24174
Ford,2011,99522,2.7,23781
Nissan,2015,21362,1.5,23545
Toyota,2012,39054,3.8,31292
Mazda,2016,95479,3.1,12304
Hyundai,2022,132804,2.9,38193
Toyota,2019,9920,2.5,37890
Toyota,2013,106420,2.7,9149
Chevrolet,2018,93310,2.4,20690
Chevrolet,2014,17323,1.7,19200
BMW,2021,66741,3.1,6432
Nissan,2019,8834,4.0,44009
Hyundai,2012,138501,1.7,6114
Volkswagen,2010,84725,4.0,18833
Hyundai,2010,63036,3.7,17529
Nissan,2022,32605,3.7,10060
Chevrolet,2013,118054,3.6,21779
Chevrolet,2019,66758,3.8,7311
Mazda,2019,128637,2.0,21069
Kia,2013,90544,2.5,9439
Chevrolet,2018,10553,2.6,30368
Ford,2017,80834,1.6,7860
Mazda,2013,148536,4.0,21558
Honda,2015,104869,3.2,26693
Kia,2016,122804,2.6,7262
Kia,2019,13500,4.0,8290
Ford,2017,29729,2.1,7412
Kia,2013,101239,2.3,37260
Volkswagen,2010,137235,1.9,41576
Chevrolet,2014,56968,1.9,42557
Chevrolet,2023,62728,1.9,6406
Mazda,2010,115215,3.0,24359
Nissan,2020,56947,2.2,33465
Ford,2020,99831,3.9,42565
Chevrolet,2013,104360,3.5,32963
Toyota,2016,47691,1.8,30382
BMW,2016,16634,3.6,34772
Chevrolet,2010,20719,2.3,38915
Hyundai,2018,14861,2.0,10243
Toyota,2011,131907,3.4,38484
Nissan,2014,139846,3.6,24619
Toyota,2015,6459,3.9,34195
Kia,2010,111437,2.5,17783
BMW,2023,5005,2.9,10226
Honda,2021,133804,3.0,14404
BMW,2011,77474,3.0,41718
Chevrolet,2016,13109,2.4,29811
Mazda,2015,8829,1.8,33438
Volkswagen,2015,19148,1.6,29860
Nissan,2015,14077,3.8,11807
Mazda,2023,105374,2.4,16413
Chevrolet,2023,103464,1.9,33171
Mazda,2016,47177,4.0,30423
Hyundai,2019,21551,3.5,29768
Toyota,2021,107216,4.0,9978
Volkswagen,2023,122290,2.1,30501
Chevrolet,2023,9439,2.6,39851
Kia,2021,91027,3.5,11566
Nissan,2018,80281,2.8,26177
Kia,2018,120137,2.3,25021
Toyota,2011,89457,1.8,13457
Volkswagen,2011,84014,2.9,15296
Toyota,2014,66904,3.0,24659
Ford,2019,89877,3.3,15318
Kia,2016,84582,3.5,44675
Toyota,2021,7664,1.7,44293
Toyota,2023,58254,3.0,35749
Mazda,2021,139306,3.4,38588
Chevrolet,2022,51274,2.4,28680
Mazda,2012,23561,2.1,15833
Ford,2012,134242,2.6,39086
BMW,2013,133830,2.2,19219
BMW,2012,99451,2.7,27705
Mazda,2012,113981,2.2,27524
Honda,2017,17594,2.5,44130
Kia,2016,35504,3.8,23011
Mazda,2022,136972,3.8,29599
Hyundai,2016,129500,4.0,15236
Hyundai,2023,38516,2.7,32203
Nissan,2019,59024,1.8,24899
Ford,2011,110835,3.7,44165
Ford,2020,38795,3.0,16931
Mazda,2018,130721,3.3,30918
Volkswagen,2022,104444,1.8,10570
Toyota,2015,119347,2.2,11802
Chevrolet,2023,111733,2.1,27676
Toyota,2012,100369,2.9,26814
Toyota,2018,26209,4.0,17064
Ford,2018,9553,3.0,28973
Ford,2015,114028,2.9,27024
Hyundai,2022,35714,3.4,11193
Ford,2019,55906,2.3,19942
Mazda,2015,28376,2.1,17319
Hyundai,2017,39378,3.6,13086
Kia,2017,107743,3.9,36603
Toyota,2015,18650,2.5,32221
Kia,2016,134259,1.5,42342
Toyota,2013,63831,1.9,43313
Toyota,2010,9758,3.6,42828
Nissan,2013,126207,1.7,25121
Toyota,2017,98306,3.4,21474
Volkswagen,2021,103549,3.0,22372
Kia,2022,145541,3.3,39639
Toyota,2017,146592,2.1,17471
Honda,2023,122020,1.4,20321
Honda,2011,79032,1.5,41871
Honda,2016,114418,3.3,18514
Mazda,2022,128286,3.0,23241
Hyundai,2010,54146,3.6,24840
Kia,2011,66771,2.4,34696
Toyota,2023,130232,2.8,44251
BMW,2017,31613,3.4,36529
Hyundai,2020,106270,2.7,9687
BMW,2019,146980,4.0,38583
Chevrolet,2022,32396,3.3,6986
Volkswagen,2022,50606,3.2,17286
Chevrolet,2013,74538,3.5,29554
Ford,2023,6360,3.4,34604
Hyundai,2012,120127,2.0,32880
BMW,2023,140425,1.9,31147
Nissan,2011,87702,3.0,30590
Toyota,2020,80542,2.5,17097
Mazda,2015,31649,3.7,27904
Kia,2013,126354,2.2,37286
Toyota,2012,81159,2.3,35375
Kia,2012,62805,1.8,23510
Nissan,2019,121439,4.0,10792
Toyota,2012,38606,1.7,33865
Volkswagen,2021,122897,4.0,24633
Ford,2017,73320,3.2,27871
Honda,2018,70376,1.6,29154
Nissan,2018,92514,1.8,22522
Ford,2014,137423,2.3,12262
Toyota,2010,70741,2.1,18254
BMW,2019,132185,3.9,24965
Ford,2014,93665,3.0,22433
Mazda,2010,77438,1.6,7497
Ford,2018,43270,2.8,25879
Chevrolet,2022,67330,3.7,15127
Volkswagen,2019,118546,2.5,40158
Nissan,2022,59930,3.1,25464
Honda,2017,134323,3.4,11951
Toyota,2016,8336,1.9,33711
Nissan,2011,61037,3.6,35046
Hyundai,2011,45310,2.6,16264
Nissan,2023,31684,1.5,42844
Mazda,2013,138427,3.7,18959
Nissan,2018,68286,2.9,18330
Hyundai,2023,106703,1.9,13183
Ford,2018,11737,2.2,41654
Chevrolet,2023,119313,2.9,11775
Ford,2017,104324,2.4,14754
Ford,2020,5240,2.0,27228
Hyundai,2014,138124,2.6,21234
Kia,2023,10334,1.9,14421
Honda,2016,104906,2.0,23635
Hyundai,2021,63758,3.5,11779
Ford,2018,120056,2.0,13629
Nissan,2012,88996,3.2,33612
Honda,2013,84664,2.1,35776
Toyota,2011,96558,2.0,24638
BMW,2018,110413,2.1,24910
Toyota,2016,62352,2.6,43148
Mazda,2015,36943,1.8,28266
Ford,2014,107733,1.7,27621
Nissan,2021,146541,3.4,14129
Kia,2016,128272,1.5,35538
Chevrolet,2012,88771,2.4,11087
Chevrolet,2014,59579,2.4,19508
Honda,2011,37074,3.7,8873
Kia,2014,46738,3.4,11750
BMW,2016,129578,2.7,10972
Toyota,2020,119467,2.6,15703
BMW,2019,32830,2.9,27743
Volkswagen,2020,9482,2.3,31837
Toyota,2016,142324,3.2,17473
Toyota,2018,93402,3.2,42644
Toyota,2012,139343,2.9,6288
Nissan,2017,146876,1.6,19060
Hyundai,2014,8508,1.7,27382
Nissan,2016,44744,1.5,14543
Chevrolet,2010,25276,3.3,17758
Nissan,2010,25701,2.6,5048
BMW,2013,119341,3.9,20497
Nissan,2014,56018,3.9,40944
Hyundai,2022,96164,3.5,25146
Honda,2019,57924,2.6,42042
Kia,2012,32618,2.2,14031
Honda,2015,118628,1.9,27420
Volkswagen,2012,134508,2.0,40688
Chevrolet,2014,138167,4.0,39008
Volkswagen,2020,49800,2.8,28560
Volkswagen,2022,79554,1.4,33521
Kia,2010,42463,1.5,37367
Kia,2012,28098,2.6,30130
Hyundai,2016,79800,2.6,26157
Hyundai,2012,122463,2.5,31155
Honda,2014,53673,3.5,34513
Hyundai,2016,141439,3.2,13431
Hyundai,2022,35525,1.7,34593
Mazda,2011,60585,2.3,32098
Ford,2012,26014,3.0,33471
Honda,2013,94618,2.4,14301
Kia,2014,141574,1.9,29759
Honda,2021,116711,3.0,18997
Kia,2018,31874,3.0,5752
Nissan,2018,57123,3.9,41243
Ford,2013,33505,2.9,44129
Mazda,2023,107704,3.7,39084
Mazda,2018,84435,3.9,13611
BMW,2013,116582,2.5,35172
Chevrolet,2011,68035,1.5,43517
Kia,2019,58194,1.8,13006
Chevrolet,2010,129343,2.7,28242
Nissan,2016,121199,3.7,27199
Mazda,2013,76153,3.1,9290
Nissan,2021,82201,1.9,5546
Volkswagen,2017,37412,3.2,38152
Ford,2017,118646,3.7,30536
BMW,2021,9471,1.5,10088
Nissan,2017,121409,2.0,8946
BMW,2015,119206,1.8,9719
Ford,2018,19877,3.4,33098
Honda,2023,83505,3.7,18655
Nissan,2013,85970,2.8,44522
Hyundai,2014,106581,3.6,43524
Toyota,2013,17131,3.1,29935
Mazda,2014,147208,3.1,6402
Mazda,2011,90419,2.9,7639
Mazda,2014,16110,1.5,34422
Honda,2019,137516,3.8,9713
Toyota,2017,85544,2.3,6101
Ford,2018,121217,3.5,20545
Honda,2016,131119,3.5,32016
Mazda,2016,103316,3.9,41754
Mazda,2023,36713,2.2,19457
Chevrolet,2015,35373,4.0,18001
BMW,2011,53308,2.2,31814
BMW,2019,25771,2.6,31777
Chevrolet,2021,149999,3.2,15125
Volkswagen,2020,85494,1.8,31918
Chevrolet,2019,59748,2.1,40869
BMW,2022,36559,3.3,29204
Mazda,2018,67896,3.9,40942
Hyundai,2023,58405,3.3,21448
BMW,2014,132373,3.6,17662
Toyota,2015,76735,1.5,30217
Hyundai,2010,22480,2.9,31646
Honda,2014,22353,3.8,27817
BMW,2015,66018,3.2,31665
Ford,2019,133706,3.2,10289
Nissan,2020,94471,1.9,19148
Nissan,2011,149119,3.6,8039
Toyota,2016,21082,3.6,27729
Kia,2023,117254,3.0,37215
Nissan,2013,42958,2.5,18346
Toyota,2014,49637,3.5,38502
Kia,2012,100847,2.6,11187
Honda,2014,52548,3.5,7863
Kia,2021,12364,2.7,15033
Ford,2013,82247,2.9,43383
BMW,2021,88240,3.3,16220
Nissan,2023,41227,2.1,13009
Mazda,2019,138441,2.0,16354
Chevrolet,2015,23852,3.1,15016
BMW,2011,48553,3.9,6551
Honda,2012,96769,2.6,19763
Honda,2021,147641,3.7,40951
Toyota,2019,25421,2.7,19554
Volkswagen,2010,98993,3.9,13461
Kia,2016,55816,3.5,37713
Kia,2018,58025,3.6,27478
Toyota,2011,120337,3.2,21853
Chevrolet,2016,43148,3.7,5069
Mazda,2012,45619,2.9,7170
Honda,2014,32282,2.9,14842
BMW,2015,101673,3.7,41442
Chevrolet,2017,110500,1.4,13028
Mazda,2013,82413,2.6,24675
Volkswagen,2011,67926,3.7,19482
BMW,2012,67205,1.9,20421
Toyota,2017,64153,3.9,14865
BMW,2016,144130,3.3,25535
Ford,2015,43448,3.4,17042
Volkswagen,2014,72648,3.1,19571
Toyota,2020,46635,2.6,35287
Toyota,2014,68711,2.6,30990
Toyota,2010,5325,3.6,37564
Nissan,2023,119236,1.8,13003
Chevrolet,2015,90183,2.8,21015
Mazda,2022,45807,2.2,40515
Kia,2018,86353,4.0,10247
Honda,2017,25637,1.4,38672
Honda,2021,111439,1.6,10040
Ford,2019,69843,3.9,41131
Ford,2010,38424,2.8,39056
Ford,2020,7210,1.8,22695
Hyundai,2022,98357,2.6,5749
Ford,2015,79628,2.2,43712
Honda,2012,45236,3.8,21729
Volkswagen,2015,50386,3.2,14362
Mazda,2018,135105,1.7,38652
Ford,2015,61507,2.8,10443
Volkswagen,2017,64831,1.7,39111
Hyundai,2023,128923,3.1,28646
Hyundai,2015,48543,3.3,7700
Kia,2015,115170,2.9,32885
Nissan,2016,69450,3.9,6711
Nissan,2020,100795,3.9,38395
BMW,2022,54801,1.9,6455
Nissan,2019,26144,1.4,8783
BMW,2020,90211,3.1,5063
Chevrolet,2013,126809,2.6,40197
Nissan,2022,65265,2.3,30038
Hyundai,2022,72584,3.8,8399
Kia,2017,102747,3.9,15248
Volkswagen,2013,66422,3.8,34102
Ford,2016,32672,2.7,29811
Nissan,2010,75859,3.2,10774
BMW,2021,137966,1.8,31865
Volkswagen,2018,136053,3.9,36714
Toyota,2019,141392,2.1,33305
Honda,2018,149297,1.9,25625
Nissan,2016,118512,1.6,33678
Honda,2017,33125,2.8,9817
Nissan,2011,123063,3.9,18545
Toyota,2019,131902,1.8,6842
Ford,2023,142959,1.7,23338
Chevrolet,2023,127587,2.1,31469
Mazda,2021,68448,3.1,19867
Volkswagen,2019,13145,2.8,34641
Volkswagen,2016,98719,1.7,6676
Ford,2010,25561,2.5,9724
Kia,2012,90675,1.6,11679
Hyundai,2015,126378,3.6,38705
Nissan,2014,93240,1.7,26438
Mazda,2014,52759,2.6,26618
Kia,2018,43102,2.7,44725
Mazda,2015,79715,2.8,15172
Hyundai,2012,113811,3.0,7378
Honda,2011,40886,3.2,31488
Nissan,2023,6083,1.4,31383
Hyundai,2018,130488,1.5,9642
Volkswagen,2019,63999,3.0,11604
Volkswagen,2023,111535,1.9,17013
Nissan,2013,116961,3.6,19600
Chevrolet,2020,126268,3.0,41830
Ford,2014,97565,3.9,40235
Ford,2018,87663,3.3,6962
Volkswagen,2014,41050,1.6,43422
Volkswagen,2016,58285,1.8,33848
Hyundai,2011,142683,1.5,10599
Toyota,2011,48324,3.3,8055
BMW,2013,63450,1.7,30088
Chevrolet,2017,57579,3.1,30137
Kia,2011,128509,2.8,44196
BMW,2019,66978,3.0,13193
Hyundai,2016,27140,2.7,37847
BMW,2022,44209,1.4,37480
BMW,2022,144048,2.1,30753
Hyundai,2010,63826,3.7,38866
Volkswagen,2018,133630,3.8,29838
Volkswagen,2019,26877,1.7,15021
Nissan,2015,139205,3.9,37408
BMW,2020,147781,3.1,6715
Kia,2010,7134,3.8,16703
Hyundai,2019,63491,2.4,7353
Kia,2015,27501,1.7,9551
Mazda,2023,135566,2.2,41187
Ford,2014,124429,3.2,26276
Nissan,2023,31906,3.5,12874
Ford,2021,93965,1.5,26539
Nissan,2014,38596,2.7,38029
Chevrolet,2014,48233,1.6,44808
Hyundai,2013,41233,3.6,43990
Ford,2016,133287,2.6,9430
Kia,2022,32967,3.8,31635
Hyundai,2018,87392,1.6,35519
Kia,2022,109846,2.3,38663
BMW,2013,81303,3.2,11911
Ford,2011,6896,2.2,41410
BMW,2011,63233,3.6,14139
Volkswagen,2011,147763,4.0,30636
Mazda,2016,88531,2.1,30703
Chevrolet,2013,29761,2.3,42926
Chevrolet,2013,8213,3.9,35262
Ford,2010,123703,2.3,33099
Honda,2013,120979,2.8,43844
Mazda,2015,34676,3.4,38289
Toyota,2011,16240,2.5,16340
Nissan,2013,127737,2.4,44686
Chevrolet,2020,103065,2.7,36044
Hyundai,2016,90022,3.4,42878
Volkswagen,2022,25227,2.2,12505
BMW,2018,121332,2.3,13198
Toyota,2011,5654,1.9,27437
Hyundai,2017,69698,3.2,18831
Ford,2023,123472,3.7,5870
Mazda,2015,123639,1.9,39547
Chevrolet,2017,18135,1.5,5892
Nissan,2011,91686,2.4,8188
Toyota,2023,90656,2.5,21537
Chevrolet,2020,69183,3.1,25741
Honda,2010,145544,1.6,25305
Honda,2016,42692,3.5,27329
Honda,2022,32714,2.9,17645
Volkswagen,2018,58161,2.8,37777
BMW,2018,91879,2.2,41107
Ford,2011,49767,2.3,37148
Hyundai,2013,31608,1.5,11164
Chevrolet,2022,104933,3.4,31458
Hyundai,2010,139321,3.0,12465
Hyundai,2020,21844,3.9,6867
Chevrolet,2016,87209,2.3,31365
BMW,2011,64857,3.1,25721
Volkswagen,2013,5223,3.8,34554
Volkswagen,2021,7445,3.3,12771
Mazda,2011,127015,1.5,37364
Ford,2010,87373,3.0,27168
Mazda,2016,35544,2.8,5678
BMW,2015,102031,2.7,19906
Hyundai,2011,141983,2.8,40278
Ford,2023,115594,2.6,18466
Mazda,2013,148952,3.2,38762
Mazda,2021,49835,1.4,36364
Honda,2020,10479,1.9,20491
Volkswagen,2012,128728,2.4,27195
Kia,2021,117568,2.6,21723
Mazda,2012,8386,1.7,32909
Toyota,2012,58853,3.5,15855
Honda,2020,43933,3.8,23979
Hyundai,2013,70291,3.4,43288
Nissan,2010,96540,3.8,39160
Volkswagen,2010,25309,3.3,29612
BMW,2016,48575,2.5,29299
Chevrolet,2014,54890,2.4,21354
BMW,2012,108055,1.8,17472
Honda,2018,101800,1.6,31360
Toyota,2014,61948,2.0,10130
BMW,2019,72754,2.8,9453
Toyota,2012,143987,1.8,8216
Chevrolet,2018,114735,3.9,44902
Nissan,2010,36577,2.0,10074
Volkswagen,2023,144598,3.6,30244
Volkswagen,2018,104482,3.5,14292
Kia,2023,87549,1.8,39964
Toyota,2014,38677,3.2,30956
Chevrolet,2015,98082,3.5,17100
Mazda,2011,108733,3.7,25018
Mazda,2017,68319,3.9,43542
Hyundai,2012,88899,3.8,34699
Toyota,2010,140847,2.2,22406
Ford,2016,65739,2.1,40266
BMW,2021,5729,2.4,11812
Hyundai,2012,98411,2.6,43666
Hyundai,2013,101446,2.0,34658
Hyundai,2014,12905,1.6,40957
Chevrolet,2010,57172,3.1,42990
Volkswagen,2020,76868,1.9,17770
Hyundai,2020,41032,3.8,22464
Volkswagen,2018,116178,2.1,29964
Volkswagen,2016,24427,1.9,29335
Toyota,2011,138262,1.9,40668
Chevrolet,2022,130121,2.2,17061
Volkswagen,2010,81297,3.0,26745
Hyundai,2023,126994,3.9,43308
Chevrolet,2020,34725,2.7,7050
Hyundai,2011,95034,3.0,27201
Honda,2012,133041,3.6,24015
BMW,2021,49259,2.3,31260
Honda,2012,72500,1.9,40257
Honda,2017,67943,2.5,40303
Toyota,2014,128296,2.2,27128
Ford,2018,37678,3.7,31787
BMW,2012,32848,3.9,38823
Toyota,2015,137416,3.2,43213
Hyundai,2013,106041,3.1,28902
Toyota,2017,48567,3.3,10962
Hyundai,2021,111325,2.6,17229
Ford,2010,102114,3.0,18451
Volkswagen,2013,32973,1.6,23468
Toyota,2016,26302,2.7,7078
Kia,2018,51897,2.3,30219
Volkswagen,2022,42173,1.5,39446
Nissan,2010,42560,2.8,19565
Toyota,2017,74249,2.3,29236
Hyundai,2011,114846,2.9,35859
BMW,2013,82524,2.7,25041
Toyota,2013,129530,2.1,39053
Hyundai,2023,16740,2.8,16413
Ford,2017,120206,2.4,30566
Honda,2020,34598,3.8,37711
Toyota,2011,123718,2.4,28270
Mazda,2016,102335,1.5,26949
Nissan,2012,93255,3.4,16138
Mazda,2018,119767,3.9,36362
Volkswagen,2014,84131,1.8,42682
Volkswagen,2023,68915,3.9,6289
Honda,2021,78830,3.0,8629
Honda,2017,128608,3.6,33779
Volkswagen,2014,132117,2.6,15911
Toyota,2010,70108,3.0,7667
Chevrolet,2018,40218,3.6,19531
Toyota,2019,79683,4.0,32497
Nissan,2020,30315,1.9,41350
Volkswagen,2021,38330,3.7,11588
Mazda,2016,26394,3.1,28531
Honda,2013,105003,3.9,31832
Mazda,2016,93314,2.2,35527
Volkswagen,2014,112220,2.0,19838
Ford,2019,129313,2.4,34631
Volkswagen,2023,20010,3.7,16870
Kia,2018,142300,2.6,40065
Nissan,2011,36234,3.9,15643
Kia,2013,123788,2.0,8364
BMW,2015,89202,2.0,39936
Mazda,2020,5374,3.2,21057
Ford,2014,105626,2.2,19848
Nissan,2010,98985,1.7,38742
Hyundai,2018,96667,2.4,39902
BMW,2018,30499,2.1,28991
Chevrolet,2012,145104,2.5,16588
Kia,2013,35089,1.9,5058
Nissan,2013,131952,3.9,22678
Nissan,2019,42491,3.5,15358
Kia,2017,88971,3.6,22048
BMW,2015,115406,2.2,30940
Ford,2011,72083,3.6,35544
Ford,2013,7364,2.9,42286
Honda,2010,126171,1.5,29609
Toyota,2012,12821,1.8,17776
BMW,2013,9614,2.6,38968
Mazda,2017,109334,2.4,15225
Mazda,2012,31121,3.5,14701
BMW,2014,102794,3.7,6597
Kia,2010,11758,3.6,43553
Mazda,2022,126909,2.4,36297
Mazda,2013,69960,3.1,35821
Toyota,2011,82541,2.7,41584
Nissan,2013,48864,3.7,36229
Nissan,2014,40026,3.7,23621
BMW,2012,98976,1.5,17899
Volkswagen,2023,80052,2.9,33521
Nissan,2015,130209,2.7,18164
Kia,2021,136439,3.4,17106
Hyundai,2011,121571,1.9,30513
Volkswagen,2014,96885,3.2,13332
Toyota,2013,28309,3.3,14123
Kia,2014,123401,1.5,33100
Ford,2022,64908,2.5,30004
Toyota,2018,131821,3.9,44202
Honda,2015,73737,2.2,41636
Mazda,2016,88840,3.7,38523
Chevrolet,2023,16285,2.9,14060
Ford,2020,80816,2.2,17861
Volkswagen,2017,54304,3.6,13912
Kia,2018,28901,4.0,8486
Ford,2023,94096,3.3,32318
Honda,2014,17220,1.6,34700
Kia,2017,51692,1.5,41241
Chevrolet,2011,145334,2.7,23149
Volkswagen,2019,44241,1.4,20220
Toyota,2018,74326,3.2,24944
BMW,2011,41866,1.4,20098
Ford,2022,50051,3.9,10499
Chevrolet,2021,148085,3.7,16666
Honda,2014,14633,3.5,21048
Ford,2015,105570,3.5,6978
Hyundai,2013,58641,3.6,34575
Hyundai,2017,112096,2.5,13468
Volkswagen,2019,45754,3.5,42879
Toyota,2012,71371,2.4,9408
Volkswagen,2020,81056,3.6,42109
Volkswagen,2022,145030,3.0,26161
Mazda,2014,103736,2.3,23295
Toyota,2011,29975,3.3,20546
Mazda,2012,134894,2.0,34924
Kia,2017,108425,3.9,44069
Chevrolet,2020,38096,3.1,31286
Chevrolet,2014,91650,2.4,40900
Toyota,2023,31347,2.8,37979
Toyota,2012,52486,3.3,38515
Kia,2014,72148,3.5,10391
Chevrolet,2018,99285,3.9,13947
Kia,2012,35882,1.9,19028
BMW,2021,7004,2.7,33181
Honda,2019,110073,1.6,16169
Hyundai,2016,89930,1.6,41600
BMW,2017,14800,1.7,17243
Volkswagen,2014,57270,2.1,32721
Ford,2012,103665,3.2,22855
Mazda,2020,52874,3.6,13560
Nissan,2015,41958,2.5,13049
Ford,2022,41229,2.8,11515
Toyota,2021,20289,1.9,32572
Honda,2012,15321,3.5,12849
BMW,2018,103297,3.7,42277
Nissan,2011,15652,2.7,38595
Nissan,2022,91179,1.8,36355
Toyota,2012,9712,1.4,7775
BMW,2016,14560,2.8,43953
Nissan,2023,111331,2.7,18076
BMW,2023,58413,3.8,20649
Mazda,2019,81874,1.5,21671
Mazda,2017,93123,1.8,26405
Nissan,2014,60016,1.9,13511
Nissan,2014,27909,2.8,39637
Toyota,2014,36816,2.1,20133
BMW,2013,95772,1.9,23617
Chevrolet,2018,25946,2.7,25904
Kia,2015,143528,1.5,36002
Kia,2022,62859,3.9,40352
Ford,2021,68968,3.6,15357
Ford,2022,142452,2.1,28383
Nissan,2017,95283,2.3,11139
Hyundai,2017,51464,2.0,29002
Mazda,2014,104773,3.8,6367
Volkswagen,2021,42434,3.1,31271
BMW,2018,108204,2.8,30942
Honda,2011,51311,2.7,37051
Honda,2023,109935,1.8,34913
Mazda,2017,44869,3.9,9451
Ford,2012,96509,3.8,35960
Toyota,2016,144961,3.9,9529
Honda,2022,137846,2.2,38274
Nissan,2018,26750,2.6,27433
Hyundai,2023,147475,2.7,20752
Honda,2020,62275,2.7,21337
Kia,2014,33910,1.4,11123
Hyundai,2020,130933,3.6,32433
Hyundai,2017,93664,3.3,19630
Honda,2013,8603,2.6,10149
Toyota,2023,96541,2.1,11263
Toyota,2010,130041,3.1,18953
Ford,2010,34600,1.8,23808
Mazda,2015,76449,4.0,22896
Nissan,2017,45986,1.7,9034
Volkswagen,2019,25155,1.6,12800
Chevrolet,2011,129321,3.0,32617
Volkswagen,2020,44510,2.6,10822
Kia,2013,51541,3.3,24074
Toyota,2012,72059,1.7,20942
Ford,2022,138436,2.3,34790
Kia,2018,61753,2.7,43665
Volkswagen,2012,108656,2.6,32762
Hyundai,2020,75590,2.9,12010
Mazda,2017,103239,1.7,33635
Hyundai,2023,74501,2.7,12222
Volkswagen,2016,42849,2.8,6782
Honda,2010,6773,3.7,12827
Mazda,2017,123578,2.9,38321
Ford,2018,70178,2.8,20116
BMW,2017,85648,3.5,27807
Hyundai,2019,29503,1.6,30050
Honda,2019,142178,3.1,12854
Kia,2010,63090,3.5,16808
BMW,2020,145838,1.6,7585
Kia,2022,107744,3.5,29747
Toyota,2020,57753,3.4,28938
BMW,2016,41284,1.4,11109
Mazda,2022,148069,2.0,29677
Toyota,2018,57004,1.8,38417
Mazda,2023,87511,2.7,32834
Nissan,2014,148056,3.8,6655
Honda,2011,29984,3.0,27865
Volkswagen,2023,92320,3.0,44185
Kia,2017,79132,1.7,43237
Volkswagen,2018,134145,3.1,27467
BMW,2016,92895,3.7,12597
Hyundai,2021,121171,2.5,13633
Hyundai,2022,69176,3.2,41396
Kia,2014,146386,2.2,33009
Toyota,2017,95976,2.1,12884
Kia,2015,72120,1.9,23554
Nissan,2021,77949,2.0,27016
Nissan,2013,22126,2.3,42877
Volkswagen,2010,148102,2.9,32357
BMW,2015,132631,3.4,31083
Nissan,2017,145127,2.2,37940
Honda,2012,25366,1.8,25581
Toyota,2021,90966,2.6,11087
Toyota,2016,35214,3.5,9029
Nissan,2022,41452,2.4,34088
Chevrolet,2021,50351,3.8,26412
Hyundai,2016,135885,2.0,21571
Chevrolet,2018,100459,3.4,25086
BMW,2010,113646,2.6,6168
BMW,2014,73373,1.7,34941
Mazda,2017,139500,2.1,36396
BMW,2022,93964,3.6,41365
Mazda,2022,138265,1.4,37510
Toyota,2012,24722,3.4,33885
Honda,2014,138238,3.5,14834
Ford,2023,55678,1.7,36529
Hyundai,2010,65380,3.9,5366
Mazda,2018,24096,3.7,28718
Volkswagen,2013,69626,1.9,16435
Honda,2014,108292,2.0,32866
Kia,2012,49006,3.5,11473
Volkswagen,2023,54387,2.8,40233
Honda,2011,149961,3.8,44861
Volkswagen,2021,123022,3.9,5751
Nissan,2023,115942,2.3,34191
Volkswagen,2016,83240,1.7,29595
Mazda,2020,87925,3.2,36424
Honda,2014,13204,3.8,37304
Kia,2020,91821,1.8,42318
BMW,2019,40028,4.0,25179
Volkswagen,2023,132245,1.9,33768
Kia,2012,63327,1.6,40566
Honda,2011,12814,2.7,37314
Kia,2019,34445,3.5,41769
Ford,2015,64303,2.3,6787
Ford,2019,80956,2.3,11614
Volkswagen,2015,80490,1.9,29311
Volkswagen,2012,79744,4.0,9670
Volkswagen,2022,89073,2.3,40607
Hyundai,2018,20168,3.1,33860
Nissan,2010,107886,1.7,38160
Kia,2012,107789,2.6,18206
Chevrolet,2022,38375,3.5,19383
Toyota,2010,103086,3.9,17240
Volkswagen,2016,33794,1.9,37609
Mazda,2011,7836,1.6,15882
Ford,2020,17790,4.0,30204
Ford,2020,52700,2.8,41837
BMW,2021,66292,2.3,18053
Toyota,2013,38161,3.9,37903
Kia,2013,30169,2.4,43280
Honda,2023,97993,2.0,44758
Toyota,2022,79613,3.5,37323
Nissan,2017,8052,2.2,8961
Volkswagen,2020,6777,2.2,25101
Mazda,2013,93853,2.6,11674
Kia,2012,148701,3.2,28268
Kia,2019,142892,3.6,27938
Volkswagen,2021,17499,2.0,8786
Nissan,2012,70029,2.3,8535
Volkswagen,2014,79084,2.7,23034
Volkswagen,2015,110906,1.5,13951
Toyota,2016,146014,3.2,14612
Mazda,2022,80437,2.9,32216
Kia,2014,8681,1.7,5968
BMW,2016,144800,1.7,28321
Volkswagen,2013,111646,3.7,27677
Hyundai,2014,14947,3.2,36131
Honda,2015,119251,2.4,31550
Volkswagen,2018,48955,2.3,5591
Volkswagen,2015,108142,2.2,12651
Kia,2019,89482,3.1,22880
Ford,2023,52438,1.9,22179
Chevrolet,2020,53382,4.0,33480
Honda,2010,14433,3.2,26150
Ford,2021,57984,1.7,39840
Toyota,2020,7899,1.8,36806
Hyundai,2016,65099,3.1,31355
Chevrolet,2023,59902,2.4,28441
Honda,2020,121967,3.1,43748
Ford,2022,77283,3.3,16140
Mazda,2020,143876,2.8,5939
Mazda,2012,132182,2.1,38801
Nissan,2015,72185,2.8,15008
Volkswagen,2011,133350,2.5,40510
Hyundai,2023,48380,3.7,19821
Chevrolet,2021,100701,3.3,41709
Honda,2016,85002,3.0,30491
Mazda,2010,62872,1.5,34865
Hyundai,2022,92516,4.0,9158
Chevrolet,2011,12542,2.9,16208
Nissan,2018,41941,2.1,40320
Mazda,2018,72271,2.9,43146
Kia,2016,115632,3.5,37202
Mazda,2011,6148,2.8,9336
BMW,2014,36343,3.4,10630
Kia,2013,84082,2.5,9618
Hyundai,2011,47483,2.9,40570
Nissan,2011,93615,2.5,27943
Ford,2019,96072,2.8,7869
Toyota,2017,82437,1.8,37749
Volkswagen,2014,134097,3.0,25178
Volkswagen,2017,70540,3.9,8791
Mazda,2011,75455,3.4,41226
Honda,2011,89711,2.2,27412
Kia,2020,149584,3.6,24511
BMW,2020,77109,3.7,32442
Mazda,2012,52262,1.9,11820
Nissan,2020,98441,1.5,8677
Toyota,2019,132991,2.9,18837
Ford,2017,97820,2.6,7423
Toyota,2017,59284,3.3,33402
BMW,2012,139138,2.2,43259
Toyota,2010,87946,2.4,29483
Toyota,2016,34605,2.1,11725
Hyundai,2013,139142,2.2,26791
Nissan,2012,59994,1.4,32816
Nissan,2014,50326,2.7,43303
Chevrolet,2021,95545,2.6,20243
Mazda,2015,66961,2.3,10866
Honda,2023,81644,2.8,37614
Chevrolet,2010,148226,2.4,10429
Nissan,2021,130417,2.5,24128
Volkswagen,2021,102001,1.4,26127
Mazda,2018,120910,1.6,42545
BMW,2015,34107,1.8,39530
Hyundai,2012,48224,1.9,14155
Ford,2010,14725,2.6,21811
Volkswagen,2022,93103,3.7,37798
Nissan,2018,58945,2.5,30940
Mazda,2011,46751,3.0,41681
Nissan,2023,85551,1.5,21774
Kia,2019,96164,3.6,9347
Chevrolet,2015,138156,1.7,18355
Ford,2015,56706,2.1,30677
Ford,2021,147867,3.5,31950
Honda,2012,97419,2.1,33816
Kia,2020,8722,2.1,42518
Toyota,2015,32902,3.0,5469
Kia,2023,138108,3.7,42849
Ford,2011,8157,2.0,26439
Volkswagen,2017,70322,3.0,15325
Honda,2022,16917,3.0,20990
BMW,2010,48419,3.1,43052
Volkswagen,2015,12555,3.9,16178
Mazda,2023,36382,1.8,39173
Toyota,2010,108756,3.1,22729
Chevrolet,2018,20350,1.9,8270
BMW,2022,133452,2.2,24514
Volkswagen,2022,128474,2.4,18833
Mazda,2018,56369,3.6,9589
Nissan,2015,70763,1.5,42877
Hyundai,2015,61645,3.3,16926
Toyota,2018,54303,3.8,38281
Chevrolet,2023,147593,1.6,35410
Honda,2014,106381,3.5,34675
Kia,2018,36947,1.7,9644
Hyundai,2014,97437,3.9,14531
Toyota,2023,74507,3.5,12956
BMW,2023,137076,3.2,29925
Nissan,2013,67320,2.8,24864
Honda,2011,13002,3.8,25526
Ford,2011,106964,1.7,6872
Volkswagen,2022,109793,1.7,8623
Volkswagen,2010,64080,3.5,11578
Honda,2019,56779,2.7,38746
Ford,2023,9708,3.6,29838
Volkswagen,2012,76623,2.4,20237
Toyota,2010,93737,2.6,9801
Honda,2022,49452,2.3,32394
Honda,2015,23309,3.9,33072
BMW,2023,141774,2.6,42115
Ford,2020,129072,3.4,21010
BMW,2022,145390,3.2,44061
Ford,2016,70763,2.0,26937
BMW,2018,94220,3.8,39042
Honda,2023,97098,2.8,36023
Kia,2016,139800,3.6,16433
Kia,2013,108532,3.6,39824
Kia,2023,148030,1.6,28379
Honda,2013,25099,3.0,24953
Volkswagen,2017,75057,3.5,22214
Nissan,2013,89041,3.8,28897
Chevrolet,2010,54494,2.7,34427
Nissan,2018,27928,3.4,20126
Kia,2012,48891,3.9,7637
Volkswagen,2023,58469,3.6,16732
Honda,2010,83463,3.6,22238
Mazda,2018,35207,2.5,30675
Volkswagen,2020,108136,1.6,42840
Mazda,2020,67852,3.9,42723
Honda,2023,101691,3.2,5820
Toyota,2022,83963,1.8,27837
Ford,2019,73710,3.9,20667
Chevrolet,2023,30313,3.3,25262
Nissan,2019,148924,1.6,29187
BMW,2014,111358,1.8,20726
BMW,2021,22410,3.7,36102
Ford,2023,60101,3.9,35797
Volkswagen,2018,26023,2.3,6395
BMW,2012,119433,2.5,29053
Hyundai,2015,104407,2.4,20264
BMW,2020,141016,3.6,33253
Honda,2021,143036,2.6,42384
Ford,2020,13587,2.4,38781
Chevrolet,2021,61655,3.0,41159
Ford,2016,56131,2.7,23651
Chevrolet,2014,118043,2.8,30956
Hyundai,2021,36028,2.5,13696
BMW,2017,105168,2.6,37417
Ford,2019,129687,1.5,39822
Mazda,2015,146538,3.8,43832
Kia,2021,131387,1.5,36850
Hyundai,2015,148744,3.4,43197
Volkswagen,2022,75676,2.2,42975
Mazda,2016,18999,1.7,40805
Chevrolet,2017,128370,3.0,9009
Ford,2021,84314,3.2,36321
Chevrolet,2022,20108,3.0,13928
Chevrolet,2011,47972,2.9,15194
Hyundai,2016,42454,2.8,38523
Mazda,2018,73766,2.8,32045
Ford,2022,140092,3.7,11511
BMW,2010,46004,1.6,26515
Toyota,2022,21834,1.8,12866
Nissan,2021,137331,3.5,8818
Nissan,2010,140849,2.2,38237
Hyundai,2016,127080,3.4,32441
Volkswagen,2022,45343,2.3,38398
Honda,2023,100525,3.8,42638
Toyota,2014,32927,2.1,9364
Ford,2010,33250,2.5,18203
Nissan,2023,49448,1.8,18639
Volkswagen,2022,117786,3.1,7413
Honda,2010,16224,2.4,37017
Mazda,2011,88414,3.8,21569
Ford,2020,96184,1.4,22219
Chevrolet,2019,17304,2.4,9054
Volkswagen,2018,6578,1.5,8350
Ford,2021,31315,2.3,30667
Toyota,2021,112511,2.4,32629
Chevrolet,2012,28377,2.1,24883
Toyota,2018,32541,2.1,17373
Kia,2015,102342,2.1,30074
Nissan,2022,22943,2.1,43577
Honda,2019,143960,2.1,33474
Volkswagen,2015,139928,3.6,32691
Chevrolet,2016,94752,1.5,41928
Nissan,2019,53638,4.0,14161
Hyundai,2020,10819,2.1,41727
Toyota,2017,107172,1.5,29990
Kia,2020,45072,1.9,17941
Toyota,2012,116065,3.8,25335
Ford,2017,134076,4.0,40474
Mazda,2015,97272,2.0,34037
Kia,2015,92659,2.0,40555
Kia,2020,145765,3.6,10405
Honda,2023,135382,3.8,41154
Volkswagen,2012,104118,3.1,33993
Hyundai,2015,149450,3.8,25774
Hyundai,2020,69121,3.9,10639
Honda,2022,82053,3.4,41703
Toyota,2017,132376,2.3,41459
BMW,2022,137395,1.8,42062
Nissan,2016,95116,2.7,26077
BMW,2019,53989,2.2,9828
Ford,2019,79986,1.7,33026
Hyundai,2016,27974,2.4,28553
Volkswagen,2012,35717,2.6,7958
Mazda,2019,134062,3.1,35966
Toyota,2023,72241,2.0,40673
Volkswagen,2012,33517,3.7,37040
Volkswagen,2014,131025,1.9,16760
Chevrolet,2021,89763,4.0,8571
Kia,2014,72669,2.8,12235
Nissan,2018,7578,1.8,7351
Kia,2022,11551,3.6,17032
Volkswagen,2018,135764,2.1,41694
Honda,2019,58768,1.9,34911
BMW,2014,73116,1.8,13508
Chevrolet,2021,60390,2.8,35874
Kia,2023,135751,3.7,7081
Ford,2014,140004,3.7,16971
Mazda,2015,12113,3.4,35209
Mazda,2022,88074,2.9,10999
Nissan,2022,99092,2.8,35499
Ford,2017,54684,2.4,44381
Kia,2015,5887,1.5,21873
Kia,2023,122613,3.6,24162
Volkswagen,2020,106901,4.0,37087
Kia,2022,141597,3.8,35514
Ford,2022,69143,3.8,13596
Mazda,2021,101254,2.3,23298
Volkswagen,2023,129257,1.7,17785
Toyota,2015,25990,3.7,5995
Ford,2018,102113,3.4,5591
Honda,2010,63270,2.4,44141
Kia,2023,24056,3.6,42142
Mazda,2013,74568,1.8,36124
BMW,2019,70369,3.1,22132
Kia,2022,114578,3.9,35229
Honda,2019,115927,3.8,10859
Mazda,2021,143497,3.4,43218
Nissan,2011,25230,2.1,24901
Kia,2018,21679,1.7,18715
Volkswagen,2012,45492,2.2,44356
Chevrolet,2019,86845,3.0,21230
Ford,2020,127072,2.2,5459
Honda,2011,65092,2.5,28206
Kia,2017,140555,2.4,34272
Toyota,2013,114575,2.3,25698
BMW,2020,27417,3.8,18993
Mazda,2011,102447,2.2,17096
Honda,2013,26834,4.0,22163
Ford,2016,138047,1.9,6228
Kia,2023,140204,3.7,18990
Toyota,2016,77934,3.3,25465
Mazda,2010,9278,3.1,44207
Ford,2022,52395,2.6,38413
Mazda,2021,78461,3.5,15396
Ford,2021,149905,2.7,9526
Kia,2010,140237,1.8,11657
Chevrolet,2012,62580,2.1,9355
Hyundai,2011,87383,1.9,36538
Volkswagen,2012,124925,2.9,39452
Chevrolet,2013,50246,3.1,14753
Hyundai,2023,45439,2.3,37487
Kia,2016,78454,1.5,12069
Kia,2011,74447,3.1,11816
Kia,2016,51970,1.6,23949
Hyundai,2014,9412,3.9,5595
Toyota,2017,38485,3.7,19790
Honda,2017,22041,3.6,21669
Hyundai,2014,6212,2.4,5106
BMW,2019,76971,3.3,34416
Honda,2017,130150,1.5,21184
BMW,2021,10536,1.6,40847
Ford,2023,123166,2.7,19224
Volkswagen,2018,76108,2.9,22770
Volkswagen,2016,96342,3.4,30903
Volkswagen,2015,98085,2.2,16784
Nissan,2016,59631,2.8,32691
Hyundai,2016,97124,1.6,42675
Toyota,2012,49635,2.6,44139
Ford,2015,141197,3.1,29879
Kia,2015,53260,4.0,8081
Hyundai,2020,42861,3.4,43221
BMW,2018,92512,4.0,5032
BMW,2010,35299,2.7,12669
Honda,2022,102037,2.5,12718
Kia,2016,136154,3.6,42375
Nissan,2010,25146,2.6,11327
BMW,2019,121088,3.4,11577
Volkswagen,2022,101590,4.0,15858
Honda,2013,18599,3.3,5411
Chevrolet,2022,55489,1.4,8943
Mazda,2016,94060,1.9,18412
Honda,2015,52257,2.1,37730
Honda,2015,85431,3.5,20171
BMW,2014,35586,3.8,18666
Hyundai,2020,16416,3.1,25831
Kia,2016,79421,1.6,13970
Chevrolet,2018,140399,2.7,36092
Volkswagen,2023,129024,3.6,13878
Hyundai,2015,24640,2.3,37827
Ford,2019,96964,1.6,36126
BMW,2016,34059,3.4,34542
Kia,2018,117542,3.1,11050
Toyota,2016,146943,2.6,42328
Volkswagen,2015,136935,3.6,5816
Hyundai,2012,120937,3.6,39154
Volkswagen,2023,47178,3.2,20217
Kia,2010,68427,3.9,18343
Ford,2019,143433,2.6,13357
Ford,2018,75342,3.3,21836
Volkswagen,2016,51594,3.6,31173
Ford,2012,14686,3.1,38439
Hyundai,2019,52342,2.8,24826
Volkswagen,2018,87287,3.3,40214
Hyundai,2012,57245,2.3,26345
Ford,2012,21737,2.4,15397
Nissan,2022,101675,3.9,34828
Mazda,2023,87248,1.7,13061
Toyota,2016,47453,3.6,42591
BMW,2011,16021,3.5,5179
Kia,2019,137558,1.5,23447
Toyota,2023,143679,3.2,32269
Hyundai,2016,116786,1.6,29546
Mazda,2016,44660,1.9,26995
Mazda,2010,42611,3.9,12296
Nissan,2022,96414,2.3,32321
Chevrolet,2019,7668,1.5,11995
Chevrolet,2020,140310,2.8,42045
Hyundai,2011,59223,1.9,26229
Mazda,2014,140238,2.5,10011
Nissan,2023,36030,1.7,22190
BMW,2013,5637,1.6,11403
BMW,2023,7641,2.7,41773
Toyota,2012,127920,2.3,44085
Volkswagen,2019,115481,1.8,31921
Kia,2023,13962,2.9,7979
Nissan,2020,101611,1.6,18164
Volkswagen,2017,141874,3.4,40605
Ford,2016,124062,1.5,37423
BMW,2018,12638,3.9,42777
Hyundai,2012,107014,3.3,11020
Nissan,2019,96765,3.7,24243
Mazda,2010,90157,2.5,5477
Honda,2018,119769,1.6,13102
Honda,2018,142061,2.0,37498
BMW,2021,11507,3.9,30933
Nissan,2021,10165,3.0,33362
Volkswagen,2010,128141,2.0,33603
Volkswagen,2023,52572,2.7,10578
Nissan,2017,8706,2.2,35044
Kia,2023,125923,2.7,33044
BMW,2023,101147,3.6,24833
Ford,2019,74650,2.0,37303
Toyota,2010,7317,2.4,10342
Nissan,2015,107976,2.6,6893
Kia,2018,84859,2.9,28036
Honda,2012,48871,1.6,16493
Volkswagen,2015,85286,1.9,5512
Hyundai,2012,129614,2.4,16615
BMW,2020,139886,3.5,10351
Volkswagen,2023,117655,1.9,13386
Ford,2014,42483,3.7,17483
Kia,2020,109950,2.3,42502
Honda,2023,119058,2.1,10840
Ford,2016,15091,2.5,35434
Toyota,2020,60991,2.8,33029
Chevrolet,2019,21964,3.3,27230
Hyundai,2021,57473,2.6,25920
Toyota,2013,139873,3.5,31049
BMW,2013,20447,3.5,16629
Volkswagen,2016,142561,1.4,22142
Mazda,2014,96919,3.5,13753
Mazda,2010,38496,2.6,38303
Honda,2020,48397,3.9,9161
Nissan,2019,60932,3.5,33036
Volkswagen,2022,40191,2.4,28529
Mazda,2021,65235,3.1,43604
Kia,2022,56528,1.9,9617
Chevrolet,2011,44401,2.2,23965
Honda,2015,138319,1.9,34424
Hyundai,2022,147120,3.4,7412
Toyota,2021,141646,1.4,41949
Toyota,2018,61312,2.5,27531
Mazda,2016,92479,3.6,9629
Honda,2013,98784,3.2,17489
Mazda,2021,57960,2.5,22981
Toyota,2021,80422,3.0,25242
BMW,2022,42299,2.5,23088
Ford,2011,105041,3.6,5021
Volkswagen,2013,43465,2.9,24220
Honda,2023,44787,3.0,21405
Kia,2014,27444,4.0,6928
Mazda,2011,55113,3.4,29222
Mazda,2010,35968,2.1,16948
Nissan,2013,29158,3.4,44352
Chevrolet,2020,33630,3.8,28584
Hyundai,2022,8919,2.2,26588
Mazda,2015,64768,3.5,16791
Kia,2010,147083,2.0,36812
Hyundai,2010,117879,2.5,10786
Chevrolet,2018,78967,3.2,12577
Nissan,2014,41022,2.0,11162
Mazda,2011,101565,1.9,34461
Hyundai,2020,94547,2.6,29801
Hyundai,2023,132406,3.4,32426
BMW,2011,46459,2.9,14357
Hyundai,2013,37105,3.2,26334
Toyota,2020,64574,3.2,9464
Chevrolet,2011,51138,2.8,6670
Kia,2013,80157,2.2,21601
Nissan,2020,79254,2.5,42641
Chevrolet,2022,27235,2.4,31671
Ford,2015,39576,1.6,8117
Toyota,2016,131827,3.7,25077
Nissan,2015,78711,3.1,40926
Ford,2013,36935,3.6,21073
Hyundai,2019,118330,3.4,7329
Chevrolet,2012,42436,1.6,8829
Kia,2013,27264,2.0,37657
Nissan,2021,147302,3.9,35656
Volkswagen,2014,122966,2.6,38794
Ford,2013,113781,3.5,10148
BMW,2012,30627,2.9,16652
Toyota,2010,131174,3.5,44935
Toyota,2012,95609,3.3,11286
BMW,2020,139938,2.1,19937
Toyota,2014,136922,4.0,14497
Honda,2022,39912,2.7,16299
Honda,2023,62187,2.9,6881
Nissan,2015,11550,2.8,32891
Volkswagen,2021,103249,3.7,38301
Kia,2023,95515,2.1,13893
Hyundai,2022,34445,1.6,21320
Honda,2013,141414,2.5,36195
Ford,2010,79130,3.8,31982
BMW,2019,106961,2.5,33882
Chevrolet,2022,126108,2.1,7302
Volkswagen,2016,116486,3.0,40432
Kia,2022,20745,3.3,27516
Ford,2018,72052,2.6,38278
Volkswagen,2022,107460,2.4,23570
BMW,2015,75621,2.3,10888
Ford,2023,139765,2.5,35598
BMW,2015,129827,3.6,34435
Kia,2018,31125,2.7,31460
Toyota,2013,148542,2.2,27945
Hyundai,2014,106095,1.9,11814
Hyundai,2014,137067,2.1,11267
Mazda,2023,138928,2.6,26632
Honda,2021,128531,2.8,22561
Nissan,2014,68123,3.0,13177
Chevrolet,2017,11179,1.6,24740
BMW,2020,135103,3.0,30636
Mazda,2010,30640,2.3,9873
Mazda,2019,32006,2.1,26188
Mazda,2020,95280,2.3,37881
BMW,2019,103474,3.4,43381
Kia,2020,123377,3.5,29579
BMW,2012,104042,1.7,34429
Hyundai,2017,131407,2.7,32068
BMW,2020,88237,2.8,21851
Kia,2018,127513,1.5,23267
Volkswagen,2011,104591,3.3,41810
Hyundai,2021,130174,2.4,27704
Toyota,2013,9036,2.5,16964
Ford,2023,99569,3.0,23994
Toyota,2017,48229,2.6,19074
Nissan,2014,75870,3.3,20612
Toyota,2010,24585,2.9,38879
Hyundai,2015,37681,2.0,11834
Toyota,2023,144839,3.7,9549
Honda,2018,10481,2.0,7575
Toyota,2018,54375,3.3,36859
Chevrolet,2020,142792,3.5,11876
Nissan,2010,74184,3.2,10288
Ford,2013,141299,2.5,7476
Kia,2010,19758,3.7,16974
Chevrolet,2016,76047,2.3,19863
Chevrolet,2012,113354,3.2,35110
Chevrolet,2011,33270,3.7,6357
Kia,2023,125907,1.8,21121
Honda,2017,89217,3.1,41359
Honda,2018,49504,3.7,30355
Kia,2016,96811,1.7,42866
Volkswagen,2015,88982,1.8,16095
BMW,2019,30240,2.4,37828
BMW,2022,104768,4.0,23341
Honda,2020,148909,2.0,21054
Hyundai,2015,80812,2.2,37787
Kia,2018,41473,3.6,12733
Honda,2014,19095,1.7,17669
Hyundai,2014,5435,4.0,26351
BMW,2011,48300,3.3,9073
Toyota,2015,61248,3.9,31231
Honda,2023,88617,1.8,44217
Nissan,2021,127817,2.0,30786
Toyota,2021,29478,2.4,32823
Toyota,2021,51418,1.5,38842
Honda,2015,17203,1.6,11724
Hyundai,2015,79774,3.7,26953
Nissan,2013,64741,1.5,7744
Hyundai,2020,118488,3.3,24342
Chevrolet,2016,128969,3.3,40428
Hyundai,2018,39186,1.6,8405
Hyundai,2010,19768,1.9,43770
Volkswagen,2012,147285,2.6,13833
Mazda,2019,110464,3.1,33888
Ford,2018,82234,3.7,5794
Mazda,2023,54792,2.8,32252
Nissan,2014,81932,3.8,12028
Nissan,2015,50170,1.9,6042
Kia,2017,28585,3.0,9713
Hyundai,2018,109722,3.6,40823
Toyota,2017,77023,2.0,29733
Mazda,2012,75311,3.5,9592
Kia,2019,66520,2.4,43985
Chevrolet,2010,6985,4.0,31444
Ford,2020,82759,1.6,18964
Hyundai,2022,58319,2.8,15138
Kia,2021,88949,3.4,25626
Mazda,2022,143277,3.2,29846
Chevrolet,2014,92036,2.7,15595
Volkswagen,2016,103474,2.7,26280
BMW,2011,64431,2.5,19123
Ford,2010,61183,2.3,44032
Nissan,2013,88165,2.9,26845
Volkswagen,2012,12769,3.3,34731
Hyundai,2013,13989,2.1,11341
BMW,2010,66090,3.9,38409
BMW,2011,130377,2.3,8562
Ford,2010,149811,2.5,38962
Toyota,2012,109323,2.5,30156
Volkswagen,2013,83468,1.7,25357
Toyota,2022,123622,1.7,21956
Honda,2010,61471,3.5,35050
Volkswagen,2015,47028,2.4,7036
Chevrolet,2011,79051,2.0,7400
Hyundai,2019,123020,3.2,9889
Volkswagen,2021,48054,3.9,36704
Volkswagen,2022,144908,3.8,34776
Honda,2020,139916,3.3,30999
Ford,2014,14903,1.9,30726
Ford,2017,48640,1.8,13491
Chevrolet,2021,13494,3.7,5157
Ford,2022,84770,3.9,25609
BMW,2013,116455,3.0,26315
Mazda,2014,136407,3.7,12372
Honda,2018,88798,3.5,29016
Mazda,2011,39620,1.8,30750
Mazda,2021,9755,2.0,31652
Honda,2021,116203,1.6,30071
Mazda,2011,12788,2.6,38848
Mazda,2015,89049,2.2,29776
