year,mileage,engine_size,price
2017,7521,4.3,2000.0
2018,195641,2.3,17988.09
2011,123815,1.2,7902.7
2017,11349,1.0,2000.0
2019,32768,4.4,9077.96
2016,95168,4.9,20205.55
2005,62985,1.5,2000.0
2007,7611,1.2,13413.79
2022,19012,4.7,7933.86
2012,49725,1.4,2000.0
2006,1548,1.9,12722.39
2008,90297,4.2,2000.0
2022,145060,5.0,2000.0
2017,94729,2.9,21456.18
2019,192258,1.8,4474.97
2006,14497,4.4,4817.88
2014,130337,2.6,2000.0
2006,150948,2.1,2000.0
2016,157891,3.0,2881.12
2009,138911,4.4,2000.0
2016,38457,1.9,2793.53
2005,116584,2.7,2000.0
2006,117143,2.8,2000.0
2020,108296,4.3,13471.78
2006,128919,3.7,23767.79
2020,61976,4.1,11420.92
2020,10275,3.8,17749.87
2010,38151,3.4,5884.21
2017,34173,1.5,21053.73
2016,93800,4.3,16831.04
2014,43612,3.4,5595.84
2009,15960,3.8,2000.0
2012,4538,4.1,4968.12
2010,50338,2.2,2000.0
2009,28709,2.7,15617.48
2010,133211,3.2,2000.0
2021,166518,2.4,3919.77
2010,167634,2.0,2000.0
2021,150175,4.1,9169.54
2009,47204,4.0,2000.0
2021,24432,4.3,20500.88
2021,168442,3.8,2000.0
2017,125211,2.2,2000.0
2011,151413,2.3,2638.62
2010,6069,3.1,2000.0
2018,144365,4.3,11750.14
2020,98582,2.4,9938.08
2007,100895,4.1,2000.0
2013,123529,2.2,2000.0
2019,130640,2.4,2000.0
2022,158626,4.0,33417.69
2014,98658,3.7,2000.0
2014,113982,1.8,15801.39
2007,84162,4.3,3550.53
2005,37667,4.1,10041.73
2007,51632,4.2,5931.71
2009,98861,2.9,21129.41
2011,46106,2.3,26703.51
2007,69022,4.4,4120.16
2008,82081,3.4,17892.19
2021,130891,4.7,14608.81
2007,88164,2.0,21759.32
2008,115386,4.9,2000.0
2006,108469,2.5,2000.0
2018,69080,2.5,3449.85
2009,85697,2.0,2000.0
2006,166045,4.9,2000.0
2019,18376,1.2,2000.0
2015,129942,2.9,2000.0
2014,50184,2.5,13197.99
2005,60854,1.6,7912.9
2023,87936,3.9,10438.77
2018,70455,4.6,23088.55
2018,186198,2.0,5074.72
2005,116521,3.0,4016.55
2013,77934,3.3,2000.0
2021,88904,2.6,17610.29
2018,153802,4.7,29880.05
2017,18167,2.8,4009.6
2017,185408,4.9,18500.95
2010,63178,2.2,12290.0
2011,17568,1.3,16323.94
2006,72369,3.3,5641.02
2012,59657,4.3,2000.0
2010,571,2.6,2000.0
2007,168140,1.7,2000.0
2022,20122,4.0,8951.41
2022,131655,2.1,2000.0
2010,122011,4.1,13139.38
2015,192961,2.0,2429.43
2007,188477,3.2,2000.0
2020,153035,4.6,11724.1
2009,102874,1.8,2000.0
2006,28364,4.3,2000.0
2019,71227,2.1,12121.65
2020,75861,3.6,26002.49
2011,89950,2.0,11186.6
2020,5126,1.5,10030.53
2008,92144,3.7,2000.0
2020,3762,3.4,15908.07
2021,2786,2.6,24785.65
2006,67078,1.1,2000.0
2020,116363,2.9,17102.27
2008,78349,1.6,2034.25
2011,147489,2.4,2000.0
2022,192377,3.3,5452.16
2010,16294,4.8,3759.83
2022,68335,3.0,2000.0
2011,122184,1.8,19825.38
2006,72459,4.8,14249.86
2023,50209,1.1,2000.0
2013,6938,3.6,24548.09
2008,122285,2.0,2000.0
2018,104875,4.0,18905.85
2009,174993,2.3,7402.88
2011,135460,2.7,2000.0
2012,68163,4.1,2000.0
2019,7247,4.6,15028.34
2023,22575,1.7,28559.63
2015,20146,2.2,23789.36
2008,22371,1.0,2000.0
2022,92243,4.4,4151.88
2018,107102,4.8,37559.08
2010,51507,2.1,2000.0
2020,26875,2.5,19873.75
2022,13792,2.7,11186.49
2005,179795,2.6,2509.35
2012,83253,2.6,2728.06
2005,85928,2.9,2000.0
2005,84393,1.6,2000.0
2023,71679,1.2,2000.0
2014,191973,3.9,12228.52
2022,149542,4.4,24047.34
2016,19734,4.2,22000.63
2021,144175,3.5,2724.55
2005,47728,4.9,13542.84
2012,90487,1.0,2000.0
2014,198560,2.3,2000.0
2014,167550,2.2,7054.79
2022,181917,2.4,5391.23
2013,30766,4.2,17413.2
2006,175587,2.4,2000.0
2007,45240,3.1,13295.92
2006,162360,3.5,2000.0
2010,67310,4.4,18259.78
2016,115261,3.5,2000.0
2023,37432,2.5,14394.48
2019,120050,3.8,16163.47
2023,104775,3.1,15270.29
2016,22497,3.1,27421.51
2022,28283,2.3,27884.98
2020,112597,1.0,2000.0
2006,172184,2.4,4750.78
2015,172760,2.2,2000.0
2016,112039,1.4,2000.0
2009,75280,1.8,8341.83
2010,69199,4.9,11318.22
2015,191983,2.1,11737.71
2014,12463,3.1,5478.75
2008,88614,3.2,2000.0
2013,169981,3.2,5986.83
2016,137232,1.2,2000.0
2014,110840,4.1,12570.94
2018,27682,3.9,18540.77
2009,127776,4.9,4081.22
2005,105446,1.7,2000.0
2009,96401,3.2,2000.0
2020,152477,4.2,14622.58
2009,170148,1.5,2000.0
2009,140398,4.2,11943.34
2022,168582,2.1,6997.05
2010,85065,2.1,3849.58
2022,24527,4.8,21440.74
2014,101019,2.3,3500.47
2019,41313,3.3,11354.0
2015,21777,2.8,27889.79
2023,62382,1.3,21466.49
2017,173334,4.8,16329.25
2007,36499,1.9,8810.41
2020,15390,2.1,21913.65
2011,176653,2.5,15321.55
2016,57853,3.0,17610.36
2019,17921,1.6,12199.37
2012,171932,3.5,2000.0
2021,32945,3.1,19371.04
2005,149832,2.2,12744.13
2012,171578,3.8,14389.64
2018,187055,3.1,10750.58
2014,3243,4.4,20298.55
2023,134738,4.4,25792.39
2012,19411,4.9,10758.3
2023,83940,1.3,6335.03
2008,191198,2.6,16006.86
2014,23586,3.0,11190.95
2007,80168,1.9,18031.04
2008,67510,4.7,14106.91
2020,58862,1.4,28426.15
2008,1258,2.7,10058.97
2017,105356,1.7,2000.0
2021,19494,3.7,40646.44
2020,42202,3.8,24338.34
2021,144600,4.5,19848.11
2010,84673,2.6,2000.0
2007,117363,4.1,17980.06
2008,128839,3.2,2455.52
2012,80544,4.2,18359.39
2013,77400,1.3,8063.51
2005,131028,2.9,2000.0
2017,98723,1.6,2000.0
2006,107148,4.2,12052.38
2014,199479,1.6,7826.13
2023,60589,1.0,21793.75
2021,162504,4.7,8737.12
2017,146274,2.9,9952.25
2018,78637,4.9,20499.49
2015,127088,2.8,22004.86
2014,16238,3.4,2000.0
2011,11179,4.0,9673.04
2014,30793,2.1,8276.69
2005,8004,1.5,2000.0
2018,114462,3.6,16327.45
2007,21116,3.0,22440.52
2017,124439,4.3,16602.17
2006,86047,1.2,2000.0
2021,113917,3.2,2000.0
2007,31856,1.7,2000.0
2019,2488,3.5,10996.52
2012,83432,4.0,5538.3
2010,71152,2.1,2000.0
2013,116331,2.9,23522.42
2015,32791,2.7,27803.18
2006,100641,4.0,2000.0
2013,31027,3.4,8081.96
2022,143663,1.5,2000.0
2023,4726,4.9,22525.55
2022,4133,4.6,26211.84
2009,186753,3.3,2000.0
2022,66280,4.1,22816.11
2016,63044,1.1,26389.59
2008,86097,1.8,12339.75
2019,160885,4.1,12642.34
2015,90105,1.4,7117.83
2023,137012,1.2,2000.0
2009,23196,3.5,6425.24
2010,6217,1.1,25773.62
2017,19433,1.7,2329.5
2014,10934,1.3,9989.04
2018,54377,3.1,2000.0
2008,26198,3.7,21288.06
2016,196445,1.7,12527.45
2019,44357,2.9,14602.53
2014,47787,1.1,9135.56
2015,157435,2.1,3700.35
2013,178531,1.7,2000.0
2015,155091,1.7,3797.93
2006,185999,1.9,2000.0
2017,85275,4.2,20983.72
2012,156661,4.8,2000.0
2012,194744,3.8,2000.0
2005,41113,1.3,2293.27
2010,142165,3.5,3322.51
2017,179012,3.9,15513.82
2013,125182,1.4,11227.73
2010,23792,2.2,17336.41
2019,107112,2.7,21444.89
2020,183273,2.2,2000.0
2008,152099,3.1,2000.0
2021,72381,1.5,7729.05
2013,137882,2.8,2000.0
2016,146300,3.9,2000.0
2023,35225,2.8,8395.86
2016,26187,1.8,12729.17
2010,135313,4.2,7741.52
2016,150565,2.6,2000.0
2013,10729,2.7,5600.47
2009,12549,2.4,20157.93
2007,38013,2.2,10117.39
2006,24347,3.4,7868.17
2012,168280,1.8,27018.95
2014,64772,4.1,19150.25
2019,40378,2.9,33531.78
2013,1998,4.5,19404.86
2014,191342,4.8,24814.72
2015,181355,2.5,2000.0
2013,165832,1.6,6331.04
2018,112172,3.0,19878.95
2009,114100,2.1,2000.0
2013,156161,2.7,2000.0
2008,115400,2.5,2000.0
2006,27737,2.8,12593.21
2023,196822,3.0,8620.77
2005,38514,3.5,20925.67
2005,193854,1.0,9430.1
2016,189019,2.0,4849.31
2015,187205,1.7,9724.19
2005,167609,3.8,2000.0
2018,123549,4.3,7251.08
2015,50232,3.9,28695.91
2011,94766,4.9,3146.25
2006,10461,1.3,4246.85
2019,82394,2.9,2000.0
2012,9323,4.6,18495.93
2019,178355,2.3,3147.54
2012,37040,4.2,28469.62
2014,139750,3.2,8434.87
2023,145821,4.9,10355.21
2007,85028,2.5,4424.2
2018,92734,2.7,5639.56
2013,90896,1.7,2935.54
2013,85793,1.6,2000.0
2010,76699,4.4,15431.73
2012,104835,2.6,19991.03
2015,84321,3.5,20898.55
2012,158989,4.0,3478.05
2016,191487,2.8,15540.36
2014,117004,4.8,4716.24
2008,188400,4.8,2000.0
2020,122297,3.7,9812.11
2010,17585,5.0,18532.03
2013,147732,1.0,2000.0
2009,188722,1.0,2000.0
2010,95781,1.3,2000.0
2021,115318,4.8,20842.94
2021,117273,3.4,10973.75
2017,186885,4.7,5794.03
2021,187665,1.5,7357.54
2018,6968,1.1,9932.4
2006,67249,3.2,2000.0
2023,140312,1.7,10228.51
2007,173615,4.4,20717.01
2006,36119,2.7,5338.47
2006,106397,4.1,7619.19
2011,161110,3.1,5761.21
2008,13100,3.1,2000.0
2021,42794,3.7,9560.55
2010,104519,2.3,7111.14
2011,48121,4.8,17686.82
2010,9143,2.6,13097.57
2013,59376,2.6,2000.0
2008,83144,3.8,14683.86
2009,106528,3.5,2000.0
2023,82016,5.0,11323.58
2014,130604,4.4,2000.0
2022,78737,2.1,26848.04
2019,68677,1.4,2000.0
2005,129940,1.4,2000.0
2009,92889,2.4,9243.73
2009,77006,2.9,3777.78
2012,147627,3.5,6099.84
2019,185077,4.4,4777.97
2021,95133,5.0,12404.93
2023,30090,2.6,24483.49
2017,177407,3.2,7690.59
2014,25476,3.4,21599.99
2021,195847,3.2,15144.69
2009,64004,1.4,3122.47
2022,193545,1.5,3763.68
2021,74469,4.6,26718.37
2008,120119,3.7,11905.58
2011,171377,3.7,2000.0
2009,125494,4.3,2000.0
2012,75650,1.3,2000.0
2012,43657,2.7,14154.33
2015,123270,2.0,4143.71
2013,99262,3.6,8405.75
2023,162930,1.9,25328.5
2023,119358,3.8,9521.85
2013,172375,2.6,2000.0
2021,134553,2.8,7799.23
2020,62841,4.3,7081.08
2011,7931,2.4,2000.0
2007,106951,2.0,2000.0
2023,54694,4.4,33640.33
2012,8635,3.7,17719.65
2009,45252,2.6,9819.25
2010,190826,3.0,2000.0
2006,69017,2.4,3895.48
2023,153149,3.2,21508.01
2017,66953,1.6,12063.37
2010,87776,4.6,9577.56
2010,73212,3.2,10631.4
2006,72547,2.5,5225.62
2009,186933,3.3,2000.0
2015,148126,1.6,3909.37
2015,54565,1.3,4326.95
2018,55153,3.2,21306.27
2017,149740,1.3,6620.52
2012,172131,3.6,10108.28
2019,183011,4.2,19353.97
2016,115095,5.0,17148.87
2007,162970,4.1,4439.01
2009,99281,4.9,2000.0
2010,48561,1.1,13161.86
2006,87473,3.2,2000.0
2012,123022,1.7,2000.0
2009,129552,2.0,2000.0
2021,23836,3.9,12389.06
2006,60420,2.0,27615.23
2015,8911,1.7,2000.0
2008,157107,2.5,3545.5
2015,156065,1.3,2000.0
2013,91216,1.6,2000.0
2010,180768,1.6,4439.33
2006,73080,1.9,2000.0
2019,22289,4.5,30541.1
2009,31346,2.2,9371.78
2016,189188,2.1,2000.0
2017,25644,1.5,12907.9
2021,28279,1.1,17029.67
2008,95446,1.6,2000.0
2014,48638,3.9,30985.98
2005,113917,4.9,2000.0
2015,34341,4.0,12057.48
2020,119660,4.4,2000.0
2015,118481,4.1,17443.24
2013,154975,2.2,8919.45
2006,100957,3.9,2000.0
2011,197148,4.0,2000.0
2023,34979,2.0,32203.78
2022,125576,4.7,10896.73
2011,106626,5.0,6837.09
2013,65109,3.2,12957.88
2016,109239,2.3,2000.0
2007,193015,2.4,3244.14
2020,152999,3.3,12071.76
2011,69356,1.0,2000.0
2009,156473,2.2,8141.77
2011,182942,1.2,2000.0
2023,162773,3.5,29439.89
2021,73226,3.4,2293.66
2020,103658,3.4,13564.41
2023,135298,1.6,3422.47
2022,90808,4.8,12459.88
2023,107533,3.1,18040.87
2008,197421,3.2,4205.72
2005,118525,3.2,2000.0
2008,158075,3.1,2000.0
2008,97571,4.8,2600.67
2013,189599,3.4,22988.72
2012,185790,2.9,2000.0
2006,88601,4.1,7350.71
2010,68160,2.0,2000.0
2015,5505,1.8,4158.82
2008,144453,2.8,2000.0
2018,7549,1.1,7963.43
2013,51149,2.2,2000.0
2006,141275,2.7,2000.0
2005,189664,3.3,2000.0
2008,187899,3.2,2000.0
2016,143000,2.5,29496.07
2009,13457,2.4,3994.17
2013,125293,1.0,4961.81
2008,122465,4.5,4467.35
2020,168183,1.9,2223.06
2006,24587,2.4,2000.0
2020,59354,1.1,2777.74
2020,101911,4.8,17863.86
2015,25312,3.0,18797.95
2005,66045,1.1,16068.98
2019,107764,2.0,22349.02
2008,137166,4.5,2000.0
2022,77994,2.5,2715.13
2021,38513,3.8,22998.77
2011,70446,3.5,3695.9
2022,6572,2.9,14372.07
2017,168140,4.3,2000.0
2014,140153,1.2,11839.7
2005,84872,4.6,7799.62
2006,158985,3.9,2000.0
2021,40378,4.5,23743.88
2007,182968,1.1,2000.0
2021,62189,1.3,20674.79
2016,26084,1.8,9911.84
2016,97240,3.4,2000.0
2014,60681,1.4,2000.0
2011,199641,4.7,9408.96
2014,22418,4.0,6661.14
2022,173799,4.2,7311.65
2010,74860,3.3,16844.85
2011,163304,3.5,2000.0
2021,197809,1.9,6679.5
2016,82168,4.6,7992.14
2021,139075,3.6,4449.07
2022,157543,2.7,15647.08
2018,62468,4.5,22567.53
2015,185500,4.5,9124.56
2006,155877,1.0,2000.0
2005,68211,4.7,4581.26
2015,75012,2.5,6882.83
2006,19259,2.7,8335.28
2020,171134,1.3,5880.04
2007,49179,4.5,2000.0
2005,174930,3.2,2000.0
2012,197117,4.6,2000.0
2023,80099,4.1,15151.55
2005,148096,4.6,2000.0
2009,61980,4.8,5573.6
2005,85170,4.5,2000.0
2015,69283,1.8,2000.0
2013,51871,1.3,17593.29
2009,20287,3.5,18661.53
2006,25887,1.6,2000.0
2017,128493,4.5,4994.88
2022,124370,4.8,27380.89
2016,17802,1.5,26515.53
2018,73135,1.9,19117.92
2009,9650,3.5,2317.97
2014,150915,3.9,3217.3
2006,185128,3.0,2000.0
2008,161304,2.5,11462.16
2016,171152,2.2,7959.89
2015,105646,3.7,14867.05
2008,43527,4.0,3074.5
2015,42297,2.2,9349.52
2013,159340,2.3,27295.55
2014,29185,2.8,10050.92
2010,117769,2.8,11590.44
2019,131418,4.4,2000.0
2014,180340,2.7,8313.85
2010,43418,4.9,15726.17
2005,9612,2.2,2000.0
2008,173886,3.8,5198.96
2018,85002,4.0,2000.0
2012,132703,3.5,2000.0
2015,198607,2.5,2000.0
2019,57211,2.0,21769.84
2023,146524,3.4,15506.44
2012,78105,3.6,2000.0
2017,171972,2.0,2000.0
2022,153554,2.3,12322.51
2021,35472,4.4,7082.45
2010,87460,4.2,2000.0
2019,118123,1.7,2000.0
2017,172242,4.7,25717.41
2022,198385,3.5,15961.31
2015,80379,3.0,15772.72
2017,166987,1.8,12353.22
2005,95554,3.9,2000.0
2022,8057,4.7,7495.07
2009,18883,1.3,2000.0
2010,180910,3.1,13506.28
2005,60014,4.5,2513.41
2011,152522,4.8,8782.14
2008,156577,1.3,2000.0
2013,192529,4.2,6107.04
2019,156962,2.1,2000.0
2010,183057,3.2,10934.22
2021,108269,4.1,2765.24
2022,35013,3.2,2000.0
2008,165025,1.4,2000.0
2013,133536,3.4,17769.03
2018,74111,1.5,2000.0
2007,112839,2.4,2000.0
2005,46825,3.2,6689.73
2015,160638,5.0,44695.33
2005,94035,3.9,2000.0
2016,1521,2.2,2000.0
2013,17363,4.5,9670.52
2009,80938,1.9,15935.39
2019,122159,2.5,2000.0
2022,142534,3.6,27649.55
2013,73109,2.6,28503.93
2017,182177,3.9,2000.0
2017,54698,3.6,30151.29
2017,158175,3.7,10548.1
2014,119511,2.7,9939.45
2014,147579,1.2,6249.78
2011,96783,4.5,12616.44
2009,194173,1.3,2000.0
2011,98829,2.9,16623.52
2014,116774,2.2,2000.0
2014,179398,2.2,7862.6
2017,141419,1.9,2000.0
2019,6099,2.1,10595.72
2010,75104,4.8,18145.98
2016,4406,4.9,16645.02
2023,159109,3.3,17010.36
2015,102439,3.1,32436.6
2010,188250,1.2,9300.72
2005,135948,4.2,2000.0
2006,90692,1.7,4500.45
2019,161943,1.6,2000.0
2008,96442,2.7,7318.72
2009,102829,2.4,7688.22
2019,112631,1.4,2882.98
2015,44895,1.6,12297.34
2014,43760,5.0,19455.85
2021,46306,3.9,4621.98
2006,75179,3.4,2261.19
2014,147659,2.2,2000.0
2007,76554,2.7,2000.0
2023,135285,3.5,11777.46
2009,141116,4.1,18663.02
2007,131015,4.8,20666.46
2012,44425,1.5,2000.0
2009,152448,1.8,2758.25
2016,22590,3.3,12208.14
2018,43403,4.8,20523.26
2011,26628,2.8,15343.73
2015,89421,3.5,13118.56
2012,105763,2.2,11063.28
2009,133264,4.2,22914.74
2012,152505,3.4,18887.25
2016,84629,2.5,22900.73
2019,124062,3.2,14882.64
2023,30617,3.8,14783.71
2020,107454,1.9,7670.94
2018,162754,2.4,15093.95
2011,10250,2.0,16332.39
2012,32836,4.8,28396.86
2011,112319,1.2,2000.0
2022,67173,1.2,8465.07
2010,127939,2.4,9889.02
2023,106761,3.2,2000.0
2008,6251,2.3,10834.57
2007,101429,4.4,2000.0
2021,56246,1.7,7935.46
2023,164078,2.5,10544.18
2019,86966,3.0,4222.33
2010,171857,1.8,6692.12
2016,137536,2.2,2000.0
2023,67344,4.8,45555.66
2010,141353,3.1,11481.91
2015,50106,4.5,20351.21
2014,121720,2.1,2000.0
2020,94840,3.4,6171.8
2022,105293,4.1,9455.98
2018,176112,2.7,7541.98
2008,8998,3.5,35303.3
2016,145589,4.5,14038.91
2012,106083,1.6,15212.31
2011,185354,2.4,6566.89
2013,42866,4.3,25883.53
2021,113384,1.9,2000.0
2014,22969,3.2,16469.98
2007,100980,2.8,11203.37
2012,146855,3.7,2000.0
2018,118259,3.7,9023.25
2011,31107,3.3,4709.52
2020,176703,4.8,11968.89
2022,134831,1.7,32018.86
2015,14789,4.3,18357.53
2010,13214,3.0,20931.36
2018,70657,3.6,11518.05
2017,29482,2.1,7290.36
2008,163544,1.4,2000.0
2015,74536,4.1,2000.0
2022,48187,2.0,25436.68
2005,31087,2.6,16731.53
2016,941,1.2,2000.0
2022,119340,3.6,10050.97
2011,132393,3.7,11793.18
2016,194539,4.6,2370.06
2005,45972,4.6,21592.34
2008,199676,3.8,4517.55
2022,86658,2.3,21229.05
2019,39361,2.5,13314.55
2007,41354,2.5,19328.64
2011,66327,1.5,2514.36
2010,192049,4.8,2000.0
2019,47191,4.3,4830.09
2019,55828,1.6,9412.24
2010,10136,4.8,14542.4
2012,146819,4.4,15492.74
2012,66279,4.7,2000.0
2005,72060,2.1,2000.0
2017,39342,2.3,10089.32
2017,196118,2.9,2000.0
2015,81851,1.9,2000.0
2008,176404,2.9,2000.0
2011,32961,1.0,26699.78
2016,106198,4.5,9596.2
2017,69810,1.6,3724.49
2016,29838,3.0,28976.17
2020,14332,4.7,25696.35
2010,63001,4.3,9216.81
2018,90329,4.1,2000.0
2023,167422,3.4,19817.47
2020,119771,2.7,5658.42
2008,80954,2.8,2000.0
2009,48473,1.3,2000.0
2013,171969,1.3,2000.0
2007,11682,4.4,9113.36
2014,152799,2.6,2976.83
2021,187741,1.2,19911.69
2023,43775,3.7,25781.9
2014,56941,3.7,18288.0
2016,12115,1.9,15305.07
2011,50937,2.6,4423.11
2022,45132,3.3,23328.19
2023,193110,3.4,13486.77
2019,12025,3.0,34667.49
2011,95439,2.5,4178.48
2016,58526,1.3,12260.48
2011,147979,1.1,2000.0
2014,68832,2.8,2520.93
2014,56108,1.8,2000.0
2009,151935,4.8,2000.0
2022,136757,3.6,7813.61
2013,6647,3.3,27298.22
2020,30145,2.6,23790.38
2011,171634,2.3,10713.54
2014,103894,1.7,2000.0
2009,151839,1.2,10279.77
2011,98702,3.5,14048.39
2009,116839,4.1,2000.0
2019,5430,4.4,12577.83
2023,134952,3.9,41165.45
2014,65662,4.6,9923.58
2012,116775,4.9,2197.56
2013,60487,4.8,14703.08
2015,39793,3.4,19418.8
2006,113584,1.9,2000.0
2007,110549,1.4,3003.54
2017,57590,5.0,25464.74
2015,71461,2.2,24712.75
2014,52470,1.1,22665.85
2019,198689,2.6,7825.97
2010,63616,4.0,18119.94
2005,100361,4.6,12491.29
2018,169743,2.9,2737.87
2022,136407,2.2,4404.36
2015,68525,4.1,11480.77
2012,105879,3.0,9730.62
2007,93709,1.3,2000.0
2018,71257,4.6,12352.96
2006,187302,3.6,2000.0
2020,2728,1.1,2000.0
2010,83511,1.0,3859.57
2005,22167,1.4,23822.94
2018,167001,4.3,21702.04
2014,73711,2.9,2149.32
2010,168469,2.3,3848.26
2013,126218,2.0,23172.34
2011,193320,3.0,2000.0
2006,178608,1.3,2000.0
2015,72437,3.5,15464.3
2018,76426,2.5,3584.03
2009,76851,4.4,11724.89
2013,80962,4.0,3441.45
2011,162388,1.1,4144.93
2018,35065,1.7,2000.0
2020,120138,2.9,16459.55
2020,80286,3.6,18381.42
2011,23674,3.9,25812.07
2014,119632,4.3,17153.27
2010,26085,1.2,2000.0
2021,38086,1.1,23978.66
2005,114700,3.4,3040.84
2006,63493,3.9,2000.0
2018,184258,4.1,14768.1
2008,48248,1.6,15617.16
2013,26156,4.9,2103.18
2010,100355,1.9,8261.78
2021,134948,2.0,2399.94
2015,186354,1.6,31833.03
2008,71963,1.2,8381.3
2013,176849,4.2,2000.0
2020,48119,1.0,19165.49
2007,198431,2.9,2000.0
2008,101044,1.4,4717.0
2007,100092,1.2,2000.0
2017,116640,4.7,19436.72
2023,146713,4.3,19159.78
2005,76432,2.6,6270.01
2010,189367,2.8,2285.48
2007,78451,4.5,7592.45
2007,85340,4.2,17499.75
2020,19411,3.8,16526.95
2014,134173,3.1,5239.52
2021,28536,3.4,9570.38
2011,3588,2.6,2000.0
2017,145781,3.1,3214.39
2015,87657,3.2,2000.0
2014,132489,4.5,2000.0
2011,20293,1.9,19698.26
2010,53897,2.0,4454.16
2005,44649,1.8,2000.0
2021,35540,3.3,27951.46
2016,62251,3.8,2000.0
2008,119863,2.0,2000.0
2007,186499,3.7,2000.0
2010,191244,3.5,5599.99
2020,35017,2.3,9755.64
2017,114383,1.9,2000.0
2013,20242,4.5,19730.8
2015,194501,3.3,17028.37
2017,116313,3.8,12878.72
2023,199357,4.7,27923.63
2007,97544,1.8,2000.0
2016,100151,2.4,10384.02
2023,112457,2.7,11953.93
2012,8770,1.9,2000.0
2018,132208,4.4,15356.72
2013,11602,1.3,4897.75
2021,101437,2.0,2000.0
2010,10466,1.8,2000.0
2008,141485,4.8,2000.0
2008,177147,3.5,2000.0
2023,132229,3.9,22847.21
2016,138524,1.4,5396.98
2006,26225,1.8,11609.25
2021,40043,4.2,16624.78
2019,145550,3.3,3007.05
2014,87333,1.2,17430.79
2007,168212,3.3,2874.01
2008,136683,2.9,12447.92
2005,161238,1.6,10804.59
2005,149779,3.4,2000.0
2022,131305,1.7,17644.48
2008,189681,4.2,2000.0
2019,171756,3.5,24266.8
2014,65567,4.5,17148.4
2021,159086,2.7,7271.89
2016,91483,3.0,29226.86
2016,8951,4.0,17800.93
2020,199811,3.2,10411.79
2009,67330,3.3,2000.0
2020,62831,3.2,6685.38
2021,197369,3.0,20249.83
2019,28936,4.2,26429.65
2017,194774,2.9,8622.75
2012,15574,4.6,24491.45
2006,98585,4.2,14278.28
2012,135143,3.8,5663.01
2014,152081,4.6,2000.0
2011,159703,3.1,10388.75
2014,22362,4.3,17403.06
2008,161772,2.0,2000.0
2015,47105,1.3,16371.2
2013,162304,3.7,9631.55
2008,41775,2.2,11047.05
2007,184783,3.5,2000.0
2015,17854,1.3,31568.66
2007,128362,4.8,2000.0
2022,68823,3.1,24154.07
2023,46782,1.0,40816.75
2018,22090,2.9,10471.67
2015,27161,4.2,2000.0
2006,147966,4.5,2000.0
2006,106265,2.8,2000.0
2006,46300,1.5,13162.82
2014,90666,4.6,2000.0
2019,44665,4.9,29386.09
2016,170624,1.3,2000.0
2015,196360,1.3,2000.0
2021,189722,3.3,18326.35
2022,93254,3.1,2000.0
2018,54645,3.4,18945.41
2021,114946,2.3,21912.73
2019,170428,1.2,2000.0
2016,42184,3.3,9214.69
2020,50817,1.6,6184.28
2010,34633,2.4,16986.6
2006,48720,3.3,9973.05
2006,66301,1.8,2000.0
2020,155712,3.2,16420.89
2006,51857,3.9,35488.17
2012,5765,1.3,22501.0
2011,80872,3.5,12893.84
2005,30761,3.0,14047.59
2008,37742,1.4,7157.51
2015,132455,3.8,8232.87
2011,194307,2.2,2000.0
2022,15458,1.7,22363.51
2008,133507,2.1,20556.75
2021,159808,3.2,7214.93
2015,29992,3.3,22653.22
2015,57566,1.7,2000.0
2015,171764,4.7,14363.3
2019,114358,2.3,8768.63
2018,154514,2.1,2838.25
2021,23700,1.7,2143.23
2006,103932,1.5,2607.09
2022,27763,4.9,7546.68
2020,178628,3.7,15566.79
2016,198975,4.1,24554.73
2014,135937,2.6,14131.88
2020,172914,2.7,13436.31
2007,170999,4.9,5864.99
2012,49602,1.8,11909.1
2006,121727,2.3,25901.74
2005,162148,1.8,2000.0
2018,19734,2.1,14494.42
2008,2829,3.7,2862.34
2008,1915,2.2,2000.0
2013,39980,4.5,10071.61
2007,9440,1.2,15802.51
2009,135891,2.4,16610.46
2005,73415,4.4,8246.41
2023,90352,3.5,15847.95
2005,32225,4.1,8444.82
2014,141406,2.3,10088.72
2016,106860,2.5,15595.97
2014,95367,4.6,23611.6
2006,69656,4.0,2000.0
2020,104780,2.5,24010.8
2012,2961,1.9,13403.65
2018,78385,1.4,13647.07
2019,32545,4.4,13077.75
2020,51569,3.8,16982.4
2015,132688,3.4,7098.13
2016,123915,4.1,2000.0
2006,74447,4.7,2000.0
2008,184906,4.0,2755.82
2007,25549,2.7,2000.0
2013,72361,1.7,5951.56
2022,18230,3.9,23579.14
2023,50618,2.0,20594.8
2011,114676,4.1,2000.0
2008,8882,2.4,4041.64
2010,81844,1.6,2000.0
2023,117200,2.0,41544.36
2005,175880,2.1,2000.0
2020,115933,2.5,16141.44
2015,22500,2.0,18527.66
2008,81410,1.9,2000.0
2022,140405,2.6,15296.07
2009,53383,4.5,2000.0
2010,66513,1.3,5790.54
2006,157882,2.2,10280.79
2016,156189,3.2,5528.39
2013,72258,4.5,2000.0
2016,13217,2.1,6204.29
2017,172842,2.4,9279.41
2021,86427,4.2,19782.95
2009,45272,2.5,22557.27
2017,83053,4.4,11154.62
2017,61724,2.8,5413.87
2014,146290,3.3,2000.0
2019,37633,3.2,28370.22
2019,41528,1.5,13838.26
2022,183224,2.4,25846.09
2022,9513,2.0,29496.94
2006,171506,3.7,2000.0
2015,174776,4.7,5518.25
2017,72901,1.8,24115.72
2015,60922,1.4,7643.0
2008,104936,3.0,8975.03
2019,100071,2.6,11974.61
2015,100378,1.1,2000.0
2022,50293,4.7,15665.83
2020,99381,4.8,11286.35
2014,55272,4.4,17286.17
2016,8670,2.1,2824.34
2017,27809,1.5,13125.35
2013,18069,3.4,17323.17
2017,95447,2.1,28887.75
2010,118179,1.8,9285.3
2010,99675,3.6,9886.55
2015,136531,4.0,2000.0
2023,159548,3.1,25372.25
2015,62289,2.3,2000.0
2014,27177,3.1,20574.88
2019,3423,3.4,14079.94
2017,61001,1.2,19106.85
2012,151432,2.8,4762.91
2009,198006,3.4,2000.0
2006,161304,1.5,2000.0
2020,44940,2.8,25501.15
2017,136433,2.4,4815.22
2023,1401,4.5,9919.53
2013,66948,3.0,2000.0
2019,22814,2.7,11124.82
2010,3230,2.0,2000.0
2012,105825,4.8,14498.46
2018,104153,4.8,20848.16
2009,108998,2.5,2000.0
2021,38824,4.7,18250.19
2011,119410,3.5,9285.0
2013,50416,4.1,2000.0
2020,100563,1.4,14072.74
2022,191061,1.1,9288.9
2017,71812,3.1,22088.32
2022,196363,1.3,3952.66
2014,58876,4.6,16423.51
2005,55572,4.3,2531.88
2022,87304,3.9,10459.84
2023,88668,1.1,17924.73
2006,114266,2.8,9003.64
2008,193168,1.3,2000.0
2015,75111,4.7,2000.0
2007,73367,3.5,2000.0
2013,180890,1.6,3343.04
2014,194695,3.2,5606.83
2006,68348,1.5,5445.46
2011,166315,1.6,6363.82
2019,23357,1.3,5373.64
2023,199708,4.5,6240.08
2014,113234,3.2,13778.09
2018,85321,2.3,30297.57
2008,37783,1.0,19383.14
2015,125985,2.9,15098.16
2007,51703,3.1,2000.0
2021,116839,2.3,14665.05
2011,88557,2.9,4335.02
2015,195954,1.4,2000.0
2022,65923,4.7,12216.76
2018,153320,2.0,2000.0
2018,64748,4.8,19889.21
2010,162526,3.0,6403.98
2013,78728,4.4,18435.62
2007,117849,3.3,2000.0
2021,2380,4.4,5109.94
2016,123256,1.0,2000.0
2008,168175,1.7,2000.0
2020,94389,2.4,19666.87
2014,743,2.2,21886.78
2011,40124,4.8,2000.0
2014,144200,2.6,3001.01
2011,118174,4.9,10589.36
2022,181292,3.6,28336.98
2013,189424,4.3,17503.47
2022,45653,2.6,27924.65
2021,46072,1.8,20908.51
2015,122214,1.2,13348.75
2005,41302,3.6,10074.75
2021,77011,4.9,35182.11
2008,106452,1.5,11997.64
2008,31898,4.1,18346.72
2018,103620,2.5,25600.59
2013,17889,5.0,14096.2
2017,142024,4.5,11789.18
2020,45985,1.9,29700.0
2005,183049,4.1,2000.0
2007,74106,3.9,20716.0
2023,60139,4.1,11723.43
2012,8897,1.3,13961.94
2022,18798,4.2,16153.47
2010,5656,2.0,7660.27
2010,156418,3.4,16895.8
2009,12193,1.5,2000.0
2016,136219,3.2,2000.0
2013,126474,4.6,2000.0
2013,102748,1.7,2000.0
2021,144501,4.4,7734.12
2023,173263,2.7,2000.0
2021,83366,2.3,11390.63
2020,159836,1.2,2000.0
2016,63628,3.1,4026.96
2007,133474,1.8,2000.0
2018,5642,4.8,16930.29
2021,83746,2.0,5803.14
2020,7918,3.3,14383.52
2016,118535,3.2,2419.51
2006,114438,2.3,14950.77
2012,148548,4.4,2000.0
2016,21061,1.7,15399.03
2020,116408,4.3,15412.83
2012,181106,1.8,7232.07
2020,183714,1.2,8441.5
2014,161501,4.8,4310.92
2019,169637,3.5,13750.4
2008,20215,3.5,15216.4
2019,120148,2.1,2000.0
2008,113613,1.6,2413.76
2015,172336,3.8,2000.0
2010,56098,3.1,17330.6
2008,68764,2.3,2000.0
2013,93271,2.3,2000.0
2013,140515,4.6,2000.0
2007,123816,4.6,2000.0
2009,39276,2.1,6060.65
2019,31711,4.2,2536.97
2013,175749,1.9,5894.89
2006,190547,4.2,2000.0
2007,167129,1.5,2000.0
2016,39764,4.0,2000.0
2020,4844,3.2,10397.57
2009,107181,1.5,3733.82
2014,102539,3.5,18961.84
2019,24630,1.8,17231.74
2018,85132,1.8,14794.76
2018,151625,2.8,29198.9
2017,101510,4.9,17766.11
2020,174987,4.6,2000.0
2012,146236,4.3,11788.55
2012,190360,4.4,2000.0
2021,17025,3.0,13481.77
2021,4839,2.5,22404.59
2007,38937,4.5,12087.77
2005,113074,1.3,2000.0
2021,46660,5.0,42442.62
2020,196669,3.2,2000.0
2021,115911,3.2,11091.19
2006,33260,2.2,5300.16
2018,96200,1.7,13298.12
2011,23206,3.7,11201.38
2023,55763,2.4,20463.87
2005,83059,2.2,2000.0
2021,152946,1.6,2000.0
2014,6794,3.1,15854.32
2010,148711,3.4,2000.0
2011,166335,2.8,10268.28
2010,117973,1.0,5376.68
2009,182479,3.0,2000.0
2006,41961,2.1,9074.76
2022,197733,1.6,2000.0
2021,85801,3.3,18564.8
2011,184329,3.7,5873.75
2023,11736,3.1,6866.25
2011,164986,3.5,15570.51
2011,181010,3.4,8554.34
2020,59395,1.5,3583.82
2016,80338,1.9,17087.89
2019,114946,1.0,10909.47
2019,195280,4.9,12034.41
2015,79757,1.8,13844.02
2006,69385,4.3,22756.21
2007,65285,4.1,2000.0
2023,153886,3.8,11095.34
2019,120862,2.8,16237.51
2020,177839,3.3,15206.97
2005,135688,1.7,2000.0
2019,90100,1.4,3710.36
2016,197323,2.4,5738.12
2011,65659,4.3,4492.95
2011,67713,3.3,11537.69
2015,187113,4.1,8047.97
2015,195075,4.6,23242.19
2021,148959,3.2,13307.99
2007,46811,2.5,2000.0
2020,146181,4.4,16869.02
2009,187318,1.9,2000.0
2006,63387,1.1,2000.0
2011,133196,1.2,13521.13
2014,101558,3.3,16506.81
2009,67949,4.6,21297.06
2019,151843,3.3,2000.0
2016,6089,2.6,3941.6
2014,5833,3.3,5321.46
2021,146820,3.7,22492.84
2015,49308,4.0,19159.49
2012,42083,2.4,12666.24
2019,152459,2.5,11730.39
2006,115605,1.1,2000.0
2021,79674,3.6,27050.01
2010,1702,4.1,6302.58
2017,165505,3.0,4560.69
2012,21773,2.5,17171.09
2015,143497,2.3,2000.0
2019,38575,3.6,11508.05
2017,20098,2.3,7151.97
2022,72519,3.4,14437.92
2022,152566,4.7,28981.42
2021,128699,2.3,2000.0
2017,2397,1.3,7322.5
2007,26770,4.5,4003.86
2011,38222,2.1,2000.0
2016,181779,5.0,12241.67
2008,93737,4.4,2798.96
2015,49033,2.7,18503.88
2018,65879,3.5,10801.54
2022,78475,2.1,10976.94
2011,198152,1.3,2000.0
2009,15950,3.1,5242.76
2020,96081,2.7,4508.84
2015,48787,4.9,2000.0
2007,88768,3.4,2000.0
2020,191234,4.0,24019.74
2015,90150,1.5,2000.0
2014,95551,3.9,16972.54
2006,106350,1.2,2000.0
2020,127943,3.5,24326.03
2021,62926,4.4,2137.57
2014,4986,2.9,9597.17
2022,78485,1.9,30126.58
2016,131307,2.8,11586.62
2012,139065,4.4,2000.0
2007,145908,3.9,2000.0
2007,70760,3.4,2000.0
2010,164078,3.8,2282.87
2006,152380,4.3,2000.0
2007,65587,1.6,6714.23
2021,157803,4.4,14745.4
2013,75108,4.2,20136.42
2008,197664,2.9,15353.16
2006,8498,2.6,2128.36
2013,45066,4.7,17996.27
2018,177790,4.3,11878.98
2015,89529,5.0,7094.24
2006,150065,3.6,2000.0
2006,12485,1.1,21879.02
2009,69136,1.6,14022.41
2011,177195,4.3,2000.0
2008,46264,3.6,2000.0
2018,45606,1.8,20993.84
2006,36346,1.0,4158.4
2016,103865,2.1,2062.63
2014,166383,1.6,2000.0
2005,115192,4.5,6792.52
2023,123016,4.5,14453.79
2020,173334,4.4,8582.76
2019,53166,1.4,4518.72
2018,39075,1.5,19741.04
2013,167454,1.5,20309.11
2019,78675,2.0,26956.56
2011,103446,1.3,21510.08
2008,186295,4.9,2000.0
2022,4806,4.4,4509.92
2012,180730,1.3,2691.28
2016,29357,1.6,26488.17
2019,58877,2.0,8628.06
2019,110137,4.1,21983.07
2021,53155,3.9,32541.22
2006,58051,3.5,2000.0
2016,124503,4.6,12251.89
2007,73147,1.1,2000.0
2011,127117,1.6,5973.8
2010,157976,1.8,29098.14
2018,76742,1.2,2000.0
2009,97486,3.5,2671.29
2008,132779,1.8,11235.01
2019,182668,2.9,12315.1
2011,22290,3.7,17167.48
2007,84875,3.4,11400.62
2017,19311,2.2,14866.47
2014,181081,2.7,11109.55
2006,48175,2.4,2000.0
2016,2720,4.4,6004.11
2016,35790,2.7,2255.53
2023,81285,1.2,41097.44
2023,115066,3.5,32312.79
2007,90328,1.8,2000.0
2010,158544,2.4,2000.0
2006,22442,2.3,10497.97
2017,23802,1.3,10797.99
2013,185187,4.8,10563.4
2017,12721,3.2,2000.0
2018,35757,1.6,2000.0
2023,167670,3.2,5474.46
2015,159304,2.8,2000.0
2018,169243,2.4,2000.0
2020,157154,2.9,19544.77
2014,91402,3.7,22038.31
2020,1939,1.8,26034.31
2006,119382,3.2,2000.0
2020,31989,4.3,20431.35
2018,130404,1.9,2000.0
2022,73251,3.1,32120.14
2010,199394,4.9,4265.17
2011,14454,4.2,9605.01
2017,132449,3.4,16538.14
2006,35523,4.0,2000.0
2019,30807,3.1,2604.19
2021,18467,4.9,25221.89
2017,37177,1.7,2000.0
2011,143359,3.9,12351.81
2005,48667,1.0,2000.0
2007,143910,1.5,2000.0
2022,163137,3.9,14789.47
2011,55259,4.0,29733.6
2021,179939,1.2,6085.2
2016,36872,2.3,2000.0
2020,195942,1.5,2000.0
2014,10522,4.6,22119.39
2020,114108,2.8,10791.76
2022,160204,2.8,24728.04
2019,40425,4.3,2000.0
2015,5478,3.8,7666.25
2022,93873,4.7,14295.19
2010,190427,4.8,3396.28
2005,51793,2.3,2000.0
2011,5025,3.6,19085.2
2016,7764,3.2,25538.48
2008,198720,3.4,2192.47
2014,69036,3.5,12065.14
2006,95062,1.2,20004.31
2013,31521,4.6,2000.0
2014,171464,1.6,2000.0
2015,28807,2.7,13451.17
2018,193273,2.2,6330.28
2007,18013,3.2,20164.75
2005,11311,4.8,10866.6
2011,161699,2.6,2000.0
2008,80483,3.4,19879.19
2011,9041,1.6,2000.0
2020,187585,2.9,16399.07
2014,71796,4.7,4384.56
2019,23306,4.7,27783.75
2020,174899,3.2,3673.46
2010,89086,4.1,2000.0
2008,92151,1.0,15482.27
2008,142499,3.1,2536.84
2008,165150,3.9,14734.01
2021,78359,2.3,27968.26
2017,162285,4.6,7093.2
2006,129428,4.1,2000.0
2010,62960,4.1,4954.86
2005,63741,1.1,15888.55
2012,59000,1.7,2000.0
2022,27207,3.9,23114.0
2008,3936,3.2,2000.0
2009,51775,3.3,15889.29
2009,18674,1.1,7714.49
2019,180862,2.8,17142.6
2014,14374,4.1,28600.51
2012,96128,3.7,3541.33
2011,115040,3.3,2000.0
2016,127401,3.8,11553.67
2015,109644,4.4,24026.24
2017,146389,4.4,4369.85
2019,29181,2.8,13582.13
2021,142852,2.2,22602.35
2022,52994,2.5,9722.72
2012,20402,3.1,6904.22
2010,194979,1.4,2000.0
2015,154348,3.4,2000.0
2013,72778,2.8,2000.0
2009,124889,4.0,6200.54
2011,93057,2.1,2000.0
2019,1052,1.3,21337.53
2008,15400,4.6,8970.59
2023,61980,1.3,7456.93
2017,85483,4.7,23052.16
2005,25699,3.0,4792.36
2005,34111,1.2,22147.08
2018,61065,1.5,17398.73
2013,122378,3.1,5503.41
2016,81798,1.1,7948.29
2022,166763,4.7,10578.82
2013,108732,4.2,14286.14
2012,178269,3.0,11371.62
2018,52404,4.7,8283.18
2013,60736,2.0,15368.96
2006,125210,4.4,2000.0
2005,23942,4.2,25541.5
2017,150073,3.3,13702.06
2014,28696,2.3,2632.64
2012,22319,3.2,2000.0
2011,37123,4.8,23692.94
2016,182237,1.3,18064.14
2021,149383,1.8,6240.72
2016,158192,3.6,2407.48
2020,22642,3.7,23267.64
2014,70083,1.7,2000.0
2016,160443,4.2,2000.0
2015,105219,4.7,2000.0
2018,85639,1.3,2000.0
2017,196316,4.9,2000.0
2006,75279,2.1,2231.57
2011,165522,2.2,12974.68
2005,112033,1.2,2953.89
2007,23407,3.0,2000.0
2016,4445,4.8,17184.47
2009,113443,1.6,2000.0
2016,162168,3.3,19141.12
2007,117606,2.1,2000.0
2009,116801,1.1,2000.0
2005,132214,4.9,2000.0
2020,49897,3.9,30159.05
2013,196557,3.9,7448.97
2014,88071,3.7,20088.68
2014,67266,1.6,18803.24
2017,194274,1.8,7824.01
2020,61466,2.5,20240.1
2008,135195,5.0,2896.3
2018,199838,3.7,2000.0
2021,18898,2.8,2000.0
2009,116457,2.9,2000.0
2017,172139,4.7,4373.18
2007,45946,1.8,2000.0
2009,117174,2.3,2000.0
2020,74504,2.5,6396.08
2023,193501,4.6,11391.03
2023,139064,4.1,20014.18
2021,121132,3.4,8299.39
2022,55173,2.3,19114.66
2022,10125,1.8,2000.0
2012,153502,2.3,12459.43
2022,74165,4.7,29453.42
2013,9226,4.6,13982.01
2023,148292,2.7,7590.56
2014,4702,2.3,2000.0
2006,131713,4.5,3092.86
2021,35942,2.8,22469.0
2017,122341,1.2,11870.61
2015,186477,2.4,14855.79
2020,3875,3.4,35638.46
2011,172674,4.8,13927.14
2007,196394,2.7,2000.0
2020,130140,2.0,15268.69
2023,199456,2.5,2000.0
2020,147149,1.2,25308.64
2006,125797,4.6,2000.0
2018,134684,1.1,2000.0
2014,72598,1.0,11148.89
2023,189264,3.5,16147.53
2015,88240,1.6,4470.68
2022,66998,2.2,30340.21
2015,186186,3.0,2000.0
2013,170651,4.2,10867.39
2023,159477,2.6,2000.0
2014,77510,4.8,3898.26
2007,98814,2.8,15787.26
2007,34924,4.7,16567.9
2012,133991,2.8,2000.0
2010,72168,3.1,2000.0
2005,74460,4.8,2000.0
2010,194840,3.7,26039.2
2006,43910,1.6,2000.0
2023,34005,3.4,25599.69
2011,83400,1.9,10583.01
2015,130634,2.2,2864.16
2015,10657,4.4,24534.42
2008,18394,3.7,2000.0
2020,72433,2.1,2000.0
2009,38397,1.0,7859.62
2011,119445,3.1,19389.8
2020,23874,2.0,21997.58
2019,160945,1.1,3108.2
2009,23670,1.3,2000.0
2005,142023,3.7,2000.0
2013,195141,2.7,2000.0
2009,186424,2.0,18555.76
2010,146840,4.5,11142.48
2007,197185,4.3,2000.0
2010,155535,2.9,2000.0
2012,78905,2.1,22116.35
2010,30836,3.0,14495.38
2020,142760,4.0,16816.17
2020,17202,1.0,4703.59
2007,7188,3.5,8458.43
2021,53326,3.8,23889.61
2010,145207,4.3,2000.0
2010,34657,1.9,9063.34
2023,131630,1.8,4966.83
2019,183157,1.9,10077.18
2023,26195,4.7,7200.65
2006,14443,1.6,3575.63
2012,195358,4.1,5919.16
2011,23215,4.9,17992.02
2012,5949,4.8,4726.03
2017,40411,2.6,7606.07
2019,180293,4.4,14713.96
2016,115877,3.7,15029.75
2019,68438,4.5,21235.56
2018,62521,1.6,20520.31
2011,151796,4.1,26658.09
2021,71431,3.3,7262.54
2009,105854,3.2,2000.0
2014,22081,3.9,22472.28
2023,44732,2.1,18928.46
2022,129808,1.3,2000.0
2014,90182,3.0,11456.98
2006,87904,2.2,2000.0
2010,187939,2.0,2000.0
2007,91374,5.0,2000.0
2023,187971,1.8,3646.68
2009,133227,1.9,2000.0
2011,160975,2.3,11497.16
2011,160465,3.0,2000.0
2014,127277,4.5,11030.47
2005,177581,1.7,2000.0
2015,179306,3.5,8479.18
2011,122606,2.5,2000.0
2010,161173,4.2,15390.72
2010,145285,3.4,5782.0
2017,127927,4.2,19121.75
2020,135423,4.4,2000.0
2017,40236,4.6,29387.02
2006,13241,5.0,25024.68
2023,88987,3.5,29168.52
2023,153251,3.6,18069.18
2023,91659,1.6,9237.67
2022,47665,1.4,15032.78
2010,61242,3.0,10169.55
2006,4455,3.8,17022.94
2023,40459,2.0,2006.91
2010,60899,2.3,2000.0
2019,17597,3.8,33877.43
2010,55591,1.8,12494.35
2007,46209,3.1,2000.0
2015,9052,3.2,9411.3
2012,35691,4.7,26553.64
2022,17816,2.6,32898.54
2021,65876,1.8,2000.0
2023,56533,1.7,14016.92
2023,108873,2.2,2000.0
2021,14206,2.1,12279.71
2008,162590,4.0,17126.98
2011,132270,3.4,9880.88
2009,168136,3.7,9105.1
2020,179816,3.5,10160.47
2010,78566,2.9,8246.89
2018,122874,4.7,2000.0
2006,151649,4.3,2053.05
2022,179302,1.8,24813.05
2022,161320,2.7,19218.13
2017,107787,2.2,14496.65
2022,4934,4.0,25495.37
2021,155999,2.4,8383.21
2017,121298,3.6,5538.69
2016,25877,2.2,18279.38
2007,19471,1.7,15642.29
2011,169913,1.0,16157.41
2005,5853,5.0,2722.55
2009,36018,1.9,6846.36
2005,58501,4.3,2000.0
2008,257,4.3,18354.63
2005,115169,1.9,5721.03
2017,160743,2.7,2000.0
2018,135802,4.3,11996.76
2019,11305,3.8,8144.24
2021,181620,2.5,2907.36
2016,163188,4.8,5538.69
2011,120761,2.4,2000.0
2023,88979,1.8,17197.45
2007,153911,1.6,2000.0
2022,10818,3.8,15946.87
2008,6202,1.1,25160.59
2007,38946,4.4,2000.0
2016,17031,2.2,19074.62
2016,144370,2.5,2000.0
2021,126705,4.2,3470.23
2010,196383,4.3,2000.0
2019,190684,2.6,4629.8
2006,112212,3.2,2000.0
2012,161914,3.7,7063.82
2018,191170,3.8,10682.04
2009,152438,3.1,2000.0
2007,101890,4.4,2000.0
2014,93496,4.4,28814.94
2011,155129,4.4,23685.14
2015,137152,2.1,6851.58
2019,115446,2.0,9201.02
2006,31942,1.6,7593.6
2009,17016,4.3,2827.11
2015,24232,1.2,5963.86
2012,60928,1.5,2000.0
2017,131401,4.7,15701.68
2015,60363,1.5,28247.34
2021,161667,1.5,13222.05
2019,136518,4.6,8999.84
2005,77781,2.2,2000.0
2023,108670,4.5,18584.8
2020,115672,2.5,17182.58
2023,197276,2.5,2000.0
2017,125158,1.5,15169.94
2008,46094,4.7,24196.01
2015,14822,4.0,5560.55
2022,16825,1.9,27128.51
2022,183149,3.9,2000.0
2014,135092,1.4,2000.0
2021,153133,3.1,8437.41
2017,24849,2.0,17135.68
2018,184937,4.4,9650.62
2011,25602,3.0,11048.29
2014,94460,4.7,18049.89
2007,166966,3.3,13403.8
2006,35701,3.0,4001.75
2023,123327,3.8,24363.42
2011,19752,4.1,22504.92
2009,159341,1.1,2000.0
2007,160212,3.1,13981.51
2006,152711,4.1,4954.02
2010,195392,2.6,2000.0
2018,139138,1.2,6014.14
2011,77045,1.1,2000.0
2006,139333,4.2,7176.32
2015,92689,1.8,10767.33
2007,135657,1.7,2000.0
2013,53750,2.2,2000.0
2012,27632,1.4,2000.0
2015,38585,1.2,2000.0
2022,116,4.5,25409.56
2005,15616,2.2,18067.35
2019,83733,3.3,21349.92
2008,113246,4.4,9631.06
2008,29590,4.9,5883.74
2014,115591,3.8,2000.0
2015,196508,4.8,20198.41
2022,8685,2.7,26977.92
2019,69394,4.2,36376.93
2007,145210,4.8,3169.49
2011,96752,1.2,7862.49
2011,19067,2.3,8824.91
2021,184399,4.0,2000.0
2020,102034,2.3,24244.43
2020,170468,1.1,10376.59
2012,111186,4.2,9532.46
2007,38211,1.7,14771.54
2019,96516,2.3,23873.81
2005,40727,4.6,7971.28
2014,14464,1.8,4348.36
2006,180849,4.6,2000.0
2011,110875,2.7,2000.0
2018,146478,4.7,2610.95
2020,79035,4.5,28647.08
2019,64086,2.7,21787.52
2011,137869,4.7,2000.0
2017,4858,3.5,18152.95
2014,197445,2.9,2000.0
2013,198623,3.1,9636.36
2013,60796,1.3,16464.37
2010,65509,4.2,2000.0
2016,48393,2.2,13874.47
2018,138306,2.1,2000.0
2011,159526,3.9,2000.0
2012,196671,2.5,17502.63
2012,172061,3.1,3517.66
2012,28547,2.7,16434.45
2006,53804,3.0,13027.67
2018,55941,1.9,2000.0
2014,23567,4.5,17034.96
2022,2325,3.4,28735.09
2022,71386,1.9,18350.41
2022,55516,1.4,35401.94
2020,128192,3.1,6583.56
2009,21149,2.9,12973.97
2009,2879,4.7,4250.27
2014,100492,1.9,2662.25
2021,84701,4.5,17441.35
2017,82195,4.1,19086.12
2021,14908,2.9,23595.62
2022,17650,4.5,27246.51
2017,126853,4.4,22149.8
2021,72112,3.9,16118.51
2019,36872,1.4,6021.12
2016,113508,1.6,6305.76
2014,198927,3.4,17233.7
2017,96003,2.0,6320.17
2015,81951,3.2,7661.3
2007,115539,3.2,9298.67
2014,93311,3.3,2161.16
2015,55020,3.3,10659.35
2010,171560,2.5,2000.0
2005,77272,1.8,2000.0
2010,92460,3.1,12385.38
2009,44819,3.0,10534.13
2011,192553,2.1,2000.0
2016,194313,1.2,2000.0
2016,55347,1.8,28890.08
2011,121019,3.2,10111.37
2006,122099,3.1,20763.47
2005,61216,1.5,3627.2
2022,183422,3.4,22395.12
2016,65228,2.7,25102.02
2011,143703,3.6,2000.0
2023,154190,4.6,24377.33
2007,177846,2.2,2000.0
2014,60513,2.4,9185.02
2015,97347,3.7,24816.42
2009,56141,4.8,23376.15
2006,69659,2.9,2000.0
2012,11292,1.7,2885.35
2018,61265,4.7,12033.46
2012,45689,2.9,2000.0
2010,159955,2.8,18465.3
2005,152239,3.2,2000.0
2005,71,2.0,17250.51
2012,32234,4.1,8297.41
2015,136588,3.6,8893.17
2022,45037,4.8,25383.43
2014,8234,1.8,7704.15
2016,135432,3.5,7740.03
2020,100135,3.1,19934.45
2009,81965,4.6,7366.97
2020,90094,1.1,15118.44
2016,93753,4.0,20398.65
2010,40160,3.5,2000.0
2009,83595,3.4,19891.28
2005,105572,4.5,6095.26
2023,11544,3.4,15408.66
2014,6381,3.9,4378.54
2018,154200,3.6,7123.78
2007,137906,1.3,6727.26
2010,183247,1.5,2000.0
2009,60514,2.4,2000.0
2021,29398,3.7,24797.52
2022,153799,1.1,6229.56
2016,99316,4.1,10633.63
2009,86509,1.8,2000.0
2013,183731,3.2,34031.28
2016,7530,1.8,2000.0
2013,75733,1.7,5003.85
2007,162581,2.3,2000.0
2005,160481,4.7,2000.0
2019,84095,2.0,3693.95
2014,45598,1.2,2000.0
2018,98132,4.5,22386.17
2011,59130,2.8,17277.48
2008,175161,3.5,15705.66
2009,51524,4.5,7719.68
2020,187026,4.0,2000.0
2007,38996,4.2,13641.07
2021,152577,2.9,30949.86
2017,161204,3.7,14094.0
2010,163630,4.9,2000.0
2009,57202,4.6,11370.64
2020,24116,3.4,8488.75
2015,107960,1.3,5725.33
2021,76769,4.9,4625.95
2009,87064,1.9,2000.0
2010,9250,2.4,2000.0
2014,25547,1.6,24862.1
2005,59734,1.7,3154.15
2014,136527,4.2,13362.44
2021,179632,1.5,14872.36
2007,25474,1.8,2000.0
2006,42773,1.7,8326.98
2021,132574,2.5,4076.05
2008,162189,3.8,2000.0
2006,7042,3.6,2000.0
2009,30501,3.9,2000.0
2014,90454,3.9,15638.76
2005,151316,1.0,3295.22
2005,24242,3.7,12070.51
2008,109847,3.7,22211.35
2011,187743,1.2,14102.98
2018,56235,2.7,9479.11
2018,30766,1.3,12438.13
2022,189624,1.8,8670.17
2006,136082,3.0,2000.0
2005,153218,1.0,2000.0
2020,165979,1.4,4479.88
2022,196233,1.3,7763.13
2020,122023,1.5,21646.79
2010,111873,1.2,2000.0
2014,109293,3.4,15180.53
2006,188972,1.7,2000.0
2011,55270,4.5,11892.2
2021,94516,4.5,15927.33
2007,13960,3.8,2713.29
2016,192102,1.3,2000.0
2006,99456,4.6,2935.23
2011,167584,2.7,4970.79
2021,151077,1.7,14937.21
2023,195128,4.1,30235.49
2016,13472,2.4,20919.92
2013,194735,3.0,9317.63
2018,120578,4.0,2000.0
2006,126239,1.4,8100.18
2008,58316,1.7,6693.72
2023,114068,4.9,6205.37
2020,118416,3.9,20694.06
2021,11603,1.9,16595.43
2006,117754,3.3,2000.0
2021,173323,1.8,31670.68
2023,94425,4.5,12504.54
2012,163,2.8,12398.55
2010,100018,4.2,7483.86
2016,68998,4.9,18405.62
2022,10287,4.9,19920.75
2006,185537,1.6,2000.0
2023,189216,4.8,4747.72
2014,191181,2.1,2000.0
2007,6227,2.4,2000.0
2016,84580,1.3,2000.0
2020,50842,3.6,13826.34
2016,162862,3.6,5835.35
2012,33001,4.1,30752.75
2009,165716,4.8,4832.35
2015,172993,2.7,2000.0
2014,47951,2.6,2000.0
2007,71875,3.6,4409.37
2013,111497,3.7,6775.58
2016,50197,2.8,13808.49
2010,169931,4.7,8463.48
2023,163009,1.2,11131.33
2020,4481,4.0,17618.17
2018,37227,1.8,29121.17
2008,17791,3.0,20392.4
2022,131279,4.4,26682.94
2014,168210,2.3,2000.0
2022,89070,4.6,8810.78
2016,141016,2.8,8983.62
2023,98205,3.8,25843.29
2012,74223,3.9,13948.0
2005,148357,2.0,2000.0
2018,175630,4.6,2000.0
2010,26782,1.5,24974.72
2018,83669,3.4,5325.76
2006,188875,4.7,6826.56
2013,4489,1.1,5131.34
2016,140180,3.1,5212.41
2009,64430,2.0,13688.38
2006,72118,1.8,2000.0
2023,81274,1.9,22186.43
2011,139102,4.6,10362.63
2011,61603,2.7,14225.5
2014,21118,1.9,13019.84
2021,11593,4.7,37382.53
2018,67730,2.3,5756.72
2015,160511,3.9,2000.0
2010,108653,3.1,18125.53
2012,44592,3.7,16674.83
2023,177333,1.7,2000.0
2023,46652,3.7,18880.38
2021,135610,4.6,16337.31
2022,151514,1.4,2000.0
2016,135914,2.3,2000.0
2013,113393,4.9,5071.28
2020,91978,1.9,2000.0
2022,182023,1.2,2000.0
2020,171410,1.2,21578.92
2020,41464,2.1,30049.38
2008,82639,3.0,2000.0
2011,5773,2.1,2000.0
2005,113680,2.1,2000.0
2005,189290,4.3,2000.0
2012,35646,4.1,10769.18
2012,176409,2.2,30605.41
2014,15586,2.4,5406.87
2005,95651,4.9,2000.0
2018,174365,4.8,16388.81
2018,44180,4.9,21931.89
2014,115091,4.8,3732.09
2023,126633,3.5,6692.55
2020,76918,2.2,23127.91
2013,58039,4.9,2000.0
2020,123787,4.0,12835.96
2012,44807,3.8,16916.42
2011,27740,4.2,14446.85
2015,6772,3.4,18367.68
2010,39358,3.3,3321.9
2019,145719,2.4,14735.3
2023,16504,1.6,24424.36
2018,137532,2.8,16776.19
2019,137353,3.1,2000.0
2010,153318,4.5,9265.5
2014,117553,2.6,6487.05
2018,36499,4.5,11983.15
2020,46733,2.3,16513.75
2017,159563,4.8,2713.8
2015,44536,1.2,6857.39
2007,178944,3.1,7824.38
2012,182638,2.3,14329.47
2007,156488,2.2,15402.67
2006,137707,1.3,2000.0
2018,19189,3.7,19889.96
2019,194001,2.6,2000.0
2007,142570,4.8,2000.0
2005,60777,3.8,2000.0
2019,103665,2.8,17685.21
2006,181689,3.5,2000.0
2022,59200,1.3,27755.42
2005,10427,3.4,2000.0
2013,49555,3.7,18768.09
2007,96057,1.4,24383.17
2006,6570,3.7,14046.34
2008,24988,2.9,11328.27
2020,58881,2.9,2000.0
2005,184473,3.9,17579.06
2013,170186,2.8,28682.8
2012,8408,1.9,3154.56
2010,81210,2.2,2000.0
2022,123904,4.0,19596.33
2020,178678,1.3,18156.9
2012,176926,4.4,8272.92
2008,164645,3.3,13778.75
2007,183040,3.9,7645.14
2019,158457,2.4,10276.75
2010,156919,1.9,12229.19
2005,186455,4.2,2000.0
2022,129443,1.4,32181.55
2015,138492,1.7,8673.53
2007,42147,2.1,19168.76
2017,13806,2.4,4449.19
2021,4257,1.8,9338.55
2022,18696,4.7,23948.86
2018,34763,1.1,4671.57
2011,112467,4.2,27360.65
2011,70531,2.6,3374.66
2018,149198,4.3,8069.96
2019,33923,4.2,32338.65
2016,172425,1.5,2000.0
2016,88867,3.7,27925.09
2012,7202,2.5,25083.75
2020,110138,4.3,22733.95
2013,194240,4.4,2211.98
2006,103121,1.8,2238.47
2018,193907,2.9,12606.2
2020,104133,3.4,22750.67
2009,103519,3.2,2000.0
2009,179881,2.0,14833.31
2022,13341,2.1,13472.59
2022,121625,4.4,22470.05
2009,65410,1.1,2000.0
2015,20640,2.0,14628.7
2017,156977,1.9,2000.0
2007,140910,2.5,12478.18
2021,24275,3.7,25992.3
2022,137411,3.1,5595.8
2018,59999,3.2,13688.15
2016,100689,3.9,12446.92
2018,144521,4.2,16932.48
2022,76565,1.6,4791.91
2006,178622,1.4,2000.0
2011,152885,2.2,2000.0
2019,22659,4.3,22517.22
2014,143140,3.2,15721.97
2019,119602,1.6,4009.9
2021,177543,1.7,16451.42
2015,157952,4.6,10604.24
2006,25847,2.5,2000.0
2022,165127,2.0,3468.21
2008,14802,3.8,2834.2
2013,4944,4.4,7740.79
2021,360,2.8,20576.87
2021,63475,4.2,30527.9
2021,83894,2.7,22683.99
2020,125807,3.8,23655.4
2012,134536,3.3,2000.0
2019,149682,4.6,8104.1
2005,30607,2.3,2000.0
2023,136116,4.1,10455.81
2019,169772,3.7,2000.0
2013,190962,4.4,7074.92
2009,141988,3.4,17538.45
2020,85825,2.8,8086.77
2017,69311,1.2,3738.97
2020,45347,4.4,32215.93
2015,131889,4.6,12698.52
2017,133218,2.8,10357.35
2010,90292,1.9,2000.0
2021,154552,3.6,18672.73
2009,32146,1.5,2000.0
2021,119157,1.2,3511.71
2005,163683,2.2,2000.0
2009,24234,3.7,12007.23
2009,136030,4.3,2000.0
2011,55417,1.6,2000.0
2020,147897,4.8,5010.91
2022,57036,3.2,10321.22
2010,108788,4.7,11029.79
2006,59006,1.6,27771.76
2017,122346,2.8,2000.0
2014,58214,2.7,11451.11
2015,27450,2.6,2000.0
2006,195629,4.7,18260.41
2012,76227,4.4,2000.0
2023,63211,4.2,28589.11
2021,19596,2.1,4826.96
2020,59000,2.4,5439.7
2014,198504,2.0,2000.0
2009,130568,4.2,14962.49
2018,33857,2.6,7020.86
2023,131380,4.9,15787.74
2008,156240,2.5,2000.0
2020,159491,1.7,6642.86
2019,70029,4.7,15544.04
2013,12756,4.1,20084.25
2007,160360,3.3,4695.14
2013,129415,4.4,13599.66
2022,143456,4.8,2000.0
2008,170924,4.4,17920.82
2023,146267,4.6,12913.54
2008,86210,2.1,2000.0
2013,121789,3.0,13343.54
2005,34125,4.2,5701.63
2005,82,3.1,18320.73
2023,73978,3.6,25722.4
2007,103715,4.7,2000.0
2014,51539,2.2,2462.73
2016,83328,3.2,15025.68
2022,178875,3.3,30796.95
2018,58825,2.4,8181.12
2014,81036,2.5,24076.08
2014,60555,4.1,2000.0
2022,127075,4.7,17491.32
2005,167568,3.5,2000.0
2019,5294,3.0,9246.89
2012,44852,4.0,3306.99
2007,65858,5.0,21707.58
2022,15836,1.3,9483.53
2013,166900,3.6,7060.19
2020,130093,3.2,5776.6
2019,180050,3.4,12146.2
2009,85620,1.1,2000.0
2017,169475,4.8,23633.72
2011,68920,1.3,2000.0
2020,140525,2.2,11251.03
2011,156453,2.2,2000.0
2020,195614,3.9,5745.07
2017,189949,3.7,6523.87
2021,108537,1.2,18711.39
2013,184449,1.6,2000.0
2016,3664,2.3,16276.25
2017,166936,3.8,2162.08
2013,144943,4.7,10692.12
2009,73101,2.3,2000.0
2011,70195,3.1,19869.45
2005,157001,2.5,2000.0
2008,114836,3.3,2000.0
2008,136802,3.5,2000.0
2020,89083,3.1,30757.18
2009,157431,2.6,5193.22
2008,55414,4.5,14257.41
2010,120241,4.2,28645.41
2007,76003,5.0,2000.0
2012,91936,2.7,2000.0
2021,95385,1.2,34503.87
2022,82078,3.6,14258.98
2022,29234,4.1,5251.67
2016,547,4.7,21243.16
2005,185356,1.0,2000.0
2016,199508,4.5,2000.0
2015,51417,3.1,7930.14
2017,140018,2.5,2000.0
2007,52943,1.9,2000.0
2012,11020,4.3,27489.52
2007,135389,2.5,2000.0
2021,131595,3.4,9439.34
2017,91622,3.0,25329.19
2014,55076,2.1,17077.34
2021,80195,4.2,15924.91
2007,139881,2.2,11037.49
2017,146607,4.1,6342.64
2010,81834,2.6,2000.0
2018,50012,1.1,17978.61
2014,120872,4.1,5533.22
2020,48951,4.6,11396.28
2022,89412,1.5,7653.64
2017,153336,3.3,15324.19
2014,79114,1.3,18936.99
2010,89821,4.3,22183.77
2014,61832,5.0,20625.42
2009,27476,3.0,18860.3
2010,51973,2.3,2000.0
2011,53017,4.4,5433.25
2015,15503,3.1,11540.07
2020,142578,2.8,17784.83
2016,40994,1.9,2000.0
2016,147241,3.5,5627.34
2009,149556,3.4,2000.0
2020,58723,2.1,6519.9
2010,180660,1.8,2000.0
2013,119050,2.8,17455.88
2009,77707,2.8,21286.31
2020,13920,1.5,14865.13
2022,96341,2.1,29961.56
2023,114996,1.6,2000.0
2016,110856,4.6,12635.25
2006,147947,1.3,2000.0
2014,95814,4.5,29446.64
2016,193552,3.1,6014.46
2018,103612,3.7,11377.25
2022,193701,4.7,13008.7
2023,67450,2.5,25863.98
2010,2925,3.8,5847.16
2009,124248,3.7,2000.0
2020,68826,5.0,2822.51
2018,43101,1.2,17537.73
2017,150685,2.8,13907.19
2006,61473,5.0,9700.8
2006,63903,2.3,2000.0
2016,151033,4.9,4248.91
2005,103913,4.3,3703.0
2023,68107,2.4,10524.27
2020,147688,1.1,9242.47
2011,129017,2.1,2000.0
2011,120938,1.5,2000.0
2020,33984,2.7,14789.39
2010,3539,4.8,23067.4
2022,164361,3.1,17819.53
2005,193148,2.8,2000.0
2005,84986,1.9,2000.0
2018,97558,3.5,7510.04
2010,11391,2.8,9859.99
2010,82260,4.1,3071.44
2008,109240,3.1,2000.0
2016,44906,4.5,40017.81
2022,77666,4.1,10574.39
2014,139322,1.6,2000.0
2007,180207,1.5,2000.0
2007,128991,1.1,16017.02
2012,152137,2.5,2000.0
2005,54785,1.2,2000.0
2022,137775,2.8,10742.11
2019,111109,2.0,3605.3
2021,51754,3.0,15364.81
2015,95376,1.6,19303.23
2017,69966,3.2,9319.6
2014,37621,4.9,22226.24
2017,114595,3.5,21690.62
2021,34936,3.3,22110.8
2005,161511,4.2,2000.0
2020,94071,1.0,2000.0
2020,101052,2.1,9626.06
2007,50460,4.9,2000.0
2006,190541,4.1,2000.0
2010,198201,1.4,4689.74
2015,113089,2.3,12422.35
2007,94191,2.8,2355.98
2005,92142,4.7,2628.59
2015,109748,3.3,7650.48
2017,15941,1.3,2000.0
2009,155339,3.0,4925.56
2022,55590,2.2,8892.7
2019,39876,2.4,21987.73
2022,129913,1.5,14610.5
2019,94631,2.8,2000.0
2011,115770,3.7,12062.06
2021,161579,4.0,8204.97
2012,157129,3.8,2000.0
2017,98314,3.6,22838.27
2020,96602,4.5,21425.02
2014,83926,2.3,4824.69
2018,129875,1.9,15429.27
2010,62468,1.4,7769.98
2011,63180,1.7,9406.01
2010,145656,1.6,2000.0
2021,188850,4.6,31630.34
2012,126371,1.7,17925.3
2016,153704,1.4,6499.41
2008,18673,2.6,14592.35
2014,134415,1.7,2000.0
2010,18950,1.5,8999.14
2011,80600,2.4,2000.0
2012,21547,4.7,15242.96
2007,97305,1.1,11953.84
2012,53027,1.8,7128.34
2019,100532,4.3,11384.99
2005,195163,2.0,2000.0
2017,178603,2.8,2000.0
2022,172299,1.4,11279.77
2019,178755,4.2,12017.35
2011,187243,3.9,2000.0
2019,141462,1.5,2000.0
2007,142951,4.8,7607.71
2018,146007,3.4,12517.4
2008,184701,4.2,2000.0
2008,120605,4.1,3806.21
2007,32574,3.1,12324.99
2009,180738,4.0,2000.0
2015,83663,2.0,17286.12
2012,74657,1.1,4841.45
2006,159579,2.4,2000.0
2020,122544,1.6,5265.6
2014,179627,4.9,9669.54
2022,99752,4.7,45835.48
2011,147654,1.6,2783.75
2009,26631,2.4,8674.33
2011,128902,3.0,10408.28
2010,149236,2.6,2000.0
2005,86820,3.8,2000.0
2015,30646,3.0,14466.41
2017,151878,3.3,30615.97
2016,190129,3.7,2000.0
2005,87633,1.1,2000.0
2019,185967,1.0,3755.47
2005,179046,1.7,2000.0
2007,142356,3.9,15031.78
2019,144929,2.0,9060.53
2013,129278,4.7,3230.35
2018,85424,1.3,17916.74
2012,171512,3.3,2000.0
2008,177178,1.1,2000.0
2010,18951,4.9,3760.92
2005,21009,1.9,2000.0
2022,14835,3.4,29863.36
2010,42290,4.8,8150.88
2018,150013,1.1,5276.84
2015,106174,3.1,6946.81
2021,98727,3.1,6961.36
2013,163989,2.4,4734.96
2011,28039,3.6,2000.0
2018,157161,3.2,2000.0
2021,60059,2.0,17628.81
2012,125873,3.8,3405.22
2020,95278,2.9,12619.98
2016,112951,2.9,23395.42
2016,57247,4.8,4852.67
2009,114826,3.1,17804.03
2009,39833,4.1,8762.54
2018,77453,4.5,17808.68
2010,18254,3.3,2000.0
2011,83981,4.1,25549.36
2021,32611,2.2,21509.07
2013,109314,1.7,5377.97
2017,46827,3.8,25906.29
2013,188344,4.7,10625.12
2020,190329,1.2,2000.0
2008,13830,4.1,15045.89
2006,106485,1.1,13275.8
2017,112749,2.8,4674.21
2017,5696,3.7,2000.0
2023,66278,2.6,22791.6
2016,162334,2.2,2000.0
2008,168021,1.7,2000.0
2014,143497,4.9,15119.59
2020,175569,3.3,2000.0
2023,57420,1.5,17966.28
2012,152712,1.2,3674.31
2010,99320,2.0,10394.68
2008,124434,3.2,2000.0
2011,187165,4.0,2939.23
2018,123912,4.9,20762.98
2017,106578,4.3,8309.55
2009,47150,3.4,5560.23
2013,157183,3.7,2000.0
2007,168365,3.1,2000.0
2014,103513,2.7,24441.26
2019,180736,4.1,6564.93
2021,18306,1.7,15363.08
2010,95896,2.3,2000.0
2007,92672,4.9,11179.3
2022,149370,3.3,21512.49
2009,4753,3.0,11147.9
2017,77704,4.4,7943.99
2005,74374,4.0,2400.06
2021,164637,2.3,10751.69
2007,155724,3.5,16318.52
2023,88144,1.7,27739.47
2016,88617,1.2,2586.13
2012,10875,5.0,4181.85
2012,90853,3.9,2000.0
2019,48996,4.7,14137.3
2015,165065,4.3,6889.05
2005,97101,2.7,2000.0
2020,136638,4.4,2000.0
2018,110698,4.1,9984.51
2011,79139,2.0,2000.0
2010,38690,3.5,27063.23
2008,176813,2.2,2000.0
2012,103340,1.9,2000.0
2023,188727,1.3,2000.0
2007,2646,3.2,2000.0
2008,122372,2.6,6013.74
2017,41592,1.4,6909.31
2006,29339,3.9,2000.0
2015,103849,3.9,29428.6
2020,167521,1.9,2000.0
2014,98718,4.8,2000.0
2019,109702,4.1,20244.88
2014,90883,4.2,2020.7
2006,184703,1.0,2000.0
2010,39967,4.9,2000.0
2018,174619,5.0,18426.22
2006,65463,3.0,2000.0
2014,46851,4.9,12884.33
2021,25062,3.4,14418.15
2012,59123,1.5,10586.83
2020,89229,4.3,10552.3
2018,139293,3.2,19729.09
2014,15234,2.4,13940.14
2017,139393,1.9,5888.05
2005,7945,3.1,12386.66
2014,5189,3.8,2000.0
2016,102518,4.5,16836.02
2021,133446,3.4,6545.42
2018,142405,2.7,12608.88
2009,196815,3.5,2000.0
2023,127066,3.0,20703.77
2009,110711,3.6,5811.62
2019,171979,3.4,12038.01
2017,9173,4.9,18274.02
2021,135374,3.5,33941.26
2005,110997,3.8,6143.3
2018,170751,4.6,19809.68
2008,55842,4.7,17611.35
2013,157819,1.6,18968.47
2021,131183,2.8,2000.0
2007,121841,4.8,2000.0
2017,81102,4.8,8425.44
2016,103013,1.8,10551.09
2020,152496,2.8,12035.68
2008,139969,2.1,2000.0
2022,38640,4.2,8703.42
2007,14482,4.4,9850.11
2021,90052,2.9,7077.12
2005,120963,3.7,2000.0
2023,158427,4.5,10839.39
2008,56145,3.8,2000.0
2021,151655,1.6,10826.36
2011,117288,3.8,10262.64
2006,81718,1.6,2000.0
2016,4857,3.6,20965.38
2009,11166,2.3,2000.0
2020,122494,1.2,12248.55
2012,7498,1.9,28890.35
2012,168879,2.9,2000.0
2017,156495,5.0,8021.95
2018,183167,2.0,5559.85
2015,106371,4.9,29128.17
2010,44180,2.5,8684.89
2020,41128,4.8,7091.25
2019,88620,4.8,22601.59
2020,99411,1.6,7677.21
2017,59911,4.3,12103.39
2016,57450,3.1,6858.1
2022,45940,3.7,23520.45
2022,56584,4.1,20433.52
2018,191121,1.5,8119.19
2006,141342,4.2,7256.69
2006,192034,2.2,2000.0
2007,4342,3.9,2000.0
2012,43933,3.3,4731.05
2015,67089,3.7,31526.63
2016,198610,3.5,2000.0
2008,155560,4.2,11809.22
2013,96279,4.6,2000.0
2021,115185,2.8,33744.86
2020,54101,2.6,11898.95
2021,176431,2.0,13195.55
2019,132493,4.3,25165.98
2011,192827,4.9,20913.34
2014,120668,1.8,2000.0
2008,53525,2.8,2000.0
2018,25117,4.1,8844.17
2018,56462,3.5,21422.25
2018,114073,4.3,18484.16
2018,120331,1.1,2000.0
2022,176006,4.6,40524.32
2019,74954,1.2,2000.0
2023,57593,2.8,2188.49
2017,143462,2.1,2000.0
2016,22562,4.7,29682.41
2023,94081,2.1,24019.21
2023,164371,2.5,20581.84
2006,188974,4.6,3413.8
2007,148747,3.1,2000.0
2014,85044,4.6,16226.38
2009,119568,3.6,2000.0
2016,36881,1.3,15632.44
2011,9319,2.7,13991.17
2013,176279,1.7,2000.0
2006,3911,1.3,2000.0
2014,39927,2.5,30001.75
2010,111464,4.6,12074.69
2016,79261,1.5,8917.51
2010,99411,1.0,2000.0
2007,38195,4.7,10985.58
2014,54422,3.1,17869.84
2013,111140,3.2,2000.0
2009,47561,4.7,26044.18
2007,104800,3.8,9364.76
2009,132759,4.3,20161.5
2012,169827,4.1,10926.63
2012,20855,3.4,6016.26
2018,28879,3.8,26076.77
2021,153137,3.2,11461.33
2015,16091,2.4,28640.93
2020,143819,2.1,12753.63
2010,167315,1.7,2000.0
2015,179758,2.4,21998.78
2014,182756,3.3,5707.75
2013,20601,3.4,20422.41
2019,165869,3.7,25723.05
2011,94458,4.5,26080.79
2022,120646,3.6,17339.78
2005,103722,1.7,5034.3
2019,6190,1.1,2522.14
2006,155220,1.8,2000.0
2006,113962,4.6,3887.71
2014,127871,3.3,2000.0
2019,77471,4.4,14478.43
2014,44550,1.9,3707.88
2023,175830,3.8,2000.0
2017,136991,3.9,2865.6
2015,155865,4.2,2000.0
2006,199418,3.1,5772.66
2017,36183,4.2,9255.41
2005,87872,4.7,11322.34
2009,185657,4.8,17298.07
2011,1716,1.5,20481.1
2017,131361,3.5,34519.62
2017,4697,1.5,31058.55
2010,179171,4.7,11050.13
2016,126148,4.8,28639.41
2012,92855,3.0,2000.0
2013,63041,4.8,25492.55
2022,66145,4.1,23461.18
2015,133425,3.8,23399.16
2015,16919,3.3,15445.51
2019,20141,2.6,26847.98
2013,130946,4.9,21865.81
2007,74484,1.8,6747.68
2021,114289,4.2,11354.51
2021,72693,2.5,41401.87
2007,134921,4.0,2000.0
2023,171909,1.7,24379.73
2013,106849,2.5,2000.0
2021,175923,4.8,2000.0
2022,168170,3.2,21496.68
2019,123185,3.0,5073.5
2005,162105,4.0,2000.0
2014,166835,2.7,2000.0
2012,11900,3.0,2000.0
2014,154426,3.2,2000.0
2006,133286,5.0,5522.05
2023,143412,4.2,20658.64
2018,147731,1.2,6791.9
2012,145759,4.1,2000.0
2023,6553,3.0,17215.7
2005,73874,1.9,2000.0
2020,118236,4.4,10982.7
2019,127605,2.1,2000.0
2009,124833,2.3,2000.0
2007,148307,1.3,2000.0
2021,44143,4.9,17545.77
2014,88719,4.2,2000.0
2009,29287,1.6,2000.0
2015,107006,3.0,10507.16
2010,155212,2.3,2000.0
2008,94233,1.1,4427.92
2011,30657,4.7,17606.87
2023,190566,4.4,9591.83
2011,14746,4.9,32918.27
2018,90067,2.0,5193.97
2021,180566,3.8,15759.53
2021,138817,1.5,2656.82
2017,132495,2.7,41763.68
2005,47305,4.4,2000.0
2006,143131,1.0,2000.0
2022,24721,2.9,22003.27
2008,165751,2.7,4934.67
2017,97895,3.8,25090.08
2005,194710,2.0,2000.0
2008,28277,1.7,4464.95
2006,66875,3.6,24495.47
2008,116934,3.6,22622.89
2020,145836,4.0,4086.89
2008,147953,2.0,2000.0
2013,76676,1.1,2000.0
2021,181014,4.5,5589.95
2006,8201,1.8,2094.3
2007,24568,2.7,2462.39
2019,162402,2.9,2000.0
2011,2816,1.7,2340.88
2008,33094,3.1,2000.0
2016,82802,4.7,23370.28
2005,18055,2.1,22044.02
2021,103306,3.1,2000.0
2008,149630,2.2,2000.0
2008,5235,4.9,34950.34
2013,99227,1.9,2000.0
2014,147233,1.4,6470.67
2023,184490,1.6,2000.0
2023,145619,2.5,5144.76
2019,129947,3.2,2000.0
2021,161980,3.7,19262.0
2011,177641,3.2,3093.92
2007,97188,4.6,13481.83
2009,54259,2.4,8233.9
2020,187093,3.8,15405.84
2011,120408,2.1,2000.0
2020,74881,3.7,21280.85
2013,2070,4.7,14289.06
2005,89266,4.9,2000.0
2007,102904,3.9,17274.72
2012,33688,4.8,8519.03
2022,118170,3.7,8291.53
2022,177683,4.9,10860.69
2023,22856,4.6,14709.26
2011,178646,1.4,7593.14
2010,148899,2.9,2000.0
2015,143771,2.4,10767.99
2009,101105,1.1,2000.0
2016,83695,2.9,5464.33
2005,149748,1.6,2000.0
2023,3703,1.1,7945.02
2015,97193,2.8,12422.63
2019,164665,1.9,17352.4
2020,112501,4.7,15633.27
2007,106015,4.3,8841.64
2015,81547,4.8,21707.58
2015,118429,4.5,6581.84
2014,155786,3.9,22843.95
2006,86372,3.4,2000.0
2009,116947,1.3,14327.73
2012,83082,2.1,2000.0
2017,101743,3.8,17595.84
2019,166373,2.6,2000.0
2006,169452,2.3,2000.0
2016,140623,1.4,14876.28
2012,106234,1.3,11016.34
2023,18609,1.8,15631.86
2005,92672,4.3,16260.25
2012,69208,3.7,5423.72
2014,133232,2.4,2986.75
2017,188698,1.2,19587.72
2009,129567,1.8,8671.04
2013,132869,2.8,2000.0
2014,94248,1.6,15127.16
2018,142243,4.1,2000.0
2015,91302,4.2,3065.43
2018,179030,1.5,11083.32
2007,154525,3.9,2000.0
2020,73429,3.0,13719.68
2021,20792,4.8,28645.22
2009,133002,4.2,2000.0
2011,146777,3.3,8806.5
2021,62594,3.4,23079.74
2015,47,1.7,19412.01
2016,133,4.6,13399.2
2006,178694,3.2,21398.9
2023,11238,3.3,16863.14
2009,35132,3.3,9559.89
2015,101813,2.1,35323.63
2023,159154,4.2,14730.69
2011,111663,4.4,9839.32
2010,56305,2.2,12074.87
2015,53246,2.8,7258.02
2018,51689,1.7,16170.75
2008,171836,2.0,2000.0
2012,153440,2.3,6582.15
2013,35239,4.6,17968.22
2006,67970,3.5,14902.54
2015,81559,3.4,17727.81
2011,127019,4.8,12924.67
2008,91922,4.2,6964.58
2018,177342,1.1,22635.93
2005,87601,1.5,2000.0
2016,120632,2.0,2000.0
2023,44014,2.2,27931.35
2009,195952,4.3,2000.0
2012,15665,4.1,4474.4
2015,40542,1.6,17014.85
2008,86769,3.1,2000.0
2019,168040,1.4,2020.78
2016,23481,1.7,7422.56
2014,70558,2.0,11775.04
2020,183716,4.6,8703.45
2012,46954,2.5,2000.0
2012,120156,4.7,10057.45
2010,106243,4.0,2000.0
2007,9145,4.0,16154.14
2012,181566,4.2,10749.94
2014,60835,1.4,5788.66
2009,125622,4.3,16780.34
2015,65506,2.0,3104.96
2008,43064,4.9,8873.06
2021,22954,4.4,16394.62
2007,96872,5.0,2000.0
2022,109120,4.7,6854.92
2012,170123,2.4,2000.0
2016,92221,4.8,5862.3
2020,6574,2.3,24826.67
2018,32381,3.6,18383.84
2020,157111,4.3,16801.69
2008,5331,2.5,4589.23
2005,30412,1.8,2000.0
2005,83857,4.6,2000.0
2019,111132,1.4,16656.6
2007,17458,2.5,2000.0
2018,14058,3.2,26967.85
2013,166413,4.2,8341.57
2023,35165,4.5,35410.96
2012,58425,3.0,2000.0
2006,418,3.3,7984.61
2008,82559,4.4,2000.0
2005,51236,2.9,9983.45
2015,37357,3.2,10230.98
2009,82278,1.1,4568.87
2006,83723,4.8,17689.15
2017,169044,3.3,2000.0
2021,171729,3.9,31045.57
2021,113290,2.0,5139.66
2022,49690,3.6,11609.91
2013,69975,2.8,11358.35
2010,56040,1.4,2000.0
2007,157866,4.3,2000.0
2012,140977,4.4,7263.54
2007,197473,1.3,2000.0
2005,92179,2.6,4379.04
2017,26926,2.1,11693.91
2009,177124,3.1,2000.0
2020,44228,3.0,2000.0
2020,31046,3.6,3337.39
2016,135743,2.0,20893.28
2017,192043,1.9,5423.12
2008,114419,3.9,12497.39
2013,50187,4.9,27016.86
2020,106856,4.8,26515.42
2005,117507,4.2,4784.98
2009,24871,1.3,12255.68
2009,66962,2.0,2000.0
2023,112362,3.8,36962.38
2013,64140,2.2,12807.57
2012,164532,2.6,2000.0
2023,29171,4.8,26107.61
2022,56745,1.3,26990.4
2019,81772,4.4,15294.03
2008,33835,1.2,21044.3
2019,66668,2.4,16707.3
2017,189537,3.2,8787.52
2022,128738,2.4,20934.51
2009,138684,4.8,2000.0
2022,97360,3.0,2000.0
2012,9433,3.9,22907.41
2005,132018,3.8,2000.0
2023,175179,4.3,2000.0
2021,1615,4.5,44396.07
2006,78387,2.9,2000.0
2023,73790,4.5,32751.53
2020,87635,3.6,13657.1
2022,186293,3.7,2000.0
2006,33161,1.7,2000.0
2010,163670,2.0,2000.0
2011,75229,3.8,12986.06
2010,131460,2.1,2000.0
2010,180811,3.0,2741.55
2013,101801,3.0,10853.08
2012,79437,1.9,5635.91
2013,160379,3.3,11289.21
2016,73205,3.3,8947.28
2022,100875,1.5,12801.17
2010,188695,2.5,19567.64
2008,60816,2.5,7112.74
2011,92096,3.2,9163.95
2022,195957,4.0,13130.81
2009,45241,1.1,2000.0
2022,123684,1.5,16462.31
2014,183209,2.2,2000.0
2012,115397,4.2,4025.64
2005,128167,2.9,2000.0
2019,152086,3.0,11371.29
2007,34198,2.6,5985.49
2019,145381,2.7,5378.9
2018,160997,4.9,19322.73
2005,147248,4.6,2000.0
2012,112932,3.9,3252.33
2011,97679,2.3,8068.35
2013,149494,3.1,6408.74
2022,20517,3.8,33325.55
2016,54503,2.6,6919.64
2012,28514,3.1,18664.57
2012,133287,1.6,16760.8
2010,16486,1.4,2000.0
2007,90256,1.7,2000.0
2006,74482,4.0,2000.0
2018,12249,1.8,9103.0
2012,154259,4.7,2000.0
2010,184685,2.5,2000.0
2008,39064,1.7,2000.0
2009,121253,4.3,13210.77
2017,173862,2.8,5787.57
2013,77437,2.6,12490.36
2017,46783,2.3,6994.29
2013,196690,2.3,4100.09
2020,42271,3.7,12129.29
2016,155419,3.2,2000.0
2006,55142,2.9,7308.89
2023,60683,2.8,11504.82
2020,93806,1.6,2033.27
2017,104526,4.3,13542.4
2009,60791,4.7,10708.91
2010,3668,4.2,2000.0
2021,50767,2.8,25453.7
2021,165902,4.9,5486.33
2021,41739,3.5,21652.37
2007,122243,4.1,2000.0
2017,181282,4.0,15639.74
2016,35166,3.8,17390.37
2010,142268,3.6,2000.0
2017,149786,1.8,11620.34
2018,176764,2.2,23019.49
2011,181983,4.5,10227.49
2009,176652,1.7,2864.86
2018,185253,1.6,14688.04
2022,53028,2.1,34115.81
2008,158138,2.4,13667.73
2005,129649,3.2,11747.14
2011,64631,3.4,2501.16
2017,100420,4.2,9175.1
2008,43281,1.3,2000.0
2017,49711,1.8,27955.32
2008,70977,3.0,2000.0
2007,178096,2.0,2000.0
2012,91497,4.5,27992.77
2012,182841,3.6,2000.0
2021,10146,3.0,6951.89
2019,164429,1.0,2000.0
2008,98802,4.4,2000.0
2010,55499,2.8,2000.0
2010,16313,3.1,5605.98
2014,27398,3.8,15632.67
2008,124518,4.7,2000.0
2013,140396,1.6,2000.0
2020,138504,1.3,4676.04
2011,20867,1.5,29194.56
2018,165431,4.0,3758.45
2010,30971,1.5,9571.08
2005,112627,3.0,2000.0
2022,50759,3.8,11046.11
2016,167564,3.9,14556.65
2019,122243,2.6,2000.0
2005,91827,3.8,8155.13
2019,184078,4.8,2000.0
2019,110455,1.1,6736.61
2020,172141,3.7,7707.28
2005,30291,3.1,14150.02
2007,148224,1.9,2000.0
2016,129216,2.2,2000.0
2011,65674,4.3,9016.61
2009,49372,3.3,21063.97
2005,184151,1.1,9196.79
2005,51539,4.9,12519.17
2019,2525,3.7,29067.79
2012,119742,2.8,2000.0
2015,9637,3.8,10955.7
2018,48324,1.8,2000.0
2017,56108,2.0,16687.48
2023,34377,1.6,19734.41
2016,80069,2.6,15810.12
2023,111875,4.6,34254.24
2008,114886,2.6,17967.79
2008,60207,2.2,2000.0
2007,22368,3.8,4523.78
2010,25736,4.5,14344.86
2009,17753,2.0,5417.97
2015,134643,4.2,25817.42
2013,26798,2.2,7600.33
2007,164328,2.0,3023.07
2013,101844,2.9,2000.0
2016,178491,1.3,6377.52
2007,76595,4.4,2000.0
2021,92539,4.5,9194.4
2016,161696,3.7,18566.48
2022,140128,2.2,2000.0
2008,63279,1.7,11902.31
2014,18564,3.8,9341.86
2022,142292,1.4,29867.11
2012,11290,2.6,2000.0
2013,183552,1.4,4286.61
2023,20018,2.7,22394.94
2017,55138,1.5,26572.22
2010,82155,1.1,4367.23
2011,81567,2.8,24114.06
2010,9006,3.3,9814.94
2015,174998,2.8,6446.28
2021,157337,1.7,2000.0
2023,15908,1.3,16368.6
2016,71165,1.5,10193.72
2017,84406,3.9,6021.15
2022,149121,1.1,2000.0
2011,141899,4.5,2000.0
2009,69522,4.4,2000.0
2020,40954,4.5,12278.84
2008,67359,4.5,2000.0
2005,194006,3.7,2000.0
2008,54980,4.4,7588.7
2007,185654,3.9,6428.05
2008,87256,2.2,6891.91
2005,86008,4.0,8062.42
2016,131682,3.5,15107.32
2017,167708,1.1,7033.4
2006,142956,4.1,16098.33
2013,126446,4.5,26480.28
2011,182387,3.1,30212.79
2017,181973,2.9,6655.24
2006,103249,2.7,8266.7
2005,152628,3.9,2000.0
2022,177748,1.9,5847.62
2011,11018,4.1,6303.68
2022,36599,2.2,8744.32
2023,198987,2.0,3132.61
2012,153561,4.2,10939.31
2016,118557,1.7,6732.18
2015,111694,4.5,6315.86
2013,48071,4.9,12622.2
2008,12394,2.3,8937.54
2011,14417,4.7,39539.93
2021,27849,3.3,13602.8
2015,35207,2.0,11673.81
2006,192741,2.8,2000.0
2022,155362,4.2,2000.0
2016,124947,3.7,16007.67
2013,146187,3.0,8205.65
2015,163824,2.0,2000.0
2009,177474,3.9,9635.84
2011,155313,2.3,3835.89
2005,49021,2.3,2000.0
2009,127627,4.0,2000.0
2010,169269,3.2,2000.0
2017,115159,1.7,21580.45
2015,64079,3.7,5007.51
2012,89979,2.0,10053.97
2006,36533,4.0,2000.0
2019,122514,2.9,2000.0
2014,89832,3.4,2000.0
2012,79283,3.4,7467.55
2006,83093,1.6,3368.72
2019,198275,3.6,18173.1
2010,130798,4.5,2000.0
2009,46963,4.6,11251.36
2007,31034,3.8,11599.59
2015,14143,4.9,37955.99
2015,199929,3.4,6873.21
2020,119057,2.0,14183.56
2007,93415,3.6,15700.69
2013,69662,4.6,18287.54
2007,150249,2.4,2000.0
2023,177123,2.1,15487.74
2015,71721,4.9,8578.75
2018,184009,4.1,12949.58
2006,114938,1.2,3280.9
2011,130557,3.2,5950.33
2014,190850,1.9,6691.06
2014,95203,2.1,4686.59
2005,73993,1.4,2000.0
2010,147014,1.9,6901.42
2018,112022,3.0,4614.49
2006,67659,1.3,17994.5
2010,17894,4.6,18059.47
2005,102156,4.1,11639.92
2007,184999,2.5,6543.0
2008,187232,1.5,2000.0
2017,36190,5.0,38629.3
2007,8431,3.3,4618.93
2019,188466,2.7,2000.0
2017,101311,1.8,2000.0
2015,188891,1.8,23346.94
2008,163410,4.2,2000.0
2021,162655,3.1,21074.8
2009,144985,4.9,2000.0
2012,14860,4.8,9186.12
2014,32924,1.8,16219.23
2011,104646,5.0,13771.55
2021,95231,4.9,2853.56
2011,73134,4.2,11164.0
2023,168601,2.6,6134.38
2013,163525,1.9,6035.33
2006,116707,1.4,2000.0
2023,54389,1.2,20535.63
2010,108182,4.3,10920.08
2014,106227,4.8,38454.54
2017,86090,4.1,14412.54
2006,54199,4.0,17516.95
2014,31444,2.7,17058.92
2014,179184,3.6,6773.39
2009,18798,3.7,12781.33
2008,60147,2.0,12845.61
2006,142513,4.0,2000.0
2011,198763,1.6,2000.0
2022,178864,2.2,2000.0
2021,62942,3.4,17844.83
2015,32860,3.2,2000.0
2022,113605,3.8,30153.11
2012,120931,3.3,7009.32
2016,12468,1.2,15840.57
2005,58014,4.9,12975.42
2016,165983,4.1,11042.68
2010,90343,4.5,16099.05
2007,186195,4.2,2000.0
2009,192405,1.8,2000.0
2018,17986,4.7,4555.73
2016,35719,4.9,13020.52
2017,59116,1.3,6353.42
2017,75794,1.6,4783.13
2021,132382,5.0,10154.46
2019,96462,2.2,2000.0
2010,63798,4.3,13306.0
2016,82078,1.3,6920.29
2006,20162,3.9,2000.0
2008,116274,3.8,17613.18
2016,16761,4.8,19444.42
2007,19679,3.9,2000.0
2021,74441,1.2,16276.02
2010,143451,2.8,16573.75
2021,47770,2.4,14324.28
2021,59567,3.3,7447.04
2015,144493,2.7,2000.0
2011,94183,2.1,8162.94
2006,48938,3.6,2000.0
2023,10974,2.2,20572.01
2006,123617,4.4,23327.02
2017,2500,2.3,11995.94
2020,60490,3.1,28068.6
2021,182087,4.3,18637.4
2015,180715,4.3,20042.79
2013,73649,3.3,19765.24
2013,93116,2.5,8069.56
2018,112742,3.2,7701.48
2017,96296,4.4,25398.93
2015,122189,1.9,12796.45
2016,142877,1.5,13154.15
2007,108025,3.3,12150.59
2005,122098,3.3,2000.0
2012,7731,2.2,14513.47
2023,107197,2.7,10360.18
2017,95310,1.4,2000.0
2011,100788,1.5,2000.0
2017,182979,4.3,16027.6
2010,105932,2.9,15401.98
2007,11460,1.4,11908.54
2010,11294,4.8,4337.03
2007,10059,1.8,2000.0
2017,110621,2.3,12664.7
2017,162928,4.9,10792.61
2017,7817,1.7,15014.56
2005,93917,4.9,2000.0
2012,134105,3.9,12089.81
2009,12971,2.7,2996.03
2021,196997,3.4,33540.26
2013,188058,3.0,12185.77
2017,162067,4.2,25066.77
2017,19731,1.3,17391.2
2009,131083,4.3,2000.0
2018,75244,4.9,20956.75
2015,149076,2.7,10524.26
2018,22537,1.8,6267.88
2011,24836,1.4,9780.57
2021,139583,2.4,12557.05
2008,143545,1.5,17781.23
2014,10468,1.9,2000.0
2014,100231,3.6,32583.52
2019,55965,2.7,13928.35
2016,199440,4.6,16292.59
2013,88898,2.9,11310.65
2007,86036,1.6,24876.66
2019,131087,1.6,2000.0
2016,15986,3.8,24947.99
2019,2345,3.5,26655.64
2005,8450,3.8,24784.56
2019,146421,2.4,4609.29
2015,66599,4.7,17423.28
2009,16659,1.5,3140.86
2011,43751,1.1,8511.73
2016,152378,4.0,4008.48
2010,80476,3.7,8259.01
2007,69118,3.0,2000.0
2014,197939,1.2,2000.0
2008,8066,1.5,8664.45
2017,157204,1.8,4861.13
2023,78772,3.6,15547.83
2009,66015,3.7,12669.98
2022,151965,3.7,24033.21
2005,199654,4.2,2000.0
2020,93706,1.1,2000.0
2020,198096,3.6,11766.39
2020,144792,2.0,2000.0
2023,113713,3.3,30661.61
2020,27400,4.0,3056.5
2005,84012,3.9,6287.94
2014,115517,2.2,8806.97
2006,160018,2.4,10388.65
2018,26510,4.7,20244.82
2012,179234,4.4,2000.0
2010,161271,2.0,2005.14
2007,155111,3.3,2000.0
2020,117388,1.4,2327.99
2021,106639,3.6,19138.12
2016,119618,3.5,7125.83
2023,19188,2.1,32968.9
2007,108382,2.7,2000.0
2017,7990,4.1,22568.04
2020,121024,2.0,20259.41
2015,140047,4.1,2000.0
2020,120704,2.3,14107.03
2006,4273,4.4,2000.0
2008,71997,1.1,7844.33
2008,40326,2.0,4862.03
2021,51350,1.7,16531.83
2005,93630,4.6,2000.0
2005,139804,2.7,9360.94
2009,72911,3.2,15292.49
2016,13660,2.0,7325.83
2010,125189,1.5,2000.0
2010,155345,3.4,2000.0
2021,197020,2.1,14971.24
2017,55020,4.7,12464.93
2012,157431,2.9,11726.49
2016,108223,1.6,3078.51
2019,146979,1.1,3211.37
2023,99731,1.9,7731.08
2021,85430,2.3,4449.56
2013,129060,1.8,7788.67
2022,99941,2.5,9244.02
2006,119264,4.5,6101.75
2015,150852,1.2,2000.0
2021,4677,4.2,39341.95
2022,120213,2.7,6230.89
2019,46548,4.6,19720.23
2011,7122,3.7,7857.62
2020,50794,1.7,2000.0
2005,132366,4.8,2000.0
2022,112993,1.6,36539.48
2012,48070,2.3,4039.11
2011,171627,4.9,9507.27
2006,139627,1.8,2000.0
2016,2116,3.5,27078.42
2020,141619,4.9,31429.37
2013,143782,3.8,16577.31
2015,199169,3.7,13809.33
2019,129242,3.5,16318.77
2007,38807,3.2,9710.18
2017,105704,4.8,4677.98
2017,171708,3.2,20804.27
2006,31086,3.7,2760.16
2010,96091,4.0,12395.85
2010,186489,3.1,7199.64
2016,35310,4.6,10961.97
2008,39488,1.1,2000.0
2009,53172,2.6,7076.51
2012,1172,3.5,11005.18
2010,124664,1.1,2116.65
2007,39806,4.7,4862.91
2012,87515,4.3,22315.43
2023,53826,1.9,9369.63
2015,80221,2.3,2797.96
2022,159616,3.7,8650.21
2014,122426,2.4,7636.89
2016,26738,4.4,4742.92
2012,174707,2.0,2000.0
2023,127212,4.3,21986.36
2020,157742,2.9,13426.17
2022,114284,2.8,2000.0
2013,59665,1.7,2000.0
2008,24688,4.9,20010.98
2013,186912,2.4,7019.89
2006,116003,1.8,2333.69
2013,158011,1.1,22327.42
2013,52385,3.0,2000.0
2022,114738,1.1,18183.66
2015,81301,2.8,18239.77
2017,131215,4.6,19325.56
2010,52839,3.0,8516.41
2013,71337,1.2,2000.0
2020,158223,2.1,6517.11
2008,87172,1.2,2000.0
2006,185842,4.5,2000.0
2011,155607,2.0,2000.0
2019,97821,1.3,24853.37
2010,42980,4.9,14826.59
2015,193695,2.9,4712.99
2021,8116,2.6,16072.11
2008,189164,4.7,3473.74
2023,47515,3.1,43795.37
2011,13998,2.1,17637.12
2015,30279,4.2,10120.22
2017,107370,2.1,13200.98
2007,65150,2.8,9033.88
2018,183168,4.2,15076.52
2006,53955,4.7,15432.83
2022,181432,3.4,10968.31
2009,183957,3.0,2000.0
2017,98517,1.3,12720.38
2017,145977,3.5,6624.58
2018,194778,2.3,11813.92
2016,12300,3.1,8926.17
2017,121254,4.0,2000.0
2022,18202,3.6,26770.09
2017,66021,1.4,7245.75
2008,105848,2.6,23322.69
2014,84935,1.8,2000.0
2009,110219,1.6,2000.0
2022,167319,1.9,13691.5
2012,138001,4.7,10333.14
2018,45174,3.9,12166.29
2006,159675,4.6,17449.13
2012,45967,3.0,5132.97
2020,119904,1.0,8990.92
2011,4937,1.1,2000.0
2007,98967,1.6,2000.0
2008,181247,4.1,2000.0
2011,78610,1.8,27211.32
2008,196844,1.4,2000.0
2013,129960,4.4,12194.02
2021,23070,1.9,9933.51
2021,142548,3.0,5443.64
2018,85263,2.4,16302.31
2018,104854,4.6,13531.93
2017,116813,3.8,2000.0
2008,112168,2.8,6300.1
2017,183441,4.5,2115.22
2021,149411,3.9,28285.03
2019,22539,4.2,37819.97
2022,188151,4.9,33347.12
2015,228,1.8,16958.18
2008,54090,1.8,9489.12
2015,86980,3.2,20504.56
2014,65202,3.1,2000.0
2017,23199,4.5,16338.68
2012,101190,1.6,2000.0
2017,12451,2.7,9729.85
2013,79527,3.1,2000.0
2005,12669,2.9,2000.0
2005,193957,1.3,2000.0
2019,155061,1.6,29296.51
2008,84739,1.6,2000.0
2005,199597,3.4,6518.85
2016,107582,2.7,2000.0
2015,165833,1.7,6396.01
2023,166885,3.9,27523.76
2019,16157,4.2,5669.41
2014,117993,1.8,2000.0
2005,85519,3.9,2000.0
2007,52739,1.3,22400.14
2018,64156,4.4,16733.71
2019,88283,4.9,4993.7
2005,31626,1.6,2000.0
2014,135531,4.1,2744.77
2005,70623,1.4,10293.32
2019,181143,4.8,17732.55
2007,14898,2.8,20398.02
2016,41001,3.1,12687.88
2023,14758,4.1,8081.1
2020,178310,2.0,20662.44
2012,146193,2.6,13126.69
2018,177342,1.3,3368.69
2022,178923,3.5,16377.16
2005,191981,4.2,4198.85
2006,179987,4.4,2000.0
2016,48993,3.1,5246.19
2021,34888,4.1,29250.81
2006,13893,1.6,2000.0
2021,86416,4.0,21356.61
2011,117838,1.0,2000.0
2010,162784,1.8,12020.84
2010,29943,3.5,2000.0
2012,5306,2.3,2000.0
2009,65461,2.6,6516.56
2019,116521,4.3,20631.21
2011,155179,3.3,8564.43
2007,141781,2.6,2054.15
2014,98017,2.9,13411.11
2007,145986,4.4,2000.0
2018,96711,2.9,15910.63
2007,130323,4.5,6987.55
2005,28412,2.0,2000.0
2005,65326,3.1,6919.35
2023,16151,2.5,6869.84
2008,64690,3.4,2000.0
2006,136081,3.3,14486.24
2015,85782,3.3,13766.67
2016,49280,3.1,20022.31
2017,61818,2.8,15477.21
2020,191602,4.6,17855.6
2020,132417,2.1,4050.62
2023,127439,2.7,16166.7
2013,122057,1.8,2000.0
2020,39900,2.3,16471.67
2011,86562,2.0,2558.66
2017,29289,3.7,14648.17
2008,160504,3.8,2000.0
2017,85143,2.1,2000.0
2012,64140,4.9,10897.5
2006,150932,2.1,19087.78
2011,5097,4.3,16918.21
2015,158186,2.2,10181.68
2021,191270,2.7,2000.0
2018,144545,3.7,6490.75
2017,63634,3.2,2000.0
2019,107931,3.0,3142.9
2013,24831,4.2,3344.83
2007,153178,3.8,2000.0
2017,76145,4.7,9912.42
2017,190169,1.9,22972.54
2013,70282,1.1,2000.0
2022,161456,5.0,18605.33
2009,62754,2.1,5740.09
2015,52563,1.2,13594.45
2006,16459,2.0,8388.5
2021,31288,3.7,34373.53
2008,167451,3.4,2000.0
2022,123384,1.8,26004.06
2012,75720,1.7,7564.42
2023,144021,2.8,31830.23
2016,103415,1.1,2000.0
2015,175410,1.0,2000.0
2020,71655,3.5,22762.22
2009,35162,2.3,22096.36
2007,34184,1.1,6722.14
2016,62662,2.8,10984.86
2019,73379,4.7,21168.2
2020,26805,2.0,12979.98
2017,8431,2.0,4840.03
2011,120741,2.9,7442.47
2019,129089,1.6,18876.34
2007,104618,3.6,2000.0
2016,28836,4.4,13033.88
2012,193465,1.8,2095.17
2016,102462,3.6,13398.72
2022,4146,4.6,31089.25
2007,30762,4.6,2000.0
2016,110402,3.2,8811.28
2006,175042,1.6,2000.0
2018,70976,3.6,13751.46
2018,48343,3.9,9773.11
2008,77804,4.0,8064.41
2021,156862,4.7,9654.43
2019,151017,3.5,17870.45
2020,120921,2.9,2261.23
2009,152997,3.0,2000.0
2021,138730,2.3,14389.12
2011,25191,1.2,11536.99
2019,37426,3.9,17468.49
2021,9322,1.1,11930.0
2016,187685,1.3,4662.04
2015,22014,2.3,43839.0
2023,70891,4.7,20839.03
2015,195394,2.9,11556.59
2006,106316,1.9,11226.58
2019,20835,4.6,20031.24
2009,100968,3.3,22115.88
2022,103166,2.5,15111.87
2020,90415,3.9,5517.18
2008,176011,2.8,2000.0
2014,130579,3.9,13835.66
2006,10086,1.9,2000.0
2019,165355,1.6,9298.04
2008,66119,2.8,6307.64
2020,31860,2.3,22701.62
2011,123246,3.4,9348.33
2016,157694,4.2,3477.01
2007,49271,4.6,15283.67
2021,52436,4.0,22484.23
2013,40676,2.4,13689.14
2012,52406,3.9,10316.59
2010,63109,3.1,2000.0
2019,130386,4.6,11753.96
2014,161245,3.8,2504.19
2010,110061,1.6,2000.0
2019,135531,1.3,2000.0
2018,87485,3.2,9304.6
2023,198576,2.5,2000.0
2017,166371,1.7,2000.0
2018,182153,4.2,15302.75
2007,116631,2.5,2000.0
2008,117984,1.3,2000.0
2018,54428,2.0,17107.4
2018,54877,3.7,31963.6
2012,159459,3.6,5438.89
2014,31084,2.0,9285.52
2013,131973,2.4,2000.0
2018,161977,1.2,19277.23
2012,38733,4.8,8282.46
2015,101560,2.3,26959.29
2014,103810,4.7,22318.18
2022,162071,4.3,12946.5
2008,110482,2.3,2000.0
2008,118241,3.8,2201.9
2016,187656,2.9,7320.54
2022,132765,4.9,19811.81
2012,186719,3.6,26602.25
2007,129612,3.1,6750.48
2022,165969,3.6,16694.31
2011,36779,1.9,4717.03
2005,117940,2.2,2000.0
2017,1365,3.9,14171.86
2007,139459,1.3,2000.0
2007,32918,2.2,19519.47
2019,136252,3.5,3032.15
2023,30342,5.0,26513.36
2008,119211,4.7,2000.0
2017,187318,4.3,5278.66
2017,98634,3.0,15800.33
2019,52476,4.2,28182.45
2023,123769,3.2,15141.78
2020,181178,2.8,18023.98
2011,44649,1.9,10982.89
2007,119137,4.8,17867.89
2006,43908,3.4,2000.0
2022,158889,3.7,30380.09
2015,186584,1.6,4137.22
2005,76123,2.7,2000.0
2020,34812,4.9,11144.73
2021,38413,4.0,12753.49
2020,151055,4.5,22107.68
2014,187098,2.6,2000.0
2021,154497,1.3,17130.79
2007,136082,2.4,2000.0
2022,53142,2.5,33336.52
2023,87565,2.2,9210.15
2018,44974,3.1,26159.9
2006,178418,1.8,2000.0
2016,81726,4.8,24184.74
2015,180185,4.6,19689.74
2021,190471,2.0,2123.79
2010,109166,3.6,11982.55
2023,149031,3.0,2000.0
2017,2213,2.0,4409.6
2011,181450,4.6,2000.0
2015,140927,1.9,2000.0
2011,74091,3.5,2000.0
2017,179351,2.3,11674.39
2017,5544,4.3,13919.7
2005,21137,3.5,15091.99
2023,71124,4.3,17014.05
2023,126361,2.4,8471.57
2019,39426,1.0,7371.36
2018,64588,1.9,10193.19
2007,135899,4.3,6971.16
2008,93069,2.3,19837.66
2011,169978,2.3,5629.55
2005,77184,2.8,4634.68
2023,169819,2.1,4307.09
2007,15738,4.2,10961.45
2019,79075,2.3,9833.86
2017,10357,3.4,19373.76
2018,169127,2.8,12978.84
2011,43779,2.1,4749.98
2005,179105,2.1,4185.19
2017,59072,3.0,15624.23
2008,107191,1.8,2000.0
2016,4617,2.4,28283.82
2011,182608,1.2,2000.0
2006,128326,4.2,14148.81
2021,42342,1.2,4823.39
2005,10687,4.5,13979.46
2018,137868,1.2,7157.98
2005,183829,4.4,7472.55
2007,59191,3.6,2000.0
2015,39801,3.0,16315.52
2011,190144,1.6,15383.04
2013,6747,2.0,6896.05
2007,189068,3.8,7104.72
2005,7936,3.0,2000.0
2023,163365,3.1,25578.53
2006,82678,1.5,2000.0
2009,115129,2.9,2000.0
2021,143768,3.4,28923.88
2023,13097,1.5,18918.2
2009,137300,4.9,10611.83
2018,60832,4.3,5754.18
2014,179128,2.3,13089.07
2011,56868,3.3,13287.28
2012,193208,3.2,2000.0
2012,184417,1.4,5913.28
2011,14141,2.8,24420.84
2017,111133,1.8,10405.41
2018,198134,2.3,9638.63
2023,164030,4.8,30211.71
2015,67409,3.2,2000.0
2006,139030,1.3,2000.0
2021,7489,3.7,21977.48
2010,155905,5.0,2000.0
2013,139418,1.7,2000.0
2023,125871,3.7,21342.97
2009,169446,4.3,7902.92
2013,176125,4.4,7859.08
2011,43235,3.8,13497.96
2008,39428,4.6,2000.0
2022,129664,1.1,13618.98
2022,188309,1.3,2000.0
2021,110665,1.5,5530.49
2008,18796,1.2,12285.59
2020,178638,1.5,2000.0
2009,55776,4.3,2000.0
2013,196529,4.6,6612.88
2006,116429,2.3,2000.0
2006,68696,4.8,2000.0
2008,159253,2.7,2000.0
2021,134443,1.7,2000.0
2023,59435,3.7,23466.11
2007,42020,2.7,22760.33
2009,36119,1.1,2000.0
2014,98764,4.9,23794.01
2010,67653,3.4,20865.25
2007,165446,3.5,16044.08
2021,128718,4.9,22079.36
2014,32839,4.3,7300.38
2016,71887,2.5,14528.54
2005,143536,1.2,12581.86
2022,131778,1.9,3911.6
2023,15660,2.4,24509.48
2008,62323,4.8,25265.1
2019,133870,4.6,19217.61
2013,156825,1.1,13726.01
2010,41113,4.9,28685.63
2016,180253,2.0,17415.0
2022,160794,4.1,17501.58
2019,86991,1.5,2000.0
2023,68847,1.9,19963.8
2013,192242,3.0,2000.0
2017,160434,3.8,7584.22
2020,51026,2.4,26536.59
2017,178273,4.5,21542.6
2005,129349,4.8,14753.4
2022,48974,1.5,20352.84
2007,143989,3.9,2000.0
2021,172649,1.5,18231.5
2009,17955,2.4,2154.47
2010,187437,4.3,20620.81
2021,95847,2.3,2000.0
2021,84357,4.6,14533.12
2005,154987,2.6,12850.72
2011,61799,2.2,2000.0
2020,115269,5.0,4231.56
2009,116942,2.8,4581.06
2020,98904,4.0,10321.08
2008,139778,3.4,2000.0
2015,63409,1.8,18995.9
2018,17193,3.0,33873.96
2017,130413,1.3,2000.0
2012,128973,3.8,11793.72
2019,100789,3.1,9165.71
2022,83366,1.5,34877.08
2011,147924,4.1,8238.19
2023,17013,4.2,16603.54
2013,137610,3.9,3740.71
2015,98417,2.3,2000.0
2014,50377,3.9,7325.66
2018,129486,3.3,14698.62
2020,47645,3.2,17133.95
2012,152939,3.6,12067.54
2005,78070,3.5,2000.0
2016,83536,4.2,18713.39
2007,36085,4.9,2000.0
2006,89271,3.9,8041.88
2020,89500,2.8,18109.4
2008,121104,2.8,2000.0
2006,53792,1.1,2000.0
2016,5733,1.6,4237.41
2021,128276,1.9,32579.41
2014,120306,5.0,2082.14
2012,86733,4.1,3241.79
2022,78601,1.6,14016.37
2022,125948,3.0,2000.0
2022,166377,1.9,14484.79
2006,47318,2.2,15717.72
2016,85094,3.4,17409.95
2014,188198,3.4,2000.0
2012,84142,4.5,19863.69
2023,106325,1.7,2000.0
2014,65587,3.0,8418.67
2015,79835,3.4,18724.83
2018,92334,4.7,17414.26
2019,86984,3.1,9409.49
2014,119383,2.4,13739.48
2008,11300,2.2,21026.72
2011,198266,1.9,2000.0
2015,119871,4.8,2000.0
2007,159205,3.4,2000.0
2009,16059,2.2,2000.0
2006,62166,4.0,2000.0
2016,13720,2.2,2000.0
2009,58230,3.0,9783.54
2011,125077,1.1,2000.0
2008,151466,4.4,7606.29
2015,635,4.8,21678.59
2013,76742,4.5,2907.4
2008,64197,1.7,5590.31
2013,128547,4.3,30029.95
2016,44845,2.4,2000.0
2020,22805,4.7,5352.03
2005,190498,2.2,2000.0
2012,114288,1.4,2000.0
2005,114862,4.4,2000.0
2023,25632,1.5,31701.52
2008,124628,3.2,10375.86
2018,125642,2.5,2350.09
2018,142732,4.0,17815.09
2013,26877,4.0,7596.63
2013,110914,4.1,12507.91
2021,169996,1.3,21770.24
2019,178225,4.4,18572.9
2014,190199,2.9,17796.03
2021,48360,1.9,12934.15
2013,179169,2.2,6773.12
2008,24091,4.6,2208.57
2018,162407,1.0,19566.17
2007,198751,4.2,2000.0
2016,39767,4.7,13471.37
2005,190656,2.0,2000.0
2005,130967,4.3,16752.55
2017,43518,1.6,2000.0
2018,119932,1.1,2000.0
2020,89168,3.4,15666.27
2011,65865,3.6,10168.25
2014,12370,1.6,17195.77
2019,144919,3.0,20585.75
2012,182897,2.5,2225.91
2015,169072,1.3,2000.0
2018,121271,3.0,6268.42
2017,189439,3.3,8062.42
2017,67216,1.9,31778.07
2013,112658,4.0,32789.74
2021,47112,1.3,14770.41
2022,169791,3.2,13329.54
2023,158904,2.2,13788.65
2017,123941,2.7,3516.02
2016,72402,4.6,27785.86
2012,25479,3.7,35616.85
2015,180357,1.6,5249.05
2011,120752,4.5,10035.49
2005,108460,2.5,2000.0
2014,177300,2.4,2000.0
2019,182263,3.0,2833.8
2008,4188,1.8,10927.62
2005,35617,4.7,2000.0
2015,134438,2.9,8764.3
2009,52063,2.6,2000.0
2023,78597,1.7,25491.31
2023,15952,4.2,6317.89
2008,150047,4.8,2000.0
2006,4283,4.5,14802.85
2011,190599,1.6,2000.0
2017,20645,4.0,23568.62
2016,11740,1.8,13645.42
2006,187358,1.2,2000.0
2013,98548,2.9,33098.09
2020,5128,3.7,36366.92
2012,177587,1.5,11687.41
2022,55983,3.4,9483.42
2008,50930,4.4,30242.96
2015,186534,1.8,2000.0
2021,92647,2.7,18365.01
2012,8628,3.0,6104.27
2023,169746,4.3,13562.29
2012,190240,4.1,2000.0
2010,96831,4.1,3794.32
2006,41753,3.7,9574.03
2019,94380,3.5,27867.33
2005,157386,3.0,3701.99
2010,138740,2.5,10153.32
2023,198562,3.1,3895.91
2008,79948,4.4,2000.0
2017,122081,3.3,8686.36
2019,149087,4.9,2483.34
2013,21420,1.6,13189.4
2007,77899,2.8,2000.0
2006,195616,1.8,2000.0
2020,183889,2.5,15116.06
2022,178590,4.2,18650.53
2022,6874,4.3,41335.88
2010,64959,1.1,20007.09
2022,96617,4.8,25122.64
2015,173425,4.5,6311.88
2011,142734,4.6,21196.84
2018,145197,2.5,3822.85
2022,52343,3.0,13199.63
2011,19503,1.7,8237.6
2014,187476,2.6,6100.14
2012,192381,1.5,25772.0
2018,15271,4.5,44949.81
2022,131448,3.3,2000.0
2009,95616,1.5,13715.79
2018,108819,4.5,18626.6
2014,125695,1.3,2000.0
2019,18325,4.7,23999.06
2010,131276,1.4,2000.0
2013,138126,3.9,22032.3
2014,55100,3.6,21476.15
2021,157197,4.1,30779.36
2005,18809,3.3,21479.46
2018,158512,2.4,3807.49
2008,148126,2.1,2032.89
2006,64115,4.8,21707.21
2007,52569,2.8,7326.7
2011,134137,4.4,2345.14
2018,34495,3.9,19182.39
2016,5976,3.6,2000.0
2023,96690,4.9,22256.24
2022,20410,3.3,16563.33
2019,122550,3.9,17765.3
2005,125812,4.4,4155.53
2007,81273,1.2,2000.0
2019,38832,5.0,14666.28
2008,36582,2.0,3937.48
2019,198311,3.8,2000.0
2014,60430,4.8,24836.72
2010,126144,4.1,2000.0
2017,13544,1.9,3167.73
2011,119229,2.4,2000.0
2005,49843,2.7,9990.82
2015,77827,3.3,6047.92
2018,99137,3.4,24390.82
2010,113903,4.2,2000.0
2009,174561,4.4,13413.92
2023,71330,1.4,25586.44
2023,163821,2.1,7487.6
2017,162252,2.4,2021.24
2011,9353,1.1,2000.0
2012,46403,2.7,8917.9
2018,188888,2.4,2000.0
2023,22244,3.1,29451.53
2023,83946,1.4,9339.23
2016,75365,2.7,2409.32
2013,125120,3.4,2000.0
2018,179741,4.2,23590.43
2010,180006,4.1,2000.0
2019,13046,2.6,5540.43
2017,181129,2.6,11920.32
2011,153820,1.1,2000.0
2015,47275,1.3,25153.01
2014,197791,4.5,4221.17
2005,141483,4.2,6497.8
2011,193598,1.1,6766.05
2022,44604,4.5,34351.68
2007,164928,3.5,2000.0
2013,33960,4.2,18473.76
2009,116816,3.0,21145.7
2017,97014,1.6,19067.8
2020,136459,2.4,7310.34
2020,52603,2.8,28667.64
2016,61185,4.0,19113.74
2022,112712,4.3,16641.28
2015,33099,4.0,28880.02
2021,107707,2.9,2925.02
2011,50200,3.7,2000.0
2019,143352,2.2,3441.33
2010,133347,5.0,2729.7
2010,38005,1.7,2000.0
2022,111723,3.9,13473.36
2023,6385,1.6,18445.35
2023,181858,2.1,12135.02
2006,192021,4.0,2000.0
2007,98806,3.9,9871.1
2018,3569,1.5,20041.67
2008,107575,3.7,2000.0
2021,105620,1.8,17168.32
2010,25910,4.9,7104.54
2023,53170,3.4,11356.73
2013,130709,1.0,2000.0
2008,127899,1.8,2000.0
2011,69752,1.9,2000.0
2008,192470,2.0,2000.0
2015,185455,3.2,11574.71
2006,31600,1.8,2000.0
2014,16315,2.7,19637.72
2010,90134,1.7,2000.0
2012,155304,3.7,2000.0
2019,26425,3.3,2000.0
2017,122119,3.5,2000.0
2006,75891,4.9,2764.03
2005,197087,2.6,2000.0
2019,84274,1.9,4577.51
2011,174571,5.0,7763.06
2022,54016,1.2,13634.97
2014,181367,4.2,12264.97
2019,100637,1.6,2298.75
2009,185307,3.7,6216.16
2015,188176,2.9,2000.0
2012,155030,4.4,19114.54
2012,62821,3.9,15703.22
2010,47993,1.7,2000.0
2019,152727,3.7,13184.45
2019,152900,1.9,9395.57
2009,113496,1.7,2000.0
2017,104371,1.3,2000.0
2018,181062,1.5,2000.0
2015,56565,3.8,2000.0
2016,190265,5.0,9031.52
2005,172031,3.7,13073.16
2007,177045,3.8,2000.0
2012,159034,4.1,13696.97
2016,133281,4.6,13124.19
2019,195171,2.1,9398.74
2007,142520,3.4,10235.37
2012,119736,1.9,8587.1
2023,198567,3.1,2000.0
2010,275,1.8,8930.8
2022,21008,1.3,23354.25
2015,60675,1.4,16882.17
2016,58302,4.9,15359.24
2006,130292,1.0,2000.0
2009,100145,3.8,2000.0
2008,20529,4.5,3357.69
2013,15631,2.6,7546.25
2017,79082,3.8,11795.55
2017,178759,2.4,2000.0
2019,96060,3.1,19996.75
2006,71211,4.7,2000.0
2017,187281,1.2,2000.0
2011,142641,2.1,4029.25
2021,109020,1.4,12391.35
2012,49639,3.0,9707.66
2022,169245,4.1,6560.94
2019,55856,4.9,9228.65
2019,40033,1.6,13036.06
2009,169437,1.2,2000.0
2006,165780,1.6,3133.22
2020,159662,4.9,2000.0
2009,64024,2.3,2000.0
2010,11989,2.1,2000.0
2016,106039,3.9,29370.82
2009,164799,1.5,2000.0
2012,170470,2.4,3046.49
2015,38560,1.6,2000.0
2018,97473,4.9,22819.19
2021,166403,2.1,24932.12
2014,164303,2.1,2000.0
2006,195339,3.5,4168.92
2007,10128,1.1,2000.0
2017,24055,3.6,11297.84
2021,188431,2.8,2497.65
2007,28646,1.7,9190.43
2014,104391,2.9,3456.41
2012,198221,5.0,17789.64
2008,74550,4.4,19845.44
2017,133192,4.9,15254.58
2011,3391,4.7,20987.6
2011,141230,4.3,12910.69
2020,41699,2.3,20039.57
2009,154818,3.9,2000.0
2021,13045,2.6,7839.19
2014,185225,2.7,2000.0
2008,109562,4.5,2000.0
2018,171096,1.8,2000.0
2009,58141,2.2,6032.17
2006,6129,4.7,11601.48
2018,199818,3.8,2237.09
2022,91698,1.3,9353.82
2015,38284,1.5,12188.95
2020,48056,3.3,25743.99
2022,100835,4.2,39357.81
2020,141698,4.2,10099.55
2008,54639,2.7,2000.0
2005,94029,2.0,15518.2
2018,152009,4.2,17603.94
2016,18663,4.8,16421.59
2014,96794,2.8,26240.33
2023,174799,1.5,2000.0
2008,7305,3.4,12095.39
2007,21940,1.3,6810.68
2008,195078,3.4,12128.88
2019,44146,1.7,26342.68
2015,13657,3.1,23908.92
2020,121415,3.5,8540.68
2008,699,2.8,13239.7
2010,73101,4.3,18345.38
2012,7109,2.5,26805.97
2017,74323,1.6,3537.36
2008,50165,2.9,5836.32
2009,156187,4.9,7991.7
2014,65547,4.5,5658.14
2009,10135,2.2,2000.0
2016,20843,2.0,16527.37
2005,661,2.9,24758.06
2014,119321,3.6,2000.0
2009,192825,4.7,6214.17
2023,153030,3.5,8568.51
2023,9614,4.3,14370.06
2016,66115,3.8,2000.0
2020,180719,1.4,11711.04
2009,113262,4.6,6550.15
2021,102529,1.8,5134.59
2018,79006,2.5,11786.37
2016,78615,4.4,5635.28
2017,15650,4.9,34261.98
2018,13854,2.2,17309.06
2009,198744,2.5,2000.0
2009,70599,2.9,25455.43
2022,185675,3.0,26039.39
2018,89217,4.0,7697.39
2022,147662,4.3,29030.84
2005,44391,5.0,8790.05
2011,166970,4.2,2000.0
2021,80991,2.2,13192.94
2007,18238,2.4,2000.0
2014,185802,3.5,2000.0
2011,169104,3.7,2000.0
2016,18044,1.4,7121.17
2019,105852,2.4,8615.52
2020,146784,1.8,10523.25
2012,136051,3.0,17292.8
2010,99022,1.7,4308.27
2008,61332,3.3,4725.88
2015,16641,2.9,10764.06
2021,161783,2.6,19112.3
2006,119593,3.6,2000.0
2010,112691,2.7,10236.7
2008,42882,2.6,9196.11
2007,64152,3.6,2000.0
2011,40780,1.2,19494.87
2011,58583,2.7,24166.84
2020,48573,1.8,6532.05
2006,27870,1.2,2000.0
2012,88718,1.1,5165.39
2019,166853,1.7,7422.39
2020,185448,2.7,2000.0
2005,152073,3.3,4895.02
2014,119752,4.2,12469.48
2011,79601,3.4,2000.0
2020,131959,3.1,2000.0
2014,109950,1.1,2000.0
2016,66280,2.2,14162.6
2021,89156,3.8,10710.96
2017,150892,2.1,7813.16
2016,21547,3.4,8481.93
2019,67240,3.4,8579.3
2018,57554,2.2,16334.34
2023,69600,3.3,23117.97
2023,51108,1.5,20023.3
2018,10718,3.9,27069.47
2022,181926,1.1,2000.0
2009,4214,1.1,5296.3
2010,90597,4.5,15892.0
2022,190572,3.3,2000.0
2018,117189,1.7,2000.0
2008,77038,3.4,10727.21
2005,103431,2.5,3453.88
2017,173098,2.1,32721.48
2015,112424,4.2,14557.6
2007,127107,2.9,8907.34
2021,128899,2.2,12424.49
2022,10007,4.8,19786.14
2014,179988,1.7,9946.45
2020,39305,1.6,17782.92
2017,159277,1.4,2000.0
2016,118744,1.5,3126.79
2008,49349,2.0,9858.18
2012,171471,3.8,2000.0
2016,27947,3.7,16274.61
2023,45275,4.1,19383.2
2019,136035,3.3,2000.0
2020,122656,3.0,22292.73
2016,47197,2.7,17263.96
2022,153752,4.5,19381.2
2016,190988,2.4,8594.51
2020,96974,4.6,11657.97
2015,152318,2.1,7526.24
2018,62885,1.6,11974.55
2006,124061,2.0,2000.0
2017,134413,3.0,14192.76
2018,113457,4.7,2000.0
2010,7747,1.7,5847.26
2016,100866,3.3,2812.25
2011,81132,1.9,13269.42
2008,63409,3.7,14902.77
2011,161699,2.9,2000.0
2017,83587,3.9,2000.0
2015,71949,4.4,2176.28
2012,84568,2.3,18071.61
2023,71270,4.8,30203.43
2006,41596,2.9,2000.0
2022,30786,4.7,28283.44
2014,122887,1.9,4192.31
2010,83499,4.6,10999.49
2008,23999,2.3,2000.0
2023,147590,4.0,4608.98
2018,159479,4.9,16584.69
2018,64303,4.6,15726.93
2022,29501,2.9,14342.76
2021,102424,2.4,23206.68
2022,35280,3.5,15014.03
2022,186329,3.8,30935.28
2009,29045,3.2,2000.0
2013,24432,4.4,36328.56
2005,186769,1.2,2000.0
2008,26745,3.4,2000.0
2011,160515,3.1,21559.55
2015,120720,1.2,20372.18
2018,175989,1.1,2000.0
2014,165072,3.4,15320.34
2023,175404,1.5,3597.36
2012,95832,4.1,2000.0
2007,108034,4.8,2000.0
2012,114650,1.7,2000.0
2022,59024,4.2,22083.41
2009,136725,3.4,2000.0
2015,186150,2.8,37699.48
2013,69625,3.6,2000.0
2023,25194,4.2,25708.26
2016,196591,4.9,6684.39
2009,122467,3.6,4846.57
2020,43748,4.0,22143.23
2017,121778,3.4,5399.56
2010,51996,3.3,11591.81
2020,102605,1.3,9523.56
2022,131070,1.6,6005.67
2021,45638,2.5,11818.69
2016,194216,3.6,6493.52
2005,189112,1.3,6355.56
2011,80283,3.2,2000.0
2018,27980,1.1,8059.87
2022,158083,4.1,10690.66
2005,157158,3.7,2654.56
2014,70498,3.1,5062.16
2019,174350,3.3,38804.08
2015,66393,4.7,7020.72
2008,65158,4.6,18858.2
2019,93841,4.2,14189.3
2020,117080,2.3,24774.2
2019,126948,1.4,2000.0
2021,63636,2.3,2546.94
2015,105075,4.0,5580.94
2022,184506,3.4,2000.0
2020,147475,3.8,33275.5
2019,185681,1.4,2000.0
2015,2420,1.6,19956.35
2017,142290,3.7,22396.33
2022,171763,2.5,2000.0
2012,161206,2.5,2000.0
2013,3133,2.6,11726.27
2015,60901,4.2,7088.28
2021,99089,3.8,7088.06
2005,65370,1.4,6895.45
2015,178126,2.4,2000.0
2011,40503,3.7,27189.38
2012,124309,4.9,4513.12
2023,81671,4.6,20940.96
2008,50570,2.0,2000.0
2008,99851,1.3,2000.0
2023,45231,3.3,25608.84
2013,82278,2.6,2000.0
2021,47934,1.7,38191.92
2022,1562,3.6,19585.89
2005,18561,1.6,2000.0
2018,184034,2.4,2918.04
2008,164318,4.2,2000.0
2014,131335,3.7,19362.69
2018,122691,3.4,13434.32
2011,6646,4.7,10434.02
2016,97439,1.5,11538.05
2020,76684,3.8,33441.8
2009,114517,1.5,2000.0
2015,91673,1.5,22685.12
2008,157084,3.0,2000.0
2017,178650,1.1,14526.03
2012,149461,3.0,8401.81
2011,79889,1.0,2314.35
2015,52292,3.4,24960.54
2015,25483,2.2,9866.59
2021,163969,1.3,13610.53
2018,172969,4.1,16146.29
2006,151174,2.6,14211.44
2012,94074,2.8,32042.01
2006,71385,2.5,2000.0
2019,93493,1.3,8661.52
2009,120294,2.8,2000.0
2010,196622,3.7,14055.21
2021,13807,4.6,29828.92
2012,75765,4.1,18339.73
2023,46062,1.3,14512.07
2009,25282,1.7,9315.88
2023,99006,1.2,33643.64
2018,119529,1.5,9227.39
2014,113729,2.9,2000.0
2017,14272,1.9,23351.6
2009,53283,3.6,6729.16
2011,53994,1.1,3074.78
2014,88080,4.4,22017.63
2015,186881,3.7,2000.0
2007,79904,4.9,2000.0
2017,170332,4.8,22047.2
2006,136571,3.8,3330.11
2008,84475,1.6,3473.53
2007,160389,1.9,2000.0
2019,11178,2.1,24765.06
2008,3939,2.7,10070.88
2008,119639,3.3,2000.0
2019,118026,3.7,2000.0
2010,115485,1.3,6830.36
2009,96137,3.4,11801.19
2016,81242,1.2,11083.95
2011,158359,4.3,2000.0
2007,106938,1.2,2000.0
2011,99957,2.6,21777.36
2016,189429,2.7,7373.16
2019,140226,3.3,15705.1
2023,57916,1.4,18637.64
2010,111212,4.7,16909.15
2012,12034,2.5,19658.82
2010,95013,2.6,7766.1
2007,160809,2.0,2000.0
2009,131887,4.1,2000.0
2013,196568,1.0,11619.23
2020,129036,1.4,14814.73
2020,39735,2.9,9516.61
2013,50362,4.9,28804.01
2022,52286,1.1,17652.76
2017,185679,1.2,5886.16
2015,82474,3.9,22223.94
2014,105212,3.9,24636.79
2014,160568,4.6,23763.61
2010,78996,3.3,2000.0
2020,77790,2.6,15841.46
2016,11957,2.8,2000.0
2008,195252,2.7,2000.0
2009,7852,4.9,3748.82
2006,66800,2.5,2000.0
2023,23203,1.4,11003.93
2005,178750,2.2,2000.0
2008,172925,4.8,20408.42
2016,179434,2.7,2000.0
2006,10364,2.3,2000.0
2016,158811,2.2,7837.38
2020,62176,1.0,17205.72
2006,179906,3.5,2000.0
2021,38304,3.9,25515.16
2006,25814,2.4,5920.22
2008,16057,4.5,16921.13
2010,80509,4.0,2000.0
2011,18201,3.4,9457.27
2019,180990,3.8,8477.15
2016,49724,4.1,7973.66
2009,184687,3.1,2000.0
2018,177552,2.6,6104.21
2020,169160,1.5,22913.68
2015,43292,2.6,26582.06
2016,124990,3.2,2000.0
2023,94853,4.8,13618.78
2021,49902,1.6,2000.0
2011,119144,4.0,2000.0
2013,154810,2.0,5034.37
2018,199026,4.8,11249.69
2016,119724,3.4,2000.0
2019,199596,2.7,20139.49
2016,35618,2.4,10980.75
2017,199987,1.8,20423.27
2013,30765,3.9,10000.85
2011,196801,3.5,2000.0
2005,177208,4.6,2000.0
2014,25322,3.4,27746.65
2010,185185,1.7,2000.0
2019,142351,3.7,6587.58
2019,153088,4.5,15665.34
2013,80615,5.0,6008.74
2017,24725,3.7,11788.65
2005,73519,2.2,2000.0
2013,121837,3.3,13385.79
2007,22137,3.1,20549.61
2013,12057,3.0,4640.06
2019,21281,1.3,8420.3
2011,111473,1.8,3878.37
2008,105273,3.1,2000.0
2021,152788,4.2,9789.3
2008,137606,1.7,7987.83
2023,59672,1.7,17325.61
2009,106424,4.0,20916.27
2020,108171,3.8,10435.52
2007,169630,2.9,2000.0
2015,114670,1.2,25098.01
2019,125466,2.9,29217.72
2023,26965,4.3,21771.61
2018,36469,1.0,23969.41
2020,83280,1.4,22817.22
2010,142330,4.2,8255.75
2009,109642,3.1,2000.0
2021,63580,3.6,25698.91
2020,3067,4.0,32247.25
2006,92274,2.2,6112.38
2015,34212,2.2,18476.5
2008,143289,2.1,17116.38
2010,152943,1.7,2000.0
2011,5179,2.2,26592.5
2021,199961,4.8,29703.55
2012,23165,1.3,11619.16
2005,187436,2.0,2000.0
2019,136991,2.3,11139.85
2016,55012,1.6,9781.89
2019,81092,1.3,2975.16
2019,178674,1.6,7172.12
2013,177734,3.1,2000.0
2020,153366,3.4,4190.63
2006,78272,1.9,2000.0
2019,173734,3.0,9819.8
2019,79532,1.0,11301.71
2011,193730,3.4,2000.0
2017,90686,1.0,22825.48
2021,186078,3.6,5858.7
2015,129333,2.9,2000.0
2014,22298,1.4,2000.0
2005,161628,1.4,2000.0
2018,168483,1.0,11686.19
2009,13746,3.2,7167.71
2012,164500,4.2,2000.0
2005,21999,4.4,10744.04
2011,101136,3.3,11610.25
2006,195784,4.5,2000.0
2011,30361,4.4,38916.25
2011,111125,3.8,4645.95
2013,139560,2.5,2000.0
2008,38381,4.3,2550.54
2011,154426,2.6,2000.0
2022,147786,2.6,2532.92
2017,6777,3.7,31541.38
2015,143113,4.7,19767.9
2013,13142,3.0,5336.88
2018,91396,1.7,2000.0
2012,140342,1.6,2000.0
2018,187139,2.2,2000.0
2021,123754,2.8,18588.51
2018,3866,2.2,24629.88
2009,144101,3.8,12561.2
2014,169953,3.2,9984.96
2010,109181,2.6,14946.03
2014,125369,1.9,2000.0
2015,99889,3.4,24681.02
2010,2940,3.7,24883.15
2014,145177,4.1,11476.61
2018,94580,5.0,19989.06
2007,64556,1.9,2000.0
2011,112012,1.1,6148.59
2006,22789,3.0,19788.34
2011,144290,4.7,2000.0
2021,17886,2.0,29159.24
2017,17129,4.0,28717.32
2013,166452,2.3,24452.79
2017,132580,2.6,7196.65
2019,198378,4.8,7013.86
2017,77507,2.8,7566.46
2021,165801,3.9,15450.31
2012,129539,3.2,2000.0
2013,140859,4.1,3977.18
2013,127660,2.3,11093.48
2012,40519,4.5,10515.6
2020,134730,3.2,7674.83
2011,23361,2.2,3790.89
2021,88529,1.2,9391.49
2011,197073,1.1,14245.25
2010,117131,2.4,2000.0
2009,156880,1.9,7668.23
2021,144946,1.2,16733.21
2012,154019,3.2,7982.3
2005,40284,5.0,2000.0
2020,190223,2.7,2000.0
2021,19432,3.2,23857.27
2007,69578,1.9,5234.21
2017,86059,1.8,2000.0
2012,135274,2.3,10826.96
2020,169964,4.3,13009.72
2011,45205,4.8,3385.46
2019,7773,4.0,30029.59
2006,17671,1.1,15357.65
2006,8301,2.8,4271.49
2014,128017,2.7,14782.64
2009,163701,4.7,23870.99
2008,53971,4.0,17371.56
2019,51942,3.9,21412.77
2017,160071,3.3,20435.39
2021,74188,3.6,2000.0
2005,82663,3.8,9009.94
2022,18794,3.2,11294.55
2019,93904,4.4,12450.52
2018,46536,1.1,15626.49
2013,74170,4.8,14677.31
2016,1833,4.1,6935.69
2009,33653,3.1,12470.42
2006,146391,4.4,3029.73
2011,3604,4.3,11239.05
2013,136429,2.7,3297.71
2022,147329,4.4,5534.58
2008,28932,1.8,7459.68
2006,193808,2.9,2000.0
2005,61719,1.9,2000.0
2016,65415,1.5,4041.85
2017,64413,4.6,12952.14
2018,187313,2.5,2000.0
2009,85141,3.7,7666.17
2007,128826,2.5,5612.95
2008,106647,3.2,13200.96
2021,121625,2.4,7732.19
2023,1596,4.0,21122.2
2015,190087,4.1,2000.0
2012,113675,2.7,3824.53
2016,30733,4.4,17910.23
2022,108030,2.4,9907.31
2022,9757,4.0,13763.68
2013,140214,3.6,2000.0
2009,84412,2.8,6164.61
2021,25917,4.6,23557.33
2017,97054,3.3,5270.71
2010,189147,4.4,9985.06
2018,164378,3.9,7879.5
2019,122851,3.1,2000.0
2018,180992,2.3,10540.12
2008,159373,4.8,7286.58
2022,187129,1.2,10435.84
2005,182345,4.6,3724.36
2016,38321,3.0,24667.23
2013,81193,4.0,33250.19
2014,75462,2.3,8933.27
2022,160039,2.5,18712.74
2021,65549,1.8,15675.31
2023,90302,4.8,13003.82
2008,137065,1.2,2190.38
2020,183088,2.5,8694.02
2011,163209,2.3,15061.74
2013,122293,4.3,12815.02
2012,69638,3.0,13863.29
2011,1104,1.7,16832.9
2014,35580,3.0,14658.27
2012,38899,1.9,21324.64
2021,180875,1.1,7771.52
2016,104932,3.2,7142.86
2018,157028,2.4,4210.17
2016,62774,2.0,4782.83
2006,113145,1.7,2000.0
2016,106135,2.8,2000.0
2018,82721,4.5,17331.35
2011,114301,4.0,2000.0
2017,53696,1.0,16367.61
2008,6428,3.9,12310.83
2005,81177,1.3,2000.0
2021,141385,3.2,23897.4
2007,4140,4.1,28899.39
2021,2792,2.8,22256.12
2012,68259,2.5,2000.0
2007,87496,4.8,2000.0
2014,198630,1.1,2000.0
2006,189846,1.4,5780.98
2008,102492,4.5,6276.71
2018,162113,4.5,4863.34
2015,27089,2.5,6754.23
2018,603,3.2,19039.37
2017,7150,1.7,25061.73
2008,113193,4.5,5096.14
2006,56048,2.9,2000.0
2006,22346,3.3,18077.35
2015,81478,1.5,6384.27
2009,188202,3.5,2000.0
2013,68311,3.8,7518.5
2021,134711,2.2,2000.0
2016,90702,4.6,18274.75
2022,181662,1.8,4724.72
2007,126450,4.6,2000.0
2009,66386,3.8,2000.0
2018,49591,4.3,5266.95
2020,73336,3.8,7920.57
2023,121545,2.7,7582.73
2013,72111,2.3,11256.28
2021,43955,3.9,18835.72
2011,94535,2.2,4824.26
2014,128256,1.2,2000.0
2008,190081,2.0,2000.0
2014,30249,4.0,18197.56
2007,21577,4.2,2443.38
2013,115945,2.1,2000.0
2017,149000,2.3,11874.16
2005,161310,3.2,2000.0
2019,44639,2.0,7711.9
2019,32001,3.4,25897.84
2015,18199,2.1,2000.0
2014,100580,1.5,2000.0
2011,191732,1.6,11691.93
2005,66986,2.0,11115.41
2011,97989,1.7,2000.0
2009,103210,4.9,8494.29
2020,71384,3.6,22118.67
2012,155821,1.7,2000.0
2006,130171,2.7,8704.15
2012,44738,2.1,13557.8
2018,87272,3.7,12642.74
2008,149632,4.5,2000.0
2019,81470,2.6,9022.32
2011,159979,2.7,9320.95
2012,79691,2.6,2000.0
2015,39101,2.8,2000.0
2006,93884,1.1,2000.0
2013,186535,3.4,13617.01
2010,179806,4.8,2000.0
2005,59036,4.1,2911.45
2007,16674,4.4,25226.28
2014,175963,1.9,5329.55
2009,23892,3.4,2000.0
2016,116106,4.6,28344.15
2005,178314,1.3,2000.0
2013,119998,4.5,15533.06
2017,87558,1.3,2000.0
2023,163366,4.9,10099.9
2011,60487,1.3,2000.0
2020,182362,2.5,3660.04
2012,18580,1.2,6694.68
2023,131533,1.2,16011.06
2011,114048,4.5,12608.48
2008,122647,1.3,2000.0
2014,135804,4.2,2000.0
2005,82565,4.6,13801.64
2021,61957,4.7,28031.02
2017,153470,4.5,14483.99
2023,183492,4.8,10277.41
2017,176317,1.2,2313.55
2013,32639,5.0,39071.57
2009,188139,1.1,2000.0
2005,45134,1.7,2000.0
2006,75298,1.3,2000.0
2015,49967,4.0,4086.7
2008,8040,1.3,2000.0
2013,124970,2.2,8870.33
2009,37666,3.6,10715.1
2009,134276,3.0,11872.85
2012,33897,1.5,2000.0
2006,46750,3.1,2000.0
2011,43015,2.4,15838.79
2021,18181,3.3,35117.75
2015,118102,3.2,27461.02
2019,18868,5.0,11498.74
2007,88143,4.5,12333.83
2017,24107,1.0,6073.95
2022,17072,1.7,4139.08
2007,45955,4.7,2000.0
2006,153887,3.2,2000.0
2009,180020,4.0,2000.0
2009,128112,3.0,8148.41
2017,93122,4.1,11183.0
2012,28478,1.5,31163.82
2020,87921,4.0,22253.11
2022,193231,4.5,10772.55
2020,121787,2.1,8173.55
2005,159969,2.5,2000.0
2012,30028,3.4,4952.0
2006,30112,4.5,3252.13
2009,55573,4.6,27550.17
2019,175902,3.1,9374.63
2018,117527,3.6,7379.03
2007,52226,4.5,2000.0
2011,199133,1.9,2000.0
2008,182241,4.3,9962.84
2015,36146,2.0,9732.2
2016,125981,3.3,21158.78
2019,44568,4.7,15076.58
2010,94816,3.0,10797.85
2005,194679,1.4,2000.0
2022,158087,4.6,10044.29
2018,80224,3.3,26390.45
2011,14350,1.3,18366.19
2014,104752,1.0,2000.0
2013,34045,2.0,2000.0
2006,120758,1.5,17511.91
2012,121684,3.5,2000.0
2005,129663,3.4,2000.0
2006,7353,4.4,2000.0
2011,8578,3.1,7864.12
2020,179080,2.0,2000.0
2008,73203,1.2,5082.88
2021,13,1.0,31919.89
2008,56549,4.7,17685.24
2007,151642,1.6,10693.34
2013,118163,3.0,12116.75
2019,49155,4.2,25063.59
2007,93181,4.7,2000.0
2016,163479,1.8,2000.0
2019,134362,1.9,4918.19
2012,127771,1.7,2000.0
2016,61282,1.6,7349.47
2017,127191,2.8,9318.44
2019,171770,3.5,19720.59
2015,58946,3.8,37081.22
2021,176831,2.3,11447.48
2016,69509,3.5,19369.78
2022,27118,1.0,11418.88
2020,26218,4.6,21144.3
2007,26065,4.5,6390.08
2013,88507,3.2,3030.06
2011,45018,2.0,8116.83
2023,193616,4.9,8659.02
2009,162570,4.2,5934.28
2023,186601,1.1,12510.61
2014,150689,2.9,2000.0
2016,96430,1.4,5217.75
2012,190111,1.5,2000.0
2007,148842,1.0,2000.0
2023,185016,3.8,8470.54
2015,148653,2.0,10992.84
2012,149741,2.2,2000.0
2017,81058,1.2,2000.0
2014,111605,1.0,5844.7
2022,110485,4.2,21398.08
2016,19343,3.6,16483.99
2011,50413,2.5,2000.0
2015,127605,1.3,13403.94
2014,17924,4.1,13927.22
2007,188121,4.7,3671.87
2011,107289,3.1,2000.0
2008,64407,1.6,9755.05
2012,32066,3.6,23436.42
2012,63894,1.3,10158.89
2010,122355,1.7,2000.0
2017,124900,2.9,16760.69
2016,172645,2.0,5504.08
2007,160229,4.7,9222.69
2010,79820,4.2,8100.37
2023,128078,2.1,15792.26
2015,94529,4.9,8894.26
2008,53386,2.5,19755.4
2019,73039,3.3,8772.25
2006,183697,3.3,11875.06
2019,142561,3.6,20107.76
2021,78395,2.0,11805.35
2006,11015,4.7,11800.77
2011,84560,2.1,22535.84
2020,144168,3.7,11286.58
2009,25562,4.1,2000.0
2020,79738,4.5,8543.47
2023,197631,2.8,5718.21
2006,187228,3.8,2000.0
2019,25848,1.3,8017.31
2008,198387,4.1,11351.62
2006,181924,4.0,2000.0
2014,48548,2.6,10599.52
2009,57151,2.3,2000.0
2022,141498,2.5,19596.01
2008,143608,1.4,2000.0
2005,195628,3.6,2000.0
2022,112409,4.7,2000.0
2010,80117,3.7,12242.78
2018,48030,3.3,18340.84
2014,7385,5.0,23889.97
2022,56746,3.2,11498.29
2013,22542,2.4,26945.69
2016,151295,3.8,10233.99
2014,115513,3.1,15857.54
2023,166576,4.9,8810.4
2010,183630,4.6,2000.0
2018,53784,4.8,10955.08
2012,156139,1.0,2000.0
2018,10051,2.3,32076.49
2015,174371,3.5,2000.0
2020,156239,2.2,15562.6
2010,166574,3.6,6042.23
2019,56039,3.9,6071.28
2019,198100,3.5,15738.3
2018,107443,2.8,11213.08
2016,91687,3.8,10638.24
2006,131754,4.1,13412.96
2012,156276,3.8,2735.05
2023,194231,4.2,9610.94
2018,127568,4.8,18130.55
2009,151938,1.4,2000.0
2013,46662,4.6,8301.37
2017,21131,2.1,4970.91
2013,182464,3.3,2000.0
2018,175786,4.8,6411.58
2009,132165,3.5,2464.71
2006,79021,1.3,3899.85
2011,10683,3.0,2147.04
2020,85692,4.6,17411.7
2015,172464,2.6,14161.72
2015,136406,4.4,18231.69
2016,115288,4.2,11545.36
2017,108162,4.6,2000.0
2012,101059,2.1,2000.0
2020,74046,3.0,7295.46
2005,194784,2.3,2000.0
2017,154972,3.1,5503.01
2015,162179,1.1,18594.05
2008,56660,2.0,8083.43
2008,42822,4.9,2000.0
2019,24646,3.4,15525.65
2007,54400,1.7,4755.72
2023,65979,3.0,8116.09
2006,48417,3.8,2261.46
2010,193110,3.4,2000.0
2012,63505,3.0,2000.0
2021,71210,3.7,21457.5
2009,103499,1.7,3843.72
2006,132941,2.8,2000.0
2016,53800,4.0,3896.8
2009,42971,3.3,2000.0
2014,158569,4.6,2000.0
2013,175383,2.8,2000.0
2012,770,1.5,13813.16
2005,87482,1.2,2000.0
2010,50105,2.9,23372.94
2015,160072,2.8,2000.0
2007,1559,2.0,2000.0
2019,92609,3.4,12685.35
2015,52598,2.0,16046.03
2009,175399,1.9,2000.0
2020,93659,3.5,25459.48
2011,6982,4.8,26176.68
2010,149896,1.8,3812.53
2013,98412,1.7,2000.0
2011,119142,3.1,6035.88
2007,9147,1.5,2000.0
2015,138150,2.2,2000.0
2016,85280,5.0,13300.43
2015,85409,4.4,12705.98
2006,65853,3.8,2000.0
2005,98644,1.1,2000.0
2006,168284,2.1,2000.0
2018,83994,3.3,2000.0
2017,123517,3.8,29284.42
2009,45456,3.7,4384.6
2006,194875,1.7,2000.0
2023,22062,2.9,23084.18
2021,45423,1.8,9175.71
2015,108886,4.7,18190.78
2020,129716,3.2,3209.41
2022,120172,2.6,19403.68
2012,77716,4.7,6250.67
2006,144456,4.6,2000.0
2021,12128,3.0,27049.53
2015,12473,3.7,12388.39
2018,2366,2.3,28809.54
2020,27578,2.2,2000.0
2019,176721,3.2,11372.12
2019,15327,4.4,13996.38
2007,198173,3.4,9756.92
2011,189208,2.8,5521.2
2016,102008,3.7,20836.22
2007,168041,4.2,4152.76
2023,126775,4.1,38073.17
2014,111009,2.5,2000.0
2012,77745,4.7,2000.0
2020,12929,1.1,7975.42
2020,141516,2.8,26255.37
2016,139828,4.6,11284.22
2009,134525,3.8,14639.15
2010,179496,3.8,2881.56
2010,173334,1.6,2000.0
2012,47292,3.3,5012.35
2021,26326,4.9,15171.02
2016,89537,1.8,10862.43
2018,164097,2.3,8000.99
2006,14788,2.6,23150.28
2023,190011,2.4,19702.18
2010,186445,3.5,2000.0
2022,1046,1.9,22840.13
2008,137718,3.0,2000.0
2009,51384,2.6,4069.62
2010,59938,3.6,3633.28
2019,53229,2.0,6713.42
2010,190056,3.2,2000.0
2012,157359,4.0,2000.0
2013,81968,3.8,14868.54
2010,100157,4.3,2000.0
2006,151197,4.8,2000.0
2020,165908,4.4,13788.67
2005,188807,4.8,6058.84
2020,125830,1.1,2000.0
2005,111720,3.5,2523.37
2005,71359,2.1,2000.0
2011,157097,4.2,2000.0
2020,164068,4.3,11523.39
2021,167092,1.2,8255.53
2020,98655,3.4,34616.04
2020,151493,4.4,5856.5
2010,24809,3.3,18843.47
2022,57609,2.7,20076.75
2007,148313,1.3,2980.85
2012,178489,3.9,8404.38
2008,123378,1.3,2000.0
2008,9068,3.4,15180.83
2021,64729,4.7,37480.17
2009,26834,2.7,2000.0
2018,69730,4.1,24789.24
2019,91756,4.2,9662.67
2016,79235,1.0,8071.66
2017,51544,4.7,25867.31
2022,68860,1.8,32820.76
2018,43911,2.1,13371.75
2023,193035,4.5,5733.87
2011,39029,3.7,18916.31
2010,125527,2.5,2570.5
2009,157904,1.4,2000.0
2008,1432,2.5,2000.0
2022,480,4.9,8169.49
2018,122879,1.4,2000.0
2020,68506,4.4,19933.53
2018,165505,2.3,14726.11
2009,115016,3.6,2588.27
2015,52406,3.5,2000.0
2016,145337,2.3,10354.67
2022,74144,1.2,38560.82
2008,116989,1.6,2000.0
2017,944,3.3,31152.83
2017,34820,4.8,17093.61
2008,141614,4.7,5166.53
2011,189395,1.5,13857.16
2006,73239,4.5,21711.08
2022,59998,1.9,19381.59
2010,43743,4.6,19131.61
2020,160994,4.0,12848.28
2007,13965,4.8,16138.66
2019,20387,2.8,8213.49
2014,34354,3.9,6055.63
2013,49541,3.9,24001.74
2015,3728,3.0,10635.49
2018,58193,4.9,26303.48
2016,89927,2.0,16220.25
2011,25394,4.9,20900.84
2015,118323,4.2,15166.84
2021,77835,3.5,11155.92
2013,137552,1.3,2000.0
2017,182878,2.0,8186.18
2020,47232,4.4,22053.54
2007,84239,3.9,2000.0
2009,76656,4.9,2000.0
2021,38920,2.6,2000.0
2005,84854,4.6,12238.48
2013,91258,4.4,15319.22
2021,68041,4.9,10510.19
2017,80322,2.1,5369.92
2019,73334,3.0,29580.75
2012,64918,1.3,13885.86
2012,155325,3.4,2000.0
2006,105238,3.9,2000.0
2014,140075,2.0,2914.63
2009,14714,1.7,2000.0
2020,146933,3.6,5154.39
2023,115697,2.6,7132.6
2005,93960,2.7,2000.0
2017,3316,2.9,4555.42
2008,167329,3.0,2000.0
2011,20710,1.8,13938.57
2005,118993,3.3,2000.0
2006,185505,1.3,2000.0
2020,107896,1.5,28302.24
2018,17577,3.8,36992.21
2009,138578,3.9,2000.0
2018,57121,2.1,12359.89
2021,198105,1.7,5112.37
2016,140514,1.2,2000.0
2016,58216,2.7,12742.61
2007,2410,3.0,14711.53
2006,26154,4.6,2000.0
2019,74202,1.0,18423.19
2015,152587,2.6,16151.4
2014,183790,2.7,2000.0
2022,63446,4.5,19013.32
2006,170767,1.8,2000.0
2011,146493,1.3,8306.24
2011,21008,2.5,14452.77
2011,88601,3.4,4278.12
2018,95788,4.4,9816.89
2006,169857,2.1,2000.0
2006,187024,2.0,2600.35
2019,63552,2.3,10334.12
2015,7005,1.5,13738.88
2014,118239,4.9,4828.88
2007,112413,3.2,6668.89
2021,53737,2.1,31829.99
2013,31811,2.4,2000.0
2019,118571,4.5,16882.23
2018,97887,3.7,6863.14
2023,74722,3.2,33442.9
2021,180992,3.9,10804.93
2021,25120,4.0,33062.65
2020,70610,1.8,28687.75
2012,140195,1.6,4746.51
2011,155738,4.9,9678.75
2016,129996,1.7,5547.5
2005,112602,2.9,2026.0
2016,86253,4.9,20864.16
2010,47565,2.7,10508.9
2020,105495,3.1,19817.76
2022,105852,4.2,9781.03
2023,19352,2.4,3035.59
2007,31626,2.7,2000.0
2007,96825,2.3,10934.69
2009,133731,2.1,2000.0
2007,131705,2.9,2000.0
2023,15716,4.0,18955.55
2009,91336,4.5,2000.0
2018,148704,2.9,27646.82
2020,17366,2.3,27690.37
2005,166350,4.6,2000.0
2021,85770,2.3,32918.29
2015,20377,4.1,16404.2
2013,113920,4.0,5713.76
2008,99293,1.2,2000.0
2006,67152,1.7,2000.0
2013,96686,3.3,10916.74
2009,187245,4.5,9437.8
2008,8616,3.4,13692.08
2009,140694,4.0,10352.83
2022,83555,3.9,19565.55
2017,45160,3.0,18334.2
2009,39163,3.2,13303.73
2023,103522,1.3,21019.06
2007,79112,4.7,2000.0
2022,70787,3.7,3488.21
2010,177350,1.6,2000.0
2010,154491,2.0,3604.06
2009,94616,1.0,7013.01
2005,158649,2.1,2000.0
2012,166629,2.3,3552.85
2005,153717,3.7,2000.0
2010,175588,2.9,26210.71
2018,15306,4.4,17769.3
2015,27968,1.3,28059.08
2006,78131,3.8,2000.0
2008,156137,4.5,7344.84
2017,25920,2.7,35409.75
2011,163708,2.2,2000.0
2010,122211,2.8,4756.5
2007,98911,4.2,16701.56
2013,167431,4.7,2000.0
2018,169485,1.3,2000.0
2015,70847,3.1,19747.92
2009,8944,3.6,2807.73
2018,134120,1.1,2000.0
2023,37212,1.7,2270.53
2012,16000,1.3,8842.94
2011,176726,2.2,11213.98
2011,88973,1.8,2000.0
2007,25534,2.9,2000.0
2007,99895,3.6,2000.0
2022,175293,4.4,17588.44
2017,144411,2.2,2871.12
2005,100892,1.2,2000.0
2009,166378,1.0,2000.0
2008,80359,4.4,3622.33
2020,189206,4.5,4548.03
2019,12459,1.4,17161.22
2022,71717,1.0,3083.13
2021,143280,4.2,2000.0
2018,53546,3.6,16609.7
2018,117786,3.2,12095.7
2023,189063,3.1,8322.12
2010,78571,4.1,2000.0
2017,136948,2.2,13198.78
2022,67011,2.6,12204.37
2019,127901,1.3,2000.0
2011,157708,3.3,6811.83
2023,89657,4.8,26808.15
2021,30978,2.1,13159.15
2013,103379,4.7,5951.42
2015,58467,3.9,13294.26
2009,156263,1.9,2000.0
2006,157973,3.7,2000.0
2019,11329,2.5,36607.64
2016,151128,1.5,2000.0
2014,28025,1.4,30158.07
2014,103940,1.1,2000.0
2015,141967,4.2,8487.1
2014,140404,4.5,7537.28
2011,106994,2.9,2000.0
2018,4682,3.1,21652.42
2017,101393,3.8,21640.96
2009,102318,3.8,2000.0
2023,613,2.3,22515.46
2014,191463,1.6,2000.0
2012,82563,2.7,12562.99
2022,192569,3.8,16267.34
2005,148591,4.2,8391.27
2009,111188,1.4,2000.0
2015,147274,3.4,2000.0
2015,151155,1.2,22170.78
2020,43322,4.3,13877.81
2014,114849,3.7,2000.0
2019,10013,3.8,14125.13
2011,61763,4.0,4031.14
2019,158413,3.0,2000.0
2020,101706,2.2,7239.05
2010,141891,4.1,5600.76
2015,36761,4.1,5361.64
2021,54007,1.5,9615.45
2019,160245,4.6,17516.0
2020,131128,1.9,13100.61
2006,119972,2.2,2000.0
2008,183461,1.9,2000.0
2023,26920,4.9,14814.21
2010,62467,2.2,2986.58
2022,63897,4.9,23171.21
2015,119590,3.6,19386.97
2013,164459,1.7,2000.0
2007,147113,3.2,12447.79
2006,152330,4.5,2000.0
2022,144138,3.2,21855.0
2019,133685,1.5,2000.0
2022,19219,2.1,18680.64
2023,90777,1.9,34494.46
2019,136054,1.5,10892.43
2021,105229,2.3,11676.76
2022,52760,3.6,24020.15
2022,56758,2.5,22816.84
2015,48562,2.8,17892.64
2022,61033,2.3,17030.02
2007,176742,5.0,2000.0
2017,91097,3.3,9795.16
2018,89865,4.3,5840.6
2008,150029,2.8,16226.52
2022,197764,1.7,2000.0
2009,127416,4.4,2881.28
2018,64074,4.1,12845.45
2016,134940,2.3,2000.0
2011,121222,3.4,2000.0
2016,148223,1.4,15434.57
2012,139678,1.1,9444.92
2007,39338,4.3,14636.27
2005,77011,4.8,2000.0
2007,176376,2.4,11426.77
2015,109602,3.4,7265.15
2022,35654,3.9,18689.07
2011,197469,4.0,2000.0
2013,96003,2.9,3610.17
2008,54109,3.5,4013.06
2014,110260,3.6,4234.28
2022,114897,1.4,3497.7
2020,116845,3.6,2000.0
2016,116877,3.0,5851.95
2023,123555,2.5,9428.41
2007,170070,2.0,2000.0
2012,88203,3.6,11890.87
2023,113313,1.7,17569.33
2013,57369,4.2,5955.76
2023,109189,1.7,24704.34
2021,101262,4.1,11319.14
2017,86377,4.3,26133.66
2006,137062,4.8,7794.6
2008,116370,2.9,6110.46
2015,78183,1.3,2000.0
2006,18350,3.7,17129.95
2008,134358,2.1,2000.0
2008,50147,1.4,2000.0
2005,99260,4.4,2000.0
2015,158692,1.6,7943.84
2006,217,3.0,18305.17
2023,53098,4.2,14603.65
2012,100719,1.8,2000.0
2008,88115,4.6,15104.54
2020,175377,2.3,2000.0
2019,99771,2.6,3377.96
2009,45742,1.5,2000.0
2009,19256,3.6,5985.49
2019,16416,3.0,23361.48
2021,19871,4.9,35933.56
2007,154243,3.8,2000.0
2022,90536,4.0,14916.29
2015,3078,1.8,11960.0
2010,94946,3.9,22838.99
2016,168702,3.2,2000.0
2021,116505,2.6,25003.96
2018,77654,4.1,18311.43
2010,77746,4.9,11205.7
2014,80567,1.4,2000.0
2020,168134,4.2,34439.26
2022,99018,4.7,28472.71
2010,167820,2.3,2000.0
2023,168223,2.5,3921.89
2007,51176,4.2,13317.94
2016,44689,4.8,21118.87
2020,39630,4.8,29601.06
2007,150070,1.2,2000.0
2020,66346,4.5,23250.0
2008,10647,3.3,24917.72
2017,100334,2.7,26322.02
2008,78740,4.4,11392.93
2008,6033,4.2,3051.51
2011,157433,3.0,3166.16
2016,106258,2.6,16544.2
2006,197432,2.9,2000.0
2020,165567,2.3,12478.21
2011,149688,3.7,2000.0
2023,136752,4.6,20092.39
2015,138677,2.0,5537.58
2005,164602,4.3,4340.1
2013,37329,2.4,2583.0
2009,121820,1.5,15037.07
2021,134377,1.2,14106.7
2005,171610,2.9,2000.0
2021,162466,3.3,26750.28
2016,54044,1.0,2000.0
2017,140805,3.6,15397.61
2015,8612,3.1,21766.63
2017,194938,5.0,8953.59
2017,110040,1.4,2000.0
2010,4436,3.8,2163.78
2010,105401,1.9,2000.0
2014,157631,1.8,3053.64
2023,73850,1.1,21379.6
2007,119655,1.0,7247.75
2011,41393,1.7,10576.5
2009,16335,1.7,8980.77
2012,22715,1.0,2000.0
2009,128013,3.9,2000.0
2016,4165,3.0,8493.32
2008,127626,2.6,4593.08
2023,118170,1.4,2000.0
2022,117572,2.3,6275.73
2007,51790,2.9,6205.75
2011,184101,5.0,13623.7
2012,96573,3.0,11130.45
2019,17999,1.1,14591.01
2021,15505,1.8,29186.98
2023,22388,2.4,12739.61
2008,102112,2.8,10511.74
2020,46461,3.7,28941.04
2017,112630,3.4,5162.85
2016,98839,3.0,9056.85
2008,164962,4.4,10172.24
2016,184589,1.8,2000.0
2021,39857,1.3,15611.02
2013,79639,4.4,26804.24
2016,130828,2.8,2998.8
2019,82578,3.2,14329.32
2006,48149,4.3,2000.0
2013,14337,4.8,24697.57
2018,129126,3.2,2000.0
2008,27683,4.2,2000.0
2008,63269,3.2,7082.77
2010,72754,1.1,2000.0
2009,107662,4.8,2000.0
2021,79330,4.3,12974.88
2017,108467,4.0,13581.18
2021,188432,2.8,4745.03
2023,116591,4.8,22778.23
2005,181836,3.0,2000.0
2021,136469,3.9,23604.49
2007,110202,1.4,14536.75
2018,196021,1.9,5953.4
2016,123315,2.7,2000.0
2019,176103,3.3,2000.0
2010,68269,4.2,2000.0
2006,119939,2.0,2000.0
2008,155910,4.1,15970.78
2017,22425,4.6,2000.0
2017,39119,4.3,7451.61
2021,130273,3.5,28421.89
2010,114364,4.2,15761.54
2015,182736,4.5,2000.0
2023,33125,3.2,10757.15
2020,138383,4.2,21037.93
2012,166241,2.7,11435.62
2005,165114,3.1,2000.0
2014,110967,1.2,2000.0
2006,164828,4.5,2000.0
2023,81140,1.6,20322.86
2018,16401,2.1,8338.38
2007,181962,2.3,10140.97
2013,137700,1.5,18834.49
2012,113015,4.7,22986.67
2015,50065,4.9,10806.98
2019,172597,4.5,13120.87
2010,117600,2.4,2000.0
2006,91464,1.2,11339.84
2005,32398,1.7,4409.27
2007,165311,4.1,2000.0
2022,68699,2.1,6610.75
2018,179719,4.6,13988.64
2021,21755,4.3,38341.71
2006,180141,1.9,2000.0
2023,107107,3.8,3828.48
2013,91174,2.8,2000.0
2012,90759,1.9,5507.23
2014,141673,3.4,20048.65
2013,4017,4.3,16456.97
2012,199217,4.7,4402.72
2011,32850,1.2,5107.42
2010,100093,2.7,22027.61
2006,46787,3.4,2737.01
2013,173082,2.4,2000.0
2013,139045,2.3,2000.0
2023,102420,4.1,22955.82
2013,29913,4.1,18897.83
2006,13356,3.9,24587.27
2023,111545,4.6,4500.63
2020,103830,3.0,32385.18
2018,51893,4.2,7416.51
2005,197405,1.0,3198.56
2017,162654,4.9,4636.28
2006,21135,4.7,3010.85
2018,122419,4.4,15745.41
2005,180986,3.4,2000.0
2019,172649,3.2,10349.46
2022,143696,1.6,19649.38
2013,20247,1.2,31801.96
2012,15507,2.0,2885.18
2011,118374,1.6,8072.87
2013,128410,3.2,2000.0
2013,65025,2.3,2000.0
2015,148223,2.6,4886.74
2008,163387,1.1,19112.63
2011,113458,3.2,2000.0
2011,162176,3.6,8877.54
2008,87521,2.3,5405.57
2016,161370,1.5,2000.0
2021,35953,3.8,17186.5
2007,58364,1.5,2000.0
2013,56581,4.3,26480.52
2009,60837,3.2,19380.46
2020,17461,1.9,10484.42
2012,175291,4.6,23634.69
2020,108271,1.6,2000.0
2023,13501,3.4,13775.04
2020,11070,3.5,31381.47
2022,100194,1.1,18166.39
2019,132698,3.4,13364.04
2022,64569,3.8,43195.97
2018,39414,4.6,18567.02
2020,28860,3.8,30415.07
2009,161532,2.9,6728.32
2012,116259,4.4,14893.06
2020,118363,2.4,12498.77
2005,124471,4.4,2000.0
2015,59970,4.4,2000.0
2015,54584,3.4,7972.09
2006,64286,2.4,31780.43
2023,70309,3.4,9926.23
2009,37812,4.6,6897.59
2007,94359,3.5,18445.14
2012,177049,4.4,2000.0
2008,173160,2.4,2000.0
2017,142702,2.2,5192.99
2018,42075,2.0,21681.71
2005,119496,3.0,2000.0
2009,193316,2.7,2000.0
2011,141172,4.4,2000.0
2010,196314,1.5,2000.0
2019,29103,3.2,20768.17
2019,128578,2.6,14382.96
2012,34096,4.8,15318.1
2006,102754,4.2,14602.8
2018,77766,2.7,15499.27
2020,11807,3.6,9569.62
2014,56723,4.0,14851.29
2019,34951,1.3,13839.31
2008,15427,3.7,14277.26
2016,153,1.6,6384.91
2014,54734,1.8,12634.19
2006,63813,2.8,2000.0
2008,66351,4.9,15361.03
2010,132191,4.8,4327.05
2018,191684,4.6,27872.91
2007,169005,1.1,2000.0
2019,66745,4.4,22531.64
2005,63810,4.1,4712.99
2023,99410,3.0,11468.35
2005,161094,2.3,2000.0
2017,27372,4.0,16852.47
2012,127424,1.4,3751.74
2022,103568,3.6,11367.35
2007,78101,3.7,2000.0
2022,27235,3.2,46119.38
2013,66573,4.5,6097.97
2010,68869,2.3,7198.5
2006,109037,2.9,2000.0
2008,159790,4.0,3550.66
2022,100243,3.9,8429.81
2011,15555,3.2,8110.81
2015,162560,2.1,23625.42
2009,18863,2.2,2000.0
2012,126741,4.0,2556.38
2015,153377,1.0,7402.08
2019,97211,3.6,21066.52
2007,114092,2.0,2000.0
2011,121208,3.7,7900.8
2012,167446,1.7,2000.0
2015,5203,2.5,2000.0
2014,61182,4.0,2000.0
2013,162839,4.0,2000.0
2019,102362,1.8,31350.41
2009,168844,2.5,13012.78
2019,186692,3.0,2000.0
2008,106319,3.3,18010.73
2009,147771,4.0,4169.83
2019,32293,1.1,15207.36
2021,123100,1.5,30367.75
2012,153497,1.6,2000.0
2023,122327,1.8,4018.27
2013,165354,1.1,2000.0
2014,87043,4.7,22962.91
2009,181954,1.6,24032.32
2014,68721,1.3,5325.55
2005,17622,2.9,2000.0
2008,136527,4.8,12354.62
2009,166764,4.9,2000.0
2011,137868,3.7,18705.15
2009,58534,1.7,6136.08
2012,127262,1.0,2623.12
2021,22423,2.3,7014.78
2005,27007,1.5,10608.74
2022,179193,4.0,46513.71
2016,93006,4.9,24160.87
2007,113156,1.3,2000.0
2018,96382,2.6,24287.72
2020,116144,4.6,19361.69
2022,181333,3.9,20928.8
2014,158764,4.5,2000.0
2019,178121,4.7,16040.02
2014,82542,2.7,26620.31
2005,149793,3.8,15870.16
2023,165098,3.8,8651.89
2006,120988,3.5,4498.35
2017,135573,2.3,2719.36
2020,128711,4.3,25639.04
2012,138361,4.1,2000.0
2007,75696,2.8,2000.0
2023,191711,2.7,3878.7
2018,83943,1.0,5988.05
2015,7190,4.4,19941.8
2016,51678,2.1,2000.0
2015,194844,2.9,2000.0
2015,90456,2.6,25440.98
2022,167512,3.7,23937.72
2014,142332,2.6,2000.0
2020,149369,1.7,18393.47
2012,2445,4.5,16942.39
2010,140048,1.7,2000.0
2023,21275,1.1,14407.7
2017,54386,1.8,15767.08
2019,197057,2.8,2000.0
2017,80643,2.7,14575.12
2005,165267,4.2,2000.0
2006,195240,1.8,2000.0
2017,199203,4.1,2000.0
2006,182500,1.4,2000.0
2015,71301,2.9,3706.33
2017,188659,4.5,10434.81
2014,175340,2.7,2000.0
2019,74673,4.9,3163.87
2005,82946,3.5,5223.93
2018,68585,4.0,7434.68
2014,55298,3.0,15863.63
2022,93418,2.7,19172.55
2015,170938,1.3,2000.0
2011,48378,1.5,11346.08
2019,62519,3.3,12269.29
2007,155708,3.5,2000.0
2006,112707,4.9,2000.0
2012,11590,4.4,8386.09
2012,97987,4.4,9643.84
2015,119741,2.1,2330.28
2020,93890,2.6,2864.53
2006,151062,1.4,2000.0
2009,137741,3.3,2000.0
2011,16773,1.3,2000.0
2017,15648,2.8,21638.19
2006,70152,3.3,14169.0
2007,9867,1.9,2000.0
2013,65788,4.1,8786.99
2014,98018,3.7,2000.0
2017,73588,1.6,18002.28
2017,173746,4.9,28235.73
2009,190509,3.2,3738.42
2011,87843,1.1,9914.69
2021,119436,2.4,31643.18
2019,174604,4.9,3176.69
2009,138937,4.6,2000.0
2011,50657,1.6,2000.0
2006,44628,4.4,22141.18
2022,12705,3.5,7971.18
2014,177129,1.1,18924.93
2005,162858,4.0,13270.87
2018,195455,2.7,2000.0
2023,196251,2.6,2000.0
2020,168494,2.5,16954.94
2023,78754,3.4,15967.53
2010,44237,3.9,5196.83
2016,89809,3.6,3679.39
2007,181522,2.0,2797.52
2011,119378,3.8,3261.9
2007,29792,1.5,11206.74
2021,109410,4.9,37128.79
2019,81043,2.9,29218.81
2023,63871,1.4,27482.54
2023,109376,3.3,11890.84
2015,191269,3.3,6219.43
2006,11899,1.2,13138.57
2011,163316,1.0,2000.0
2023,65179,5.0,14397.55
2011,23584,2.6,15126.12
2014,11020,2.0,15351.0
2016,32983,3.2,11065.94
2022,145323,1.0,2000.0
2010,164019,1.1,2000.0
2012,51838,1.5,6761.95
2009,113996,4.2,2545.97
2007,54731,2.0,26223.97
2006,16760,3.0,14875.99
2010,121648,1.9,11044.3
2011,64646,3.2,2647.8
2012,149283,3.0,2000.0
2008,24156,2.6,2000.0
2016,155033,2.7,17165.74
2016,175258,3.6,4341.32
2021,149783,4.4,9727.56
2023,29520,2.3,31891.66
2013,90864,3.1,2000.0
2016,89504,4.4,11999.98
2021,126049,1.7,2932.93
2014,155897,4.9,4900.68
2023,113553,4.0,15845.87
2015,168576,2.5,2000.0
2017,39238,2.5,30837.95
2008,120289,1.8,2000.0
2019,119554,2.1,2000.0
2016,46883,3.3,15323.53
2014,30642,1.0,13666.87
2011,72056,1.1,2000.0
2006,159371,4.9,6406.66
2011,175118,1.9,2000.0
2012,4576,4.3,26798.95
2023,7183,3.4,32868.46
2010,190172,2.8,4438.56
2012,130949,3.9,2000.0
2008,76350,1.2,2000.0
2013,26352,4.0,14943.15
2009,61924,4.4,5754.57
2010,179478,2.1,2000.0
2023,77132,2.2,18901.16
2016,129963,1.4,2000.0
2009,55552,4.4,2000.0
2009,146616,4.2,2000.0
2022,59418,2.7,22791.51
2010,188245,2.5,8775.95
2013,132157,2.7,11756.8
2015,96225,2.7,17316.34
2018,36497,2.7,6571.67
2006,86248,1.6,2000.0
2018,132559,1.1,2000.0
2023,74076,4.0,22921.94
2014,156061,2.4,13580.45
2009,81491,3.0,8145.34
2008,128686,2.2,28514.5
2011,92565,2.5,14223.95
2017,109948,1.3,2000.0
2014,40105,2.5,13400.36
2014,46369,2.9,26265.89
2008,7102,4.3,24070.13
2020,125443,2.3,28630.78
2019,66545,1.4,8956.93
2015,151838,4.0,2000.0
2023,63794,2.5,2000.0
2007,88625,4.7,4501.85
2019,3079,4.8,24909.04
2020,12167,4.5,11741.41
2018,67722,1.9,3817.87
2009,44279,2.0,2000.0
2021,9398,4.2,14289.59
2022,61140,2.8,24414.49
2023,135590,2.2,10349.68
2005,176524,2.2,2000.0
2013,49456,3.3,19072.84
2018,185362,4.6,14894.55
2015,36222,3.5,17313.5
2006,6082,3.5,2000.0
2009,99154,4.0,13475.88
2019,153183,4.0,19458.95
2016,90606,4.6,20451.7
2018,19939,1.6,33443.28
2015,182898,4.9,2000.0
2013,52582,2.3,2000.0
2012,48819,2.1,26200.37
2016,19533,3.0,2000.0
2007,178502,2.1,2000.0
2019,134419,1.9,2000.0
2012,179551,4.9,2000.0
2011,3949,1.4,4583.55
2021,95413,5.0,18012.08
2016,147960,3.5,22916.96
2022,94814,4.8,19031.45
2022,161156,4.6,36162.17
2019,36174,3.6,6814.93
2007,130027,3.4,2000.0
2023,183741,5.0,13581.08
2019,195068,3.1,19945.27
2020,43664,1.7,2540.48
2021,97527,5.0,6576.05
2005,110260,2.3,2000.0
2015,47634,1.3,2000.0
2010,70793,3.9,2155.75
2013,124641,2.8,2000.0
2020,100991,2.6,2000.0
2010,121998,3.5,25088.45
2016,38291,1.2,5444.2
2023,140982,3.8,32371.86
2017,30604,3.0,9914.77
2017,151955,3.0,2000.0
2008,93738,4.6,9056.67
2013,53726,4.3,17942.58
2018,187089,3.1,2000.0
2018,89647,3.3,12607.86
2021,168155,4.2,16769.03
2009,100718,2.6,21565.02
2023,185539,3.7,20761.8
2006,144343,3.2,23992.18
2017,185003,3.0,10086.46
2015,64456,4.9,26295.63
2006,38574,1.1,14420.07
2005,51121,2.7,5698.54
2007,27679,4.7,35401.95
2016,76794,4.7,18369.0
2011,1759,4.0,16127.14
2005,55718,3.4,10768.46
2013,159700,3.8,2000.0
2022,160747,2.0,4713.2
2010,149737,3.0,2000.0
2013,62268,3.1,6952.66
2012,103533,1.3,10002.97
2022,142298,4.5,18681.57
2019,179054,2.8,20229.41
2005,148579,4.6,2000.0
2018,71367,2.6,2000.0
2022,132306,2.6,30053.6
2023,187100,2.0,16495.46
2023,105874,3.6,10861.6
2014,137028,3.2,2000.0
2010,180898,4.7,2000.0
2021,149761,2.7,20728.97
2018,197876,3.6,12592.19
2017,21481,3.8,23226.08
2012,85141,2.3,8334.4
2014,135266,4.5,26550.85
2013,159442,2.5,5114.17
2009,10251,3.5,10516.66
2008,63356,3.5,21691.23
2010,83169,2.7,13718.83
2010,4029,1.7,14649.66
2017,68396,3.4,2000.0
2008,69049,2.5,2000.0
2012,167059,2.5,2000.0
2009,41138,3.0,14263.1
2006,70466,3.7,2000.0
2013,135749,3.9,2000.0
2015,5472,2.7,18455.41
2015,170548,1.5,9677.94
2011,144800,4.2,2000.0
2018,155286,3.7,4626.13
2010,177721,4.2,4315.45
2008,35297,2.3,2000.0
2010,187694,4.6,18392.73
2007,128298,2.1,2000.0
2010,91068,2.2,2000.0
2007,68009,3.1,9099.99
2005,99389,5.0,2491.89
2022,105666,1.8,2000.0
2008,135734,4.4,2000.0
2010,101738,1.0,3566.64
2021,171568,2.0,3204.86
2022,133737,2.4,12199.79
2010,76720,3.6,9723.5
2006,177014,1.5,11405.6
2016,139547,1.5,21263.25
2016,37239,1.6,18373.54
2008,153975,3.7,13118.19
2020,192206,1.5,12352.31
2014,148243,2.6,2000.0
2014,12660,1.6,13968.75
2011,58200,2.5,2000.0
2018,173730,3.9,26820.56
2011,129267,2.1,18161.96
2016,23289,3.5,14029.27
2015,139060,2.0,2000.0
2021,39974,4.0,6621.54
2015,163124,4.1,2000.0
2007,100437,2.2,2000.0
2023,45154,1.1,26801.48
2008,2421,1.5,5756.39
2012,60149,3.0,19982.12
2018,69467,2.5,6966.29
2018,172656,2.4,2977.73
2020,127058,3.3,13830.18
2019,26176,1.6,2000.0
2016,122880,2.8,10467.51
2020,47540,1.8,8028.31
2023,176377,4.9,19633.03
2009,168345,1.2,5962.38
2016,173441,1.1,13146.29
2009,44827,3.3,22052.0
2014,94697,1.3,2000.0
2021,129262,4.2,29542.95
2019,43930,4.3,27135.63
2012,121211,2.7,2000.0
2012,66334,4.4,2000.0
2012,134534,4.0,17460.89
2014,105799,1.5,3990.29
2017,112095,4.4,17879.68
2020,96202,4.5,4764.03
2013,50479,2.3,2000.0
2020,7449,4.1,37532.2
2014,189110,4.6,7369.15
2007,191832,4.0,2000.0
2018,45190,1.4,8437.94
2017,161235,1.4,15146.51
2008,179314,4.9,6329.06
2008,32953,3.2,2000.0
2010,39799,3.6,15650.2
2023,12288,4.6,31573.5
2015,158545,1.0,5883.44
2012,158663,2.7,22435.23
2018,159463,3.3,8560.34
2012,9877,1.0,2000.0
2018,73127,3.5,14318.07
2011,101053,4.4,15163.99
2022,127245,1.2,13861.67
2016,88482,4.2,12581.09
2018,52550,4.9,11222.42
2019,106364,4.7,2000.0
2022,141566,3.1,18633.66
2016,78,4.4,22269.39
2014,77674,4.1,16413.82
2016,83041,4.3,18499.0
2012,101525,2.6,4563.91
2010,8977,2.9,10697.07
2023,117549,2.0,9977.77
2005,32593,1.2,14668.08
2017,133795,3.4,15466.55
2020,9773,2.2,22057.12
2022,180582,3.0,11026.45
2016,198373,4.9,2000.0
2009,164644,1.3,2000.0
2017,84650,4.5,7739.08
2012,169831,1.3,4250.7
2010,14539,3.6,14313.73
2007,40593,2.4,18732.12
2008,176094,1.4,2000.0
2016,98446,4.0,2000.0
2017,125114,3.8,11503.32
2006,93671,3.6,2000.0
2023,125049,4.9,25750.96
2008,60765,1.1,2000.0
2017,164123,2.7,2000.0
2023,96782,3.3,3209.86
2012,181802,2.4,4046.49
2012,93984,3.7,12492.89
2020,176314,4.6,19894.72
2015,197231,3.8,2000.0
2022,33312,3.3,2000.0
2008,7586,4.0,5368.66
2005,82833,1.4,2000.0
2005,125017,3.5,2000.0
2018,84463,2.6,2000.0
2008,192148,2.3,2000.0
2015,193471,3.0,2000.0
2022,110491,4.2,20577.14
2020,149203,2.7,27438.96
2021,15020,3.8,15285.15
2006,98170,3.4,6812.33
2008,59523,4.7,3088.46
2007,75043,2.8,20827.62
2019,63477,4.3,27548.87
2006,93420,4.4,11127.71
2023,90334,2.9,15660.57
2013,194173,3.0,10805.46
2014,162854,2.3,6391.49
2023,110918,3.0,11945.09
2009,29904,2.0,13628.54
2018,84073,4.4,12350.1
2014,197174,2.0,8742.68
2020,166575,2.0,25549.67
2010,82644,4.6,14820.96
2012,122507,3.1,7008.4
2006,184272,1.4,2000.0
2022,62927,2.4,20381.53
2012,52050,3.8,9582.36
2009,34232,2.6,2000.0
2021,80656,2.7,27186.63
2020,64021,3.0,6291.76
2009,42914,1.9,22916.54
2021,63856,2.7,13598.29
2008,111290,1.9,2000.0
2005,46798,2.4,6728.34
2010,179858,3.1,2605.6
2005,38382,3.8,30563.74
2008,23473,3.5,16649.81
2006,163993,3.3,2000.0
2017,121451,3.4,20920.78
2018,161067,3.0,2000.0
2021,151522,3.5,20955.77
2015,180374,2.5,2000.0
2007,15765,4.6,2000.0
2011,92334,3.4,2000.0
2014,66314,4.7,3914.35
2015,177462,2.6,2000.0
2014,151705,2.6,2000.0
2012,53120,4.9,22857.36
2009,40435,3.9,15836.07
2006,79843,3.1,10406.44
2019,102900,3.9,17466.88
2020,7357,2.6,19660.1
2008,68089,4.0,2000.0
2020,28820,1.8,22799.47
2016,20487,4.8,22418.72
2018,79507,2.8,18090.6
2016,22188,1.4,10215.34
2020,78416,4.4,16954.22
2020,31310,4.6,28249.53
2016,135636,3.9,21431.35
2006,94658,3.5,10292.8
2018,20062,4.7,19313.33
2015,79671,3.5,32664.22
2013,143487,4.2,14369.14
2011,69241,2.9,5939.77
2016,9044,3.9,20584.46
2021,168022,5.0,18182.59
2013,151421,2.5,2000.0
2010,169040,3.9,2000.0
2016,153789,1.6,2000.0
2014,62263,3.5,14215.73
2013,56917,2.3,14736.49
2016,169443,4.5,13732.53
2005,8647,2.4,2000.0
2006,145262,2.8,2000.0
2023,105479,4.9,19011.98
2005,98533,1.9,2000.0
2020,23191,3.3,31170.34
2020,128526,4.5,31048.98
2022,98259,2.3,22413.75
2022,120282,1.1,33448.75
2017,168859,4.6,20441.39
2016,101781,3.5,16007.3
2013,183582,1.9,2000.0
2009,80840,2.1,2000.0
2013,108286,4.2,9464.68
2017,61885,3.6,30440.16
2020,165206,3.9,8312.03
2014,155972,3.3,14543.73
2020,65702,4.2,11876.27
2018,57924,4.3,16040.32
2006,169535,2.5,2000.0
2023,124679,4.6,2637.17
2015,44587,3.0,4626.53
2023,60197,1.6,24759.18
2015,188276,1.9,2325.25
2018,156820,3.9,36697.89
2019,172803,2.5,2000.0
2011,66463,2.0,2000.0
2019,76636,3.4,30111.36
2012,78779,4.1,5995.11
2008,161850,1.4,15120.64
2022,172637,2.8,29223.92
2018,118788,4.1,8406.84
2022,53246,4.6,22326.58
2008,178258,1.1,2000.0
2006,121671,3.6,2000.0
2010,130430,3.4,2000.0
2015,178724,3.1,2000.0
2005,46558,1.6,3203.41
2019,31244,4.0,17881.09
2016,156649,2.6,2000.0
2022,197021,1.9,2000.0
2009,29386,4.4,15971.57
2015,194739,2.2,2000.0
2023,22312,1.8,27549.37
2005,107983,2.2,22412.14
2021,8718,1.7,19098.24
2012,65536,4.1,16858.42
2020,106766,1.7,2000.0
2015,148527,3.9,17555.32
2023,47078,1.7,14362.38
2015,15542,1.9,15767.94
2019,117575,2.4,7244.71
2012,121204,4.8,2000.0
2018,196309,4.7,25382.54
2005,129562,1.3,2000.0
2014,142842,2.3,2895.32
2011,122593,2.4,2000.0
2022,100299,1.8,4570.15
2016,134649,2.7,2000.0
2006,113211,4.0,2000.0
2022,120897,1.4,3917.56
2011,165549,3.7,3455.22
2016,14322,2.0,16806.52
2018,169957,3.6,23100.2
2014,57813,3.7,14683.11
2013,51442,3.9,7801.36
2019,139600,4.4,24508.24
2014,148211,4.6,2000.0
2023,109097,4.0,4890.77
2023,75447,2.9,6057.01
2016,7212,1.2,12752.47
2016,34867,4.7,20626.78
2013,64662,3.4,27030.79
2008,98716,3.1,2000.0
2005,47672,2.0,2000.0
2020,81682,3.7,9569.01
2005,60624,5.0,13093.17
2017,134065,2.3,9071.8
2007,11654,4.2,8194.4
2016,246,2.2,24997.03
2013,56714,3.0,19871.63
2008,44738,1.9,2000.0
2006,170817,3.1,2000.0
2013,187730,2.8,15091.68
2017,56247,1.2,11156.4
2018,146250,2.5,2231.06
2007,118055,1.3,2498.96
2022,28906,2.8,25569.14
2013,133761,4.9,13089.63
2019,164427,2.2,7880.29
2014,67004,3.1,12737.52
2021,65768,1.5,15487.79
2017,170725,1.6,2000.0
2005,122699,2.4,9563.15
2015,128881,3.0,2000.0
2009,145304,3.8,2000.0
2013,89060,2.8,28063.02
2011,100190,1.1,24029.91
2011,16693,2.1,2000.0
2006,156591,1.1,2000.0
2023,91019,4.7,6012.99
2022,199356,1.1,18706.67
2014,174557,1.2,5718.84
2009,67136,2.2,13368.16
2020,118002,3.5,13241.39
2009,29027,2.4,12125.02
2019,64307,1.2,22398.77
2020,168770,4.3,9765.33
2008,5729,3.8,20063.81
2018,57143,2.6,8284.49
2021,45932,3.7,42748.16
2021,146138,2.1,10170.62
2020,116529,3.1,22431.52
2013,149092,4.5,12093.61
2006,116363,1.4,2000.0
2015,193248,4.4,14662.77
2019,67326,4.2,22303.72
2007,199752,4.8,2000.0
2020,110016,3.1,24465.82
2023,170807,2.1,12122.5
2010,180379,2.4,2764.52
2018,154370,3.6,13079.76
2009,41893,1.6,4774.52
2009,124213,2.4,8612.66
2010,102647,3.9,8958.33
2022,42411,3.3,25112.67
2022,185387,1.3,5062.27
2023,152004,3.0,25147.09
2006,169078,3.1,13988.58
2021,187740,3.8,4408.88
2005,78732,1.0,2000.0
2013,132011,2.7,2000.0
2017,142723,4.5,20953.88
2008,9285,1.1,8326.39
2009,72626,3.7,15585.09
2022,184165,1.9,6651.69
2014,27077,2.5,2000.0
2008,178906,4.5,7440.59
2017,181685,2.5,2633.97
2017,59757,3.2,14586.54
2021,44733,1.4,11297.73
2012,155391,2.3,8740.35
2008,25786,1.6,2522.66
2007,150754,3.2,6123.9
2015,198823,2.8,2000.0
2016,6275,2.1,10151.63
2013,192666,5.0,3987.84
2019,43791,1.6,22855.75
2017,70353,4.3,14460.94
2009,151558,1.1,2000.0
2009,143882,4.4,6067.37
2023,104135,2.9,2000.0
2015,49402,4.3,22154.23
2013,146099,4.0,3757.77
2007,161407,3.3,2000.0
2022,76868,2.5,22178.26
2017,161656,3.7,4569.16
2016,42245,4.3,12187.36
2013,15077,3.0,17020.34
2014,108283,2.7,15913.63
2017,148924,1.6,14903.37
2017,118721,4.6,27608.16
2013,50654,2.1,2000.0
2014,61663,1.5,16247.59
2023,6600,1.3,2000.0
2010,175469,4.0,2000.0
2011,70580,3.7,10500.36
2019,16411,1.5,22042.13
2023,64364,3.1,28398.34
2018,41860,1.6,22509.75
2020,172880,2.5,21694.56
2018,65636,4.1,2000.0
2006,190521,1.9,2000.0
2013,15383,1.1,11687.45
2007,56546,1.8,2000.0
2010,167080,2.6,10091.23
2009,179688,2.0,13907.09
2018,142581,3.9,3771.07
2019,177987,4.2,5631.77
2022,163838,2.0,13185.08
2021,130771,2.1,13639.13
2013,129386,3.2,2000.0
2023,198096,4.0,2000.0
2013,34221,4.8,11709.93
2020,182025,2.2,9677.35
2010,192932,4.6,2000.0
2012,159764,1.7,2114.7
2007,94843,1.2,2000.0
2009,175472,4.2,2000.0
2011,102863,2.9,2000.0
2005,73353,1.3,14967.03
2008,99819,1.3,2000.0
2020,110417,1.1,21273.39
2018,81248,2.2,9825.35
2005,15964,3.9,2000.0
2008,158814,3.7,3391.57
2014,188439,5.0,15667.98
2015,194939,3.4,16240.98
2011,188811,1.4,3501.94
2008,34195,4.9,2475.01
2005,175236,3.8,2000.0
2005,148469,2.5,10606.17
2021,171119,2.0,15827.58
2014,68885,1.9,14650.59
2009,178951,4.8,13963.97
2011,12157,2.7,5642.17
2012,122445,2.9,10238.38
2006,62214,4.3,2000.0
2013,13885,4.9,29357.18
2008,107922,1.0,13049.81
2016,138090,5.0,5820.15
2015,79127,1.3,2000.0
2009,389,4.3,9588.28
2016,170731,4.8,25402.56
2008,16519,3.2,2000.0
2017,35224,3.2,4678.96
2005,57944,3.7,2000.0
2022,23497,2.4,26462.82
2008,156266,1.7,2000.0
2008,140840,1.3,2000.0
2012,159417,4.5,2000.0
2010,120784,3.2,8871.12
2008,142189,3.8,12503.63
2008,38274,2.3,11496.59
2015,188424,4.2,3084.04
2013,74931,2.4,2450.98
2018,9913,1.1,18526.93
2008,187835,2.3,2000.0
2017,139857,4.4,11988.31
2010,107101,4.5,2000.0
2017,34237,4.7,16105.09
2007,79987,3.0,8976.84
2011,181919,4.8,2000.0
2005,30964,3.0,5633.33
2015,99610,1.6,14377.5
2006,5332,3.0,2000.0
2009,26263,4.5,4558.75
2018,47554,4.1,4836.55
2017,151439,2.7,2000.0
2020,142990,1.9,16759.12
2019,107544,3.3,6634.69
2007,53480,4.7,20166.16
2010,194051,1.7,2000.0
2013,150815,4.3,2000.0
2007,71863,1.6,2000.0
2017,47354,4.7,29310.57
2017,157986,3.8,2000.0
2011,39709,1.4,17762.05
2009,67933,1.8,2000.0
2012,15698,4.7,19498.83
2012,153523,3.0,5967.71
2011,105463,2.8,6178.5
2023,143489,1.2,6620.92
2011,32954,1.3,2000.0
2008,62884,3.8,2000.0
2014,163311,4.1,19960.14
2017,67100,4.5,30279.39
2008,170653,3.0,2000.0
2023,100213,2.3,13828.86
2014,106773,3.5,26902.03
2011,148938,3.5,2000.0
2009,188128,1.1,2000.0
2007,21266,4.8,2765.19
2006,111847,3.6,2000.0
2015,173909,1.0,2000.0
2014,143724,4.8,8717.46
2017,13789,4.8,19957.48
2011,114624,4.8,2000.0
2014,143827,4.6,29255.98
2008,42608,1.7,21039.49
2020,165764,4.9,2000.0
2010,30667,4.0,35157.85
2013,68234,3.6,2000.0
2017,47929,4.8,14882.87
2011,124177,2.5,10065.31
2022,189767,4.7,20512.85
2018,80789,3.4,28501.32
2009,79671,3.3,15418.1
2017,58561,3.6,21057.41
2012,196374,4.0,2345.42
2019,82191,2.8,15204.14
2023,116011,4.9,19486.26
2013,106055,1.4,2904.84
2010,15117,4.7,14888.6
2018,84872,3.6,20348.15
2014,16714,4.6,15488.07
2013,169711,2.5,2000.0
2021,183781,4.3,41953.32
2017,141931,3.5,8067.15
2021,198435,4.3,2000.0
2023,141099,2.3,14279.83
2017,89869,4.7,14161.54
2013,111452,4.7,20137.52
2005,130041,2.9,2000.0
2005,7184,2.6,15107.19
2009,155328,3.3,7033.93
2012,48339,1.8,9917.15
2022,44896,3.0,20658.88
2008,18557,4.6,14019.87
2005,161589,2.5,2000.0
2019,102013,3.9,4818.52
2008,196737,3.5,18811.0
2013,55039,2.0,22080.64
2014,198166,3.1,2000.0
2019,85120,4.4,7381.17
2007,144907,3.2,2000.0
2006,36492,3.8,2000.0
2009,52685,4.1,27979.33
2005,119753,1.2,21433.3
2015,124683,1.2,2000.0
2016,4693,1.5,4705.37
2007,48401,1.7,2000.0
2020,156262,4.2,9192.29
2018,126290,2.7,6812.33
2016,163677,1.7,24518.24
2020,152718,3.1,4153.27
2012,176550,4.1,2380.04
2021,26957,1.6,10263.64
2021,116552,2.4,2000.0
2011,190368,1.8,2000.0
2019,110423,3.6,16285.76
2013,170247,1.5,16069.14
2008,37010,4.1,16139.9
2012,10251,1.8,8006.82
2014,22343,1.2,10448.06
2019,87943,4.6,2000.0
2022,71734,2.3,23674.27
2018,96485,3.0,14562.53
2009,114643,1.4,2000.0
2013,177273,2.9,11003.5
2017,34385,1.9,11897.71
2023,38848,4.4,12699.75
2015,110538,3.9,9723.41
2016,112174,3.7,20031.56
2007,132971,4.1,21158.49
2006,100338,2.2,8105.02
2019,13983,2.8,23949.4
2009,22706,1.3,2000.0
2011,20357,1.3,2000.0
2008,27528,2.3,22218.89
2009,29223,4.3,29426.27
2020,49877,3.4,8943.36
2019,44487,2.7,14037.38
2020,114167,4.9,41637.73
2008,139103,2.8,2000.0
2010,156825,2.9,37375.3
2022,94197,5.0,5233.33
2007,77137,1.5,2000.0
2009,10675,2.0,2000.0
2006,170379,2.8,13812.69
2020,45221,3.3,9139.75
2010,159171,1.6,13982.51
2019,89020,2.3,7591.33
2022,50711,1.9,19227.86
2010,180173,4.4,16482.6
2017,147856,4.3,27482.5
2017,36978,2.0,14842.53
2005,29022,2.7,16606.4
2020,85251,3.6,18958.41
2008,37739,1.2,2000.0
2021,83169,4.5,30655.42
2022,4226,3.0,15113.59
2020,153863,1.9,7443.08
2005,100258,2.6,2000.0
2010,88897,4.6,2000.0
2015,106844,1.1,2000.0
2010,43478,1.6,8235.89
2021,188576,1.8,6315.82
2008,41073,1.2,10067.75
2018,6161,1.9,8521.55
2018,97465,4.3,12660.66
2012,38229,3.1,27593.85
2006,1628,3.4,21556.16
2009,73516,1.6,11615.67
2008,102542,2.1,2000.0
2014,162446,4.7,8766.54
2007,46892,1.8,4402.97
2020,77411,4.6,21383.21
2014,22980,3.7,19432.49
2019,165835,3.0,14796.72
2008,141373,1.7,2000.0
2005,197203,3.7,2000.0
2019,50451,4.5,18096.19
2014,126630,1.6,6994.06
2022,21798,1.0,13329.9
2020,189568,4.0,32158.52
2013,192875,3.4,2000.0
2023,101320,3.0,21450.79
2021,9589,2.8,20919.91
2014,111251,3.0,2000.0
2023,80633,2.5,21626.86
2012,107656,1.3,18816.0
2023,48222,4.1,17793.33
2009,6381,2.9,3565.72
2006,90907,4.3,2000.0
2019,56615,4.9,21516.67
2021,161660,1.7,11092.22
2014,68453,4.2,16960.71
2006,27115,4.9,5865.45
2013,4353,3.9,31437.7
2006,76162,2.0,2000.0
2022,69901,4.6,16119.72
2016,26576,4.2,22323.48
2019,113506,2.8,2000.0
2010,85038,3.3,11833.52
2022,154205,3.9,9020.36
2017,43701,1.5,14003.95
2008,91837,4.7,2000.0
2016,124390,4.9,29264.75
2013,173618,2.3,19049.06
2006,83661,3.9,2000.0
2020,180015,2.7,18972.75
2005,199066,1.1,2000.0
2008,27468,4.8,2000.0
2019,124854,1.6,22587.57
2005,194684,1.3,2000.0
2019,39123,4.3,22670.41
2007,72599,1.1,16042.97
2017,137075,3.8,13815.04
2022,142096,4.7,2000.0
2017,17173,2.6,14798.68
2014,137530,1.3,2000.0
2011,61194,1.9,2000.0
2012,121110,4.8,8464.73
2005,53621,2.9,7941.13
2022,64213,3.2,17233.72
2016,105959,1.6,22769.91
2022,133181,4.7,15762.74
2016,121710,3.1,2000.0
2013,144437,3.1,10239.79
2006,182609,3.3,2000.0
2018,29145,4.1,24343.97
2008,77935,1.8,4622.66
2019,70621,4.8,9687.37
2021,154892,1.7,19347.5
2023,80195,1.8,2000.0
2010,164458,1.0,2000.0
2013,21274,1.1,16692.48
2021,140146,2.7,10579.71
2019,198311,1.7,6704.85
2009,106057,1.8,6425.24
2022,10987,5.0,26818.23
2008,128603,4.7,11617.46
2006,160852,2.3,2000.0
2023,182643,2.4,9202.32
2009,62538,2.2,11641.11
2008,127571,4.5,2000.0
2009,110324,1.4,7094.62
2023,88291,3.3,4795.9
2017,64082,1.7,13874.1
2020,141299,4.0,21216.92
2016,169998,3.5,12785.99
2013,7148,2.6,11518.11
2020,166700,1.4,6742.41
2018,30900,4.1,22964.44
2005,11771,1.3,2000.0
2008,198993,2.1,2000.0
2013,66461,2.0,11080.68
2023,38989,3.3,7483.41
2018,32996,3.1,11313.86
2016,181992,2.1,2000.0
2008,26997,2.7,2000.0
2011,29488,2.7,17953.59
2021,109752,3.3,7356.64
2005,22975,4.6,2000.0
2018,37310,1.6,15053.47
2019,64254,3.2,19988.96
2016,93264,1.1,16833.65
2016,103197,3.8,7276.72
2010,25809,3.6,14581.23
2017,105730,3.8,11817.34
2020,43995,2.9,14610.78
2018,199204,1.7,2000.0
2011,124189,2.8,2000.0
2020,57812,1.1,13445.86
2013,59760,2.5,21038.1
2018,126675,4.4,18028.78
2011,104419,2.4,2000.0
2016,17507,3.4,4433.66
2007,34388,2.0,2000.0
2018,191447,1.5,23954.79
2023,62164,3.1,28190.65
2015,85894,1.1,2769.85
2009,57095,4.6,8554.18
2017,183253,4.1,8553.02
2014,80469,5.0,29515.69
2011,177726,5.0,5193.86
2021,99774,3.9,23302.62
2020,113855,4.1,11738.63
2012,76189,3.1,7535.97
2021,115964,1.9,2000.0
2017,146372,4.2,2000.0
2015,160304,2.1,2000.0
2022,140920,3.6,6882.77
2009,199718,3.9,27688.34
2010,102945,3.3,2000.0
2018,193289,3.7,2411.77
2016,7176,2.2,8322.14
2008,73915,4.0,2000.0
2011,45663,4.8,18402.76
2015,6788,2.9,2000.0
2006,193186,1.5,2000.0
2008,6282,3.5,24798.43
2011,112218,2.4,2000.0
2005,5375,2.7,22225.41
2019,163475,1.6,2000.0
2012,18610,3.5,18543.98
2009,118781,4.1,2000.0
2018,125194,4.1,9071.85
2022,132412,5.0,16971.59
2007,172710,1.8,2000.0
2006,73519,4.7,8783.57
2020,107345,3.9,5555.59
2018,179483,3.8,11089.05
2020,32088,3.7,18957.67
2015,111318,3.2,8498.9
2021,158432,2.5,36812.36
2007,74063,4.8,9420.68
2009,90915,1.6,2000.0
2007,62294,1.7,10016.57
2019,46661,1.1,5826.27
2009,74090,4.0,11661.48
2007,149477,4.6,19349.79
2010,46185,1.7,2000.0
2018,68105,1.1,2000.0
2006,89301,2.0,2000.0
2022,93142,4.5,8280.24
2010,178692,1.1,2000.0
2009,11578,1.4,3718.95
2018,189320,1.1,5026.37
2021,104358,4.8,2000.0
2015,179952,1.5,16285.14
2005,30202,4.6,12924.64
2014,79963,2.9,15473.95
2013,24381,2.6,9661.64
2016,194392,2.7,6152.22
2005,168298,2.7,2000.0
2022,84005,2.4,2000.0
2016,128730,4.2,6234.05
2006,150167,3.0,3270.31
2005,39615,5.0,14694.08
2005,183928,3.1,2000.0
2005,162282,4.3,2000.0
2016,5802,4.0,24326.29
2011,103533,2.6,12321.33
2008,114831,4.2,8118.66
2008,11841,1.6,12041.15
2019,101572,1.8,33847.34
2005,64660,3.5,14108.4
2010,112187,3.8,2507.88
2018,100489,3.6,6286.33
2018,18921,3.0,15880.4
2014,178577,1.6,23121.02
2011,137817,2.5,2000.0
2016,31443,3.4,12672.48
2023,15016,1.9,10179.52
2013,78755,3.6,18748.05
2007,113264,1.9,3263.75
2008,29012,1.4,2000.0
2017,87617,2.3,28614.08
2014,196909,2.1,2000.0
2018,149621,4.2,2000.0
2010,100064,2.9,2000.0
2012,77974,1.3,2000.0
2023,166494,4.3,5880.06
2014,21251,2.1,8032.27
2009,161538,3.3,9463.49
2009,37860,3.2,2000.0
2009,137652,4.9,3314.49
2013,48201,2.0,2000.0
2013,188777,1.6,4176.4
2019,77919,2.0,18873.75
2013,94499,3.3,2000.0
2018,146608,1.9,19832.62
2010,69936,2.4,6398.81
2012,51922,3.6,2000.0
2006,25344,1.5,6067.49
2009,123865,4.8,16339.28
2021,113581,3.1,16489.77
2014,163645,2.9,2000.0
2018,24780,2.5,2000.0
2022,58210,2.0,38869.67
2005,185334,2.9,2000.0
2006,191041,2.9,2000.0
2008,661,1.2,2000.0
2017,66214,4.4,21461.76
2020,164139,4.3,2000.0
2009,57146,2.8,12411.62
2014,52452,2.3,16215.91
2021,44505,3.0,8412.17
2015,154779,1.9,2000.0
2009,116953,1.0,12168.93
2019,102594,2.4,6616.55
2008,5647,1.1,2000.0
2011,145136,1.2,2000.0
2014,57083,1.1,18961.58
2008,105010,4.5,28743.26
2009,176483,1.6,2000.0
2009,186907,2.0,5033.8
2015,162267,3.0,25765.2
2023,28979,3.1,4517.1
2009,170611,1.5,5144.43
2012,188824,4.6,2000.0
2011,155064,1.9,16890.19
2012,33288,4.8,2000.0
2017,136714,2.0,5143.02
2009,190948,1.0,2000.0
2022,46698,4.9,19684.44
2013,3884,2.9,22394.13
2006,116564,4.5,2000.0
2020,179457,3.9,2729.55
2018,35509,1.7,18227.53
2021,31649,4.4,3576.87
2010,167372,1.2,2000.0
2007,96068,3.0,2000.0
2021,98954,2.0,29136.25
2017,11036,2.4,17297.45
2010,198766,4.0,2000.0
2012,84571,3.7,6070.66
2010,9747,2.8,23343.61
2020,46692,1.2,7884.57
2010,171302,1.2,2000.0
2021,56777,3.8,9656.83
2007,62108,4.8,20261.83
2016,170878,4.4,15366.9
2010,107008,1.5,6933.78
2011,50387,1.5,5184.87
2015,192896,3.4,2000.0
2013,136590,3.6,2000.0
2020,181422,3.5,3240.38
2009,6277,4.5,2000.0
2019,75877,1.9,8139.1
2008,117120,1.7,4027.97
2009,178630,4.7,11562.64
2011,23613,3.9,29466.49
2007,132031,3.8,2000.0
2008,52100,2.3,3186.38
2019,180789,3.5,14156.42
2006,137008,3.9,2000.0
2009,159750,3.4,2000.0
2011,154114,3.9,6632.84
2021,142714,3.4,2000.0
2012,106940,4.9,2398.24
2013,19923,3.0,2205.4
2014,182932,1.0,2000.0
2015,9227,1.7,18224.51
2005,68580,4.9,5417.61
2019,113767,2.9,25021.57
2012,122478,1.5,2000.0
2023,99590,1.6,5825.78
2016,75186,1.1,3400.09
2010,141484,1.9,2000.0
2014,99934,4.9,5090.96
2009,162112,2.3,2000.0
2011,85947,2.0,2826.31
2011,179914,3.7,2000.0
2013,19500,3.7,11660.54
2019,169505,4.9,6627.2
2010,93066,3.9,14964.15
2020,13024,1.4,18217.39
2011,29088,4.9,8306.38
2019,153900,4.0,19857.04
2006,168039,2.0,2000.0
2012,119770,2.0,16370.11
2016,180557,4.8,7469.94
2015,127393,1.8,2848.81
2010,42440,1.9,10254.36
2017,98739,2.4,13390.38
2020,88797,3.7,22697.96
2012,196650,2.7,2000.0
2021,178385,2.2,12951.23
2017,128848,2.1,11112.68
2008,17349,1.5,2000.0
2014,131287,3.2,9713.92
2020,142499,2.1,2000.0
2021,20704,2.3,29568.28
2012,161504,1.0,2000.0
2015,128245,3.1,21678.46
2009,133777,3.8,7444.87
2020,81598,4.7,20612.17
2012,41732,1.8,16465.92
2020,151567,4.7,5889.79
2008,130241,2.4,2000.0
2010,31233,4.2,14942.04
2012,121124,4.6,2000.0
2013,93267,4.8,6437.5
2017,73658,2.3,2000.0
2021,126160,2.0,4137.73
2013,73785,2.8,14764.55
2017,160728,3.2,17229.95
2013,136018,3.8,2000.0
2010,161279,3.8,2000.0
2014,4743,1.5,13881.73
2009,149299,3.4,2000.0
2011,120138,1.7,2000.0
2015,49612,3.8,11131.55
2013,74696,4.9,16702.87
2014,32068,4.1,13991.43
2015,144593,3.8,8180.65
2007,184039,1.3,2000.0
2012,138364,1.7,2000.0
2021,7629,2.4,22189.84
2011,131361,4.7,4003.56
2016,93397,2.3,2000.0
2020,15791,4.3,12410.25
2019,173152,1.4,3047.26
2017,64407,3.6,9468.17
2022,88312,4.1,11951.26
2022,163318,3.2,2000.0
2009,25308,4.1,24735.9
2018,121356,3.9,11666.81
2015,151032,2.9,3804.62
2007,122673,4.5,11503.22
2021,80986,2.4,2000.0
2016,105152,2.7,8992.55
2007,170755,3.2,2000.0
2006,176703,1.5,2000.0
2008,4937,3.1,15234.41
2022,76519,2.3,12600.95
2018,141302,2.0,2000.0
2012,96422,3.3,18534.1
2006,31994,2.3,2000.0
2023,142782,4.4,15417.55
2014,129272,2.6,4494.96
2009,192851,2.7,2000.0
2015,44477,4.9,4034.14
2013,31881,2.4,14185.49
2020,194976,1.5,7963.41
2009,122822,4.5,2000.0
2019,178601,4.7,30022.29
2018,189483,1.9,2000.0
2013,128941,4.5,6890.82
2009,4437,3.0,2000.0
2019,69456,1.2,20363.08
2013,145785,3.2,2000.0
2008,66663,4.4,2000.0
2008,55753,2.6,2000.0
2011,74718,3.2,5081.64
2019,85406,1.6,19970.66
2021,64388,4.4,11543.16
2022,37495,1.4,2000.0
2011,173457,1.4,2000.0
2023,136581,4.7,30445.52
2014,157105,4.5,2000.0
2017,167294,3.3,2000.0
2006,50203,1.4,23090.52
2015,30487,3.2,6031.72
2009,194500,4.7,18330.75
2010,117275,3.4,2000.0
2007,150713,1.8,2000.0
2005,195729,4.6,2000.0
2007,4867,4.5,24134.85
2007,74599,3.2,2000.0
2008,55984,4.4,3995.21
2011,155753,1.2,12727.61
2019,47455,2.8,21895.96
2015,61138,1.7,3262.33
2022,118108,4.4,17717.55
2016,153056,4.9,7231.5
2008,195393,4.7,2000.0
2015,175626,3.0,3460.82
2010,81774,3.0,2000.0
2023,8182,4.6,18944.12
2022,98272,3.9,13373.8
2019,9192,1.3,20651.0
2007,77159,1.5,2000.0
2021,40256,4.8,10177.42
2005,5097,2.5,2000.0
2006,167952,1.7,2000.0
2023,116081,3.9,5531.7
2013,67407,4.5,2000.0
2012,148545,1.8,3709.24
2016,78709,2.0,27403.7
2019,160880,4.6,9320.16
2011,147075,1.1,2794.08
2020,118854,4.6,2000.0
2011,178076,1.2,2000.0
2016,27708,1.4,27209.38
2021,37307,4.4,18310.29
2015,199923,2.0,2000.0
2008,184116,1.9,3244.78
2023,43524,4.4,20113.19
2006,66929,3.2,2000.0
2006,63804,2.4,2000.0
2021,27668,3.9,10338.82
2013,10937,4.2,33146.83
2005,17104,4.5,7878.79
2014,4326,1.5,15893.75
2019,69133,3.3,13010.74
2019,37727,3.7,9147.97
2006,40526,1.5,2000.0
2018,28341,3.4,30876.9
2008,60493,1.1,19704.22
2022,65295,2.4,14981.93
2013,152320,1.7,2000.0
2006,154129,3.2,2000.0
2006,111833,1.8,3806.08
2022,32700,4.2,30200.16
2021,6243,1.5,9460.37
2013,39060,4.0,17781.1
2012,81280,1.4,8432.12
2006,130202,2.8,2000.0
2006,24970,3.8,31544.99
2009,375,1.6,15100.24
2016,104050,4.0,17062.21
2020,152333,4.8,24054.82
2018,149595,2.5,13368.71
2006,174490,1.0,2000.0
2012,174711,2.9,2000.0
2008,153618,4.6,2000.0
2013,177687,3.7,2000.0
2023,92312,3.8,21000.12
2006,161643,4.2,2000.0
2020,90524,4.6,8517.93
2015,137417,1.5,6067.05
2012,186354,3.4,7077.89
2016,80010,4.6,16825.94
2007,63255,4.1,21817.99
2017,178199,2.0,2000.0
2006,38923,4.5,6183.22
2017,88198,2.2,9663.33
2012,15271,2.6,8164.49
2019,129104,1.7,2000.0
2013,148834,4.5,21567.69
2015,115781,1.4,11431.64
2007,62030,5.0,28240.07
2011,23519,2.3,7204.87
2018,131782,3.8,2000.0
2019,28026,1.5,28098.49
2013,89381,3.0,7159.0
2015,118174,1.2,2000.0
2011,4892,4.5,7540.13
2016,118187,2.8,19153.35
2023,35995,4.0,14053.86
2022,148186,4.6,5674.92
2017,128835,1.3,29105.96
2015,88340,3.0,25976.26
2005,105736,1.8,2000.0
2010,170032,1.3,2000.0
2006,125220,3.5,2000.0
2017,187412,1.5,6079.19
2017,17851,3.0,10332.94
2023,34326,1.8,21189.18
2013,43479,1.8,2942.7
2023,38025,3.1,31945.15
2005,23365,3.2,7977.27
2012,71060,1.0,2000.0
2018,110948,3.0,2000.0
2020,172572,3.7,7187.41
2008,68410,3.7,23335.75
2022,189351,4.4,27324.21
2018,106325,4.6,2000.0
2013,126526,3.5,2000.0
2019,72493,2.9,2655.71
2007,19076,1.8,18310.31
2008,11261,1.5,2000.0
2022,169064,3.4,17129.0
2018,193134,4.8,7891.9
2019,158546,2.1,7377.32
2012,78247,1.4,2000.0
2014,39534,2.7,19670.76
2016,10090,1.0,25885.71
2013,194390,3.2,4639.22
2012,32771,1.2,5886.82
2021,78292,4.7,5929.06
2013,70295,4.5,20079.17
2017,93737,1.5,2000.0
2018,168473,1.6,2000.0
2009,138433,4.8,4435.2
2013,51559,4.3,7636.62
2020,133639,4.8,12281.9
2023,189512,2.3,5198.94
2011,75713,1.4,2000.0
2016,35917,3.5,9288.95
2006,155283,4.9,2000.0
2022,105142,1.5,20112.48
2022,197965,4.3,3045.32
2020,88148,2.4,9055.51
2015,87535,1.5,12102.14
2006,122958,2.8,3559.26
2018,157222,3.0,15218.85
2008,122161,1.0,5539.58
2011,194579,2.9,2000.0
2006,1605,3.6,5156.32
2018,110747,4.1,18696.54
2011,72820,1.4,2000.0
2013,185199,4.5,8194.19
2012,54721,1.7,22388.75
2013,180251,3.6,2000.0
2011,46029,3.2,28373.25
2023,17736,4.5,40232.26
2021,134806,1.2,25554.79
2017,7531,1.8,17237.15
2015,33186,1.5,3135.5
2022,45077,2.3,15816.73
2021,41220,2.4,9425.01
2020,84027,1.4,39803.34
2014,175016,3.1,4183.19
2008,193948,1.5,2000.0
2008,71842,1.3,2000.0
2015,48241,1.1,17755.61
2012,194913,4.7,2000.0
2013,135363,2.6,2000.0
2020,80496,2.1,21336.31
2014,74632,2.9,2000.0
2013,100530,1.6,9438.84
2007,40428,2.6,2000.0
2006,12612,1.8,8718.6
2013,188983,2.2,7481.03
2017,58269,4.7,8858.25
2010,158886,1.6,2000.0
2008,56673,2.9,2000.0
2018,77207,3.6,21610.42
2015,50767,4.7,9570.13
2006,198457,4.7,2000.0
2007,47901,2.0,13931.21
2009,34711,4.8,22360.57
2011,51522,2.3,3213.86
2015,171548,4.6,2000.0
2016,106537,1.4,2000.0
2015,143933,1.8,13644.97
2023,24218,1.3,3231.99
2017,198428,2.2,5497.62
2008,128449,4.5,8137.26
2018,8632,1.6,19085.76
2016,29884,1.9,11440.44
2006,47388,1.9,2000.0
2012,41063,2.1,2000.0
2023,197176,1.1,7079.57
2017,131382,2.7,7849.38
2005,34675,4.9,2000.0
2009,9899,2.8,2000.0
2015,116379,4.3,18404.27
2015,105636,3.3,10707.51
2017,4502,1.1,8027.09
2006,148036,3.3,10104.28
2023,51167,4.8,12798.38
2020,187867,3.2,5197.61
2009,128057,3.1,2000.0
2018,72398,3.7,7453.64
2023,4055,4.5,35143.45
2009,149316,3.3,2000.0
2013,11876,2.6,15862.3
2016,105722,1.1,6832.6
2020,199899,1.4,2000.0
2023,158879,3.6,26698.77
2019,123066,3.5,2000.0
2021,199551,2.0,2000.0
2019,12219,3.9,24017.49
2007,108118,2.1,2855.23
2021,182735,2.2,8024.37
2017,158025,1.2,9185.02
2013,186716,3.2,2000.0
2017,154099,2.2,5954.93
2020,149346,4.3,22189.15
2023,94697,4.2,7263.73
2018,48108,1.5,5001.37
2012,74007,1.6,7624.4
2023,33622,2.3,2000.0
2007,96066,3.3,7689.22
2022,29676,2.4,27345.56
2020,16781,2.4,2000.0
2018,80963,1.6,2000.0
2020,160171,2.3,6372.11
2021,3503,2.9,4630.12
2015,32617,4.9,10781.76
2017,151926,4.4,8387.12
2015,77599,4.2,16371.07
2008,154615,3.2,2000.0
2018,52947,2.4,27181.91
2009,33399,4.4,3640.49
2008,81808,2.4,2000.0
2005,117724,3.4,2000.0
2018,12984,2.0,20787.37
2011,62886,4.1,25869.01
2014,927,3.1,7993.47
2006,194499,4.6,2000.0
2014,59371,3.3,3163.14
2007,91777,1.7,2000.0
2012,106573,5.0,12865.96
2014,93353,3.0,33231.01
2012,148517,2.0,7067.77
2018,105014,2.3,4850.97
2022,146358,1.5,6069.67
2013,199969,1.3,2000.0
2013,94378,2.8,12585.86
2008,21121,4.8,10598.74
2007,50851,1.5,3637.98
2018,114979,4.6,2000.0
2018,16964,4.2,16081.07
2020,4200,4.2,18357.37
2009,197487,3.8,9364.89
2019,198090,3.4,2000.0
2013,97130,1.5,2000.0
2011,141559,3.3,2000.0
2017,138142,2.4,21535.14
2012,159092,1.4,11204.55
2016,124009,4.2,13963.88
2008,71516,3.2,13145.42
2020,102229,4.0,6920.28
2010,43952,2.9,9725.88
2009,198727,3.2,5011.53
2005,62959,3.8,2000.0
2018,122040,2.0,2000.0
2013,155781,4.4,9378.46
2022,68781,2.7,8804.69
2010,26392,3.8,11265.2
2019,188001,2.3,8210.83
2020,37256,3.8,8093.08
2012,101439,1.2,2000.0
2023,31715,4.7,19025.54
2009,119198,4.1,10590.45
2018,6546,3.7,17752.0
2011,132208,2.3,2000.0
2008,88128,4.4,8937.76
2005,149207,4.1,2000.0
2008,39312,2.8,4130.45
2018,171427,1.8,5901.03
2020,79756,1.7,2000.0
2011,15448,3.0,2000.0
2014,113398,4.1,2000.0
2014,43851,3.9,13579.44
2008,80532,3.0,13152.56
2016,39268,1.8,7318.62
2010,37741,2.0,8389.3
2017,148207,1.2,7058.16
2005,748,1.7,2000.0
2012,82186,1.1,7209.54
2020,130895,3.7,5128.6
2009,110997,3.4,28815.0
2011,42148,5.0,19424.33
2007,22297,4.1,2000.0
2006,63160,2.0,2000.0
2006,39577,3.8,9215.92
2014,167017,1.0,8387.25
2013,52372,4.9,33109.38
2022,54681,3.5,8694.97
2010,158478,1.5,9350.26
2010,148158,3.0,2460.5
2014,9890,4.8,11110.55
2013,113546,4.4,7088.08
2013,32968,2.2,24654.75
2007,193129,2.6,2000.0
2016,159446,4.4,2000.0
2015,147267,4.6,2000.0
2018,47323,4.7,5694.32
2023,78680,4.8,24554.34
2014,167381,3.0,24908.03
2023,72691,4.4,8012.93
2009,75737,2.4,2000.0
2013,134577,4.4,2317.24
2005,60444,2.4,7937.24
2019,167999,3.4,2000.0
2008,7080,2.9,14808.52
2011,144479,4.6,8242.56
2010,159385,1.3,2000.0
2019,72189,4.8,26650.77
2010,62803,2.8,4943.94
2011,124591,2.9,8716.09
2007,176378,4.3,14608.73
2017,126230,3.7,2063.35
2006,45094,4.8,26919.06
2007,147524,3.2,20502.25
2017,11383,3.2,40371.03
2013,189525,4.9,10444.78
2023,55472,4.7,27885.89
2022,134090,1.8,13317.95
2009,2653,2.2,9418.0
2014,63568,3.5,20670.73
2018,24916,4.8,4681.18
2021,139684,3.3,11902.91
2007,84195,3.9,2000.0
2011,98776,1.4,2000.0
2013,81535,3.1,14091.12
2009,153385,1.6,3265.16
2008,112829,2.0,2000.0
2007,111458,1.7,10483.69
2017,185989,1.7,10327.96
2013,127956,5.0,5011.47
2011,165927,2.2,2000.0
2012,40585,3.3,17336.33
2014,159006,1.1,6637.78
2005,24569,4.2,11976.1
2005,151325,3.7,2000.0
2023,97202,1.9,9025.5
2006,54868,1.1,14835.57
2016,157091,2.1,2000.0
2017,7996,3.5,12765.64
2018,30437,1.1,2000.0
2009,64802,1.3,2000.0
2007,19771,2.6,9835.95
2021,190239,1.7,22765.88
2005,50009,3.5,12397.86
2018,131203,1.7,8746.76
2010,19299,5.0,9769.45
2021,165871,2.7,2000.0
2008,34693,1.6,12181.07
2010,165841,1.3,21357.01
2005,135449,2.7,2000.0
2013,23019,4.2,14920.66
2008,157975,2.8,6166.83
2013,11763,1.6,2362.63
2013,5494,3.0,7289.85
2017,11563,2.3,37735.49
2021,33433,3.0,21331.32
2007,29994,2.6,8183.35
2010,88618,3.6,2000.0
2019,120129,4.2,9504.85
2018,62573,4.5,22473.73
2017,18030,4.0,24508.23
2013,78294,2.4,2000.0
2019,61952,2.8,2000.0
2018,185823,3.6,2000.0
2008,1163,1.9,2000.0
2015,199533,3.8,3144.74
2006,23217,3.6,2000.0
2020,155127,3.6,4304.8
2023,79931,2.3,9298.99
2020,79030,3.4,21591.58
2011,160162,1.8,2000.0
2015,37820,1.8,6257.3
2016,104217,4.1,4601.14
2008,12190,2.5,7921.76
2020,189240,3.2,8859.78
2020,45963,2.2,13089.21
2011,14212,1.9,2382.59
2017,53638,4.1,2000.0
2009,171151,4.2,26814.53
2005,187103,4.3,17289.75
2009,190003,4.4,2000.0
2018,32794,2.6,34678.36
2015,89831,4.2,4570.28
2006,84590,2.4,4056.34
2022,71446,1.2,3221.97
2019,49278,3.8,10096.19
2018,83399,1.8,7029.73
2017,125208,2.8,2000.0
2006,46474,1.7,2000.0
2023,155966,2.6,15766.35
2012,149944,4.5,2000.0
2021,45749,3.5,13921.92
2019,12406,1.6,16256.9
2018,70409,3.9,32191.62
2007,80561,4.4,17509.02
2021,159743,1.7,14854.18
2007,128367,4.0,6644.61
2017,110976,3.2,8227.52
2022,71637,3.4,2000.0
2005,99909,4.8,2000.0
2011,87197,1.1,2000.0
2009,147254,3.6,2000.0
2006,169676,1.3,2000.0
2021,61525,4.2,9325.16
2014,194437,4.6,2000.0
2008,35176,1.3,2000.0
2013,125933,1.1,2000.0
2015,133911,4.8,8194.81
2016,69990,4.7,22888.06
2016,121558,4.7,2000.0
2022,145286,4.8,26738.57
2008,155010,3.0,2000.0
2013,93324,4.9,18035.07
2012,194485,4.6,2000.0
2023,165765,1.4,11624.56
2017,146529,4.3,17265.95
2006,38862,3.8,2000.0
2023,89553,1.5,2000.0
2018,119088,4.0,2000.0
2009,133048,2.9,14122.83
2014,184853,4.4,4983.73
2021,182306,4.3,14287.69
2020,10921,4.8,2000.0
2021,189579,1.3,11517.36
2005,123894,3.8,17308.42
2019,94848,2.5,22643.82
2021,62563,4.1,20172.45
2015,31709,3.4,18569.41
2009,3444,3.0,2762.73
2008,33526,1.0,2000.0
2013,19478,3.4,5326.36
2020,63332,2.7,20209.84
2016,4379,2.3,4465.31
2022,147568,5.0,24644.53
2007,51572,3.8,4217.0
2019,159940,3.2,7730.27
2022,5283,4.5,19936.95
2016,17205,1.9,4845.83
2017,185988,3.5,2000.0
2005,45246,4.4,24598.47
2008,50971,1.5,2000.0
2012,47596,1.9,2000.0
2023,156914,1.3,28048.69
2009,23015,5.0,26692.36
2015,155467,3.3,2000.0
2021,194162,3.0,2000.0
2021,158559,2.4,9618.32
2006,156978,2.8,5962.35
2005,116581,4.1,2000.0
2008,141607,4.7,10611.1
2013,92500,1.4,5270.15
2006,98896,2.2,2000.0
2007,50539,1.8,2000.0
2010,154549,2.7,26356.9
2017,162049,3.1,15636.63
2019,103376,3.9,16608.82
2015,91646,4.5,19254.29
2014,77837,3.2,26387.61
2007,119821,3.0,3744.1
2013,13295,3.3,18666.82
2014,194769,4.6,2000.0
2016,42023,3.6,2000.0
2012,101409,4.1,28043.65
2021,44265,3.9,26097.93
2009,169745,4.7,5047.4
2012,51055,4.3,2000.0
2022,3361,2.4,21667.54
2015,189270,4.4,2000.0
2014,28626,2.9,19630.26
2019,28388,4.4,16224.36
2010,84918,4.6,38407.63
2023,17725,3.7,24094.55
2021,100165,3.9,23623.64
2014,133527,1.6,2000.0
2009,3792,2.3,11549.59
2020,158799,3.2,17504.14
2016,175910,1.0,2000.0
2009,169704,4.4,12178.48
2005,81733,2.5,11356.59
2006,132380,3.9,5155.95
2009,106435,4.1,6047.54
2023,147387,3.2,29222.46
2019,40857,4.2,30104.55
2005,89717,3.7,15579.72
2015,140965,2.4,17815.26
2022,127293,4.3,19473.69
2007,78233,3.5,2000.0
2013,199821,1.6,2000.0
2008,8438,4.1,6363.58
2017,34992,3.7,20929.6
2013,199466,2.1,4042.4
2007,160007,4.4,2000.0
2020,180926,2.5,16258.86
2012,75651,3.2,4943.61
2011,181774,2.4,2000.0
2021,186895,3.9,14533.94
2020,83253,3.3,9305.65
2022,194174,2.9,10952.03
2020,96283,1.1,28740.54
2019,50950,3.4,9433.47
2006,183679,3.5,2000.0
2008,68901,1.7,16152.4
2009,130526,2.3,2000.0
2011,182851,4.5,2000.0
2019,165924,3.2,19513.08
2021,125815,2.7,23440.83
2014,61986,4.7,30039.81
2013,94853,4.2,3854.51
2020,127648,1.4,17558.47
2007,45427,4.4,13317.32
2013,112237,1.6,2000.0
2012,116837,1.7,11746.17
2011,36194,1.3,6827.04
2021,187061,2.9,11874.1
2009,16863,3.6,2000.0
2011,158605,4.0,9371.74
2017,85650,1.1,20183.43
2022,55511,1.7,17832.37
2018,89062,3.5,29137.38
2022,116038,3.1,19085.48
2007,156347,1.2,2000.0
2021,35415,4.7,13170.23
2023,21750,4.0,20464.74
2011,37876,2.4,3723.76
2008,34489,3.1,3822.73
2019,199767,2.5,21853.76
2012,82253,2.8,19115.49
2020,139927,3.4,19672.99
2005,90890,2.6,2000.0
2020,66759,3.5,33077.05
2006,44459,2.9,8952.39
2006,46414,3.6,9319.24
2012,120565,2.0,2000.0
2016,27073,1.7,2000.0
2015,186583,1.1,2000.0
2010,172972,3.4,2000.0
2023,100937,4.9,12329.42
2022,23199,2.7,15479.95
2009,54526,1.9,6130.93
2019,32272,1.1,10297.58
2012,168373,3.1,10046.97
2010,110217,5.0,5238.2
2016,63957,4.9,16865.75
2023,5,1.4,8300.92
2016,43226,4.3,11677.35
2016,102291,1.7,2000.0
2013,30208,4.2,8056.46
2014,154175,4.4,6966.19
2021,118480,1.0,11584.55
2022,74240,1.9,10580.07
2020,119652,1.2,6631.12
2008,11452,3.0,20047.26
2022,99278,1.1,4391.22
2007,13558,3.5,2096.73
2020,142080,3.2,2000.0
2018,41936,2.5,25241.28
2013,182957,2.8,2000.0
2010,66156,5.0,13698.95
2008,163387,1.7,4138.52
2006,45610,3.9,7997.86
2014,138667,3.6,4486.82
2015,194922,3.7,2000.0
2011,110337,2.4,18790.13
2009,8785,1.9,15816.19
2008,107915,3.6,2000.0
2010,71388,4.7,20818.98
2006,10134,4.9,10719.7
2006,8814,2.9,4895.7
2020,77576,2.7,4173.92
2017,154759,2.4,3031.04
2011,4529,4.2,34051.27
2009,36687,2.0,13095.76
2021,106813,3.1,20466.63
2017,117270,2.4,4240.17
2019,198132,4.5,3923.51
2007,114012,2.1,20098.64
2008,171066,3.7,14111.39
2019,162569,3.4,10827.54
2022,63627,2.3,11214.18
2007,114621,2.0,2000.0
2011,8819,4.2,6314.13
2012,87243,3.0,9590.74
2015,176285,3.4,24098.28
2013,62793,4.8,31756.69
2016,161987,2.6,2000.0
2009,60115,4.3,20919.71
2005,131624,3.6,20796.26
2018,79718,3.4,6527.01
2007,110086,1.2,2000.0
2019,144221,4.6,2000.0
2014,97139,1.9,15825.74
2014,95848,2.9,11869.62
2007,190921,4.0,2000.0
2010,15155,3.1,35002.41
2009,130092,1.0,2000.0
2023,75813,4.8,33058.2
2018,106064,1.1,2000.0
2021,80212,1.4,11710.5
2016,9785,1.9,13293.79
2013,151853,3.4,3913.83
2007,11970,4.9,2000.0
2022,68800,4.7,14487.2
2008,103297,3.6,2000.0
2018,74343,4.0,9101.89
2010,161391,3.8,2000.0
2019,26207,3.7,14173.38
2021,161362,4.2,10812.16
2009,9136,2.4,4387.28
2010,4980,1.9,8015.53
2009,177416,2.4,2000.0
2023,111898,1.2,22716.91
2018,126356,4.9,17591.89
2008,103970,4.0,24216.46
2009,98135,1.9,7712.44
2015,187871,2.0,6302.06
2006,51107,5.0,8345.76
2006,196336,4.1,2000.0
2016,133468,2.7,10487.54
2020,110402,1.8,13092.05
2021,133162,1.2,22555.06
2008,51975,3.7,2701.11
2018,84449,4.1,18477.32
2011,89464,1.4,2000.0
2019,168013,1.0,13482.52
2020,9251,2.4,30570.94
2012,32126,3.7,17065.56
2006,170799,4.7,10440.35
2023,79021,4.5,19030.76
2005,107142,3.8,11397.08
2008,9545,4.3,12687.83
2015,27275,2.4,17300.43
2014,140027,2.0,11861.69
2022,159719,1.5,2000.0
2005,198934,1.7,2000.0
2021,180682,4.9,12433.19
2020,123571,4.7,2699.82
2016,166412,1.2,2000.0
2020,114379,2.9,2000.0
2013,177606,2.5,2000.0
2021,48702,3.6,16748.97
2007,182763,2.3,14384.33
2022,112070,2.1,19576.52
2019,140082,4.2,15753.91
2019,6073,4.8,29334.56
2020,61594,1.8,16969.43
2005,90630,1.9,6571.47
2005,119158,2.7,2000.0
2008,90454,3.8,20124.79
2017,88107,1.7,18052.66
2008,73144,2.9,2000.0
2012,13408,4.4,22517.21
2017,22692,1.9,33320.33
2012,27369,1.2,9554.2
2018,109670,4.6,7053.19
2005,179580,4.2,2975.6
2013,145854,3.8,3914.52
2005,5126,1.3,2000.0
2011,195677,4.6,2000.0
2017,180667,2.2,30223.3
2019,3704,1.8,24307.55
2013,173549,2.9,3483.34
2020,17940,4.7,27916.88
2021,24673,5.0,28232.6
2013,82964,3.5,22299.12
2010,79079,4.8,15565.32
2016,8659,2.8,27305.24
2020,139617,1.1,2000.0
2019,49223,2.1,21794.04
2011,9567,2.2,20400.96
2014,66611,4.1,16032.7
2008,9437,1.5,21544.61
2007,140287,1.7,2000.0
2022,108316,3.5,18252.93
2005,32068,1.5,2000.0
2017,123869,3.0,2000.0
2022,53707,1.1,11636.19
2012,87206,3.7,4862.79
2015,62746,4.6,27674.69
2014,190964,4.5,2000.0
2008,111308,1.3,2000.0
2008,135534,3.4,13228.97
2008,102025,1.4,4046.35
2016,3107,1.2,10404.88
2012,152158,3.4,2000.0
2017,183270,3.3,13206.51
2012,115436,1.4,6387.1
2007,149155,2.4,2000.0
2016,189017,2.3,17725.89
2022,48723,2.4,24124.18
2019,41214,2.3,19280.66
2018,142241,4.3,15321.34
2013,117412,2.4,8955.71
2009,54471,2.3,2000.0
2019,82755,1.1,22130.41
2012,132922,4.2,11538.84
2007,53916,3.6,24478.03
2016,52254,2.4,4808.53
2009,88664,2.8,14578.56
2013,35074,4.2,14542.8
2007,176380,2.4,2000.0
2012,66029,2.9,2000.0
2017,60649,1.1,2000.0
2012,58474,4.7,30474.61
2009,87620,2.5,13866.49
2011,143695,2.2,2000.0
2009,28360,3.4,24926.63
2013,10292,3.1,18114.76
2009,12207,2.6,21223.14
2012,100080,4.7,13649.12
2016,198475,2.5,3165.13
2008,166574,5.0,2000.0
2013,31785,4.2,2000.0
2018,68867,4.6,24080.41
2023,183664,2.1,21254.42
2017,49361,1.3,4765.96
2007,32209,2.7,2000.0
2008,24490,2.3,2000.0
2005,168948,1.2,2000.0
2005,177504,1.3,2000.0
2015,182953,1.7,10639.09
2020,12261,2.5,16308.17
2008,161162,4.7,10372.97
2011,31568,3.6,30280.54
2016,36968,2.6,15665.38
2010,183985,4.2,18684.72
2013,127678,3.3,14621.61
2012,74875,2.7,4383.12
2018,175813,1.6,32693.65
2019,31842,4.7,24686.13
2009,178181,3.5,5143.72
2019,121631,2.8,10437.47
2010,52266,2.8,5058.87
2005,110374,4.1,6779.99
2013,186918,1.7,7134.26
2008,179117,2.7,2000.0
2006,156321,1.3,2000.0
2010,160962,1.3,4298.91
2006,43331,3.1,17722.65
2007,186983,2.5,2000.0
2011,136256,3.9,2000.0
2021,168136,4.9,10108.05
2013,184561,4.4,13404.31
2013,15366,2.8,13815.05
2023,60245,2.5,4057.83
2009,42447,3.3,2577.16
2010,140231,1.4,16283.29
2022,134084,5.0,20034.94
2005,18736,4.9,5530.16
2021,69945,4.7,15242.1
2018,23005,3.6,8713.1
2019,166683,3.0,6626.55
2009,181106,3.8,2000.0
2021,32154,2.3,36334.92
2015,163421,4.4,11359.92
2014,77156,1.5,3884.57
2021,55366,4.2,31332.16
2005,34673,4.5,22377.05
2009,14741,1.7,2000.0
2020,96202,2.9,9524.76
2011,89109,4.6,2000.0
2016,149454,4.8,9519.55
2012,97150,4.2,2264.26
2022,83252,4.8,26378.92
2005,19750,4.7,3094.44
2016,75300,4.9,22929.9
2008,79902,2.7,9910.47
2016,138301,2.1,2000.0
2005,171366,3.5,2000.0
2005,3816,1.8,3552.28
2007,136709,3.2,11180.48
2016,165200,3.3,11840.5
2017,120993,4.2,6120.54
2017,137046,2.4,2000.0
2013,49715,3.4,13844.33
2022,39069,4.6,23930.94
2005,153612,2.7,2000.0
2010,144569,3.3,12087.95
2009,180957,4.1,2000.0
2008,25328,2.0,24335.02
2010,190772,1.4,2000.0
2007,110739,3.7,2000.0
2021,112517,2.5,19626.39
2015,95228,2.5,3493.92
2008,54326,4.7,2000.0
2005,105018,2.6,2511.99
2008,135058,4.8,13098.24
2007,120517,1.4,2000.0
2014,43675,2.4,7238.25
2005,198393,3.8,2000.0
2008,147340,1.5,2000.0
2023,150089,2.5,13747.74
2005,196156,4.4,2000.0
2020,39848,4.0,9410.85
2023,182316,2.1,11573.32
2022,40582,2.4,2000.0
2006,14033,3.0,6290.29
2010,173837,3.9,5485.47
2005,11555,1.6,2000.0
2023,94471,3.1,6827.09
2009,89355,1.3,3442.68
2006,27631,2.6,24374.91
2005,50400,1.8,2000.0
2020,102249,2.2,5648.71
2006,28902,2.3,19051.27
2008,132797,4.1,6369.92
2007,182925,2.1,2000.0
2021,126514,3.7,5358.18
2019,80573,3.1,7338.31
2014,104146,4.2,3237.96
2016,119490,2.3,2000.0
2016,115200,5.0,18569.85
2011,40039,2.2,26020.0
2014,112488,3.3,2000.0
2009,193636,3.5,2000.0
2015,192127,3.2,2000.0
2006,139245,4.4,30010.9
2020,112528,1.5,15319.4
2016,169928,3.4,10842.16
2020,110942,3.0,28627.83
2008,99106,2.7,11030.82
2006,176578,2.4,15821.42
2014,136460,1.6,10538.14
2017,154995,3.6,4722.3
2023,187300,1.5,5081.18
2019,114509,4.3,27937.98
2005,99205,2.8,2000.0
2021,129785,3.4,17998.65
2008,137948,1.3,2000.0
2013,18172,1.4,4584.2
2010,31664,1.9,2000.0
2007,108808,4.1,2237.88
2006,67235,2.9,2000.0
2022,55830,2.2,19060.23
2023,5749,4.4,23040.67
2011,189624,1.8,2000.0
2007,101297,2.0,2000.0
2022,10734,4.1,18920.55
2023,132666,1.1,4240.73
2013,146310,1.9,18590.67
2020,182062,3.1,21499.5
2010,45819,4.7,8244.41
2016,28248,2.1,6062.39
2010,171748,1.9,2000.0
2017,2902,4.9,19000.83
2009,47434,3.1,2000.0
2017,114103,1.3,12005.22
2011,138477,2.1,3261.03
2016,39815,3.1,17305.72
2008,149795,1.3,11006.02
2009,4521,3.8,9063.42
2020,108838,3.1,17018.32
2008,103232,3.8,2000.0
2012,180723,2.4,7709.78
2020,85547,2.7,12528.35
2012,140108,4.7,5436.89
2021,114349,1.8,8602.19
2018,195212,1.2,7587.29
2016,140324,4.9,2249.71
2007,54797,1.0,2000.0
2006,51833,4.6,7367.86
2017,173452,4.3,3316.9
2015,58093,3.0,27308.2
2016,96651,3.8,6034.04
2022,79414,1.4,2000.0
2013,141211,4.1,18034.65
2011,189461,4.1,2000.0
2010,70126,1.2,2000.0
2018,101778,3.0,18129.66
2022,181450,4.8,2000.0
2018,2973,4.8,34783.23
2009,124249,4.9,14596.85
2017,82958,3.6,2000.0
2005,111645,1.6,9863.37
2016,146460,2.7,2000.0
2023,14495,3.9,38850.4
2014,178845,2.1,17674.78
2009,184939,4.2,7675.86
2010,119410,4.4,2000.0
2016,160015,4.1,11903.65
2007,117585,2.4,13001.53
2018,153775,4.0,23797.64
2008,36070,1.3,18615.27
2021,33563,2.3,2712.76
2021,19193,4.1,21270.23
2018,147922,4.2,2000.0
2019,12727,2.3,27173.53
2011,124234,4.8,9484.49
2008,114960,2.1,3022.5
2021,55460,3.6,20578.61
2010,15218,4.5,2000.0
2015,180192,3.2,2000.0
2016,28444,2.6,12020.8
2019,69187,1.8,21257.96
2016,23519,1.8,12122.46
2015,50107,1.6,4968.74
2021,24281,2.8,15748.42
2012,150865,3.2,24754.89
2016,165759,4.4,5520.87
2013,19316,1.9,2000.0
2015,187999,4.0,2000.0
2007,73915,3.8,8222.53
2011,46554,3.5,13936.47
2007,207,2.4,9285.93
2020,73,2.3,14150.62
2014,24427,4.0,16297.16
2011,171401,2.1,2000.0
2019,129513,2.3,14509.22
2014,76347,4.9,17333.48
2016,74777,5.0,8777.43
2022,70505,1.0,2000.0
2013,40472,3.7,8698.93
2013,136961,3.1,2000.0
2008,157529,2.8,2000.0
2009,171859,2.1,2000.0
2011,139778,3.0,15272.85
2011,169759,2.8,8305.29
2015,11520,2.6,27990.76
2014,131351,4.4,14781.21
2015,64305,2.1,6151.22
2022,93098,3.4,11503.67
2016,185079,4.5,17912.89
2020,156203,4.9,11530.46
2008,171301,3.4,2000.0
2021,93491,3.1,3114.59
2021,131362,4.4,21186.45
2009,168720,1.8,2000.0
2017,142137,3.5,5682.16
2007,130351,1.3,2000.0
2021,146474,3.6,31474.53
2015,89903,4.2,25362.65
2005,24107,1.3,2000.0
2022,83542,4.4,19503.37
2021,144101,1.5,6306.97
2013,19935,1.7,10534.22
2011,199883,4.3,2000.0
2009,108507,1.5,2000.0
2020,60033,3.7,13648.29
2011,5257,2.2,3059.5
2017,155730,2.0,12754.17
2017,102299,3.6,5473.89
2019,104110,1.4,12773.74
2021,189063,3.3,4299.22
2021,186986,4.7,12052.82
2023,94358,4.4,27878.5
2014,177071,4.4,7385.97
2006,101996,2.2,3314.67
2018,132829,3.8,2000.0
2007,152411,4.1,2000.0
2011,22846,4.6,9836.53
2015,120652,2.1,2000.0
2021,27915,4.0,11470.79
2019,44617,1.9,19298.33
2023,176242,1.1,2841.0
2015,76880,2.9,10258.44
2019,164565,4.1,5047.17
2019,128526,1.9,4689.47
2010,163151,1.2,3239.54
2019,33875,2.5,9901.85
2013,29558,1.8,4905.03
2009,142089,2.5,2000.0
2023,95017,4.7,23436.7
2009,124720,4.0,2000.0
2017,20732,2.5,23558.14
2022,113141,2.3,13565.35
2021,57238,4.7,32824.65
2019,59839,4.6,21882.33
2018,95504,3.4,2000.0
2020,23457,2.4,31931.38
2008,94056,4.2,2000.0
2021,131896,3.7,19466.03
2018,162645,3.3,3605.81
2022,102906,4.0,18818.06
2010,145539,1.5,2000.0
2012,154948,4.7,9021.68
2013,16734,4.9,28539.46
2005,152658,2.4,2000.0
2017,30659,4.8,11359.84
2007,193329,4.2,2299.59
2010,175317,4.8,13791.3
2021,156482,4.7,34776.19
2012,7894,1.8,12001.19
2010,110317,2.0,2000.0
2020,110167,2.0,14535.84
2005,103295,1.4,9997.42
2014,183226,2.6,2000.0
2022,2509,2.5,8421.97
2018,68208,2.4,3687.87
2009,69694,2.4,2000.0
2021,195522,1.2,4404.73
2018,193262,1.7,11545.87
2022,196052,2.2,6699.13
2008,184345,4.6,2000.0
2006,110592,4.7,2000.0
2011,120925,2.1,2000.0
2011,121714,3.8,5266.15
2011,31171,4.4,15350.4
2017,24525,3.0,19205.9
2023,26513,4.0,8044.43
2010,121867,4.9,2000.0
2021,136869,1.6,9575.89
2022,130467,1.3,2000.0
2005,114447,3.6,2000.0
2017,104384,3.0,27667.81
2023,138818,2.2,2000.0
2020,89254,4.7,27576.52
2014,108797,4.4,20007.03
2017,24316,2.1,2020.43
2014,57077,4.1,2000.0
2018,165434,4.3,4778.37
2013,147406,2.3,11869.63
2015,28880,1.4,28489.5
2007,175329,4.4,2000.0
2012,140745,1.4,2000.0
2016,193418,2.9,18767.38
2007,179685,1.8,2000.0
2011,163793,4.7,16931.48
2018,35950,1.4,17113.41
2011,20829,1.5,3511.77
2011,95564,3.8,16195.75
2018,60495,1.8,2000.0
2016,73107,1.5,10179.82
2005,159435,1.7,2000.0
2009,47068,3.4,11725.0
2015,173805,1.9,2000.0
2005,83271,2.5,3718.02
2017,5613,4.4,16021.87
2021,157678,1.7,2000.0
2007,147667,4.3,2000.0
2014,132346,4.1,20463.61
2023,37030,4.3,26128.82
2011,93726,2.4,22900.23
2007,55119,2.9,12252.47
2016,85654,3.8,12614.86
2014,124065,1.1,2000.0
2016,73311,3.7,2000.0
2019,97552,1.5,11456.13
2010,123754,2.2,10811.12
2023,32279,4.2,24161.94
2009,54690,3.5,2000.0
2006,119190,3.5,4879.61
2023,175495,1.9,24488.14
2023,166325,3.7,9253.45
2008,154710,1.5,5389.89
2009,110996,4.9,2000.0
2011,69906,2.0,5968.93
2008,19782,4.3,19149.1
2015,153711,4.7,13034.12
2007,168727,1.7,2123.93
2009,22829,1.0,8919.5
2019,131404,4.5,15375.01
2022,41986,4.1,17251.07
2020,52385,1.6,27858.69
2020,18616,4.3,34581.89
2014,53109,4.2,20558.77
2005,92729,2.8,2000.0
2015,5282,4.8,48070.52
2021,21524,3.3,8906.25
2019,7744,2.8,14764.54
2011,136769,1.1,3655.72
2010,68905,4.8,6453.3
2019,153898,1.5,19907.08
2019,142617,2.2,22060.11
2011,108482,3.9,2995.25
2007,6553,1.0,2000.0
2018,126343,3.2,12052.77
2013,187054,1.6,8673.49
2007,49316,1.1,2000.0
2010,10183,3.6,9976.75
2013,121937,3.4,13267.09
2005,141003,3.9,6799.45
2013,159907,3.5,2000.0
2016,151671,2.8,9899.83
2008,104706,2.9,2000.0
2020,115815,1.9,2000.0
2009,180587,1.3,2000.0
2021,140833,4.4,26907.33
2021,139133,3.8,24013.46
2010,368,1.5,10435.0
2019,184173,2.1,4951.63
2005,126277,4.5,2000.0
2017,55015,4.8,10323.81
2020,5304,4.2,13366.08
2006,55689,3.3,11287.96
2023,179616,4.5,2000.0
2006,28806,3.5,5041.28
2016,51244,3.8,24402.62
2016,189931,4.3,12434.86
2012,64412,2.4,17044.43
2016,594,4.1,20631.12
2015,17829,1.8,2000.0
2006,151078,1.8,2000.0
2005,164605,4.2,2000.0
2008,22424,3.3,10571.09
2013,158864,2.7,7857.59
2011,124220,3.1,9027.83
2014,170276,4.9,24184.75
2018,192066,4.6,15186.15
2005,21015,3.0,8975.05
2009,25209,3.2,19440.73
2017,120880,3.5,22699.27
2010,122841,4.2,21489.91
2021,21140,4.5,20777.2
2019,188874,1.6,5972.54
2011,105144,3.5,16719.14
2012,187129,1.9,2000.0
2006,59816,3.5,2000.0
2022,103154,1.7,26528.45
2011,83813,4.2,11219.82
2020,47764,3.6,17417.86
2023,92227,4.5,24411.1
2013,82428,4.8,2000.0
2016,71889,4.7,11978.07
2018,2751,1.6,14151.02
2011,46379,2.5,10845.5
2006,10363,2.9,16446.07
2021,19227,4.2,19602.57
2015,74019,1.1,2000.0
2022,160164,4.7,14298.67
2016,108414,2.6,10441.41
2007,115499,3.5,9677.11
2018,116785,4.9,16004.05
2019,108505,4.5,14270.04
2023,49008,2.4,32898.63
2014,192694,2.9,2000.0
2013,159990,4.1,21151.18
2014,195671,4.0,18434.73
2008,66185,3.8,4101.53
2023,98864,1.0,20023.73
2014,178247,1.8,2000.0
2021,41729,1.9,30146.39
2016,32034,2.0,9868.88
2005,66039,1.4,4331.91
2015,25203,4.2,3788.24
2017,14996,2.4,19100.35
2005,109880,4.1,2000.0
2005,32602,4.7,14682.44
2020,184086,2.3,9902.37
2011,27935,2.8,2000.0
2014,30425,1.4,14372.79
2020,121339,2.2,9765.39
2005,62534,3.2,8517.47
2013,45216,1.7,5187.93
2010,79632,3.1,12469.77
2019,34942,2.3,4942.07
2008,3527,5.0,9032.04
2019,13993,2.5,37060.92
2014,30224,1.2,18527.38
2020,5423,2.9,17884.62
2017,27113,2.3,15189.22
2023,43246,2.5,14075.01
2008,190639,2.5,2000.0
2020,26833,4.5,37629.73
2015,145379,3.0,10280.88
2019,15928,2.0,12129.53
2015,121190,4.2,2000.0
2015,46268,2.8,4208.93
2007,60924,1.6,2423.51
2021,89643,5.0,19443.71
2009,81814,1.1,10684.9
2017,157643,3.8,20742.57
2014,74361,4.4,5222.69
2009,186326,2.4,18304.52
2016,24372,1.6,2000.0
2012,49652,2.7,5564.85
2016,178487,2.9,6451.91
2020,1563,5.0,20337.09
2006,20459,1.1,12665.4
2007,181398,3.6,2000.0
2022,89606,4.2,8363.18
2021,182208,3.5,21484.62
2006,89219,3.5,2000.0
2016,147975,4.5,13213.7
2021,42877,3.3,6487.0
2010,34096,4.5,8225.72
2021,154652,1.8,2000.0
2006,14134,3.1,2000.0
2012,172964,1.1,2000.0
2018,23902,4.2,9301.5
2010,26117,4.1,7293.09
2013,181755,3.2,2000.0
2005,180847,2.6,2000.0
2009,2766,2.5,2000.0
2011,184871,1.8,2000.0
2013,51979,2.7,7246.68
2018,160813,2.2,9157.27
2013,97520,3.3,10401.82
2008,197274,4.1,3864.99
2019,142372,3.8,28387.69
2008,26360,3.1,10776.3
2007,5605,4.8,7607.44
2018,99437,1.8,15373.32
2013,181733,3.6,8326.19
2023,44349,1.4,23766.45
2010,116546,3.7,6774.51
2007,190031,3.9,2000.0
2022,55371,4.1,7485.67
2020,126733,3.7,8144.03
2007,37473,1.5,9707.97
2006,120305,1.2,2000.0
2006,102878,3.9,2000.0
2014,16294,4.2,18296.84
2019,4683,1.1,16953.0
2007,126745,1.6,18804.06
2012,100715,4.2,14441.76
2022,33076,4.9,7385.32
2015,151818,3.1,2000.0
2011,71712,1.6,7277.79
2023,100136,2.3,7624.77
2011,22567,4.1,17019.22
2006,78509,3.2,16134.44
2010,170719,1.2,5324.28
2009,16094,2.2,9699.29
2018,22794,4.0,19587.96
2022,2000,2.3,33351.68
2008,139930,2.7,12608.77
2008,65287,4.6,13116.76
2017,165524,4.9,3270.92
2005,81120,4.0,10806.11
2009,193918,2.0,2000.0
2007,169457,2.0,9044.63
2023,6782,2.2,31817.44
2017,101380,1.6,3401.82
2011,136188,1.7,16759.44
2014,41405,2.0,2000.0
2007,135455,3.6,2000.0
2006,188248,3.4,11410.5
2011,25657,2.4,2000.0
2013,153242,1.8,2000.0
2016,144153,3.5,2000.0
2014,69287,1.5,15198.91
2023,46620,1.6,24023.98
2017,131016,2.5,2000.0
2014,97361,3.3,6810.85
2009,111366,3.9,6505.83
2019,7785,3.7,21714.61
2007,12564,2.5,10704.34
2012,22479,3.6,12122.55
2010,127938,1.8,4934.58
2023,188255,3.0,2000.0
2021,158431,3.5,8889.6
2014,90225,4.0,17146.18
2005,145564,1.3,2000.0
2017,148468,1.4,21670.16
2014,122084,1.3,5337.55
2016,28259,3.2,20701.0
2006,63742,3.3,2000.0
2014,191666,1.0,5263.13
2005,189668,3.6,6017.31
2005,40302,4.1,11079.6
2019,125982,1.5,2000.0
2005,118891,2.3,2000.0
2013,53529,4.4,21443.19
2011,133740,3.7,2000.0
2020,22917,2.2,7824.97
2020,163356,4.0,9482.15
2017,92688,4.5,35250.36
2014,176122,2.2,2000.0
2022,157075,3.7,12765.36
2013,101545,1.4,2000.0
2016,66413,1.2,2950.54
2017,115886,3.3,2288.42
2015,146505,3.0,2000.0
2019,33221,4.2,17599.49
2014,184828,4.1,2000.0
2014,116831,2.1,10754.02
2013,110081,3.0,32137.55
2007,170185,4.0,2000.0
2020,105508,2.1,2000.0
2016,143450,2.4,6827.68
2021,192744,1.2,6922.69
2019,144018,1.5,18345.21
2007,183282,3.4,2000.0
2009,183080,3.0,5736.52
2017,9103,1.7,17160.22
2010,112892,1.0,4054.04
2013,195954,1.7,24707.05
2023,91579,4.0,20600.15
2011,131512,1.4,2000.0
2017,99299,2.6,4947.87
2009,67647,2.0,11218.64
2020,36868,3.2,22613.01
2008,38983,3.0,17778.65
2009,36236,4.9,2000.0
2023,111208,4.1,11325.6
2010,39241,4.8,2000.0
2008,146979,3.3,2000.0
2005,21650,4.0,22195.66
2021,130462,4.6,5400.95
2013,143103,1.2,2000.0
2020,48867,4.7,16725.03
2006,55644,1.8,18736.01
2015,4460,3.8,19214.28
2009,31135,4.1,21299.29
2017,94832,1.4,14234.07
2021,111098,4.8,13541.32
2019,8714,4.7,17024.92
2016,156353,3.6,8746.02
2010,198367,1.6,2000.0
2017,65785,3.3,3977.66
2022,185220,2.4,5340.2
2019,168184,4.7,10021.64
2019,189790,2.6,4958.11
2012,6591,3.8,15030.92
2023,26402,3.5,5493.8
2018,108626,2.1,12904.3
2011,73244,3.1,12945.87
2018,175510,2.6,3763.88
2009,6482,2.5,2000.0
2019,88158,4.5,28075.32
2019,129935,1.6,2000.0
2008,44953,2.6,2000.0
2005,162326,1.0,2000.0
2021,121784,2.0,18748.84
2005,99208,3.5,7961.59
2020,21426,1.4,21009.94
2017,187680,2.1,6554.69
2022,84059,4.5,14102.28
2014,136215,3.8,24476.79
2022,130865,1.3,31599.23
2021,69683,5.0,20106.33
2013,178886,4.8,5055.86
2018,67883,1.6,2000.0
2017,47448,4.7,2000.0
2018,54653,3.2,2000.0
2015,182465,4.7,2000.0
2017,151084,4.9,11679.19
2021,178611,3.8,3583.27
2007,14720,2.2,2000.0
2005,25430,4.7,16489.27
2009,144755,3.3,2000.0
2017,57063,2.4,10034.82
2009,126929,2.8,4129.46
2009,92479,2.6,2000.0
2016,172270,4.7,5046.71
2006,6535,4.3,2000.0
2020,96225,1.1,4131.03
2021,63402,1.0,2000.0
2009,6156,1.3,2000.0
2016,64896,3.4,17284.21
2019,168476,4.3,15235.06
2010,80561,3.1,2000.0
2017,173348,3.1,6569.33
2015,18688,2.0,4735.6
2021,131179,2.8,2000.0
2013,165444,2.0,13294.96
2020,51060,2.1,8456.56
2021,65199,2.6,35275.95
2022,116918,1.2,15694.7
2017,126657,4.8,19989.5
2015,24942,4.7,22370.63
2017,154619,4.2,10938.57
2017,127806,3.3,17577.93
2016,187925,4.3,2000.0
2018,158557,4.9,18960.11
2017,52746,2.1,25885.4
2013,2921,2.5,15318.74
2018,64770,3.9,25073.64
2005,94380,3.6,7815.79
2013,1740,4.3,21055.73
2008,199426,2.4,2732.15
2016,188867,2.2,3640.43
2018,137212,3.3,8910.35
2013,184640,1.6,2000.0
2007,61880,1.2,9826.2
2010,108942,2.0,7077.97
2007,60853,1.6,14478.69
2005,25460,1.0,19922.82
2007,6993,4.1,2263.41
2018,126399,3.2,14160.81
2006,180966,3.7,7136.9
2016,54741,1.7,5496.28
2014,7005,2.0,12692.42
2017,157687,1.2,12401.0
2008,150018,5.0,26072.75
2023,50412,1.4,20371.28
2005,192921,1.4,2000.0
2015,80387,3.5,2619.02
2020,144271,2.3,2000.0
2023,97115,4.6,30888.74
2023,121927,4.3,2911.57
2016,161973,4.5,4339.55
2007,23823,3.9,7930.26
2022,2334,1.5,5958.62
2021,104534,1.3,22006.93
2009,123265,1.3,4422.66
2020,48200,4.2,30463.65
2018,66138,3.6,16806.11
2023,65196,4.9,27298.76
2010,48437,3.6,6938.21
2007,146106,2.0,2000.0
2010,115130,1.4,6512.71
2016,161685,2.5,2000.0
2015,76360,1.8,10677.54
2011,71392,3.5,2000.0
2005,143231,1.4,5137.45
2020,19685,4.1,32860.15
2020,133373,3.8,2000.0
2021,154551,3.9,2000.0
2019,188065,4.9,2000.0
2013,119138,3.6,5672.04
2009,14073,4.2,18072.07
2012,3566,1.3,10080.02
2005,22937,4.8,6624.34
2011,81094,1.9,2000.0
2015,51628,3.0,24604.8
2017,196335,4.8,18513.56
2017,192986,1.7,11901.74
2011,64075,1.1,11881.26
2015,7120,2.2,4498.02
2022,31636,1.6,6217.78
2005,118698,3.7,2000.0
2016,18773,2.1,11927.8
2007,129497,1.3,10279.04
2005,149286,4.6,24673.53
2008,104844,1.2,2000.0
2010,85993,2.1,2000.0
2009,62508,2.0,2000.0
2015,93526,1.1,2704.81
2017,195250,1.7,2000.0
2015,21213,4.3,12336.88
2010,106358,1.2,2000.0
2023,29712,1.1,19162.23
2019,172627,3.5,12669.6
2017,57534,1.4,2000.0
2014,196022,2.5,18879.52
2005,146928,1.0,2000.0
2017,55070,2.4,5922.83
2010,189534,2.3,2000.0
2016,20151,3.5,21317.77
2021,83025,3.0,19533.34
2022,68391,3.7,12586.0
2012,84079,4.7,20445.84
2018,145201,4.2,7568.24
2009,46998,4.7,28529.89
2006,20530,1.2,2000.0
2015,156453,5.0,12007.15
2007,102095,2.3,2000.0
2020,42760,2.1,18233.92
2020,149363,2.6,12690.82
2013,164976,4.1,7123.88
2017,20515,4.8,7688.64
2014,622,3.2,2000.0
2021,129706,1.6,10090.17
2021,7245,1.9,12311.18
2014,87579,2.6,3817.36
2012,80831,2.5,2000.0
2011,63532,2.0,4646.29
2018,103272,4.4,21762.16
2022,195511,2.1,2000.0
2023,38191,3.4,12405.36
2022,66951,2.9,11650.18
2018,105101,4.7,8910.89
2014,102566,3.5,7434.54
2005,99992,2.3,3806.78
2013,4158,3.6,28269.66
2022,24122,2.3,7797.16
2017,106698,1.4,12920.44
2021,58882,2.9,10329.9
2020,114214,4.4,9907.78
2015,96533,4.6,2000.0
2013,197732,3.2,12383.13
2011,189310,3.8,17529.28
2005,58899,3.4,2000.0
2013,18834,4.2,23893.67
2014,111756,1.4,5611.4
2020,137562,2.6,9433.15
2022,41746,2.0,8090.86
2018,9167,1.0,2000.0
2015,19330,4.3,29300.84
2008,75927,1.5,6091.05
2023,159525,2.3,13959.33
2017,145335,4.5,29252.92
2005,158927,3.9,2000.0
2023,122404,3.3,8600.15
2019,36843,2.2,16216.21
2019,120784,3.1,24353.33
2015,123216,1.2,2000.0
2009,109435,3.9,12645.51
2014,79278,1.9,2000.0
2022,149992,2.9,4875.28
2011,98969,1.4,2000.0
2005,129129,3.8,2000.0
2007,132304,4.6,11184.05
2005,77515,2.8,10021.49
2021,24311,1.3,10604.93
2019,97627,4.8,21221.17
2009,75489,2.8,2000.0
2020,30767,1.3,7491.82
2016,187637,1.8,2000.0
2023,88094,1.5,6633.45
2018,61110,1.8,15980.58
2007,20954,1.6,5325.1
2023,190940,4.7,24167.57
2005,7424,1.8,9419.7
2005,71898,2.8,2000.0
2014,146911,3.9,13153.16
2007,70074,3.7,2000.0
2017,177802,4.8,14649.25
2010,6644,4.9,18008.52
2015,23778,3.3,25306.88
2010,31488,4.0,26304.0
2007,135422,2.5,2000.0
2020,131141,2.7,19089.13
2013,162246,1.4,27626.97
2012,156225,3.7,2000.0
2007,7169,2.1,20561.44
2009,129348,1.3,9060.07
2018,144140,1.4,2000.0
2009,144210,3.9,2000.0
2023,120622,1.9,14728.35
2009,132578,4.1,2000.0
2006,143352,4.6,2000.0
2011,30865,2.4,11176.77
2005,99952,4.2,4538.56
2022,145183,2.7,14070.1
2014,35935,4.1,12479.67
2010,84468,2.2,2000.0
2011,198087,4.7,21900.95
2016,5523,4.9,2000.0
2022,82139,2.5,2000.0
2015,53349,1.8,24828.23
2023,112293,3.7,8835.16
2008,137989,3.3,21237.39
2023,67585,5.0,18075.26
2017,167625,4.2,17461.9
2023,118600,4.3,9445.36
2006,41730,3.9,18507.22
2013,62273,2.4,10817.98
2012,115427,4.7,6887.6
2018,20679,2.9,9349.71
2013,96200,2.6,2000.0
2017,20505,1.8,16825.87
2022,174049,2.2,11843.08
2010,192613,1.0,2000.0
2007,188039,3.6,2000.0
2014,97218,3.4,25857.78
2014,13642,2.6,9422.65
2014,121688,4.9,22809.86
2013,194931,3.8,6249.76
2016,188612,2.0,3042.26
2012,115197,2.5,2000.0
2013,83915,3.1,2000.0
2021,164854,3.2,5342.36
2012,85021,2.1,2000.0
2022,82842,2.0,9062.2
2021,108287,2.2,27075.73
2010,103731,4.9,2454.1
2014,139284,2.4,2000.0
2005,17448,2.5,8642.62
2005,87931,3.9,9467.64
2013,112113,1.7,2000.0
2007,18283,3.6,2000.0
2010,98294,3.7,2000.0
2011,50118,1.3,2000.0
2013,120471,1.8,2000.0
2009,25089,2.9,2000.0
2020,167414,4.3,3594.33
2006,40,3.9,4007.99
2007,170821,4.5,14402.68
2007,180486,4.4,3116.32
2014,64172,3.0,13072.34
2007,41992,3.5,2000.0
2019,165659,4.7,5757.02
2018,80894,4.0,16681.63
2008,49279,2.4,2658.24
2014,84498,2.4,7673.97
2015,96195,2.5,2000.0
2015,31363,3.0,25572.48
2012,12812,2.4,2000.0
2013,81912,1.8,8675.98
2012,29428,3.4,10993.63
2016,24321,4.5,30590.02
2021,9085,3.0,18809.29
2019,68342,1.9,10050.52
2023,154532,4.3,21650.24
2010,169527,4.0,2000.0
2009,60157,3.8,2000.0
2012,95795,3.7,2000.0
2022,188150,4.1,9813.17
2019,50939,4.3,20438.08
2007,10440,4.6,14376.3
2018,174440,3.4,14703.0
2019,180203,2.6,2000.0
2017,133251,1.4,2000.0
2013,101427,3.9,15510.94
2021,5665,1.6,18482.84
2023,106517,4.5,16035.73
2008,3390,2.6,6190.54
2014,8359,4.5,3928.75
2007,74600,3.1,2000.0
2023,132853,2.8,28656.32
2013,186090,2.5,2000.0
2009,128566,1.2,2000.0
2018,25972,1.0,16022.16
2011,90743,3.0,4618.33
2010,149057,4.6,8208.11
2012,189866,3.3,2000.0
2006,100167,4.4,2000.0
2018,56485,5.0,21908.46
2011,99025,1.7,9938.89
2007,196085,3.6,2000.0
2010,130972,2.7,3476.94
2018,72778,1.8,15418.39
2016,77064,2.0,16214.9
2022,171693,2.0,25023.26
2016,49394,3.9,10301.79
2011,191064,2.4,17724.54
2009,72441,2.0,2000.0
2016,70174,4.5,22683.03
2013,102676,1.1,8296.36
2015,53797,3.9,14147.84
2008,57746,4.8,2000.0
2018,162441,3.5,2000.0
2016,50605,3.2,20017.55
2022,156644,1.2,12923.86
2011,168011,3.0,8497.99
2005,153938,2.4,2000.0
2017,56060,4.1,23566.72
2020,153025,4.2,10187.6
2009,47141,1.7,2000.0
2023,110909,3.1,28599.02
2013,3501,4.4,21513.17
2013,66722,3.5,2000.0
2016,99685,2.9,2991.89
2022,47018,4.6,23736.27
2014,64127,4.9,30412.26
2021,187037,1.9,17068.22
2023,59198,1.7,7671.89
2015,149360,4.5,24007.94
2020,12225,2.0,13488.4
2012,132824,4.4,16290.76
2019,157385,2.2,14019.8
2015,126889,1.1,2000.0
2011,87191,2.7,7827.42
2006,98841,1.2,2000.0
2023,56734,1.8,39939.13
2013,18774,2.9,9101.54
2022,157437,1.2,2000.0
2017,114049,1.1,2000.0
2005,74918,1.6,2000.0
2023,102240,2.9,7111.57
2017,83415,4.9,36361.86
2018,190603,1.4,17085.88
2021,163044,3.5,32230.11
2005,38984,3.0,2000.0
2009,20907,1.2,7847.2
2018,3370,1.1,16910.06
2022,197867,1.9,2000.0
2017,136898,3.7,17394.42
2016,53227,4.8,18722.13
2019,4695,3.2,34796.5
2008,32864,1.2,11841.99
2013,78301,2.0,11722.78
2007,128677,4.8,9877.48
2015,61930,1.1,3694.09
2019,58663,3.4,5918.13
2020,53653,1.7,13442.82
2011,84414,1.3,2000.0
2011,4043,2.0,13989.04
2013,13586,4.7,43517.81
2021,32630,4.0,13739.46
2017,180808,1.7,10409.61
2013,47530,1.3,2000.0
2013,2897,3.0,21753.69
2016,2030,1.2,16428.73
2023,81205,2.6,17681.91
2019,145434,4.2,4864.83
2022,42636,3.0,19045.14
2012,125998,4.6,2524.14
2010,72135,4.2,2000.0
2010,32879,3.2,19509.21
2007,129770,4.2,2000.0
2007,93846,1.4,18002.2
2006,37238,1.8,2547.51
2009,79162,3.8,2456.97
2016,156492,1.0,2000.0
2010,100477,1.0,2000.0
2020,134150,2.5,3760.56
2009,125489,4.5,15770.77
2010,66919,4.9,21147.24
2008,39489,3.6,18849.67
2018,3970,4.8,16550.23
2007,180585,4.4,2000.0
2021,35579,1.8,10274.81
2009,183046,2.6,6427.38
2010,14006,3.5,26493.21
2008,189703,1.6,9168.91
2017,152351,2.3,10108.25
2012,79477,4.0,33203.72
2015,113035,2.4,10168.53
2023,99209,4.7,23786.29
2009,116570,2.6,2000.0
2009,130836,1.9,2000.0
2007,144787,1.8,2000.0
2006,178552,3.7,2000.0
2007,127634,2.5,2000.0
2019,41500,1.9,10301.43
2011,12607,3.8,5621.12
2007,47328,2.7,13015.05
2019,82375,4.4,10293.99
2015,98954,3.2,23068.2
2020,91424,4.9,12368.4
2017,53664,2.5,2000.0
2006,172835,2.1,2000.0
2016,195338,3.6,2000.0
2011,58141,3.8,2000.0
2005,167224,1.1,2000.0
2018,168544,3.7,2000.0
2014,163465,1.7,14751.35
2007,190428,4.8,15468.26
2015,174872,3.3,2000.0
2019,54879,1.5,20247.57
2010,65475,1.2,2922.34
2022,11254,4.5,5425.32
2017,64634,4.4,29581.91
2019,16102,2.7,20680.97
2007,19029,1.3,2000.0
2019,152885,2.6,13263.14
2005,60978,4.0,12526.24
2014,64739,3.6,6272.29
2022,133125,4.5,19115.81
2012,150970,4.0,17233.68
2016,98613,2.3,8859.75
2009,123664,2.4,10242.81
2005,161689,3.6,5692.96
2012,80727,2.2,14632.62
2009,21384,4.5,18280.53
2021,98067,2.3,14334.01
2019,97029,3.0,11032.9
2008,87414,1.2,11240.0
2017,48373,1.5,11639.43
2021,187863,1.5,2306.81
2017,9519,2.4,20792.57
2006,165088,1.5,2758.89
2008,91561,2.8,2000.0
2006,160969,2.1,2000.0
2016,120724,2.1,9867.06
2023,90262,2.8,3631.77
2022,62584,4.4,13523.39
2014,6384,4.0,11032.49
2009,179970,4.5,4290.63
2015,167513,5.0,9538.45
2005,122785,1.0,2000.0
2007,37917,3.8,2000.0
2021,6608,1.5,2000.0
2019,148850,4.7,5118.92
2018,18089,1.9,2000.0
2019,42132,2.4,7310.92
2020,139863,4.9,16662.47
2008,85424,4.5,23088.28
2023,85935,1.2,22177.91
2012,50648,1.2,19858.87
2010,170546,4.3,2000.0
2020,44077,1.3,2000.0
2007,137843,4.4,2000.0
2012,56858,4.7,25764.39
2009,29278,1.1,2000.0
2009,16238,1.9,6879.23
2016,156082,1.1,17124.51
2005,133730,1.3,2000.0
2011,142963,3.1,10099.62
2015,166163,3.9,19592.02
2014,166735,2.9,9896.34
2007,67067,2.5,15726.28
2012,76894,1.8,16986.52
2005,95942,1.9,4683.74
2012,31623,3.3,22209.25
2015,111258,4.4,18769.16
2011,33549,2.6,2000.0
2020,99729,4.8,11510.38
2011,103232,1.2,14797.2
2017,68087,4.3,4958.61
2014,28062,2.4,2000.0
2021,76051,4.5,13193.04
2007,176453,4.7,6006.18
2011,8704,3.8,6155.91
2015,142482,2.4,2000.0
2017,71974,2.8,29543.05
2009,22902,3.2,17529.37
2023,136858,2.8,7795.63
2019,167991,4.2,7908.36
2005,71629,4.1,2000.0
2009,179425,1.1,4473.63
2017,128518,1.6,2000.0
2014,28691,2.5,4219.33
2009,162974,3.7,2000.0
2005,126421,1.9,2000.0
2014,23118,2.3,30382.01
2022,136088,2.8,10609.64
2012,39277,3.4,14632.65
2007,101264,4.6,17351.39
2023,152399,4.2,9917.74
2023,91364,2.4,22785.87
2006,172756,4.1,2000.0
2021,115447,4.3,2820.53
2020,87158,3.1,2000.0
2014,145274,2.2,7976.44
2020,82146,4.8,27244.79
2009,185021,4.8,9106.84
2007,118066,1.9,9926.02
2007,191425,4.1,2000.0
2006,186936,1.2,2000.0
2008,124411,1.0,10442.46
2022,32054,2.4,22342.13
2006,173876,2.9,10015.35
2010,72978,3.2,15377.71
2007,174700,2.5,2000.0
2007,123676,1.5,2000.0
2006,49015,2.4,4506.17
2007,7624,4.3,18154.46
2021,83699,2.3,12680.55
2018,78720,3.4,17212.74
2011,56215,3.7,12550.86
2010,116066,3.9,2000.0
2012,62639,3.0,9569.39
2023,194963,1.5,2000.0
2023,31973,4.6,17124.48
2016,22091,2.0,37363.81
2009,152898,2.4,14702.16
2009,144054,4.1,2000.0
2018,105233,4.1,27866.93
2021,137492,4.6,17638.69
2020,44770,1.1,18069.33
2008,135103,4.5,2000.0
2012,60068,4.2,15602.42
2007,39128,3.1,13214.02
2009,92349,1.6,15814.61
2011,115729,3.2,2000.0
2022,37607,1.8,14519.39
2012,72887,4.9,17868.92
2015,2100,3.8,11214.38
2018,1737,3.4,34830.54
2022,126549,4.3,19965.9
2017,141182,3.1,11799.43
2010,195331,1.2,2000.0
2017,148848,2.0,25401.71
2005,139511,4.9,2000.0
2015,127152,4.4,9911.82
2011,124565,4.7,2000.0
2014,26507,1.4,2000.0
2006,184240,2.0,2000.0
2020,183656,1.3,2000.0
2009,160032,4.3,2000.0
2020,53678,1.7,23443.38
2020,129599,2.6,7303.89
2019,111954,2.1,2000.0
2013,171624,4.7,2691.59
2005,159632,3.4,2000.0
2013,126702,4.2,2000.0
2015,182305,3.4,12686.84
2009,9539,3.5,4250.05
2010,79398,2.5,17848.67
2012,120263,2.0,12399.1
2019,184960,2.4,11312.73
2020,142887,2.2,17463.56
2022,1854,3.8,12053.46
2016,43904,2.7,24254.83
2008,22434,3.2,5937.65
2020,37845,4.1,15755.95
2015,38108,2.1,18929.79
2011,123280,2.7,2000.0
2019,197213,3.1,2000.0
2021,176738,1.2,2000.0
2019,78907,1.6,2000.0
2014,14976,1.3,12815.59
2008,49283,4.0,18013.37
2021,78216,2.2,2000.0
2008,111404,2.7,19087.2
2015,187295,3.7,3174.09
2008,6157,4.9,5433.91
2016,55730,4.2,15482.18
2014,96729,1.2,2000.0
2018,161942,2.2,33386.47
2022,81581,1.2,8974.77
2010,88533,1.2,7842.42
2009,119194,1.5,4289.78
2006,160088,2.3,4616.74
2017,175299,1.9,22493.13
2018,87112,2.4,9697.15
2007,111529,4.3,8325.33
2015,95800,4.2,8944.18
2008,2676,2.4,2000.0
2017,1215,3.6,36768.52
2012,149933,2.5,8534.71
2012,146932,2.5,6756.0
2017,67800,3.7,17692.34
2014,162812,2.5,2000.0
2017,122478,3.2,20214.37
2017,132041,1.5,5655.68
2021,39396,3.2,2000.0
2010,600,4.0,2000.0
2006,168295,4.6,18663.24
2021,22325,1.6,4456.84
2016,133788,2.6,14758.67
2010,143780,2.9,22497.98
2009,17165,4.6,2000.0
2009,61152,2.0,2000.0
2013,1434,1.7,12865.21
2007,14852,1.6,5769.45
2009,168178,1.6,2000.0
2011,146037,4.5,4235.58
2016,156664,3.5,5090.63
2011,190635,2.7,7290.71
2014,199310,4.5,2000.0
2012,126786,2.2,2000.0
2021,92928,4.7,20119.99
2009,20375,4.0,2013.59
2019,8651,1.1,18685.94
2013,187756,2.9,2923.68
2015,81725,4.4,17590.11
2017,121933,2.6,6478.89
2022,128489,4.9,33752.18
2021,82451,4.4,24170.74
2013,133049,4.0,17704.61
2014,112141,1.5,2000.0
2009,46828,1.4,8261.89
2015,52916,3.6,26151.38
2019,98594,3.6,15573.85
2006,71613,1.6,16138.87
2018,188092,4.4,22200.97
2009,52727,4.5,11061.2
2010,127634,2.7,2000.0
2019,53801,3.4,3090.33
2008,43435,3.0,9122.4
2014,72150,1.1,2000.0
2023,195425,1.4,11484.07
2013,115200,4.1,2000.0
2014,194883,3.0,6610.82
2008,99943,3.4,2000.0
2008,139518,3.5,2000.0
2010,103120,2.5,2000.0
2012,120537,1.1,18700.95
2020,84557,4.1,43283.91
2012,49202,2.9,10541.39
2020,131871,1.6,24075.74
2010,188515,1.1,2000.0
2021,9939,1.1,12019.0
2005,170482,1.1,2000.0
2023,195474,1.6,23048.1
2022,16620,1.9,23882.37
2021,180695,2.0,15840.71
2021,193933,3.5,2000.0
2016,100508,2.0,2000.0
2016,96553,3.7,2696.04
2010,138253,4.3,7089.16
2011,41098,2.5,19312.27
2012,178250,3.9,2682.51
2007,191278,1.4,2000.0
2021,44055,2.3,12072.92
2012,20885,3.7,23130.3
2015,149168,4.7,16531.7
2022,25526,3.5,12795.1
2020,154166,2.5,3859.92
2017,3796,2.3,4171.56
2013,117061,2.6,2000.0
2023,86344,3.6,25435.41
2011,54571,2.3,2000.0
2021,135182,2.9,18801.19
2012,179517,4.0,2000.0
2012,173915,2.0,2000.0
2007,30897,3.9,8010.78
2020,141580,4.0,9925.6
2016,58472,4.5,12039.34
2019,30366,1.1,8754.49
2008,130564,1.5,6560.24
2011,51538,4.8,2000.0
2015,139655,1.5,2000.0
2009,63628,3.0,8735.88
2017,168,1.7,12192.29
2015,93200,4.2,14774.54
2009,65055,1.4,11859.76
2012,124932,1.3,9442.14
2021,53117,3.0,12287.82
2015,85128,2.0,12642.21
2023,193130,3.6,10535.44
2022,155628,3.7,18620.0
2014,51879,3.3,14586.74
2009,23933,4.3,12218.18
2005,16159,3.8,2000.0
2021,151933,1.8,2000.0
2021,127457,1.3,2000.0
2005,93538,4.0,2000.0
2005,144628,4.0,2000.0
2013,70256,4.4,2000.0
2008,83633,1.8,8022.53
2013,131002,1.9,2000.0
2018,121307,3.3,12043.46
2019,35280,1.6,4086.27
2020,27837,2.2,23389.88
2020,184813,4.2,2000.0
2017,79370,2.3,2529.29
2018,170518,1.0,2000.0
2013,100982,3.6,11668.38
2013,33049,1.7,2000.0
2008,168766,1.8,16195.59
2014,141892,1.1,2000.0
2007,193369,3.3,4593.28
2013,16005,3.2,6913.75
2023,179681,1.4,16304.52
2020,122793,1.2,7902.57
2020,183436,3.0,2000.0
2021,62974,4.1,19938.3
2022,70168,4.8,5666.41
2014,108813,1.3,12215.52
2023,176016,3.8,13078.27
2019,191848,1.8,3589.99
2019,172967,1.1,2000.0
2015,10534,2.3,15415.62
2012,67224,3.3,2000.0
2020,87855,3.4,9760.79
2014,107378,1.2,6700.85
2013,816,4.7,25480.52
2019,120876,1.2,30581.19
2009,125726,1.9,5538.46
2006,98110,2.7,15656.43
2020,177007,4.8,17185.97
2022,164517,5.0,13464.05
2020,141518,1.0,12182.48
2009,95339,1.9,23186.6
2005,144887,3.0,2096.57
2023,93095,3.8,24134.6
2014,105536,3.6,17587.45
2017,76042,2.0,2322.84
2015,2446,1.8,25689.15
2019,83808,1.1,2000.0
2006,132792,4.4,5682.87
2010,26479,2.5,11613.73
2015,196831,4.5,20724.04
2019,78488,2.3,2000.0
2013,99238,4.0,5302.47
2016,58656,1.3,9712.33
2008,34076,4.2,39082.37
2018,46265,4.6,13346.36
2007,32967,2.1,2000.0
2021,127479,1.6,4975.08
2017,53258,1.8,3033.7
2012,125764,4.5,5343.21
2016,48625,2.1,16535.27
2016,136146,1.9,2000.0
2016,179202,4.9,11561.84
2006,20377,3.7,27151.16
2014,88992,4.3,6287.71
2013,53085,4.0,5226.0
2005,39701,2.5,6556.16
2008,50749,4.5,2000.0
2018,114692,3.4,17389.58
2020,65081,3.6,8793.49
2022,8471,2.3,11602.01
2006,171430,4.9,2000.0
2010,134091,4.4,2000.0
2007,103661,1.6,2000.0
2023,149820,1.8,18069.51
2017,114814,4.0,2000.0
2021,28975,1.1,21112.01
2018,168666,2.3,26028.78
2015,3249,3.1,2000.0
2020,118589,1.8,18945.94
2015,61929,4.5,3169.33
2022,29108,4.6,28736.08
2006,95892,4.8,2000.0
2012,21541,1.6,15383.67
2018,175733,1.3,12204.94
2006,90594,3.2,2000.0
2017,19423,4.2,16655.36
2014,86330,2.2,23847.86
2012,58851,2.0,20524.76
2011,158816,3.1,2000.0
2017,123818,2.9,2000.0
2023,65552,2.9,9948.43
2019,122692,2.6,21532.7
2006,138155,3.9,5850.32
2009,168915,3.5,2000.0
2023,29118,3.0,31199.16
2005,45334,3.9,10690.79
2011,76441,2.0,8060.49
2022,176733,4.6,2000.0
2005,196527,2.5,2000.0
2005,95918,2.3,2000.0
2011,55324,3.2,17345.28
2021,189449,2.1,18802.63
2010,173843,2.1,20833.17
2016,92119,1.3,2000.0
2019,195361,3.6,5455.9
2017,45156,4.7,25316.02
2016,6230,3.7,7395.06
2006,32649,3.3,2000.0
2022,41429,3.8,25140.8
2008,64127,4.9,2000.0
2014,167117,2.3,9292.19
2015,67160,2.7,15082.98
2010,72785,2.1,2000.0
2010,25811,1.1,2000.0
2013,82038,2.4,17971.92
2017,59227,1.3,14193.84
2009,40071,4.4,11384.41
2010,40708,3.9,9713.31
2008,58131,2.2,5903.01
2010,199083,2.3,2000.0
2022,166607,3.3,24857.91
2017,194873,4.2,6021.09
2007,173459,3.9,2000.0
2014,180466,1.1,2000.0
2008,168920,4.1,5961.6
2019,176070,4.5,20318.0
2016,54616,1.4,18495.26
2019,163427,4.1,18243.48
2014,86642,2.0,9947.63
2016,159561,1.7,20520.12
2012,46503,3.2,8623.05
2007,139279,3.2,4473.8
2011,168451,2.9,7340.55
2022,55561,4.6,35174.45
2007,137775,2.0,2000.0
2019,19166,3.4,6399.55
2006,187083,2.6,3595.75
2019,137235,4.5,11894.51
2017,182047,1.5,2000.0
2014,172042,1.3,7422.97
2012,87059,5.0,10066.5
2020,74006,3.3,20307.28
2020,109438,4.6,10301.6
2006,143692,2.6,11901.21
2013,136592,3.4,9042.87
2012,88841,3.8,8476.03
2015,60135,4.9,15241.99
2005,100389,1.5,2000.0
2015,54221,1.5,2000.0
2022,79863,3.1,29166.26
2019,191541,1.2,5033.74
2013,156384,3.9,13569.73
2013,116536,5.0,7854.07
2005,195178,4.2,3300.11
2011,60376,2.1,4188.84
2016,36376,4.2,9868.26
2014,78733,3.5,5429.95
2023,45100,1.5,25514.56
2020,35445,3.3,12376.11
2010,65829,4.6,9251.33
2015,117884,2.2,2000.0
2023,181795,3.6,2657.89
2023,96599,1.2,2635.33
2022,60392,4.3,38014.12
2019,93051,1.8,14663.36
2020,12454,3.4,18562.02
2018,82188,3.1,20249.24
2012,48321,3.2,19274.01
2012,25723,2.0,16823.62
2006,37945,3.2,10079.21
2010,197487,3.4,2000.0
2017,180282,2.7,2000.0
2017,174529,3.5,18849.23
2016,102195,1.8,11750.13
2006,180440,3.1,13564.09
2016,169540,3.9,6270.34
2021,7649,2.5,26661.29
2010,127219,2.6,31453.45
2011,176644,1.7,17812.39
2010,137456,3.5,7311.42
2008,152412,1.5,19126.54
2013,180957,3.0,2000.0
2009,22334,1.8,26803.43
2014,103652,1.8,2000.0
2019,71107,1.4,22489.75
2012,39842,2.4,22344.58
2008,10694,4.5,18151.66
2009,95193,3.4,2000.0
2011,78367,4.1,10987.27
2010,182645,1.5,2000.0
2017,130071,2.3,5832.27
2023,118065,2.6,2000.0
2014,156021,4.4,7980.9
2019,113850,3.7,13016.82
2007,170944,3.0,2000.0
2022,81884,2.2,2000.0
2018,55935,4.0,9237.62
2007,16495,4.6,13774.2
2015,76268,3.1,8316.24
2014,123173,1.2,2000.0
2021,100773,2.1,19742.65
2017,96404,4.0,22730.45
2006,116886,2.6,2000.0
2017,21677,3.5,9996.06
2023,142532,3.1,10819.92
2009,113918,4.6,6359.49
2020,89501,2.2,2000.0
2014,188583,2.8,2000.0
2016,76881,1.3,2000.0
2017,163909,4.2,2000.0
2020,38724,2.3,20706.71
2005,145833,3.9,2000.0
2013,75153,1.0,4669.3
2020,68108,4.5,12077.26
2023,51411,4.9,16220.08
2019,140995,2.9,16177.74
2022,104012,2.9,10661.84
2016,165201,3.5,14605.53
2018,57676,4.9,3348.21
2007,157900,3.2,2000.0
2008,30182,1.3,4478.75
2010,183484,3.3,2000.0
2020,83042,2.7,14811.58
2017,1957,4.0,10626.51
2016,46009,2.2,2000.0
2016,194265,4.7,2000.0
2006,57803,4.2,6108.63
2017,156865,2.3,23175.4
2007,88618,2.4,8144.84
2017,54137,3.1,7607.16
2006,55931,1.4,2000.0
2023,123190,3.8,17793.23
2013,166729,3.4,2000.0
2005,153415,2.3,10205.52
2017,178855,3.6,20433.18
2006,46637,1.4,2000.0
2019,170979,4.8,11992.15
2023,1758,1.3,21091.08
2020,63566,2.3,20479.3
2015,31913,4.9,15005.95
2019,106385,2.6,9233.3
2010,195342,4.5,2000.0
2018,164311,1.6,12378.59
2010,195682,1.3,2000.0
2023,53569,1.4,23125.66
2009,40584,4.9,2000.0
2015,181368,1.4,2000.0
2008,16482,3.6,11464.61
2013,118337,2.8,21618.64
2013,197101,4.4,24532.88
2021,133229,2.2,3934.99
2012,107919,1.1,2000.0
2019,78663,4.0,22317.3
2013,172537,3.4,2000.0
2009,56064,2.7,2000.0
2008,194293,2.3,2000.0
2022,74088,4.6,29600.08
2013,155563,1.5,2000.0
2007,82452,1.6,2000.0
2013,54818,1.1,18650.89
2013,81255,1.3,9426.79
2008,174043,4.4,2000.0
2011,166197,4.2,2453.84
2011,96729,1.4,5682.08
2012,121467,4.1,20785.46
2005,177903,3.6,6245.32
2013,1969,2.5,2000.0
2016,103275,1.3,7532.9
2010,43307,3.4,15897.07
2017,12628,4.4,2000.0
2009,121859,2.7,17685.01
2023,82554,2.7,18855.26
2005,133673,4.3,2000.0
2022,115880,1.8,36108.12
2012,127395,1.7,2000.0
2012,15639,3.8,2000.0
2019,156384,3.6,2498.81
2023,59780,4.6,44637.16
2014,58552,2.3,12720.86
2020,62786,1.8,14898.56
2015,190474,2.7,2000.0
2016,98911,2.5,14062.63
2020,104725,4.8,16368.07
2020,35833,4.7,33094.24
2007,61093,2.7,7960.6
2013,73402,2.6,2000.0
2012,171093,2.8,2000.0
2014,30595,3.9,23272.13
2017,53478,3.2,21500.57
2022,136642,2.2,16690.4
2017,51189,4.1,7388.54
2017,18569,4.6,33605.05
2019,156644,3.9,2304.53
2017,138577,1.8,13198.41
2020,1179,4.2,5184.36
2012,86622,5.0,2000.0
2023,187159,3.7,17852.68
2014,27807,2.0,2000.0
2016,14416,1.0,15527.21
2018,150200,2.5,2000.0
2010,133332,2.9,10337.44
2013,38888,4.6,4463.28
2011,69034,3.5,18882.77
2010,118101,2.1,7905.33
2005,136550,3.8,2000.0
2018,136870,1.4,3470.8
2010,73633,1.9,2000.0
2016,180429,4.0,4335.66
2021,81231,2.2,15481.89
2009,136452,1.1,10171.82
2015,156547,3.0,7760.82
2009,41707,3.6,14635.51
2016,31986,4.2,16849.15
2007,144236,2.2,2000.0
2013,130906,2.7,2000.0
2010,158277,3.2,8234.91
2006,46804,1.3,4576.66
2006,29008,1.8,9004.24
2016,173793,2.5,2498.6
2012,45836,2.1,22677.26
2006,78102,2.9,17782.54
2013,37696,3.6,28608.84
2020,59075,3.2,4768.97
2019,21533,4.1,34390.12
2018,53150,3.5,9743.85
2008,137006,2.2,5725.18
2008,60303,1.5,14326.88
2015,176651,3.6,11468.19
2022,102859,1.8,20647.36
2009,56847,2.3,3654.68
2006,39324,4.2,2602.32
2019,51316,1.9,9735.18
2015,52025,3.2,23915.45
2021,34218,1.4,39635.58
2020,103940,2.7,2000.0
2019,99507,4.9,23944.3
2007,39820,4.8,20235.84
2019,91984,4.8,15890.05
2023,52176,3.4,17357.44
2017,22528,2.2,29371.88
2020,51207,2.4,28507.69
2016,2191,1.8,15185.07
2021,157326,1.4,11435.33
2020,47378,1.7,32569.14
2013,89752,2.9,2000.0
2010,43497,1.1,9452.67
2023,108161,4.8,18573.64
2017,53880,3.2,21334.04
2012,103994,1.7,7720.44
2016,192542,2.7,2000.0
2013,84931,2.5,12344.3
2008,24819,4.3,14132.57
2017,172171,1.5,18413.82
2006,35216,2.7,9513.48
2007,99028,3.8,4715.16
2009,91676,2.5,2000.0
2022,64469,2.4,24175.67
2018,45219,2.4,18725.07
2006,16487,4.0,2000.0
2019,36815,1.5,9977.07
2012,196670,4.4,14705.56
2020,165902,1.3,2000.0
2007,92338,2.3,7874.51
2009,39352,2.6,18201.78
2008,186892,2.6,2000.0
2016,53974,1.8,2000.0
2023,143336,3.4,12200.56
2019,135905,2.8,2000.0
2017,20030,3.3,3404.31
2009,122357,3.5,2576.43
2016,5290,1.8,2000.0
2023,124605,4.7,18744.89
2006,132891,4.3,6158.25
2011,70643,4.3,2000.0
2009,12736,3.1,2000.0
2015,157855,4.3,5668.02
2022,11480,3.5,10544.69
2022,37551,2.8,10576.16
2011,166735,4.0,7597.87
2014,18140,3.4,2277.35
2018,125417,1.0,7585.78
2015,84247,5.0,12064.58
2006,108624,2.7,2000.0
2017,150652,3.3,2000.0
2017,157865,2.6,3223.72
2013,167493,1.4,2000.0
2021,48717,4.3,20834.0
2019,141691,3.7,5173.02
2020,13147,4.3,14236.22
2014,39022,2.9,13022.9
2016,98718,4.2,2000.0
2009,28670,4.2,14691.96
2021,195199,2.3,6885.69
2014,94362,1.0,19784.72
2010,8146,4.4,5511.65
2010,13787,1.7,2000.0
2016,178860,4.5,2000.0
2023,190251,3.5,22836.73
2006,31544,3.5,13827.95
2017,43028,2.0,18756.31
2015,183094,2.6,2000.0
2019,25598,2.2,16307.52
2017,125857,1.8,2000.0
2007,60263,3.9,2000.0
2018,20354,1.4,7961.0
2012,26108,3.0,6041.86
2013,88490,3.1,15012.36
2019,166792,4.8,12084.7
2022,16727,4.5,43743.93
2012,144678,3.0,7594.68
2015,161987,4.4,7719.4
2009,170876,4.2,7669.51
2019,153388,1.1,2000.0
2019,184475,4.7,3812.5
2011,137655,3.8,2995.83
2022,198756,3.7,8396.29
2016,49899,3.9,15858.0
2016,188915,1.9,23003.31
2008,134428,1.1,2000.0
2015,120586,1.9,2394.46
2010,65921,4.2,19223.3
2014,15811,3.4,11093.12
2019,69769,2.4,26484.5
2005,28919,2.0,2000.0
2021,6246,4.2,25354.89
2007,128619,2.8,5103.68
2015,67271,3.4,17433.6
2022,18941,1.1,19525.24
2014,79222,2.7,2000.0
2013,168662,1.1,2000.0
2011,99482,4.1,2000.0
2015,14422,2.0,15523.8
2012,99183,1.7,8624.04
2006,83425,4.7,12105.37
2009,120016,1.1,2000.0
2013,103601,1.8,2000.0
2005,119797,2.0,2000.0
2021,76033,4.3,32665.06
2014,147728,3.8,10423.32
2012,129886,4.9,2000.0
2022,191288,3.8,15660.9
2014,83526,1.9,2000.0
2013,62034,1.7,2951.62
2008,166287,4.0,4960.68
2006,39264,4.6,10502.81
2023,92963,4.6,6038.75
2014,1324,4.1,19031.25
2021,20286,4.2,33412.17
2007,150578,3.6,21861.57
2023,125646,3.9,18334.68
2023,26730,1.5,15880.15
2023,53737,2.3,16209.04
2023,117410,2.8,6940.74
2019,192986,3.7,22476.2
2022,184900,2.7,5226.36
2021,2894,2.5,14717.39
2014,159011,3.3,5936.16
2018,190256,2.6,5987.93
2023,122336,1.3,20073.49
2022,48896,4.9,12799.64
2015,47563,4.7,8227.21
2015,165801,1.2,4688.43
2016,121256,3.1,19658.44
2012,163000,3.9,9502.89
2020,127481,3.4,23500.69
2012,84595,2.4,2000.0
2018,18323,4.2,5171.42
2022,94685,3.5,16175.31
2008,49165,2.0,2000.0
2021,47993,3.4,9935.38
2017,111318,2.1,8612.13
2009,130140,3.4,2000.0
2007,115433,4.1,2000.0
2013,57314,2.2,2000.0
2022,158261,2.1,25200.88
2023,14640,3.9,23129.14
2023,166786,3.0,9440.58
2020,111115,1.6,19296.47
2005,35950,3.2,3750.55
2009,118174,3.7,2000.0
2019,170404,3.0,2322.64
2016,86426,3.5,5591.98
2005,151534,2.5,2817.56
2018,34675,4.5,35903.21
2022,167831,2.0,13570.42
2022,185000,2.1,2077.74
2010,35431,4.1,11097.65
2005,8127,1.2,14767.66
2021,195082,4.9,2715.77
2022,16712,3.5,23595.84
2019,194573,4.2,15153.86
2016,143534,3.3,2000.0
2017,10397,4.1,22813.02
2006,21101,2.7,6888.5
2008,124567,3.3,2000.0
2007,45196,3.6,9910.85
2023,182390,4.6,10663.08
2012,196989,1.1,2000.0
2016,80560,1.4,10877.0
2016,140697,3.8,23229.77
2014,184368,2.4,2000.0
2005,102185,3.7,4542.62
2009,40876,1.9,2000.0
2015,93553,3.5,7569.18
2013,77972,2.9,15558.92
2018,108700,1.5,18584.4
2007,6747,4.7,17552.4
2009,18583,4.2,10843.97
2013,160119,4.1,2000.0
2022,35497,3.8,5005.0
2010,74323,1.1,2000.0
2011,139110,3.0,18429.91
2020,3910,4.0,24615.78
2012,101800,1.9,20560.36
2014,175151,3.5,9755.46
2009,40270,4.7,15071.83
2015,167640,4.0,2135.25
2017,139234,3.2,17051.77
2006,76798,2.2,2000.0
2018,163370,3.5,2000.0
2013,166663,3.9,2000.0
2014,99796,3.6,28240.72
2014,30270,4.0,30534.07
2014,53054,2.1,2000.0
2023,103241,3.0,17913.43
2015,23801,3.2,4820.06
2015,81392,1.4,9720.32
2007,77588,1.7,2000.0
2023,27789,2.2,17220.51
2005,13683,1.2,2000.0
2016,39162,1.9,14580.25
2019,139244,3.1,15983.97
2018,39225,3.2,22962.53
2007,36064,2.0,2000.0
2017,87704,4.8,22610.28
2022,171063,2.9,4487.87
2020,15698,3.5,30455.34
2010,77320,1.1,6271.38
2014,162544,2.6,6231.03
2021,162798,3.2,27675.14
2021,155620,2.2,2000.0
2012,93667,1.7,15984.63
2008,77987,1.8,2000.0
2019,38328,2.9,9765.04
2005,17358,1.3,2000.0
2011,6276,1.9,30430.59
2014,6224,3.9,20033.76
2011,186717,1.9,14348.99
2005,50822,1.5,2000.0
2021,105422,1.3,17319.32
2016,21555,5.0,14305.01
2021,186861,1.3,12657.39
2019,63689,2.7,6424.4
2020,37573,3.0,16742.89
2018,186985,4.9,2000.0
2007,61238,4.6,11333.28
2023,26107,2.0,31416.11
2016,20200,1.3,2966.61
2023,15308,2.8,9086.61
2022,70669,1.4,2242.0
2018,65234,4.5,9527.01
2013,146632,3.8,10822.15
2007,141476,4.8,2000.0
2016,143920,3.3,9279.61
2021,97412,2.5,9583.35
2009,74309,3.0,18108.57
2012,81779,1.6,2000.0
2023,147186,2.9,5750.83
2008,80564,5.0,2000.0
2019,85477,3.8,22914.65
2023,191945,1.2,21748.27
2019,87601,3.9,19125.48
2018,128692,1.4,2000.0
2020,191100,2.6,2000.0
2014,82150,4.1,8294.46
2018,104758,1.5,2000.0
2015,18267,2.2,21509.99
2006,192514,1.8,2000.0
2023,71567,4.5,23729.67
2007,189100,1.6,20705.95
2008,141219,3.1,2000.0
2015,102787,2.1,19790.88
2017,185146,3.0,2372.39
2022,34136,1.7,31032.75
2022,198874,4.0,18970.75
2023,17035,3.6,28198.46
2016,100414,1.2,2000.0
2005,14775,4.8,9117.18
2010,166938,4.6,5306.02
2007,133827,2.2,2000.0
2021,171388,2.2,25021.55
2007,61079,3.0,9563.8
2005,95995,3.5,2000.0
2007,17561,2.2,2000.0
2008,80917,4.2,8147.83
2010,171589,1.3,2000.0
2011,25618,2.6,2000.0
2012,18940,3.2,28054.03
2017,11876,4.2,22733.18
2008,47777,4.5,2000.0
2010,55946,2.0,2348.87
2015,142199,2.0,4289.24
2005,173655,2.5,2000.0
2012,7596,2.7,26907.53
2006,18468,4.4,2000.0
2012,18855,1.0,2000.0
2013,30467,3.7,12696.76
2008,139229,1.9,6758.3
2021,107790,4.5,26171.69
2011,110564,2.3,17304.25
2014,131990,3.2,2738.0
2009,4747,2.3,9607.59
2014,42563,2.7,13480.44
2016,65192,3.1,17746.91
2010,120424,4.0,18544.29
2005,153037,1.5,2000.0
2007,60730,2.4,2000.0
2011,181305,3.6,2000.0
2015,106170,3.4,27331.0
2016,155079,4.1,15477.93
2013,72086,4.6,9088.35
2005,107904,1.4,2000.0
2008,84023,3.9,13864.77
2006,31194,2.1,9707.9
2006,87555,2.9,2000.0
2021,153372,3.5,13757.29
2006,24592,1.6,9809.7
2008,98736,2.4,2000.0
2015,53202,4.9,16617.74
2023,164076,1.5,2000.0
2017,196914,1.3,2000.0
2022,55033,4.3,39786.58
2023,185643,2.7,5773.36
2019,63091,3.7,4567.68
2016,109805,2.2,2000.0
2015,107509,1.8,16215.45
2005,180904,1.8,2000.0
2020,165355,1.8,10070.33
2017,17335,2.0,4671.72
2010,136479,1.9,2000.0
2010,414,4.3,27947.01
2014,91535,3.1,11246.37
2006,70507,2.2,4297.24
2007,15145,2.4,2000.0
2010,136057,4.8,2000.0
2020,89889,1.7,28389.67
2010,7650,4.5,15398.73
2017,43407,3.9,11092.31
2008,162644,3.5,2000.0
2019,190604,3.5,9018.05
2010,88441,2.7,4883.03
2005,93303,2.8,4016.67
2013,87377,4.2,4007.83
2016,105632,4.2,3941.84
2015,158824,3.3,2000.0
2017,154084,4.1,4246.96
2005,122274,4.2,5416.19
2023,12708,2.3,21672.9
2008,146123,3.5,16468.65
2009,27175,2.7,12635.55
2021,19335,1.4,30882.64
2009,186968,3.6,2000.0
2023,132609,3.3,28415.55
2007,101472,1.4,2000.0
2015,136759,1.3,16108.45
2006,16352,2.0,2000.0
2018,116583,4.3,24785.19
2010,40571,1.3,19911.84
2023,172216,2.8,27190.48
2005,99760,1.7,2000.0
2011,99798,2.0,2000.0
2006,189564,4.1,8241.01
2023,9479,4.4,17513.24
2005,26814,3.3,2000.0
2013,10065,4.5,14670.22
2021,25820,4.4,14500.57
2014,141510,1.9,20658.16
2010,22871,3.6,2290.88
2007,49325,4.1,2000.0
2019,19661,3.2,10349.22
2010,54850,4.2,5874.93
2007,1396,3.5,19571.95
2014,173,2.1,20834.55
2016,120909,3.7,25295.69
2005,175426,3.4,2000.0
2020,15913,3.5,23703.81
2021,191039,1.4,23665.0
2014,76616,1.5,3321.7
2016,121433,4.3,16205.01
2023,84998,2.7,11065.4
2012,62726,1.9,14422.27
2012,184953,1.4,2000.0
2014,100003,2.1,2000.0
2014,80499,2.2,17373.02
2022,55820,4.9,15205.11
2014,123842,4.3,2000.0
2011,19475,1.3,2000.0
2008,198452,4.0,2000.0
2005,170237,3.3,2000.0
2015,117939,1.9,6347.22
2023,114412,4.0,22847.2
2009,105824,1.1,2000.0
2012,141014,3.9,17765.2
2006,33660,4.6,2000.0
2006,8406,4.5,7462.87
2018,144243,4.1,10895.67
2013,95839,4.7,15649.77
2014,87259,3.8,14004.19
2017,82525,3.7,2000.0
2005,188967,1.1,2000.0
2018,112976,1.7,6524.54
2006,53566,4.1,14644.49
2008,147384,5.0,2000.0
2023,98039,3.9,13475.01
2005,51665,3.3,2000.0
2008,160472,1.7,2000.0
2015,105347,4.8,11231.69
2017,148633,3.6,13212.84
2022,176478,3.0,18408.15
2014,87101,4.4,21503.24
2009,83403,4.8,9252.08
2005,29621,2.5,2000.0
2018,183535,3.1,2000.0
2020,86205,1.5,19076.75
2022,89233,4.8,13494.7
2007,140809,1.5,7483.89
2007,32035,4.7,17689.82
2008,112257,1.8,2000.0
2011,75224,4.6,16853.57
2017,12974,2.8,11283.26
2013,24648,3.4,2000.0
2007,169198,1.1,2008.17
2021,28612,2.6,36564.79
2019,108722,3.0,31305.83
2014,42576,1.0,2000.0
2019,145655,3.6,5389.66
2005,152258,4.4,15911.42
2014,25563,1.1,6533.06
2011,157763,3.0,2000.0
2011,195409,1.1,2000.0
2007,67127,4.5,2000.0
2011,80994,1.6,11933.54
2013,136973,1.2,2000.0
2012,106383,4.4,13425.9
2007,107083,2.8,2108.05
2009,9034,1.4,2000.0
2017,36417,3.6,2000.0
2017,93728,3.8,2000.0
2012,149021,3.3,2000.0
2022,118297,2.3,2084.82
2011,166769,2.7,11741.26
2014,33489,4.8,23417.1
2014,132876,3.1,23129.87
2015,78147,2.6,13249.56
2016,60538,3.8,21158.45
2017,195616,1.3,2000.0
2012,197262,2.2,2000.0
2021,47877,1.9,2000.0
2018,173728,3.7,9600.88
2021,153909,3.4,13222.46
2023,53391,4.0,5799.0
2020,13229,2.7,16946.07
2013,158359,1.7,2000.0
2014,148348,1.7,20415.85
2013,135362,4.6,2810.95
2005,93666,1.3,2000.0
2007,50812,3.4,3192.16
2015,159194,1.9,2000.0
2011,112203,1.9,2000.0
2022,168753,1.4,22387.38
2017,154792,4.9,17881.04
2022,184144,1.2,7760.17
2020,107632,1.6,16363.98
2020,2523,2.5,29940.17
2014,99964,2.8,2000.0
2013,138702,4.8,16072.27
2012,4512,2.0,14392.35
2023,165698,3.9,6851.82
2007,156358,3.6,2029.16
2013,8329,3.1,3196.93
2006,11752,2.1,2000.0
2023,116441,1.6,23760.61
2012,76584,1.7,2000.0
2022,40103,2.4,15411.16
2012,115872,1.5,5730.37
2009,187151,5.0,2935.57
2010,64279,2.8,34947.7
2014,51003,3.2,15138.15
2019,6520,3.5,21808.97
2008,58697,1.8,2000.0
2007,70827,2.9,2000.0
2013,15106,1.3,2000.0
2020,167167,4.9,22437.77
2020,163495,2.9,2000.0
2019,126934,1.1,11040.32
2013,71660,3.4,13938.84
2021,51218,1.4,7695.46
2016,45863,4.2,21803.78
2012,98550,4.8,3558.84
2018,73123,4.7,18753.0
2022,199746,2.7,6554.84
2016,115029,3.9,18716.97
2018,46995,1.6,21477.17
2009,2434,1.3,2000.0
2005,115029,4.3,14084.4
2017,147563,3.8,11503.31
2018,152549,4.6,13702.96
2006,185745,4.7,3595.25
2020,46381,2.4,9416.13
2009,190212,2.3,2000.0
2005,143944,2.8,2000.0
2016,76252,3.7,11165.91
2023,182608,1.0,9522.03
2014,159179,3.1,11030.29
2016,141624,1.1,11588.88
2023,13465,2.8,22991.32
2020,5920,1.3,5493.71
2021,172640,3.2,13120.41
2017,186147,2.3,27769.24
2011,136540,2.9,2000.0
2007,79613,4.8,6634.2
2009,27217,2.4,15144.27
2008,40464,3.9,2000.0
2019,43307,3.7,14924.54
2021,68275,4.5,39382.32
2016,185047,2.3,6275.81
2018,127211,1.2,8628.92
2008,187264,4.9,2000.0
2021,57554,2.4,16362.97
2015,10662,1.8,5788.62
2010,120526,4.7,2000.0
2008,148473,1.8,2000.0
2017,134562,3.1,2000.0
2019,117572,4.0,4099.64
2022,199422,3.9,2000.0
2021,174021,1.1,13925.4
2023,103218,1.8,3271.53
2014,109946,4.6,15164.96
2009,130593,3.2,19167.2
2016,157304,3.7,24107.88
2019,183288,2.6,21652.63
2008,115277,4.0,2000.0
2012,172666,2.2,6428.23
2021,94152,1.9,9973.04
2010,128787,5.0,2000.0
2020,90319,1.6,6723.9
2009,149689,4.9,13697.25
2018,156624,4.7,2000.0
2006,26640,3.9,3893.23
2021,148769,3.3,15630.1
2010,12541,1.0,2322.87
2015,17354,3.5,24586.03
2006,168546,4.1,2000.0
2005,104893,3.9,9720.04
2009,49057,1.7,22592.09
2012,97251,3.2,5078.54
2008,42439,3.2,3202.88
2023,9362,3.6,32098.6
2009,13171,4.3,15963.22
2009,68721,3.8,22658.9
2020,114045,1.6,16937.81
2022,25975,1.1,34905.4
2015,61945,1.5,2000.0
2021,53596,1.2,38906.51
2007,81065,2.7,2000.0
2022,39218,2.1,6262.16
2008,16582,1.0,2000.0
2023,101552,1.3,6430.41
2013,1147,2.6,17791.41
2009,185500,4.8,2000.0
2008,105054,5.0,37259.63
2020,97565,1.2,12827.09
2014,70242,4.3,2000.0
2013,96110,2.9,14406.91
2020,135107,3.5,5254.51
2021,180080,3.0,8461.42
2022,26858,4.7,26015.36
2019,75453,2.9,8066.02
2013,156965,1.7,2000.0
2010,37822,4.1,22841.87
2010,177325,3.1,6224.72
2015,158076,1.5,2000.0
2007,37631,2.8,2000.0
2016,145503,3.7,5358.56
2019,110389,2.2,17593.29
2011,137246,4.6,28065.32
2022,84064,4.4,13453.67
2019,157141,3.3,8939.34
2012,99008,1.2,4801.99
2013,75496,3.3,10434.75
2019,99373,2.7,2000.0
2020,110370,3.9,5884.99
2007,26859,2.1,2193.14
2009,171568,3.4,9648.14
2007,74496,3.2,20591.16
2006,47798,3.1,7536.07
2006,47642,1.5,6152.71
2008,44683,3.0,18952.79
2007,8451,3.2,3148.78
2013,193715,4.7,16581.65
2016,52095,2.8,9617.43
2013,48394,3.6,14624.54
2023,136347,3.3,2000.0
2016,22855,1.8,2000.0
2020,108135,1.7,4725.02
2005,22624,4.0,2000.0
2014,149686,3.1,7484.9
2014,109894,4.6,5151.77
2008,60981,4.6,9750.68
2015,189229,2.2,18475.0
2015,151203,1.4,2000.0
2015,197503,2.4,5449.06
2010,41620,1.3,29162.47
2019,119728,4.1,9486.19
2006,11041,1.6,2000.0
2007,76153,4.5,18447.65
2009,66646,2.7,8104.35
2015,118433,2.1,2000.0
2016,170663,3.0,12335.62
2007,198745,3.4,7250.48
2013,31207,3.8,15002.75
2007,13107,2.4,3518.42
2006,132912,4.9,2261.88
2010,116598,2.7,15662.47
2010,159312,4.3,2000.0
2021,109406,1.1,2000.0
2012,33510,4.1,23497.96
2005,3160,3.2,10292.76
2012,37309,3.6,7311.11
2019,56718,2.5,17640.33
2022,171521,3.2,24754.51
2017,193930,4.7,20066.77
2012,23391,2.5,14567.86
2022,14295,1.4,6515.06
2017,108151,3.9,6166.28
2018,187633,3.0,3870.63
2019,47036,2.7,25973.73
2010,83487,4.1,39351.5
2005,171714,3.2,2000.0
2011,59672,3.5,22434.48
2005,109512,4.7,21010.41
2019,146669,1.2,22422.12
2010,156252,2.0,2000.0
2009,106973,4.6,15034.71
2016,194648,4.2,2000.0
2007,37473,1.8,7562.81
2018,141,1.7,21823.63
2010,4655,4.3,3083.56
2008,182322,3.2,2000.0
2019,109066,4.4,4415.47
2021,62971,4.7,20362.68
2009,94138,1.3,2000.0
2010,169229,4.9,8867.33
2014,127684,3.9,2000.0
2013,25785,4.3,18271.51
2008,138460,3.5,5495.39
2013,92240,2.2,3509.54
2012,52957,3.4,6657.67
2007,102808,3.1,2000.0
2005,33741,4.7,7923.48
2009,101242,3.2,15893.61
2007,85,1.1,18625.33
2008,89643,3.7,2000.0
2023,42756,1.2,20411.38
2019,79975,4.8,26342.8
2023,90571,2.9,8462.54
2020,80611,4.9,17306.54
2012,161467,1.1,2430.4
2018,84428,3.1,11945.2
2009,50296,1.9,2000.0
2005,122516,3.6,2000.0
2023,81247,3.0,8998.8
2009,94000,3.3,9258.86
2007,63927,2.4,4064.71
2021,53816,1.2,8595.49
2011,128852,1.4,20193.83
2021,109756,4.4,30178.01
2017,47972,3.8,6976.72
2018,184869,4.1,8265.87
2016,63716,1.5,5772.64
2015,78978,1.2,2000.0
2005,168106,1.1,2000.0
2007,173385,3.1,2000.0
2016,53282,3.0,16133.12
2013,58568,1.4,12717.55
2006,99495,2.4,15677.33
2018,49135,3.1,2000.0
2009,157180,3.7,12073.49
2007,146942,4.2,2000.0
2016,60661,3.6,2000.0
2016,194900,1.1,2000.0
2011,136993,3.3,2000.0
2005,94744,1.4,2000.0
2007,19895,3.3,13519.49
2015,29215,2.5,8033.83
2017,163428,2.1,10113.96
2014,13461,2.9,6806.68
2023,130942,2.5,10928.49
2008,106328,4.3,7254.6
2009,155328,1.9,7402.72
2015,153955,1.5,2000.0
2013,48916,4.3,6491.57
2017,111336,2.0,2000.0
2021,30671,1.1,11064.12
2019,171999,2.5,14047.33
2017,111611,4.3,31708.06
2015,102932,2.7,20714.46
2005,170356,2.9,2000.0
2012,10130,1.2,34118.63
2009,115703,3.8,13867.77
2020,71693,2.4,2000.0
2008,170198,3.9,2000.0
2023,117271,2.6,25013.91
2022,70675,3.1,18313.32
2006,17311,3.4,2313.57
2017,108007,1.8,2000.0
2020,50889,2.2,18575.64
2012,104883,3.3,24267.55
2023,144704,4.3,31528.22
2007,3038,4.8,9264.21
2023,7219,3.1,25836.99
2021,72036,1.3,8715.44
2013,149177,4.8,25931.62
2021,117454,2.7,9595.99
2005,160350,1.4,2000.0
2008,159067,4.9,2000.0
2019,2825,2.1,5691.48
2016,127301,3.6,9152.72
2021,23054,1.6,2000.0
2016,174766,3.9,23296.83
2020,41178,4.9,42624.8
2017,147860,4.9,4959.85
2015,13077,1.5,2000.0
2019,190270,4.1,12590.61
2020,162085,3.7,7997.46
2010,71694,4.2,25177.78
2015,86341,2.3,10004.05
2019,183921,2.6,4143.31
2009,168906,2.4,2000.0
2007,75563,4.1,24505.67
2006,163997,4.2,2720.44
2005,153367,2.0,2000.0
2019,28253,3.3,27820.13
2006,105347,1.5,2000.0
2010,46853,1.1,4909.33
2016,148261,3.4,19539.35
2020,43154,4.4,11335.22
2018,105539,4.6,24753.76
2008,82423,3.5,3603.27
2012,121924,4.2,23647.33
2016,89646,2.6,12404.27
2018,136255,4.5,22605.06
2017,19023,4.1,13352.87
2009,8957,2.2,4507.24
2016,16620,3.4,23512.64
2014,4491,1.2,11766.64
2023,108500,1.6,19827.62
2017,38728,4.8,12417.25
2013,64650,1.0,2000.0
2015,165639,1.8,2000.0
2009,3387,1.6,2554.5
2017,16025,3.8,20835.06
2014,132518,1.4,2000.0
2022,104673,1.1,14852.9
2019,103896,4.7,13419.54
2016,157682,4.5,27653.66
2008,168053,2.4,6477.64
2009,160381,1.4,6493.36
2012,59388,3.7,3762.52
2009,120747,4.5,9471.64
2005,161506,4.9,2000.0
2022,110930,1.5,26567.47
2023,129442,3.4,19823.64
2023,34226,2.7,19706.99
2014,18406,1.6,14964.16
2013,165788,4.2,11208.95
2005,22989,4.1,2000.0
2007,42580,4.9,2000.0
2017,45731,1.3,7963.14
2010,77541,2.0,2000.0
2010,137933,4.3,2000.0
2022,40039,2.6,27418.69
2009,141425,2.9,33912.39
2021,106171,3.4,19391.87
2007,146702,2.6,6723.09
2009,64050,1.1,2000.0
2007,127281,3.4,2000.0
2017,190173,1.9,2071.54
2019,70254,4.9,24208.8
2021,102454,3.8,18841.0
2019,16907,4.4,10304.35
2009,100785,4.8,12048.58
2018,4484,1.3,2000.0
2015,23194,1.6,2000.0
2018,23886,4.2,24796.95
2011,8537,4.5,27806.14
2007,23399,1.0,2000.0
2014,91810,4.8,20051.99
2015,6892,2.8,2988.93
2010,129579,2.9,7595.62
2009,40544,4.5,25372.67
2017,107617,2.2,15619.87
2016,19267,3.3,8195.01
2023,40396,2.3,33973.5
2023,113204,1.5,39352.29
2009,162412,2.4,6748.51
2013,107478,1.7,2000.0
2008,43404,3.1,2000.0
2019,167300,3.1,6663.27
2007,51736,2.7,2000.0
2011,146709,1.7,5973.35
2018,177252,1.5,2000.0
2018,186771,1.4,2000.0
2013,66843,1.4,7406.36
2007,146652,2.2,4686.25
2013,199460,1.0,2000.0
2008,51376,1.2,2000.0
2021,36212,2.9,24508.14
2010,196292,1.7,2000.0
2020,178476,2.1,14411.8
2022,50403,2.4,8680.92
2017,157319,1.2,2000.0
2011,91126,1.9,2000.0
2007,70277,4.1,5353.41
2010,178574,2.4,2000.0
2007,109710,1.7,3857.56
2016,26607,1.8,20835.28
2009,63543,4.9,16014.43
2021,117117,1.6,6651.84
2014,178073,4.6,2000.0
2011,78294,1.3,3866.45
2008,42191,4.5,2000.0
2014,56957,3.0,5127.21
2011,129658,3.4,2000.0
2015,80614,2.0,2917.24
2012,32802,4.6,9071.57
2012,177103,3.3,10963.56
2009,81940,3.7,2000.0
2009,117000,3.2,25281.56
2011,175503,1.5,3916.35
2008,115144,4.3,2000.0
2006,154743,1.7,2000.0
2023,40668,2.2,19062.69
2006,27573,3.7,11266.2
2020,174614,1.4,8395.88
2016,197670,4.7,12274.55
2019,65258,1.5,18709.09
2014,122608,3.7,2940.36
2010,130687,3.5,2000.0
2017,105431,3.8,18984.09
2010,9782,2.7,14085.48
2006,171934,2.5,2000.0
2018,172078,4.9,3364.37
2022,119529,4.3,16779.54
2010,95615,2.9,2000.0
2023,105953,1.7,30237.82
2018,87087,4.6,2000.0
2017,4774,3.6,15852.03
2012,161787,1.5,2294.34
2009,143252,1.7,2000.0
2017,128782,3.2,22691.41
2010,187472,3.0,2000.0
2023,81964,2.6,30347.65
2015,102674,2.7,28324.89
2020,20148,1.7,7547.69
2009,183256,2.0,3230.09
2016,44342,3.0,13367.74
2021,53479,1.3,2000.0
2006,163925,2.4,2000.0
2014,14066,1.8,21670.61
2019,121469,1.7,2000.0
2023,81084,1.6,5762.95
2021,171067,1.6,23568.41
2023,167131,1.6,10370.78
2023,8779,2.5,9700.33
2017,41562,1.4,20070.13
2017,64627,4.6,31825.44
2020,64981,3.0,2000.0
2007,48294,3.0,7616.86
2008,83176,1.8,2000.0
2011,10353,4.5,24931.63
2007,112123,4.3,2000.0
2013,96406,1.1,2000.0
2012,143943,3.9,13738.63
2022,43377,1.7,12204.75
2018,125902,3.2,24404.43
2009,21670,4.5,31761.19
2007,141383,4.7,9221.81
2014,4955,1.7,2000.0
2015,43360,4.8,2804.84
2021,144394,1.3,39212.34
2012,123689,4.6,15201.36
2013,152,4.1,2000.0
2012,144545,4.7,7949.82
2006,71445,2.5,13926.94
2008,27009,4.8,15698.56
2020,117426,4.3,6005.31
2013,81039,2.3,12106.35
2013,196746,2.4,2000.0
2009,145613,2.4,10472.51
2007,115413,3.4,2000.0
2018,120388,1.7,2748.17
2019,77270,2.7,16502.47
2010,51517,1.3,7808.18
2020,131090,2.4,15455.23
2014,173468,3.7,8696.14
2018,51113,3.4,14081.49
2016,116539,2.3,15494.88
2013,39880,2.0,12021.85
2023,189278,2.3,15119.41
2016,16484,1.3,18631.76
2017,39606,2.0,17888.86
2017,178193,3.8,19186.93
2021,62618,1.7,16089.48
2006,126804,1.6,6870.19
2013,14464,4.4,12760.6
2012,72671,1.9,2167.22
2011,71565,2.0,6915.69
2009,193850,2.9,17703.25
2023,133581,2.9,5224.91
2007,177312,1.7,2000.0
2017,133027,3.2,4867.42
2010,7078,3.8,2000.0
2015,105847,2.9,26045.04
2008,127307,4.6,17524.56
2007,53932,5.0,12311.12
2008,82830,3.1,2000.0
2007,71699,4.9,5805.49
2017,45601,3.6,8269.24
2019,155449,3.1,4439.47
2016,72251,4.5,13861.98
2019,88062,4.9,24264.94
2015,39373,5.0,10991.91
2015,187755,4.0,9251.47
2017,125836,2.9,3722.43
2016,97997,2.2,4406.74
2010,115292,3.2,16636.72
2023,55001,4.1,8996.19
2023,149826,1.1,19568.92
2007,42970,2.1,2000.0
2020,129196,2.4,25267.4
2013,47055,4.1,10140.44
2018,144293,3.5,3026.58
2007,82122,2.7,2000.0
2007,81628,4.7,9412.17
2011,144942,3.2,2000.0
2023,98546,3.9,18689.74
2007,124409,3.6,15272.88
2005,3740,4.4,16336.82
2016,19105,4.2,17029.93
2010,120714,5.0,15870.03
2011,172744,2.5,2000.0
2006,90358,1.7,2000.0
2022,28519,4.0,18587.55
2019,50712,4.5,4751.01
2019,58328,1.2,2000.0
2014,139759,2.3,2000.0
2021,185632,4.2,13935.42
2022,129993,3.7,21894.49
2022,174694,4.0,18761.58
2019,190542,3.2,2000.0
2010,95616,2.5,14131.43
2013,64949,4.2,7155.73
2015,199183,3.2,2000.0
2019,23892,3.1,24256.67
2007,1082,3.9,24797.56
2023,51905,1.8,21586.8
2005,95106,3.3,16031.19
2021,139807,2.2,7465.2
2015,11255,1.1,2000.0
2022,105137,4.0,2000.0
2015,141166,2.9,15214.47
2011,60515,4.6,13442.1
2005,87010,3.0,2000.0
2016,161723,1.0,2000.0
2008,34918,2.6,2129.76
2012,6103,1.7,2000.0
2019,82803,4.7,11880.12
2015,191218,2.8,11938.28
2012,54390,3.0,8917.17
2016,49158,2.5,10739.41
2007,158083,3.1,14417.64
2008,58889,1.3,8349.49
2016,62267,2.8,29064.08
2012,182313,3.7,2000.0
2014,130606,2.5,11778.56
2005,135263,2.6,2000.0
2017,136695,4.3,2000.0
2011,2293,3.1,2000.0
2007,151665,3.4,2000.0
2020,92703,2.2,18989.14
2016,102729,2.9,2000.0
2009,192456,1.2,2000.0
2022,35992,2.7,33956.14
2012,83160,4.2,10209.98
2016,15848,1.6,5645.87
2007,61173,4.1,9542.62
2020,112911,2.5,9373.77
2014,146831,1.1,2000.0
2021,138589,4.8,16397.67
2014,30980,1.7,4351.87
2007,8455,2.3,23258.42
2006,6944,2.9,10288.21
2018,64627,4.8,19547.46
2013,64723,3.3,13423.39
2021,158172,4.6,18525.69
2008,197248,3.3,2213.73
2019,858,1.8,19675.58
2017,37011,3.3,2000.0
2023,96054,1.4,11011.48
2013,15437,1.5,11059.76
2008,25550,1.5,2000.0
2012,156933,1.0,4317.04
2019,172083,1.6,10966.38
2018,28929,2.4,18260.2
2007,132091,1.3,2000.0
2021,24284,1.0,2000.0
2012,77350,1.4,4914.98
2018,110839,4.7,4939.45
2017,114680,3.1,13758.83
2019,75640,2.7,27732.23
2015,70909,2.9,11956.43
2019,32371,3.2,8860.05
2016,13234,1.4,24173.53
2013,63172,3.3,11937.26
2019,137429,4.3,2000.0
2005,21595,3.2,2000.0
2016,45599,4.5,13741.63
2010,138844,1.6,2000.0
2005,53890,4.3,2000.0
2023,102205,3.7,18482.72
2017,28684,3.4,29196.19
2010,185157,3.4,18049.63
2021,59924,1.5,6258.65
2017,11708,3.6,18634.41
2013,7670,2.6,8261.12
2012,70470,1.3,2000.0
2019,2666,1.8,15031.89
2022,67989,2.8,2000.0
2006,128639,5.0,13362.92
2006,116255,2.7,2000.0
2015,172319,1.6,2113.78
2005,2473,4.6,2000.0
2022,156637,1.1,14279.59
2011,153680,1.5,2000.0
2021,41214,2.9,24919.89
2020,161620,1.4,7148.27
2011,165674,3.3,19193.43
2011,105346,1.6,8678.61
2006,94373,3.6,2000.0
2009,151807,1.5,2000.0
2018,16806,4.2,13954.71
2012,192709,3.9,3524.55
2016,46292,4.7,10686.81
2011,29228,1.3,18325.96
2010,47986,3.2,15103.5
2017,173927,3.8,3412.25
2016,96780,4.6,2000.0
2021,156936,2.9,2000.0
2020,169912,4.8,4373.68
2005,156996,1.5,2000.0
2011,131626,2.7,10928.92
2007,49158,2.0,8828.39
2010,83685,1.6,10196.25
2007,198699,2.1,13595.04
2007,126123,3.7,18563.14
2012,27749,2.9,20501.52
2018,112195,1.7,2000.0
2013,50809,1.1,6876.23
2009,64076,4.7,17217.89
2019,186318,2.3,2000.0
2021,138535,1.5,6605.78
2014,124108,1.6,2000.0
2012,182186,2.0,2000.0
2022,115178,1.9,2000.0
2010,74045,2.1,2000.0
2021,95402,1.9,19526.39
2008,78041,2.7,3716.14
2019,24466,4.1,9886.06
2014,150004,1.1,7693.58
2017,107712,1.8,2427.34
2005,123212,3.8,17419.07
2013,38867,1.6,6630.34
2009,150056,4.0,2000.0
2015,166934,3.1,2000.0
2008,114361,4.5,14930.36
2020,100567,1.0,24826.14
2022,99370,4.1,28974.01
2012,54896,3.3,2000.0
2006,2790,2.9,2000.0
2021,105383,1.6,2000.0
2014,190877,1.9,12711.52
2017,44449,4.1,2505.34
2019,158317,1.6,9662.56
2013,83593,3.1,15563.13
2012,162408,1.8,2802.74
2010,182587,3.0,15955.01
2008,110464,2.0,2000.0
2022,167341,2.4,16588.45
2007,166654,4.2,4245.33
2008,88562,1.1,13264.04
2017,98652,4.7,13504.51
2015,63720,2.3,9488.59
2012,178899,3.4,6023.92
2018,20517,1.9,15287.37
2018,178437,2.4,13887.42
2020,82131,2.8,8191.94
2018,79497,3.8,10901.05
2005,62430,4.5,11419.25
2006,130329,4.5,18574.89
2005,29456,2.3,2000.0
2015,159284,1.4,2000.0
2010,118788,4.7,4413.27
2019,65346,1.1,9272.4
2016,13930,4.5,11386.11
2009,32915,1.1,2377.35
2016,196274,4.9,3253.66
2018,198317,1.0,8886.12
2018,162178,1.1,2000.0
2023,28040,3.0,27868.78
2009,145034,3.7,2000.0
2007,73390,2.4,6886.81
2022,122871,3.4,19213.16
2010,60665,4.4,2000.0
2013,121832,4.2,8223.36
2011,61324,4.5,14091.65
2022,94855,1.6,15667.46
2006,116158,1.9,2000.0
2014,158741,3.4,17793.12
2016,133669,3.9,36068.35
2006,160282,1.4,2000.0
2017,60697,1.7,2000.0
2012,1302,4.7,16609.58
2011,193655,1.1,2000.0
2007,77790,2.6,2000.0
2012,199132,1.8,6645.42
2005,181312,4.1,2000.0
2019,185929,4.5,2927.92
2005,181550,2.0,22211.89
2016,7484,3.4,9694.0
2015,118957,4.4,11324.89
2020,58627,3.4,11409.16
2008,134428,3.4,4409.62
2006,153672,2.7,2000.0
2007,17451,3.6,2000.0
2008,3074,4.8,6588.52
2022,51642,2.2,25471.64
2016,187768,1.8,2000.0
2005,118452,4.8,2000.0
2007,161930,1.2,2000.0
2008,120709,4.4,10002.99
2010,166702,4.6,2000.0
2021,27654,1.9,31556.91
2012,189298,2.7,5268.42
2022,14189,1.5,39088.33
2020,55107,2.5,10068.69
2010,56020,2.8,2000.0
2023,2560,3.0,24880.78
2012,168631,1.5,5906.52
2008,24652,2.6,4297.26
2013,52266,3.5,17163.5
2012,126108,3.0,2000.0
2023,195089,4.4,18449.19
2005,63318,4.8,2447.26
2008,177371,4.3,18371.39
2014,120392,1.2,2000.0
2012,66548,1.9,12509.18
2007,102589,1.4,2000.0
2016,167396,2.7,7593.79
2013,113280,3.9,2000.0
2007,133397,1.1,6017.45
2008,56109,2.1,6464.91
2010,91837,1.4,2000.0
2013,97942,2.6,2000.0
2006,149810,4.7,9761.11
2006,55845,2.7,2000.0
2022,76955,3.5,12661.08
2007,176427,2.5,5186.26
2007,84314,3.9,2000.0
2022,169382,4.0,2000.0
2010,102825,1.6,2000.0
2005,147497,3.6,8121.45
2019,178491,2.5,2000.0
2015,94845,4.4,6178.44
2014,149304,1.6,7135.51
2008,69727,4.6,2000.0
2018,56582,3.0,12021.38
2006,183090,2.0,2000.0
2017,144096,2.3,9016.2
2020,56045,1.0,10709.29
2016,188620,4.8,20741.54
2009,144671,1.9,2000.0
2023,199942,4.6,2000.0
2007,88999,4.4,20924.7
2006,155531,2.4,2000.0
2021,21755,1.8,10991.4
2015,136524,2.7,2000.0
2005,152295,4.7,2000.0
2023,73129,4.4,25466.22
2012,162433,3.0,9904.94
2015,98815,3.2,12156.37
2012,86044,2.6,2000.0
2021,77539,4.8,23276.26
2010,191781,5.0,2000.0
2011,102941,2.2,21024.92
2017,190678,4.8,5917.17
2011,127602,4.8,9499.66
2015,112603,2.9,2000.0
2014,12215,2.7,11983.38
2012,172246,4.5,9916.62
2014,29859,4.8,35112.22
2015,60585,2.6,11607.14
2021,174300,3.0,2000.0
2015,70655,2.3,2000.0
2020,118019,1.8,13733.44
2009,194259,5.0,2000.0
2014,35076,1.8,6868.68
2009,122698,4.3,28100.25
2013,81537,2.7,2000.0
2007,70655,1.3,2000.0
2007,153192,2.3,2000.0
2014,66101,1.3,11606.05
2011,192107,4.9,10675.78
2006,40407,2.1,10434.53
2012,143162,4.0,7308.34
2016,74528,2.7,24046.33
2013,50430,3.7,7271.74
2015,159278,2.0,2000.0
2023,45701,1.4,13693.42
2021,23575,4.2,16519.57
2017,52656,3.9,12930.27
2005,107487,1.4,15399.59
2005,160372,3.9,10948.1
2012,14062,3.4,14341.93
2017,43485,1.7,14918.66
2010,10621,4.3,3083.05
2007,193330,3.8,2812.83
2020,22901,3.0,42574.44
2014,170745,1.7,16556.78
2011,13634,3.2,16483.65
2007,27736,1.7,19365.76
2018,65912,1.7,24140.82
2020,171982,2.0,2000.0
2008,181328,3.6,2000.0
2017,95873,3.7,8392.66
2005,186970,1.3,2000.0
2009,75875,3.6,13659.17
2022,58957,1.1,7982.87
2016,38010,4.6,13972.15
2015,68383,4.1,10109.76
2013,11659,3.9,17121.79
2011,73750,2.0,15341.38
2018,117391,5.0,30760.67
2007,39430,4.7,2000.0
2020,52500,3.0,9366.99
2011,110265,1.1,2000.0
2005,80990,3.0,17575.89
2010,140182,1.6,2204.34
2010,33144,3.4,22197.24
2014,80920,4.9,16918.31
2016,170274,4.0,2000.0
2023,25826,2.3,29020.93
2010,173228,2.6,5914.01
2018,157318,4.8,4460.71
2007,24004,1.4,11513.13
2014,130868,4.6,17528.13
2013,175172,1.3,2000.0
2023,142616,2.7,21695.58
2019,11102,4.0,29368.12
2013,65491,2.6,9266.06
2023,22869,3.3,20098.59
2012,160613,3.0,5555.24
2008,18150,3.4,8136.27
2009,87425,1.7,7370.71
2023,141628,3.3,19491.22
2018,28552,4.9,23599.74
2022,102145,1.8,2000.0
2023,52396,1.3,43642.27
2010,142535,2.6,2000.0
2009,44623,2.5,2467.27
2015,161632,1.5,17582.19
2009,145482,3.3,2000.0
2012,189191,2.8,8743.73
2009,16351,4.3,11819.78
2015,34388,2.7,9901.2
2017,14968,4.9,2316.71
2010,74259,4.1,3372.6
2009,40596,2.9,14216.79
2022,113670,3.2,9045.67
2014,190329,4.5,16395.77
2020,94168,4.1,17750.56
2018,49544,3.6,2000.0
2019,173653,2.1,2000.0
2007,36225,2.6,15184.76
2007,133435,4.1,2000.0
2016,89274,3.5,2000.0
2019,124228,4.8,23543.34
2015,27436,4.5,3599.63
2014,33085,2.7,2226.59
2019,153993,2.2,18475.22
2022,8896,1.5,3096.25
2018,13785,2.6,8643.79
2010,118459,1.9,2000.0
2018,58385,1.1,23165.79
2020,86164,1.6,20938.82
2006,53805,2.8,2000.0
2023,170725,4.6,20223.59
2009,174541,2.3,2670.88
2015,130672,2.8,2000.0
2015,162975,2.5,20354.92
2023,69542,2.5,11984.54
2022,93136,3.9,18846.95
2012,111286,3.0,2000.0
2016,178742,2.6,2000.0
2013,112905,4.8,29199.95
2007,51279,2.1,17528.42
2010,119301,4.3,4811.2
2005,13950,3.1,13525.22
2021,160835,2.8,8897.17
2007,51901,1.3,2000.0
2022,57587,4.4,18568.2
2022,155656,2.1,5463.06
2006,48284,3.7,2000.0
2008,20038,4.5,2000.0
2005,47567,3.1,4950.68
2014,60037,3.6,2000.0
2009,173355,2.4,2610.62
2009,169279,3.9,2000.0
2013,174328,3.6,2000.0
2018,180220,2.8,3830.29
2017,51522,3.5,15072.78
2017,35371,2.1,19386.43
2005,136819,3.6,4127.26
2021,101837,3.7,12563.14
2012,155021,2.8,17270.42
2007,181475,2.0,4203.09
2021,2966,4.2,12869.51
2016,94776,4.0,4501.65
2022,175160,1.2,9169.9
2018,96447,3.0,2000.0
2015,73107,1.4,17000.2
2020,19391,2.3,7383.29
2008,56965,2.7,6815.54
2022,171046,1.7,19056.17
2011,106688,2.9,9650.87
2015,102424,3.8,24074.61
2020,20581,2.7,13402.76
2020,176344,1.9,20405.67
2007,103141,2.7,9543.25
2013,4025,3.4,19775.04
2012,127242,4.7,12250.76
2011,37025,3.0,30646.83
2021,178462,4.6,16190.57
2015,107381,4.9,18298.34
2008,69489,3.2,2000.0
2008,18678,1.6,2000.0
2009,137389,4.5,20599.16
2012,167307,4.4,8010.68
2014,62348,4.5,21561.13
2021,198079,4.8,15661.65
2010,70649,2.1,9545.38
2013,162579,2.3,8106.04
2014,121493,3.7,2000.0
2012,62784,3.3,11662.83
2019,53223,4.5,20185.91
2022,7739,2.0,29552.87
2009,197756,3.6,2000.0
2022,24616,4.8,20190.3
2005,88400,1.9,2000.0
2006,85676,2.2,2000.0
2014,65283,2.6,17279.94
2010,96581,1.3,2000.0
2023,110252,1.7,15258.63
2015,15545,2.5,33037.34
2022,40176,1.3,18377.27
2020,11602,2.5,11440.72
2012,56413,2.0,2000.0
2008,193598,4.5,2280.88
2015,23047,3.4,3906.17
2014,167636,4.6,8204.52
2020,126160,1.8,7559.36
2016,68983,1.3,7631.81
2007,139348,2.4,7999.34
2015,122520,1.2,11292.24
2020,127136,4.5,18722.33
2007,12737,1.8,3932.48
2014,108659,1.6,2000.0
2020,4457,4.2,12983.81
2011,185594,3.8,6527.17
2019,142223,1.2,2000.0
2019,141987,3.0,2000.0
2014,199247,2.8,2000.0
2007,156678,2.5,2000.0
2010,130646,1.5,2000.0
2022,105991,4.1,20925.39
2009,13698,2.0,2193.88
2020,181154,2.8,13575.53
2017,144753,4.5,5520.45
2007,63011,2.3,2000.0
2019,144122,1.1,18712.63
2010,92771,4.6,12634.36
2008,178254,3.0,2000.0
2019,111836,3.0,19638.24
2022,87747,3.2,9219.34
2013,151265,1.7,2000.0
2008,95830,3.9,9470.01
2020,79842,1.9,5083.65
2022,97758,2.2,2000.0
2009,146089,3.5,2000.0
2017,157329,4.0,24699.12
2010,132996,3.9,2000.0
2023,133512,1.3,18958.53
2016,192979,4.0,4444.92
2019,36210,3.7,17768.9
2013,64904,3.4,6493.0
2011,30737,4.9,21732.21
2018,83127,2.4,32677.69
2023,58510,3.7,6091.08
2020,71118,3.3,31200.83
2008,65018,2.6,2000.0
2016,106557,4.2,8054.61
2022,139426,2.6,33180.26
2012,70183,3.2,24516.06
2021,122090,3.2,23163.15
2007,49019,3.0,20584.87
2008,42043,2.8,10233.49
2014,13539,1.7,11825.52
2020,114926,2.0,10324.32
2006,174647,1.5,10490.19
2016,142057,3.9,21580.9
2020,14419,4.0,7966.45
2014,92152,3.6,8977.78
2009,76840,4.7,7274.89
2016,90640,2.1,14981.07
2007,106600,4.3,19089.44
2016,47640,1.7,15718.3
2005,176509,1.3,2000.0
2006,171100,1.0,2000.0
2015,156886,3.3,16063.68
2016,28552,4.1,6767.1
2011,97975,4.3,9404.52
2005,75992,2.9,28685.41
2017,121320,1.2,5318.28
2017,90262,1.1,2000.0
2006,177525,4.7,3561.6
2014,39724,1.4,16275.13
2005,48576,4.1,10645.55
2011,160389,1.3,2000.0
2017,10159,1.7,18415.33
2006,90027,1.7,2000.0
2011,196814,2.1,3567.52
2021,166662,2.6,12409.12
2009,156481,1.5,10464.04
2015,121395,4.9,19141.82
2015,20705,1.0,23277.03
2015,59201,4.1,23821.96
2021,187057,3.1,2000.0
2023,64898,1.3,17198.81
2012,88169,1.5,13843.97
2018,168451,3.4,5521.14
2014,97203,2.3,4337.73
2011,40902,2.8,2000.0
2006,178707,3.2,2000.0
2021,121106,3.3,9927.94
2005,134791,3.3,14377.37
2017,110530,1.3,9127.2
2023,125466,4.0,22101.92
2018,45703,2.2,2000.0
2022,18449,1.5,15444.36
2018,86300,1.4,4398.07
2019,48429,1.9,2000.0
2018,130546,3.5,22340.9
2009,175011,2.9,2000.0
2020,126850,1.4,2000.0
2009,13301,1.1,23902.29
2017,93064,1.1,2000.0
2020,184969,2.7,2000.0
2019,112359,4.2,2000.0
2009,64339,3.3,13905.79
2010,49089,4.2,12765.73
2017,24569,2.3,17288.99
2020,137472,1.6,2385.31
2014,107738,4.2,12462.77
2006,76419,3.9,2000.0
2017,26543,3.4,20558.09
2021,18788,4.6,38626.4
2005,114943,3.5,17210.83
2008,92767,3.1,2000.0
2022,95505,3.0,2000.0
2010,157484,3.5,8990.21
2016,171375,3.1,25984.73
2017,71676,2.1,16391.53
2006,153614,4.8,19945.38
2021,56764,4.8,16668.03
2014,188163,1.7,2000.0
2023,120210,3.1,13009.04
2009,53335,4.2,3197.44
2016,104541,1.2,2000.0
2022,142730,1.5,26426.98
2013,98331,3.2,10707.61
2015,178161,1.1,2000.0
2008,92856,4.3,22265.71
2014,145482,4.5,22566.53
2005,41280,3.9,2000.0
2006,101934,4.3,7666.7
2013,88823,3.7,10108.06
2022,27881,1.6,13201.88
2020,186997,1.1,10327.06
2018,96003,4.4,33942.42
2008,79077,3.8,3213.58
2006,192240,2.6,2000.0
2016,131403,4.2,6917.88
2009,100021,1.2,2000.0
2008,126423,2.3,2000.0
2019,164156,2.4,11806.87
2007,88164,1.4,12860.14
2021,69087,4.0,20679.18
2012,169938,4.1,2000.0
2016,60252,3.3,7793.68
2012,101221,2.7,3018.93
2009,7792,3.4,4643.03
2010,159964,4.6,9854.13
2009,157010,2.4,4991.72
2012,80884,2.3,7495.06
2022,178050,3.5,5724.59
2008,173764,3.7,5759.14
2008,73110,2.8,14144.23
2009,100932,4.4,15154.3
2019,20957,2.4,22921.48
2010,14111,3.6,2068.02
2020,162839,3.7,37980.48
2018,89968,2.2,23239.23
2018,47986,1.1,3479.56
2020,1209,4.3,23904.97
2008,16553,2.9,25311.97
2015,128802,1.4,10941.86
2023,162808,4.8,9373.95
2023,86316,2.2,15369.84
2012,15023,2.9,29279.25
2014,19819,2.9,15755.82
2009,198485,2.5,5141.45
2020,151508,1.6,12151.48
2007,199856,3.8,2000.0
2014,53025,1.8,21030.0
2017,75919,3.7,15180.5
2011,139786,4.2,10246.67
2016,36320,1.1,2000.0
2018,32235,3.9,6192.75
2014,87525,3.6,17916.2
2013,199314,1.8,2000.0
2016,32668,3.5,5759.07
2007,68068,2.7,7515.23
2017,49973,1.3,9896.5
2010,167348,3.1,2000.0
2010,180418,4.9,3122.27
2023,16849,3.6,14840.38
2011,166865,2.3,2000.0
2008,126027,3.3,2000.0
2009,57297,4.0,13040.0
2005,48287,1.6,2000.0
2022,133609,3.1,26113.96
2021,163939,3.0,21957.76
2013,8307,2.5,2000.0
2013,29051,4.0,27034.48
2014,185938,3.3,2000.0
2021,158519,3.8,15688.4
2017,141374,3.4,13976.35
2008,71811,4.1,4432.9
2022,107767,3.5,22556.81
2022,67438,3.7,19774.7
2013,35791,1.9,4070.71
2007,13739,4.4,5864.53
2011,121745,1.6,2000.0
2019,81221,2.4,33592.39
2013,186286,4.6,2223.97
2013,84513,1.4,2000.0
2008,39286,4.5,13711.06
2022,37707,2.9,42472.09
2021,102697,1.7,18400.47
2010,195862,3.9,2000.0
2011,7139,2.1,2000.0
2014,160039,3.7,13997.73
2014,126478,4.2,22970.97
2010,28786,3.3,7960.84
2010,14828,4.1,7370.01
2023,7224,4.7,36987.9
2012,183150,3.2,2000.0
2013,44173,1.6,4239.65
2005,39630,3.8,2515.97
2020,31371,2.6,17364.07
2010,76394,3.1,2000.0
2012,104308,3.5,13457.11
2019,34594,3.9,46384.77
2016,121240,3.6,6479.05
2014,48205,1.9,15478.58
2020,164865,4.0,7215.67
2019,66321,4.2,12048.0
2015,110626,1.2,2000.0
2011,182024,2.2,4401.18
2012,162186,4.9,5057.48
2015,27865,1.7,27636.4
2013,136258,1.7,7537.63
2011,113887,3.4,9864.15
2019,57704,2.4,33169.73
2019,170441,3.6,20784.86
2020,127269,2.1,25731.46
2007,183621,2.7,7503.66
2020,165066,5.0,9614.68
2019,68176,2.5,2000.0
2005,119738,1.3,3292.69
2018,36417,4.0,25006.69
2015,112936,3.4,10558.2
2007,95153,2.8,2000.0
2013,61700,4.6,10884.67
2010,64276,1.6,2000.0
2020,169477,3.0,13768.53
2015,35971,1.8,14645.04
2022,60740,1.3,10384.34
2021,105539,2.8,14638.05
2021,138365,4.8,8664.77
2007,173448,3.9,2000.0
2023,127377,1.9,33161.51
2019,64314,2.9,2000.0
2014,155306,4.2,3408.68
2012,57679,1.8,15163.43
2021,96284,1.8,15248.59
2008,22322,1.7,11972.5
2012,843,3.4,21163.54
2006,49145,1.1,12166.71
2012,26216,3.4,6824.51
2011,115812,4.3,5700.33
2013,193761,4.1,9098.45
2022,186786,3.7,28078.06
2021,119399,1.9,10259.57
2005,108805,4.3,2000.0
2016,180988,4.8,15055.31
2008,108196,1.7,3594.37
2021,43299,4.6,25948.94
2011,64723,4.4,7631.89
2007,126607,4.9,10136.15
2005,120263,2.3,9063.5
2023,7403,4.7,19376.02
2006,21013,1.7,2000.0
2010,189508,1.7,2000.0
2015,1604,1.4,2000.0
2008,42229,2.7,13872.6
2005,143934,1.0,4052.88
2015,110828,2.5,16711.35
2020,11594,3.5,8000.77
2010,72042,1.3,2000.0
2015,68326,4.3,2000.0
2012,190928,2.2,3564.19
2005,181476,1.2,2000.0
2018,167781,2.5,2000.0
2006,77950,1.6,2000.0
2010,156305,4.2,2000.0
2013,49009,2.3,2000.0
2018,21617,1.5,15456.36
2012,121074,2.8,3281.77
2007,191016,2.8,11127.03
2014,163795,2.1,7760.1
2022,48465,2.3,9509.33
2013,43415,4.1,3426.61
2013,80460,3.6,2000.0
2023,84763,1.9,2000.0
2017,106093,4.8,37158.63
2005,91842,2.2,2000.0
2021,159690,3.1,8111.88
2008,19622,3.3,7380.54
2008,56852,1.9,6777.79
2020,38052,2.2,12378.07
2020,68225,2.9,19508.08
2019,145971,2.0,10937.04
2010,138026,2.2,4698.93
2009,105567,3.5,2000.0
2014,162161,3.9,12843.44
2011,194087,4.2,4641.99
2011,39818,1.5,2000.0
2014,179920,3.9,2000.0
2014,87181,4.7,11341.49
2019,78593,3.3,19199.08
2010,173222,3.4,2000.0
2006,83262,4.8,14113.24
2012,50806,4.5,10099.82
2019,72672,3.2,7024.05
2022,156636,4.1,23521.03
2009,175577,1.7,2000.0
2008,49149,2.7,2000.0
2014,115765,3.9,18043.89
2023,65657,2.2,19121.28
2018,52347,2.8,22153.51
2017,67750,1.7,12960.15
2014,52143,4.6,12661.49
2010,190094,4.6,23616.82
2017,165909,2.9,21482.17
2015,185619,1.8,2000.0
2019,10076,3.7,15362.86
2006,133034,1.9,2000.0
2019,20407,1.9,16096.21
2023,90519,4.9,7752.12
2021,94689,1.4,4939.93
2022,55572,2.5,6442.41
2010,47919,3.2,11712.75
2019,18703,1.4,2266.16
2021,183463,1.2,14021.26
2013,106260,3.2,7492.97
2016,136627,1.5,11721.34
2009,1892,2.0,15710.15
2018,170247,3.0,2000.0
2012,177613,2.4,16298.52
2021,80749,3.8,11075.41
2013,47542,4.8,25703.86
2007,184062,4.0,2000.0
2011,89429,5.0,13718.61
2016,198097,2.6,9025.5
2007,95289,2.2,14587.44
2013,157700,1.9,14818.96
2018,167849,4.5,14741.12
2022,81518,2.6,4515.06
2015,198429,3.8,2000.0
2008,93022,3.7,3679.57
2012,96350,1.2,4888.36
2022,42846,4.5,7899.16
2017,59176,2.9,11005.59
2008,76594,1.9,2000.0
2014,74424,4.9,26833.33
2012,76092,4.0,14908.73
2016,127749,3.5,5145.53
2023,50921,5.0,9196.4
2016,150297,4.0,22177.44
2006,89861,1.5,2237.62
2012,44084,5.0,35658.24
2017,93856,3.4,6627.53
2005,81836,2.2,16578.08
2007,132189,4.3,6509.92
2006,7447,1.2,2000.0
2012,191579,3.6,3882.33
2007,148268,1.6,10923.78
2019,2460,1.4,2000.0
2006,53490,2.4,7363.32
2021,120171,2.4,23865.01
2010,112590,3.4,7289.15
2005,151175,3.3,2000.0
2008,187455,3.8,2068.57
2023,175978,1.7,10860.58
2011,190213,4.5,12079.39
2018,49326,4.4,13631.81
2018,124592,1.9,25291.97
2014,125899,2.9,4068.66
2011,175095,3.0,2000.0
2020,80865,4.7,12875.49
2008,121428,4.6,9978.77
2011,33461,1.3,22924.3
2019,5976,4.8,21282.81
2021,52449,1.3,12915.22
2007,135440,3.2,2000.0
2020,134095,2.2,5059.67
2006,91321,2.6,9788.18
2011,107435,3.5,2000.0
2020,61891,3.3,23256.23
2013,47664,1.7,16826.52
2016,181752,4.9,24341.6
2005,180317,1.1,2000.0
2018,140594,2.4,2000.0
2015,42721,4.2,2000.0
2022,170500,4.4,16291.41
2009,145248,4.2,6073.49
2019,86969,2.5,8072.39
2011,19126,3.7,13177.35
2018,1096,4.1,22232.91
2012,90111,3.3,12910.84
2008,160912,3.7,14441.9
2007,54155,3.2,2000.0
2016,177815,1.2,10269.02
2022,149559,2.1,18405.41
2019,117430,3.8,8515.7
2015,70265,2.0,7791.24
2015,106511,2.8,10975.59
2016,180349,3.1,2132.51
2023,64086,3.7,17208.12
2021,31185,2.0,9134.94
2010,178965,3.4,2000.0
2012,153453,3.4,11403.52
2019,48555,4.4,17828.56
2014,185898,3.2,2000.0
2019,11764,2.2,10021.54
2016,58132,3.1,10857.35
2015,152954,1.4,2000.0
2022,170247,3.4,2000.0
2009,166192,4.7,2000.0
2016,108007,3.1,2000.0
2009,137955,2.2,2000.0
2014,69756,2.6,4008.26
2018,28293,4.6,22042.4
2020,24656,4.3,9147.53
2009,42604,4.2,12315.96
2015,196782,3.3,5677.8
2023,123555,2.6,11776.22
2012,41307,1.5,11468.37
2023,10104,4.9,26788.46
2022,25966,1.7,16900.7
2016,50710,2.0,2000.0
2017,17822,4.1,9409.24
2022,133997,2.4,20555.19
2019,96829,3.3,4252.02
2019,4819,4.0,7686.14
2016,136443,3.2,13066.39
2013,11984,3.0,27681.05
2023,88297,1.2,16477.64
2016,140352,3.0,22441.22
2009,131364,2.8,2000.0
2014,70979,4.5,21274.72
2011,140254,2.8,7733.34
2015,44362,3.5,11234.06
2012,2576,4.1,19529.11
2011,104582,2.9,10409.6
2020,819,2.0,10054.64
2020,175522,4.6,21973.72
2018,86145,4.6,29680.31
2019,194471,4.6,9178.55
2013,183844,2.1,2000.0
2020,155385,2.3,2000.0
2020,72248,4.7,16077.15
2009,126308,1.5,2000.0
2007,145929,3.6,7585.29
2017,27083,2.2,17270.1
2012,27565,3.9,17931.47
2021,114265,4.3,5000.48
2009,5751,2.6,17822.28
2010,29285,1.6,8642.57
2006,71150,3.9,2000.0
2018,37402,1.2,2000.0
2008,86276,1.1,2000.0
2007,85564,4.5,2000.0
2013,134279,4.3,2000.0
2022,114590,3.3,2000.0
2016,2656,3.7,5934.84
2013,124564,4.8,2000.0
2022,148706,1.3,2000.0
2017,42772,1.9,28398.53
2018,26418,3.9,13066.72
2014,114915,2.1,2000.0
2007,102202,1.8,5233.26
2011,95645,2.8,10486.26
2022,109787,3.9,24241.6
2020,32720,1.8,9216.98
2021,124139,2.7,13577.8
2010,37907,3.1,18036.63
2016,72103,1.7,2000.0
2023,134532,2.9,15442.2
2007,92504,4.5,21142.23
2007,191113,4.0,7765.74
2022,35282,3.0,25467.52
2015,168124,1.5,7786.0
2010,161384,1.1,19032.53
2023,136576,1.3,3623.36
2009,85089,4.0,2000.0
2017,129976,3.8,2000.0
2009,121101,4.0,8626.67
2007,17048,2.2,2000.0
2023,87257,1.4,7423.36
2021,195855,3.9,8244.78
2007,113353,4.7,14110.26
2019,112107,2.8,18269.6
2021,29100,4.1,13699.67
2017,2632,3.9,28698.42
2018,179771,4.4,10756.52
2020,199673,1.1,2000.0
2015,100193,4.8,19533.1
2021,177118,4.5,3208.84
2009,113298,4.5,2000.0
2019,27694,5.0,12685.59
2022,110814,3.6,32625.24
2020,17343,1.3,16211.79
2018,15406,4.3,18502.87
2018,34775,1.5,2000.0
2017,62240,4.0,22350.73
2005,164561,2.7,2000.0
2010,165094,1.0,2000.0
2015,198953,2.7,2382.46
2015,98408,4.2,2000.0
2020,34429,1.3,2477.07
2007,13170,1.0,2000.0
2021,70954,2.8,24316.74
2018,148547,1.0,22090.29
2006,158368,4.7,2000.0
2013,153195,4.3,16296.11
2012,127776,3.5,2000.0
2015,6960,1.1,2000.0
2011,179795,3.3,2000.0
2006,58408,3.7,2000.0
2008,97479,3.3,12643.17
2018,165411,4.8,33769.8
2017,35783,4.3,14511.04
2017,72542,2.5,16740.15
2017,150902,3.8,14623.18
2009,83349,2.8,6417.54
2016,81129,4.7,26177.92
2010,16625,3.5,16689.05
2018,105390,3.3,13536.19
2012,124242,3.0,2000.0
2012,83987,2.5,2000.0
2011,91990,1.6,29764.66
2021,122519,2.1,2000.0
2015,40106,2.3,16843.82
2014,146647,1.6,16802.79
2017,96099,4.3,2000.0
2014,174920,1.0,8558.07
2018,72423,4.7,11126.66
2013,37903,1.5,19855.16
2011,77988,1.2,2000.0
2011,110258,5.0,2725.4
2022,70913,5.0,17922.63
2020,35168,1.8,2000.0
2012,85078,1.5,9053.42
2020,174950,1.8,2000.0
2023,79792,3.0,3075.1
2019,6902,2.3,13249.09
2019,80624,2.3,3205.34
2010,72545,4.2,8711.48
2013,150536,4.6,7384.18
2019,134606,4.9,14474.42
2011,77335,3.1,4478.91
2012,7791,2.0,6584.27
2022,9512,3.2,22044.21
2020,21720,4.5,20461.84
2019,145635,1.1,2000.0
2007,183327,4.6,2000.0
2005,84756,1.9,2000.0
2017,193766,2.2,18555.43
2016,42094,2.5,2271.86
2013,191576,4.7,9898.06
2006,94209,1.7,2000.0
2013,161694,1.9,6070.49
2012,199325,3.9,2000.0
2009,153870,4.7,2000.0
2017,89361,1.4,2000.0
2006,158239,3.1,2000.0
2014,47373,4.7,27434.96
2010,8381,4.5,35022.21
2011,142033,4.8,19188.04
2007,101683,4.6,4868.53
2018,126997,2.3,14632.45
2020,145421,1.8,3252.98
2010,112333,4.6,17862.78
2012,148943,3.8,2000.0
2005,156215,2.5,7421.75
2019,20207,3.9,14149.49
2021,194484,2.2,8733.87
2022,2622,3.3,39293.67
2007,103823,1.9,5875.94
2010,129575,3.2,3845.16
2021,160549,4.7,16952.66
2017,913,4.1,39277.69
2021,194838,3.6,17313.26
2020,13055,2.0,12254.7
2021,103533,1.3,14802.41
2005,188463,3.8,4867.9
2020,21585,3.3,19617.4
2010,158381,1.9,9350.53
2012,141936,4.7,13866.48
2005,152853,3.2,9380.12
2006,94588,3.3,2000.0
2019,78133,2.2,2000.0
2009,131613,4.5,6724.65
2019,103166,4.6,13606.05
2014,31983,3.9,23113.16
2009,140470,1.4,2000.0
2007,24759,1.3,2000.0
2010,61353,2.9,2000.0
2019,59325,1.6,19343.58
2022,186833,2.3,20832.0
2018,21118,1.7,22515.51
2014,79284,2.2,11933.2
2008,86609,4.8,4214.36
2015,107752,4.0,6378.92
2011,76479,1.6,16025.01
2019,151552,3.7,11458.66
2013,170991,1.1,2000.0
2019,31081,4.9,31250.7
2016,119502,3.1,16693.42
2022,36548,3.0,13702.07
2010,74010,2.0,8392.07
2022,118288,2.8,17816.8
2022,30888,3.1,23253.75
2010,31608,3.6,2000.0
2019,9401,1.2,8034.48
2023,55417,2.4,10566.59
2009,65976,2.5,7067.93
2008,52959,1.6,12425.59
2021,45694,2.0,10086.42
2014,163493,1.9,9391.87
2016,49625,4.2,5881.87
2009,105593,3.7,2000.0
2011,116545,4.7,21090.44
2016,19163,2.2,10175.58
2006,5036,4.5,23437.32
2021,179990,4.5,7274.8
2017,196593,2.8,11683.53
2009,127635,3.5,2000.0
2009,127267,3.4,2000.0
2016,97193,2.2,7854.49
2016,151798,2.0,10421.2
2011,124426,1.7,2000.0
2010,77083,4.4,2000.0
2014,156204,3.1,6559.66
2023,38011,2.4,29861.77
2020,88953,3.0,2310.4
2006,102646,1.3,2000.0
2008,175509,1.4,11821.47
2013,161104,4.0,21502.3
2009,37822,4.6,20979.28
2005,191646,2.3,2000.0
2015,118026,2.6,16235.28
2023,56909,2.5,28834.51
2007,42786,2.9,19313.87
2005,129918,2.7,2000.0
2008,190614,2.5,15128.34
2013,27932,3.6,20378.35
2020,186518,2.1,19255.57
2011,94187,4.8,10382.0
2009,53371,2.2,2000.0
2017,155642,1.9,10853.03
2015,61155,4.9,18836.69
2018,6415,1.9,18590.02
2021,100198,3.1,3603.32
2016,38227,2.3,24773.63
2023,62098,1.3,12181.57
2009,118489,4.8,21313.92
2012,51807,2.5,24042.62
2006,134590,3.6,5983.44
2021,21460,4.4,18641.61
2006,42440,3.2,3056.57
2007,64042,3.9,9041.95
2022,190994,4.1,29327.21
2019,64624,2.5,23458.11
2009,196472,3.5,6910.31
2021,29396,1.8,2000.0
2018,189969,1.2,2000.0
2005,115333,4.9,2000.0
2018,124429,1.4,2000.0
2013,79935,2.7,2000.0
2009,1698,1.3,8844.25
2008,122625,4.7,2000.0
2005,176645,1.4,2000.0
2007,36194,4.1,14710.42
2015,44664,3.9,11513.67
2020,11416,1.2,2000.0
2015,45384,3.9,28710.42
2014,152241,4.9,20964.65
2016,70110,3.1,3495.02
2009,98694,2.2,11309.64
2014,178750,3.2,3916.51
2017,143771,1.5,2000.0
2023,17665,4.8,47069.29
2011,100026,2.5,16979.82
2020,178071,2.8,13697.63
2010,17341,2.6,22112.77
2014,170277,1.1,2000.0
2014,49914,1.1,2000.0
2015,71132,3.2,19176.52
2014,5949,3.0,5954.87
2018,46784,4.9,21296.26
2019,6621,2.1,18521.86
2011,61037,2.5,4198.39
2017,190175,5.0,13612.01
2015,199497,1.2,2000.0
2011,171617,3.6,2000.0
2015,5514,1.4,9629.08
2018,39983,4.8,13162.27
2021,28656,2.2,2494.17
2020,93621,4.3,16427.04
2005,88538,4.6,2000.0
2013,146353,4.4,2000.0
2013,162543,3.2,8886.71
2014,138825,4.9,16681.83
2023,139813,3.7,12021.15
2019,67541,4.1,46392.44
2020,182407,2.0,2000.0
2015,27141,2.7,12094.54
2021,180547,3.4,23395.76
2023,141189,1.6,5658.25
2017,90222,4.9,2000.0
2010,1823,1.4,13379.45
2019,20005,3.9,2276.57
2020,132210,1.2,2000.0
2008,165560,1.4,5286.44
2012,49875,3.5,23071.82
2011,154087,2.8,2000.0
2021,133484,1.0,4149.45
2020,79331,2.6,5795.22
2006,99070,2.0,2000.0
2021,13119,4.5,27791.02
2008,11573,3.8,4575.58
2018,108656,3.9,11473.17
2012,75021,4.8,10511.73
2009,158015,3.8,2000.0
2009,4017,1.6,13132.46
2009,168110,4.7,19020.66
2009,194357,1.5,2000.0
2007,182182,1.8,2000.0
2010,159869,2.1,2000.0
2005,140258,1.7,2000.0
2012,112082,1.1,8271.42
2017,22781,2.8,19582.38
2010,100155,3.8,2000.0
2022,158624,2.7,11402.33
2022,137982,1.9,6550.83
2020,3871,4.5,25527.01
2012,14627,2.6,18252.63
2021,28586,4.4,11515.3
2012,176326,1.7,2000.0
2019,74950,2.3,20400.53
2014,62126,4.2,6647.86
2005,54029,1.1,2000.0
2013,175283,4.7,12789.51
2021,104665,2.6,9227.87
2005,47733,4.9,2000.0
2013,20300,3.8,32506.39
2018,165910,4.8,16283.8
2009,8828,1.3,16305.23
2010,113747,3.9,2520.61
2009,195909,4.5,2000.0
2008,137914,5.0,11171.97
2020,108872,1.1,2000.0
2020,151131,1.3,11032.6
2014,114402,3.9,3592.21
2018,31430,1.2,22593.96
2017,117208,1.0,9607.54
2008,84445,3.2,20285.67
2018,29930,3.1,11147.55
2013,119705,3.5,9759.33
2007,199243,1.1,2000.0
2014,23221,3.0,19347.4
2019,143478,2.1,4811.72
2023,259,4.0,27157.55
2006,150452,2.4,2000.0
2006,24192,2.4,11811.31
2013,106561,3.6,20618.12
2008,15733,3.6,2323.49
2009,117466,1.2,2000.0
2006,181393,3.5,2000.0
2011,143388,3.6,5213.14
2023,48948,2.8,21984.61
2010,90771,4.3,24635.39
2020,111491,1.0,17407.3
2018,86919,4.9,7933.85
2016,93653,2.5,4188.96
2010,115048,3.4,9502.27
2017,188245,1.1,2000.0
2019,136786,3.8,9291.2
2018,6043,3.2,26966.92
2012,187329,4.8,2000.0
2015,184021,2.7,2000.0
2013,124953,3.9,2733.74
2016,142625,1.3,2000.0
2010,94045,1.3,2000.0
2023,36528,4.8,24303.83
2007,29784,2.0,2000.0
2005,73904,4.6,2000.0
2019,53192,1.4,5419.6
2019,6170,3.6,22968.37
2009,40896,3.2,2000.0
2015,105287,4.9,10035.67
2005,94782,2.6,2000.0
2014,85919,1.2,2000.0
2015,44007,2.9,7115.02
2011,60849,4.3,5056.06
2021,112917,1.2,2000.0
2016,113638,1.1,2000.0
2008,142681,4.3,2021.28
2016,44610,4.3,5910.65
2007,99565,1.8,2000.0
2022,70818,3.6,15087.48
2016,19270,1.3,5604.25
2023,152398,4.1,28950.66
2017,152603,2.2,9299.39
2020,188671,1.9,11118.96
2012,177032,3.7,8796.53
2010,24354,4.6,6735.52
2014,81519,1.2,10093.54
2014,38639,1.6,22355.38
2010,103064,2.0,2000.0
2012,100284,4.7,18972.98
2022,181811,4.5,21766.99
2021,159200,4.6,8398.02
2014,88523,2.5,12241.25
2006,45832,1.9,2000.0
2016,85557,1.8,7364.78
2014,89220,4.5,24218.37
2013,56316,1.9,2661.18
2020,25790,3.1,24642.46
2011,66683,2.3,2000.0
2013,5550,3.0,17554.04
2010,23769,2.4,12523.66
2014,100754,2.2,9799.74
2011,138210,2.7,2000.0
2022,178476,2.3,15249.64
2015,191558,4.4,8898.83
2005,104661,3.3,2000.0
2023,74601,1.7,5670.52
2009,185888,1.9,2000.0
2010,74101,1.2,2000.0
2011,1194,2.2,2000.0
2008,170327,3.7,5103.54
2020,183751,1.7,21828.08
2014,29533,1.4,5297.76
2019,85401,2.3,13810.84
2017,136687,3.5,2000.0
2012,105762,2.9,12469.33
2017,15084,2.3,18648.07
2011,139088,4.5,9234.25
2021,157797,2.9,19312.18
2008,34825,2.8,2000.0
2011,44072,1.1,8528.42
2020,149873,3.6,25051.45
2006,37246,2.8,2000.0
2018,153926,1.6,13135.84
2018,57793,2.0,22430.82
2012,168458,1.8,2000.0
2010,145214,1.5,2000.0
2011,17393,2.7,2000.0
2011,134850,2.5,11643.46
2006,102284,2.4,2000.0
2008,146390,2.0,2000.0
2017,47068,2.7,19031.24
2014,44778,3.2,19416.44
2013,97506,3.4,12148.48
2019,132322,1.9,2000.0
2016,187233,3.9,2000.0
2014,174420,1.1,2000.0
2023,18703,4.0,2940.17
2009,169750,2.1,18188.1
2011,52347,2.5,2000.0
2015,68493,3.3,2000.0
2020,153794,3.4,10301.95
2017,13894,2.7,16197.8
2008,57063,4.8,11451.85
2020,25772,4.4,27466.54
2017,98290,1.9,12945.79
2005,167114,3.4,3070.78
2008,91168,3.9,2000.0
2019,108754,1.9,6068.88
2020,64181,1.1,3862.81
2008,178928,4.9,4938.26
2021,166888,4.8,19259.43
2015,100210,2.3,23431.11
2009,68475,2.0,6484.1
2017,11670,1.6,11091.28
2016,107036,3.7,26271.73
2007,123397,4.0,9632.58
2008,95142,2.7,2000.0
2014,192644,2.0,2000.0
2013,79967,2.8,15030.58
2014,123303,3.1,2000.0
2017,140121,3.2,5584.33
2005,11028,2.8,11689.49
2016,104762,1.0,2000.0
2015,34520,2.9,12272.95
2012,29587,2.4,5271.38
2018,187671,3.2,17822.31
2018,18050,1.3,20910.96
2021,64597,4.5,36555.67
2023,198471,4.5,13229.58
2021,135533,3.3,2000.0
2010,108909,3.9,5382.5
2018,169052,2.8,22289.05
2022,2118,3.4,8564.09
2021,38394,3.5,43727.3
2010,173381,2.4,6544.65
2009,7358,4.8,20920.81
2017,112853,3.4,16381.9
2020,42030,5.0,33905.55
2013,56291,2.7,2000.0
2016,160994,1.1,2000.0
2014,104664,2.2,9385.32
2017,63215,3.6,25625.53
2023,175519,4.6,27346.83
2020,111517,3.5,8898.56
2021,31572,2.9,10097.25
2020,158589,1.3,12514.65
2018,20649,1.6,17200.26
2020,99692,1.2,4534.0
2019,29927,3.8,12576.32
2016,123499,4.3,4307.53
2009,142663,1.7,11064.5
2015,156904,2.3,13287.74
2009,85638,2.9,2000.0
2015,129666,1.6,5782.75
2006,194596,2.7,2000.0
2023,38289,4.9,23098.09
2021,76411,3.9,34088.28
2023,131497,1.7,6557.47
2016,161672,1.4,2000.0
2009,80279,2.8,2000.0
2016,138080,5.0,2000.0
2020,41176,4.2,11494.6
2005,104617,2.2,6424.97
2006,8801,1.1,2000.0
2014,143717,2.6,2000.0
2006,25300,1.6,16955.2
2014,144229,1.7,2000.0
2022,140087,1.6,2000.0
2005,59111,3.9,15030.88
2009,75705,1.1,2000.0
2016,147345,3.3,2000.0
2021,111270,4.0,2000.0
2023,28465,1.6,31814.89
2022,61723,4.6,37197.04
2017,24759,1.3,18874.48
2007,75347,3.7,2003.73
2014,37094,1.7,2877.59
2018,24019,4.2,4760.29
2012,2435,3.3,17426.74
2014,131806,3.4,11195.18
2006,163997,2.4,8569.51
2017,189757,2.1,13776.5
2009,118180,2.9,2000.0
2015,180218,4.0,13249.94
2005,98295,1.7,2000.0
2014,7764,4.3,24204.46
2017,129600,2.9,14134.77
2008,17459,2.8,2000.0
2014,70658,1.1,22269.64
2016,112716,1.5,2000.0
2018,30342,2.7,28548.21
2007,173893,4.9,2000.0
2006,172030,2.0,2000.0
2023,59973,1.0,19403.7
2015,56993,2.7,9774.77
2011,23135,1.1,2000.0
2022,119823,2.3,5216.11
2018,186597,2.4,6262.82
2011,119687,1.0,2000.0
2011,68500,4.1,2000.0
2013,79114,4.7,6376.41
2016,177457,5.0,27348.83
2010,89942,3.0,19748.77
2011,37893,2.2,14522.49
2008,197741,3.9,2000.0
2020,168078,3.9,34113.9
2011,5786,2.5,3896.89
2012,28878,3.3,14784.75
2012,186796,4.3,17157.98
2007,106661,1.8,12570.27
2013,88013,1.1,15686.13
2023,77484,3.2,17976.54
2017,188536,3.7,2000.0
2011,117685,3.3,2000.0
2019,176540,3.4,3977.46
2023,166675,2.6,24644.52
2006,198693,3.6,13865.93
2016,39837,1.2,2000.0
2012,23854,1.6,2000.0
2012,18761,2.8,2000.0
2017,94406,4.8,19294.01
2005,52009,3.6,8700.23
2014,1455,2.4,17761.52
2013,58332,2.8,4438.6
2006,13682,4.4,6398.24
2023,1890,3.2,15971.97
2018,178278,1.2,2920.72
2014,125362,2.7,2000.0
2014,172681,2.6,5411.31
2012,59172,4.6,16725.3
2018,35196,2.2,2373.37
2017,94786,1.3,2000.0
2010,51469,2.4,2000.0
2017,57390,1.2,5983.87
2007,162707,4.3,9594.9
2017,127340,3.4,4140.54
2023,40816,2.9,11065.41
2020,187571,2.4,14824.61
2008,7282,2.7,14479.52
2007,81454,4.2,20374.71
2019,10446,1.7,27858.39
2019,16456,1.3,2000.0
2022,95490,3.2,3019.56
2011,134529,4.4,7807.64
2009,36853,3.2,10784.73
2012,174109,4.2,2000.0
2014,105892,4.6,13273.21
2005,131024,1.3,9716.75
2015,181767,3.4,2000.0
2007,146295,4.3,2000.0
2007,151952,3.6,17304.52
2019,96199,3.4,43034.6
2021,5045,4.2,12393.95
2022,33615,3.8,11257.61
2012,130321,3.0,11660.26
2017,192496,1.2,9533.25
2014,99699,3.5,7777.66
2007,93531,1.9,2000.0
2018,57414,2.0,2000.0
2017,30426,3.7,9183.27
2007,14113,2.8,2563.9
2017,57599,3.9,25098.11
2013,64614,2.6,2000.0
2020,66437,4.5,25252.58
2012,149339,2.7,2000.0
2016,51854,3.0,6550.54
2016,76396,1.5,11907.37
2023,124326,3.0,10066.9
2021,11110,2.0,13814.91
2019,20543,4.1,15885.25
2022,173326,3.9,26058.49
2011,95929,1.1,2000.0
2017,123747,3.0,11713.09
2023,76610,1.2,34201.62
2020,95238,3.3,2000.0
2015,148872,4.6,17955.34
2009,142336,4.5,21972.87
2006,63534,2.0,11061.69
2005,54025,1.6,2000.0
2020,87041,4.2,13654.93
2009,100886,3.2,10929.32
2011,132572,2.7,2000.0
2013,40887,4.2,30917.67
2008,95653,2.0,2000.0
2023,131886,1.9,19700.57
2019,107091,3.4,5980.54
2011,145611,2.1,2000.0
2022,37834,2.7,19878.05
2009,188642,2.8,8993.36
2017,76723,1.8,2503.87
2007,184059,1.2,2000.0
2010,119600,4.1,21789.24
2016,6086,4.1,13905.29
2022,11510,3.4,19609.06
2022,34832,1.6,9845.81
2008,182575,2.9,4494.41
2018,14200,1.7,17957.55
2018,157185,4.5,10622.94
2005,105668,3.8,17352.64
2015,30141,1.1,14770.63
2013,99668,1.0,2000.0
2022,82186,4.9,32461.16
2009,188375,1.2,2000.0
2014,144480,4.5,2000.0
2019,13594,4.8,8308.53
2014,173302,2.2,5962.04
2020,139298,3.2,2000.0
2008,32212,3.6,10430.91
2008,67,3.1,8647.13
2012,45663,1.9,2049.54
2010,49834,3.3,2309.04
2015,13232,2.0,2444.28
2017,76682,1.7,8027.31
2023,166978,3.0,13139.59
2015,46002,2.5,15633.95
2006,42291,1.1,14611.01
2007,134262,4.8,2000.0
2019,99156,1.2,2000.0
2017,81578,4.6,9348.36
2014,72889,1.8,10755.51
2009,160717,1.6,2000.0
2015,89157,1.3,2000.0
2018,93170,2.7,10427.88
2019,90868,3.3,8430.94
2017,110492,4.6,2617.41
2007,107803,4.1,2000.0
2013,145002,1.6,2000.0
2012,96177,1.7,22856.97
2019,133667,1.0,2000.0
2005,64402,3.8,10221.87
2006,1218,1.1,2000.0
2013,139747,1.6,9986.55
2021,63447,3.5,9287.78
2013,86603,1.6,23024.17
2005,154903,1.6,6107.84
2012,24384,1.9,3416.49
2009,193883,2.5,2000.0
2015,40527,1.0,8890.69
2010,94100,4.0,4484.15
2021,77277,4.1,12625.05
2022,58465,2.5,15961.89
2022,16665,4.2,30613.91
2009,172661,2.1,2000.0
2009,166306,4.9,15512.56
2023,159966,2.6,22575.04
2017,195835,3.7,27048.54
2011,168015,2.3,2000.0
2018,37689,2.8,13986.35
2012,43689,3.6,5992.41
2007,170396,2.4,2000.0
2008,65180,3.6,2000.0
2014,28040,1.6,2896.41
2008,199544,2.9,12265.15
2022,25927,2.1,2000.0
2016,13514,4.7,14843.44
2019,108801,4.3,2763.18
2017,56058,2.9,17524.08
2016,44398,2.8,12537.48
2012,89233,4.3,11134.38
2013,90948,3.8,2000.0
2013,137211,3.7,11621.75
2021,52601,3.2,28695.34
2005,61894,4.4,10770.31
2010,122262,1.8,17616.77
2011,79634,4.4,2000.0
2013,150457,3.1,2000.0
2014,104303,3.5,28229.98
2008,90544,4.8,11393.52
2020,20731,2.7,13650.19
2016,169959,3.7,17075.43
2013,78619,3.1,24393.63
2007,192330,4.7,2000.0
2013,142897,3.0,2000.0
2021,72586,2.0,11711.17
2018,87862,2.9,14433.95
2009,76685,4.7,2000.0
2005,43745,3.0,2000.0
2005,92272,1.6,2000.0
2007,86575,3.2,31405.92
2013,87097,2.6,20881.65
2010,26820,3.6,14687.24
2013,20192,2.0,13006.32
2008,56968,2.3,5027.14
2023,40642,3.1,26247.4
2009,120525,1.5,2000.0
2009,48145,1.8,4579.69
2018,115467,4.2,16099.01
2014,51414,4.8,2276.04
2020,171725,4.9,23951.56
2010,168571,4.7,2000.0
2018,50191,4.8,11342.2
2022,113316,4.3,3951.87
2013,96915,3.9,23810.5
2011,89875,1.9,2000.0
2022,105870,2.8,27998.19
2014,35048,2.6,5092.6
2006,79896,3.9,2000.0
2017,95632,2.9,9012.28
2010,181612,2.4,4239.38
2013,97574,4.3,33863.6
2012,56314,4.0,14534.16
2014,69044,2.5,10887.49
2020,198726,2.7,23802.55
2019,61127,4.6,29991.75
2017,45015,3.9,2000.0
2022,50734,3.8,7674.6
2010,145432,3.8,2000.0
2013,65056,1.4,2000.0
2022,163029,3.3,6990.88
2011,101122,2.2,2000.0
2009,62502,1.3,2000.0
2015,180900,3.9,15808.75
2017,43102,2.2,20510.23
2007,140677,2.2,15674.55
2005,71899,3.6,8089.95
2008,91017,3.7,11164.29
2023,169227,2.9,4246.2
2022,112109,3.2,27328.31
2010,22133,4.4,11761.65
2014,177217,1.4,2000.0
2011,22720,1.3,2000.0
2016,159039,3.6,2000.0
2012,179746,3.4,20303.66
2017,141486,1.7,2000.0
2022,196719,3.1,18620.31
2018,3379,4.0,22657.73
2015,187731,3.9,6565.11
2014,134223,3.4,2859.56
2010,194670,1.5,2000.0
2017,54758,2.2,16367.42
2014,182724,2.6,2000.0
2016,74140,4.2,4290.91
2005,68187,3.2,14308.0
2022,16308,3.9,12751.71
2017,155833,4.7,4708.18
2008,75304,3.5,21339.22
2010,134230,1.9,2000.0
2022,154847,1.6,2505.15
2009,167917,1.0,25676.57
2022,146557,1.7,25512.34
2009,115857,2.1,2000.0
2011,195624,2.1,2000.0
2013,110946,3.7,8387.53
2007,122300,1.6,13712.08
2016,113002,2.7,16723.64
2018,96791,1.0,2000.0
2012,196398,2.0,17095.96
2016,21787,1.2,12887.67
2011,128324,3.8,2209.01
2013,48793,2.4,2566.65
2016,7153,2.9,42651.34
2008,170165,4.0,7240.41
2009,55766,4.5,21259.28
2013,5931,3.1,5642.17
2011,27040,3.6,12753.68
2018,114329,3.9,2000.0
2021,148344,2.1,10809.3
2005,130197,3.8,2000.0
2019,65939,3.6,17402.59
2019,12801,2.8,11774.38
2005,106280,2.4,3110.0
2019,191029,4.9,5586.23
2006,27064,4.9,13939.14
2008,3985,3.8,20035.49
2021,81796,2.5,31034.15
2020,158687,4.0,2000.0
2022,59466,3.7,5402.83
2020,124052,3.2,18534.14
2012,6549,1.5,2000.0
2010,70664,4.8,13120.23
2006,12801,1.9,4073.08
2023,113901,2.6,2000.0
2017,182811,2.4,20292.92
2010,51380,1.6,2000.0
2010,48442,1.1,2000.0
2017,10505,4.7,22929.69
2005,77906,4.0,2000.0
2013,59228,1.1,28257.07
2016,80129,3.8,15544.91
2016,91695,1.5,4166.25
2008,63275,3.9,31035.44
2023,29621,3.0,14571.35
2020,185635,4.9,3920.88
2016,164487,2.7,11227.79
2005,19538,4.0,12259.41
2008,69024,1.2,26660.77
2013,15332,4.7,17791.2
2011,150234,3.2,2000.0
2014,24594,2.3,9945.23
2017,11793,1.5,8342.73
2012,20850,3.6,25514.87
2014,196274,4.0,11943.39
2014,60438,1.3,6018.1
2012,23936,1.7,2000.0
2019,112442,2.5,23585.28
2005,3827,4.4,2000.0
2019,164482,4.9,7009.53
2021,58889,4.0,23736.57
2017,125306,1.0,11453.3
2016,46790,4.6,15453.72
2007,66352,1.1,2675.26
2023,60215,4.6,2859.21
2009,190553,2.6,2980.6
2007,153382,4.0,9640.66
2009,166508,1.3,3003.88
2013,58207,1.7,5937.51
2010,61643,2.8,2000.0
2020,175659,1.2,2219.82
2014,77319,2.6,6270.41
2020,73095,4.0,19035.22
2007,118060,3.6,33626.7
2022,42890,2.4,45147.69
2015,95736,1.0,15934.32
2023,138080,2.1,12066.28
2019,59544,4.1,19603.43
2015,167902,2.4,2000.0
2014,110930,2.5,4017.09
2013,154348,1.3,5272.65
2007,110079,3.4,2308.97
2013,186294,3.5,12272.78
2022,124412,2.7,26797.89
2016,193591,4.0,12439.51
2020,53044,4.5,3649.43
2008,19184,4.0,3167.42
2005,181154,3.2,2000.0
2017,21633,4.7,13842.19
2012,168033,2.5,13516.65
2010,25368,3.6,10988.58
2012,27045,3.3,2000.0
2023,184259,4.4,10957.83
2016,176207,3.0,2000.0
2005,69919,3.2,2000.0
2008,109390,2.8,13288.74
2017,91881,1.6,2000.0
2021,61261,4.5,18713.31
2023,55464,4.4,21436.96
2023,101454,3.8,16485.71
2009,127046,2.4,2000.0
2015,151814,2.4,2000.0
2011,154322,1.1,2000.0
2007,133649,1.3,2000.0
2015,135377,3.1,7074.66
2021,53202,1.2,17685.41
2015,92276,1.4,17669.89
2019,146023,2.0,3281.51
2023,150604,2.5,23812.85
2012,78138,3.0,15024.88
2020,88074,2.3,6429.07
2019,40828,4.8,9284.92
2007,193586,4.8,2566.36
2010,18330,1.2,10253.72
2007,144314,4.9,2000.0
2009,34340,1.7,4364.41
2005,94468,2.3,5049.8
2018,60989,4.3,7846.34
2016,13823,3.8,13402.49
2017,82119,1.2,5408.46
2018,117065,4.1,23119.48
2016,69604,3.7,26033.25
2017,8281,4.8,23461.81
2010,71734,4.6,9855.89
2019,87951,4.9,11156.33
2020,41051,2.8,21033.38
2013,92215,3.8,25210.81
2012,130226,4.8,21976.43
2009,57283,1.0,2000.0
2019,59309,4.2,2000.0
2011,143420,1.2,2000.0
2021,63335,5.0,26853.3
2020,43124,1.1,2000.0
2015,82509,3.2,17586.64
2011,127211,3.1,2000.0
2015,124960,2.2,5986.33
2006,85558,3.9,2000.0
2006,52466,2.0,17915.28
2010,181009,2.2,2000.0
2007,24459,1.7,18636.48
2005,45076,3.9,2000.0
2020,10080,1.7,9271.41
2018,167885,4.6,2000.0
2021,20168,2.2,6300.83
2022,83097,3.1,23070.85
2008,31892,2.9,23296.84
2007,134037,3.8,6078.56
2012,32438,1.9,2000.0
2008,139565,4.4,6679.82
2019,198952,4.0,11666.65
2017,176900,2.4,10300.54
2018,103467,1.5,2000.0
2018,158963,3.0,2000.0
2009,40955,4.9,26825.82
2009,111010,1.1,7752.89
2017,147517,4.4,27780.29
2008,33625,3.8,2000.0
2022,83260,1.7,2905.91
2010,25393,2.9,14638.65
2009,193916,3.5,2000.0
2007,158755,3.8,5446.46
2007,21399,4.7,14530.41
2007,151108,4.5,8648.96
2006,117991,2.3,25856.57
2022,49941,1.5,10414.71
2014,26656,1.4,14234.44
2011,164420,4.9,2470.97
2018,157689,4.8,5160.6
2014,172383,4.3,15787.23
2020,100606,4.9,13166.88
2010,99377,2.1,7189.12
2021,108527,4.3,16306.82
2010,31766,3.0,23537.26
2022,73097,4.2,28291.71
2014,130929,3.4,12724.1
2014,110864,4.4,4481.56
2013,149338,2.6,2000.0
2019,135417,5.0,5481.01
2015,148716,1.9,2000.0
2011,72583,3.7,20245.26
2022,196839,4.2,11622.2
2006,178603,3.3,2572.76
2006,168569,2.2,2000.0
2017,125061,3.2,11050.81
2015,107590,3.0,15985.38
2023,44889,1.8,23191.09
2005,150992,4.1,2000.0
2021,185343,2.1,15173.64
2022,115990,4.3,38836.47
2012,69850,1.9,2000.0
2017,108519,3.0,2000.0
2008,188729,3.8,10402.17
2023,3474,5.0,13781.28
2007,87768,2.1,2000.0
2010,24039,3.5,2000.0
2010,14104,1.6,8631.3
2010,128404,4.3,15937.56
2012,17786,4.4,25886.87
2021,46716,4.6,20537.17
2014,130738,4.8,7500.25
2009,175430,2.4,5525.47
2023,122914,3.7,4098.45
2015,51269,2.3,14706.8
2014,153265,4.2,14621.39
2007,87950,2.7,3922.98
2014,16791,3.2,2000.0
2006,119363,1.5,15028.79
2013,78429,4.4,4936.96
2009,103807,2.9,11682.43
2021,6224,3.6,36748.47
2010,105909,3.7,5004.98
2015,27685,2.1,8002.16
2009,94045,4.2,2000.0
2011,18476,4.3,2000.0
2011,122214,3.1,9236.5
2008,76598,4.6,2232.51
2014,107474,1.6,5592.18
2022,1484,2.7,13222.19
2005,92526,1.2,2000.0
2018,19760,2.6,9662.71
2010,6326,5.0,27184.3
2015,164306,2.9,9447.84
2018,164814,2.7,25045.42
2007,176750,3.8,17318.55
2020,124802,1.2,10232.44
2020,70723,2.4,6826.18
2011,125477,3.1,7936.76
2012,112325,2.9,15657.99
2008,187696,3.6,24655.08
2016,199259,1.6,2000.0
2016,129778,2.6,12801.31
2014,14963,3.5,13918.65
2016,137310,2.2,16756.35
2015,126197,3.5,11527.46
2015,189100,4.8,2000.0
2019,178972,4.7,18165.39
2010,60494,3.9,3369.18
2015,195863,1.7,5237.06
2006,179860,4.1,2000.0
2013,41328,2.8,16551.48
2015,186646,4.8,2000.0
2020,61790,3.4,18294.21
2017,186773,1.9,2000.0
2017,112962,2.2,2000.0
2022,143877,2.3,2000.0
2005,197952,2.1,2000.0
2014,86037,4.1,8396.82
2023,158403,2.3,7523.76
2021,74860,1.8,2000.0
2005,40632,3.4,2000.0
2005,116167,2.9,15836.38
2021,87268,1.1,6449.09
2019,144297,2.1,15754.48
2006,183290,1.2,2000.0
2015,39859,4.1,16792.07
2006,190827,4.8,2000.0
2013,26496,3.0,2000.0
2023,84392,3.2,12543.43
2006,958,4.4,28309.07
2020,93399,1.1,19328.3
2013,123951,1.6,2218.8
2008,83408,3.6,2000.0
2017,86687,4.0,23234.32
2019,196529,3.5,18177.47
2006,149389,4.8,2000.0
2022,13584,2.6,32077.01
2013,169567,3.2,2000.0
2005,157664,4.8,2000.0
2007,37917,4.6,22906.7
2021,87672,1.1,3765.94
2015,56308,2.4,10863.83
2012,168814,4.0,2000.0
2016,89010,1.0,11974.15
2015,20321,4.5,10880.83
2017,167101,3.0,8187.63
2019,108798,1.3,5701.4
2021,121534,2.8,6018.51
2016,111349,3.0,16791.85
2023,97313,2.5,16734.19
2015,28858,2.8,15337.47
2014,41838,4.6,33751.4
2021,38336,2.3,11995.79
2017,64597,4.8,11545.69
2020,135840,3.7,8823.85
2021,111467,4.6,8148.8
2009,118901,1.8,5491.13
2013,5177,3.0,28945.83
2008,162833,3.3,2000.0
2013,73582,1.3,2000.0
2020,181094,3.0,11355.52
2011,162955,4.4,2000.0
2018,137673,1.2,2000.0
2018,74433,3.6,8831.51
2011,150145,5.0,8567.54
2020,56261,3.1,10976.4
2022,174291,2.2,11316.95
2010,4581,3.3,2000.0
2011,121975,3.2,22812.05
2023,39802,1.4,20646.24
2012,124457,1.9,2000.0
2005,29698,3.7,2000.0
2021,51119,3.4,13066.17
2023,60393,2.4,21314.48
2011,5080,4.9,30140.76
2022,64652,3.6,16024.4
2010,68664,1.9,2618.78
2010,120023,2.9,2000.0
2005,62577,3.8,2000.0
2014,153278,3.7,3729.58
2012,161522,2.0,12844.06
2011,78117,3.6,12897.53
2013,114490,2.3,28932.79
2005,122907,2.8,2000.0
2015,44569,3.7,17246.52
2007,9811,3.3,12270.76
2022,181568,3.9,8172.26
2010,77641,2.5,2000.0
2015,93897,4.0,25462.3
2009,86588,1.1,3932.58
2008,143032,1.8,2000.0
2012,126709,4.9,5649.06
2014,187904,1.3,2000.0
2007,91039,3.6,2000.0
2017,18162,4.7,19020.32
2021,199711,4.4,2437.06
2009,169706,4.7,22248.65
2012,5530,4.9,18377.65
2023,199696,2.4,2000.0
2022,122779,2.3,19080.99
2005,23128,1.5,2000.0
2008,70707,1.8,17196.39
2022,135537,3.6,21300.93
2018,90275,2.3,12646.14
2015,29998,2.4,16742.72
2013,27333,3.6,22979.62
2017,65886,1.4,3230.03
2021,6522,1.2,7964.57
2019,177590,4.2,16748.06
2006,98504,4.2,10441.52
2010,89194,2.5,16700.49
2011,35320,3.4,17725.78
2006,187379,2.0,2000.0
2017,180047,2.5,2123.96
2014,110424,1.1,10821.08
2020,113959,2.1,4319.84
2013,164891,1.1,2000.0
2012,57630,2.7,12560.03
2019,56662,3.1,14338.58
2011,113305,3.0,26080.19
2023,108291,2.4,11988.68
2008,134630,1.8,21629.55
2013,194154,2.8,2000.0
2023,195834,4.5,17215.21
2006,73834,4.9,18761.71
2011,182777,2.3,2224.39
2023,3513,4.9,7317.64
2010,140532,2.7,2000.0
2019,186446,3.5,2000.0
2011,156388,4.2,2000.0
2010,196630,2.4,2000.0
2005,113860,1.8,2000.0
2018,49512,2.1,7886.51
2005,28669,4.4,2000.0
2010,103099,4.7,2000.0
2022,99754,1.5,21439.9
2021,57560,3.8,10860.52
2006,31709,1.1,2000.0
2012,196342,4.5,9600.24
2006,87705,4.4,9983.55
2020,17011,4.1,8050.45
2008,19651,4.3,8964.97
2006,566,3.4,14875.26
2009,36526,1.6,2000.0
2021,2020,4.7,18361.43
2006,69066,1.6,2000.0
2018,18890,1.9,3651.46
2011,75919,2.7,2000.0
2019,43882,3.0,19921.52
2022,25304,1.4,2000.0
2017,118016,4.0,7821.17
2016,47742,1.5,4077.56
2006,62124,3.6,2000.0
2016,164445,2.8,7437.84
2010,129925,4.2,2000.0
2005,91354,2.2,2000.0
2005,38451,4.3,2000.0
2019,52754,2.0,20371.69
2020,144741,3.3,28306.53
2011,20754,2.9,2000.0
2018,124779,2.4,5586.61
2023,102047,1.0,6152.05
2023,135919,2.6,11353.69
2017,81472,1.5,16315.04
2016,38446,1.9,8301.67
2005,97676,3.8,12731.82
2016,60489,3.3,9094.76
2008,115363,3.1,2000.0
2019,69589,3.3,16496.31
2020,197317,1.5,2000.0
2019,131994,1.7,6321.45
2012,98711,3.2,2000.0
2023,50261,2.6,20375.58
2019,167432,2.9,6955.9
2022,143862,4.5,2000.0
2015,145639,1.7,2000.0
2013,20343,4.6,18450.87
2005,186865,4.4,2000.0
2013,162214,4.6,2000.0
2016,1490,3.6,27829.35
2006,128369,4.5,2000.0
2015,60928,5.0,26068.81
2018,159498,2.9,2000.0
2006,118888,4.4,15776.74
2019,83401,4.6,16528.04
2022,165120,2.2,16700.6
2018,178650,2.8,2000.0
2016,97914,3.3,4734.3
2014,162795,2.4,2000.0
2018,16178,2.3,14297.47
2019,128272,2.5,28406.87
2009,192358,2.7,7242.37
2006,37622,2.0,2000.0
2010,41834,2.9,2000.0
2016,139127,4.1,5403.76
2006,130241,3.5,4361.15
2008,155759,2.5,17387.79
2011,186390,1.6,2000.0
2020,170920,4.3,4369.91
2005,171901,3.0,2000.0
2005,104762,4.9,13002.41
2018,73929,2.0,10707.36
2015,81396,1.7,5028.0
2016,174685,1.0,2791.13
2015,127000,1.3,13948.01
2010,83451,2.5,7169.33
2016,140653,1.8,2000.0
2016,81617,1.2,6442.65
2014,83537,1.9,2000.0
2012,45101,3.9,13427.4
2023,24940,3.9,21023.34
2011,68907,1.6,12922.51
2018,11016,4.7,9707.03
2008,154015,1.6,2000.0
2005,54617,1.4,2000.0
2012,83292,1.7,2000.0
2009,2237,1.6,2000.0
2012,101778,3.5,2000.0
2012,65263,1.6,2000.0
2011,20852,3.5,2000.0
2023,136830,2.1,18334.2
2008,175394,2.0,2000.0
2010,45003,4.6,12768.55
2016,85895,1.9,20865.6
2022,9176,4.5,15536.02
2016,29658,2.2,2423.18
2022,125038,5.0,19789.52
2007,136746,4.9,3447.12
2014,148982,4.3,10654.89
2011,27948,4.5,6417.8
2007,187013,4.3,2000.0
2023,197644,3.5,23683.85
2017,27749,4.2,16337.71
2008,92356,3.5,2000.0
2014,128390,4.4,2000.0
2010,26678,4.7,15993.23
2005,198838,4.0,2000.0
2010,148498,4.9,2000.0
2012,45418,2.8,8892.94
2019,171781,4.7,20883.5
2012,125400,1.9,2000.0
2010,159752,1.1,12644.89
2023,109203,1.5,16415.47
2018,137240,1.6,8692.39
2006,178148,4.3,7492.59
2011,103845,2.6,6935.14
2012,102209,1.9,2000.0
2014,1080,4.2,2000.0
2017,77333,1.8,13637.71
2005,181047,1.3,2377.74
2013,118307,2.9,2000.0
2014,36018,1.3,2000.0
2006,198723,2.1,10892.14
2015,85487,3.8,16842.86
2009,103424,2.5,16614.98
2022,73775,1.3,26641.51
2011,11927,2.6,16431.45
2007,944,3.1,11776.78
2020,52420,2.0,22235.99
2019,19503,1.7,14455.44
2012,153528,4.0,4817.2
2009,10175,1.3,2000.0
2007,156002,4.8,6874.43
2009,134377,1.0,2000.0
2013,127412,3.6,14945.86
2020,185019,1.5,8912.67
2018,39537,3.2,18558.02
2022,110681,1.7,13225.6
2011,33136,1.1,2000.0
2019,158634,4.4,24686.36
2012,176025,2.7,8403.8
2007,75624,2.1,4144.71
2015,182771,4.8,15752.3
2022,150266,1.3,2000.0
2019,80312,2.4,11989.74
2014,98415,1.7,20322.16
2007,85992,5.0,10280.97
2019,184421,3.2,10881.08
2010,83117,4.2,2000.0
2015,61241,1.7,21766.97
2015,128923,2.2,10137.46
2023,35629,3.5,20456.39
2007,176323,1.7,2000.0
2017,13895,3.0,19988.17
2012,189621,4.7,15009.17
2015,130370,4.7,29038.59
2015,95344,2.4,11235.64
2017,58918,3.1,9032.95
2007,143864,1.8,2000.0
2010,63406,4.9,23228.71
2014,15430,3.1,4842.21
2023,39130,1.8,11445.85
2016,173572,4.4,22107.36
2018,128752,2.7,2000.0
2015,69120,3.5,2677.93
2014,61397,4.4,16818.67
2007,121212,2.2,19229.8
2017,54455,3.3,17552.59
2022,51078,1.2,19320.82
2017,31088,1.9,2000.0
2018,140669,1.6,14318.09
2018,2013,3.6,6359.85
2011,83640,2.0,7571.94
2016,93979,4.0,28364.68
2008,144537,4.0,2000.0
2020,196641,4.1,2000.0
2023,115184,1.5,5101.42
2014,158559,3.1,12423.99
2020,129045,3.7,2000.0
2009,198011,2.3,2000.0
2020,3219,2.0,13098.79
2005,139149,3.9,2000.0
2009,133782,2.4,2000.0
2017,157250,2.0,9170.16
2017,46994,3.3,19947.0
2007,111181,3.5,2000.0
2021,144036,4.1,9297.89
2023,28288,1.2,3303.75
2009,30714,1.7,7481.49
2009,3602,4.1,23108.27
2019,88024,3.1,17904.12
2014,4096,4.2,13033.85
2016,100638,2.8,2000.0
2015,71652,2.8,14645.6
2005,29610,2.5,2000.0
2007,66815,3.8,24535.83
2008,103253,3.4,2000.0
2023,65585,2.6,34841.96
2007,38419,1.8,2000.0
2022,129213,1.0,15319.84
2007,42734,1.4,4557.85
2011,121898,1.4,12316.62
2005,118276,3.3,2000.0
2023,137611,4.0,12258.41
2022,21754,2.8,6419.21
2006,4223,2.7,9511.8
2016,158392,1.5,7450.49
2021,49339,4.6,14296.71
2007,136374,3.9,2000.0
2016,194118,2.7,2000.0
2016,111169,1.4,15225.81
2010,94151,4.4,14393.17
2014,21241,1.7,10765.67
2010,33434,3.7,12790.15
2018,187803,2.4,23482.39
2006,41892,4.4,12629.33
2015,30798,3.3,28311.01
2019,136210,1.9,9060.09
2012,114141,1.1,10742.53
2017,102156,1.8,10390.07
2023,179973,2.5,23257.77
2014,13533,3.8,7524.0
2013,108672,1.9,16042.88
2022,164457,2.0,8034.6
2011,111354,2.7,7692.89
2007,97509,1.2,2000.0
2016,49944,4.1,6760.97
2019,58594,1.3,10262.87
2017,199052,3.9,7086.86
2010,141586,2.1,2000.0
2012,151689,2.8,2000.0
2018,132422,2.6,7127.35
2007,92942,2.0,19118.6
2020,47318,2.0,2000.0
2022,84195,4.8,9143.09
2021,88170,2.2,13722.51
2022,182430,1.7,10943.37
2014,192250,2.0,2000.0
2021,75805,3.8,15996.04
2020,58465,2.2,9165.52
2006,608,1.7,7820.19
2008,115471,2.7,2000.0
2015,179722,1.5,2000.0
2011,170906,2.6,2000.0
2021,131239,4.4,18499.15
2023,179410,2.5,17379.22
2010,119467,3.1,2000.0
2014,130885,4.2,5599.46
2008,170615,3.1,2000.0
2005,134328,1.2,2608.37
2011,133551,1.9,2000.0
2020,89511,4.6,31398.04
2021,192550,4.2,13226.84
2009,41939,4.0,7293.5
2014,158082,3.2,9193.56
2011,101120,2.4,28512.12
2017,8982,3.8,23909.23
2011,111333,3.7,2174.5
2019,50626,3.6,14333.45
2021,57277,3.0,2563.67
2007,102305,2.0,2000.0
2009,76176,2.7,2000.0
2014,110170,3.0,24091.15
2009,126260,1.9,5014.92
2011,25702,1.9,12005.78
2011,190166,4.2,14741.05
2018,61541,2.3,13276.1
2019,104330,4.9,25575.03
2009,152206,2.7,4387.29
2009,11353,3.4,6993.16
2008,105610,3.0,8751.7
2013,146310,3.0,4544.74
2016,62766,4.6,5170.72
2020,107247,1.4,2000.0
2012,46596,2.4,19900.68
2013,145494,2.1,2994.12
2016,107354,2.3,16764.4
2011,118548,4.7,5071.5
2008,160710,1.3,2000.0
2007,179062,2.1,2000.0
2005,70264,4.0,20688.71
2011,64756,2.0,6750.73
2013,192357,4.3,8788.44
2006,62553,2.3,2000.0
2011,24029,1.5,11837.71
2014,182923,3.1,2000.0
2006,188298,3.0,5973.93
2017,18384,1.2,3475.86
2007,161161,3.9,3498.45
2017,87926,1.6,8420.59
2014,164079,1.9,5199.76
2016,198798,3.2,10874.98
2007,63182,4.6,6344.95
2010,168531,1.1,2000.0
2007,196483,4.3,11207.27
2006,2015,4.0,2000.0
2018,82082,1.6,12526.16
2019,53901,2.5,8968.02
2022,131102,4.6,14950.47
2023,137673,1.6,14127.58
2014,155461,1.4,17460.45
2021,174170,3.9,7194.35
2021,183050,2.9,3307.71
2023,118307,2.1,2000.0
2008,86985,1.7,2000.0
2015,17231,3.9,5532.61
2021,49943,2.8,20476.42
2014,155348,2.0,2000.0
2021,115196,4.8,3059.99
2016,121767,3.2,18081.69
2014,94952,2.4,7032.5
2014,176867,3.9,5243.14
2010,194416,3.0,2000.0
2021,14294,1.0,14946.49
2023,62996,4.4,22648.39
2006,122463,1.3,2000.0
2008,140276,5.0,14051.19
2022,101374,2.4,15986.72
2008,82994,3.1,2000.0
2010,153424,5.0,12586.29
2018,115156,2.1,25794.36
2011,182139,2.9,2000.0
2016,154685,4.0,2000.0
2006,154776,2.9,2000.0
2022,82655,2.3,28417.34
2017,8133,1.5,2511.56
2017,194021,3.1,12527.41
2009,188393,3.2,2000.0
2011,185272,1.9,4582.89
2016,81573,2.3,4720.53
2018,43816,2.2,21097.58
2005,20861,2.7,3989.87
2014,147551,4.2,15188.22
2013,74639,2.3,2000.0
2014,160530,2.1,12463.65
2011,77034,4.4,7736.62
2020,151892,4.2,25790.1
2016,175036,4.2,12703.13
2016,186905,4.0,2000.0
2023,189789,4.6,2041.06
2017,154471,3.9,17106.16
2022,154830,1.7,2684.04
2007,119743,1.1,7317.04
2011,7658,1.7,2000.0
2005,129622,2.5,2000.0
2007,80801,1.2,14097.97
2018,186234,4.0,2000.0
2008,151137,3.6,2000.0
2023,183033,3.9,22017.98
2010,47467,1.4,39396.2
2013,98041,2.3,2000.0
2015,142483,2.8,16098.01
2019,109109,3.4,15282.84
2013,193480,4.2,5355.37
2015,163769,4.9,21944.01
2014,146234,1.3,8226.13
2006,153582,3.6,2999.84
2018,57848,1.5,3539.58
2008,177997,2.2,2000.0
2006,71664,4.1,2000.0
2009,26841,5.0,10629.4
2018,38746,3.1,8744.45
2019,85980,2.4,29246.87
2023,199592,1.9,8085.63
2010,19180,4.1,14120.64
2019,5444,4.6,16247.75
2018,103235,4.4,17958.58
2012,69344,3.0,30518.49
2016,74216,3.4,2000.0
2008,46487,4.3,12747.09
2010,154399,4.7,9845.58
2015,157906,4.8,2000.0
2011,192770,3.8,2000.0
2008,25826,1.8,9975.2
2019,71654,2.3,21034.6
2005,104017,2.1,2000.0
2013,94072,1.7,4554.27
2012,14707,2.0,3667.54
2016,120919,4.5,20893.71
2011,156047,4.1,2000.0
2022,12596,1.2,20047.21
2005,184279,1.6,2000.0
2013,167939,4.9,2348.48
2011,119980,1.9,4539.2
2018,91679,3.5,26809.81
2005,3817,1.8,4143.55
2017,26849,1.9,7288.15
2019,72018,3.0,22501.86
2009,55353,3.0,12774.01
2009,153356,3.6,2000.0
2018,101627,1.7,8512.46
2018,51755,2.1,11329.46
2018,11691,3.5,32264.65
2009,1565,1.4,2000.0
2015,41878,4.6,14921.66
2023,81386,1.7,7726.37
2009,193037,2.8,2880.35
2008,181539,1.4,8386.74
2019,64556,3.7,11647.46
2011,135191,2.3,2000.0
2009,178938,1.3,4655.57
2019,83574,3.4,36989.8
2018,118146,4.9,8655.5
2007,65777,4.5,7198.08
2009,135404,3.8,2000.0
2016,166909,1.1,11194.6
2018,172325,4.4,30873.02
2009,48475,4.6,7500.73
2008,144470,1.2,2000.0
2020,168145,1.5,9537.74
2011,25363,2.8,3502.14
2007,116320,2.6,3674.04
2008,52225,2.2,2000.0
2010,184294,1.8,2000.0
2007,149732,3.2,3251.89
2005,111001,4.1,2000.0
2007,113409,4.7,6143.44
2012,62402,2.2,2000.0
2020,143817,3.8,14955.92
2011,100905,4.2,7940.69
2022,59604,2.9,19292.87
2013,141095,4.7,4255.41
2007,156033,1.1,2000.0
2022,95643,4.6,27250.1
2020,56834,4.6,23029.2
2005,49679,1.5,7479.53
2020,34179,2.8,30010.46
2016,191766,3.1,2000.0
2010,185309,2.6,2000.0
2013,20581,4.6,21016.28
2017,194124,3.9,2692.98
2016,82309,1.5,3661.33
2017,74953,4.7,30608.43
2022,151094,1.2,11903.4
2023,69328,3.4,35773.44
2023,193927,3.1,19129.2
2023,148296,1.3,12127.18
2010,107873,3.8,5216.03
2020,120400,4.9,16472.67
2011,95987,2.8,2000.0
2011,234,3.1,8329.11
2023,180337,2.5,6593.11
2020,80853,4.5,23215.12
2021,3138,4.7,17974.71
2023,82728,2.6,31456.1
2020,5159,4.6,39801.86
2020,188124,1.8,15959.43
2023,180634,2.8,20507.16
2019,116006,2.0,12200.63
2007,103988,1.9,2000.0
2019,119591,4.4,25193.53
2020,124467,3.9,18316.1
2009,66,1.3,2000.0
2023,182477,4.0,23796.57
2014,57684,3.3,4147.65
2017,8187,4.1,13934.7
2019,153409,3.4,15360.28
2016,143241,2.5,2851.8
2021,46131,3.0,28644.5
2019,115643,1.6,26345.99
2008,54785,2.2,2000.0
2019,165850,1.1,2000.0
2021,113841,2.6,19083.89
2015,165728,1.4,2000.0
2019,198370,3.6,15419.17
2011,122961,4.7,31785.34
2017,83107,4.0,19031.38
2017,2,1.8,12190.89
2006,27765,3.0,2726.3
2014,183951,3.8,2000.0
2022,131835,4.2,29553.52
2009,179594,2.1,2000.0
2023,155913,2.9,7566.93
2006,10921,1.4,21523.44
2008,180948,3.9,2000.0
2020,19224,2.7,7830.34
2020,87266,1.2,2000.0
2021,87301,3.1,11772.1
2019,26989,4.2,20419.86
2017,78590,1.2,20942.94
2005,2475,2.6,2000.0
2009,185351,2.9,2000.0
2005,104353,5.0,11715.0
2016,116979,1.9,2000.0
2019,76620,4.3,17468.89
2008,152490,1.6,2000.0
2023,119086,4.9,9315.44
2020,135537,2.2,19068.42
2022,70482,1.6,9917.1
2021,141586,2.5,11851.22
2015,41006,1.1,2000.0
2017,125044,1.4,23056.16
2013,134733,3.0,2000.0
2021,199172,4.8,6996.77
2021,70463,2.8,13294.26
2009,109162,3.6,2000.0
2012,191660,3.8,4423.01
2007,6179,1.1,2000.0
2010,133526,2.3,2000.0
2007,85407,5.0,2000.0
2012,36828,1.0,14575.61
2016,153260,2.9,14706.0
2008,113051,4.3,7952.82
2006,63975,2.2,2000.0
2014,175795,5.0,17866.37
2019,41738,2.9,5790.19
2017,182014,4.7,4005.76
2019,13119,3.1,14506.79
2023,23872,2.6,12342.38
2022,46152,3.8,32820.23
2017,89656,4.8,9627.38
2005,34369,2.5,4187.51
2020,29315,4.5,15197.86
2012,3843,3.6,16255.33
2010,48512,2.5,24627.91
2007,3675,1.2,2000.0
2020,77585,2.2,3917.66
2006,33773,4.3,2813.78
2006,60044,1.4,2000.0
2019,231,3.3,8135.01
2014,11845,3.0,20451.15
2005,22960,3.6,14508.52
2019,184810,4.8,24727.58
2005,194222,4.0,5205.72
2020,149589,3.0,3793.94
2022,159484,4.3,2000.0
2009,83610,3.8,5172.19
2009,148679,4.6,2000.0
2014,103274,3.9,2000.0
2016,149659,4.0,12364.4
2014,178932,1.3,2000.0
2006,9089,1.0,8451.52
2005,47635,4.8,11159.47
2020,138954,2.0,24617.01
2022,157517,1.7,8163.14
2011,106647,1.6,2000.0
2008,162892,4.0,8655.41
2014,50503,1.2,2000.0
2014,147627,3.6,2000.0
2015,5524,3.3,20081.32
2007,152313,1.6,2000.0
2018,22201,1.5,11331.71
2017,19817,1.5,15386.9
2023,167039,2.0,8673.82
2014,141162,3.6,11811.81
2019,163338,1.8,7943.66
2012,17743,3.6,6012.68
2021,123572,4.9,18228.7
2010,105736,4.4,2000.0
2011,177909,4.2,2000.0
2018,16483,4.8,15291.37
2012,112179,3.4,4541.98
2016,19826,4.1,27103.36
2022,183273,4.1,27593.65
2018,13196,4.9,8513.21
2005,26496,3.6,5233.59
2008,188843,2.1,2000.0
2021,115274,1.8,2000.0
2022,11159,2.2,15096.06
2023,27780,4.0,15667.97
2008,114943,3.6,2000.0
2010,83920,1.9,33847.23
2012,129427,4.4,5027.56
2019,35775,4.9,41982.46
2005,145038,4.0,2000.0
2009,97333,1.2,2000.0
2020,53654,3.5,6504.9
2010,144768,4.8,20083.94
2014,194473,2.3,18054.16
2014,153646,3.3,21136.29
2009,45170,1.9,2000.0
2012,37880,4.5,20696.15
2005,119589,4.5,8542.36
2009,51329,2.5,2000.0
2005,67116,2.4,19868.07
2011,101530,1.0,5357.98
2019,189409,2.3,2000.0
2018,135662,4.1,16094.87
2013,147537,1.1,8805.46
2012,184074,1.8,2000.0
2012,199620,3.9,13820.41
2007,122189,3.6,2000.0
2008,5301,4.9,4310.81
2021,181679,2.6,9033.41
2010,156845,1.5,2000.0
2006,187176,3.7,2000.0
2013,194533,1.3,2000.0
2018,166952,1.5,2000.0
2005,89482,3.3,2000.0
2021,24491,2.9,13838.5
2015,124191,2.1,10700.79
2010,188976,2.9,2000.0
2005,165944,4.5,12369.02
2023,116741,3.9,21165.81
2020,17328,2.8,11448.37
2022,90005,2.2,8971.15
2015,8770,3.3,9450.27
2013,140178,1.0,6097.75
2010,90273,3.9,3266.3
2006,122152,4.2,2000.0
2012,54888,1.5,5547.71
2020,131846,2.6,2000.0
2012,65592,1.6,2000.0
2012,154127,4.8,5015.75
2018,105530,4.3,10563.03
2005,32648,1.1,2000.0
2011,130809,4.9,2000.0
2006,184268,1.6,2000.0
2019,545,1.3,15530.52
2022,52132,1.1,17748.36
2008,37674,4.2,11025.95
2022,61486,4.7,17691.77
2009,42373,1.4,2000.0
2020,145573,4.9,13206.67
2017,92527,2.3,2101.15
2013,120186,3.7,14749.77
2009,3388,4.9,19908.3
2012,183427,1.0,7478.98
2022,50564,3.2,30343.55
2007,76357,3.6,2000.0
2010,66107,2.5,2000.0
2015,149196,1.4,10689.6
2018,48877,3.5,14139.77
2023,82267,1.2,20377.8
2011,148300,4.7,8823.12
2014,19049,2.8,8825.44
2019,135664,4.6,19381.54
2010,96766,4.3,21347.15
2010,183814,1.0,2000.0
2020,10691,2.8,28442.24
2013,57886,4.6,12737.9
2023,170453,2.5,5705.63
2022,43860,2.3,22418.39
2009,63791,3.7,20395.91
2020,127273,3.8,10244.49
2011,50521,3.6,2000.0
2023,139549,2.5,18935.93
2009,139124,1.3,2000.0
2015,68595,4.7,25360.76
2022,28797,2.3,8782.31
2011,98354,4.2,3639.27
2022,169378,2.4,17736.44
2007,15410,3.0,2000.0
2009,168406,2.5,2000.0
2017,60780,1.3,6098.18
2020,11495,2.3,23326.07
2016,138929,4.8,17237.3
2011,43677,1.4,2774.65
2017,138898,3.2,4331.14
2005,13791,4.9,11934.14
2019,181553,1.1,3798.45
2016,183122,1.3,2000.0
2021,26965,4.6,34371.83
2009,82443,3.9,2000.0
2021,90766,3.2,27613.51
2019,102905,3.1,2000.0
2023,127374,4.9,2693.3
2005,117877,1.1,2000.0
2008,84028,2.1,4042.86
2007,108434,2.3,2000.0
2012,184263,1.5,2000.0
2013,167922,2.4,2000.0
2016,22840,2.5,27084.18
2009,28638,4.8,10352.76
2013,123144,2.8,2000.0
2005,68870,4.7,2000.0
2015,66247,4.2,2000.0
2011,74640,3.9,2402.31
2018,95887,2.3,10375.97
2007,173766,2.7,2000.0
2015,63826,1.2,2000.0
2021,98635,2.5,7814.74
2022,122847,4.5,37891.91
2023,114094,4.1,33332.03
2022,192265,4.2,27017.95
2010,69370,1.9,8694.31
2019,123031,1.8,2000.0
2011,180017,3.7,2000.0
2009,129149,3.6,2000.0
2009,171050,1.8,3565.46
2011,24996,3.9,26108.36
2016,187881,2.5,2000.0
2012,73269,4.5,8038.51
2022,164092,2.5,2000.0
2022,140262,1.9,27162.05
2021,19939,1.8,22003.47
2015,8484,4.6,17857.66
2019,57512,4.4,36073.89
2010,158429,2.7,4226.01
2016,122495,2.0,10243.59
2011,180260,2.1,2000.0
2012,198052,2.5,4940.69
2008,22406,1.2,2000.0
2007,184615,1.3,2000.0
2007,190783,4.7,2000.0
2014,155360,4.1,14896.32
2019,7793,4.3,14551.16
2017,6677,2.9,25044.43
2023,55869,2.5,15391.68
2012,91034,1.4,2000.0
2022,124700,3.2,9569.34
2009,56335,4.0,12788.81
2011,144340,1.8,2000.0
2009,10634,2.6,8386.61
2023,6420,4.7,12421.01
2021,184968,4.4,31500.55
2023,69914,4.2,33807.91
2008,66534,1.2,6980.69
2011,4302,1.7,11957.13
2010,192362,2.2,2000.0
2018,138902,2.2,2000.0
2023,113202,1.5,2000.0
2015,18908,2.2,32505.72
2011,163970,2.7,6119.37
2007,194959,1.2,2000.0
2021,45191,2.6,19436.87
2015,174249,3.0,2522.18
2019,183240,1.2,16281.22
2011,168134,3.7,2000.0
2019,171975,1.3,3562.24
2021,185058,3.6,14992.77
2015,154671,5.0,2000.0
2016,24373,1.2,13217.71
2017,142076,2.1,2000.0
2015,173549,1.5,7151.47
2015,118886,2.5,2000.0
2013,49157,4.3,2000.0
2015,57355,4.7,8410.21
2008,2150,4.4,6116.37
2006,23226,3.8,14216.21
2008,79680,3.9,20283.23
2018,86442,1.5,6128.44
2009,61528,2.0,2000.0
2021,31435,2.5,10192.86
2016,196022,1.2,5779.58
2010,159066,4.3,7032.55
2016,54102,2.0,28757.97
2019,52434,1.2,22565.69
2023,138964,1.3,23966.17
2014,151060,4.9,26808.45
2006,93708,4.6,2000.0
2016,39907,4.8,13708.52
2016,15479,4.8,2413.3
2011,196785,4.2,2000.0
2005,113792,2.1,6280.52
2022,10802,2.3,10701.5
2007,109885,2.6,4415.58
2009,7774,4.1,15261.69
2019,16625,4.7,34235.48
2014,94111,2.8,2000.0
2023,173411,2.2,11494.82
2005,106332,2.0,2000.0
2011,13749,2.0,3469.81
2022,191945,1.0,12659.91
2006,46521,1.9,2000.0
2023,75732,2.2,11974.55
2014,187619,4.1,2000.0
2019,96663,3.2,17930.3
2014,197908,2.3,2000.0
2014,191505,3.4,19443.85
2016,89398,4.2,9160.87
2012,115758,3.4,2000.0
2018,54069,1.3,18982.28
2006,30591,2.0,6734.57
2021,110280,2.1,13307.0
2010,88563,2.5,6007.0
2012,59132,1.1,3013.45
2005,102591,4.0,21414.32
2007,145456,2.9,2000.0
2019,39005,4.6,25610.86
2021,86946,3.1,33539.1
2011,26348,5.0,21819.44
2018,36573,3.8,2000.0
2007,133286,4.5,10683.91
2022,130541,4.9,12567.54
2009,30973,2.9,22550.85
2019,122809,3.5,14073.95
2010,24632,4.7,14977.85
2007,55301,3.3,16378.0
2022,16621,1.2,39184.43
2007,732,3.8,4906.3
2012,130271,4.7,2000.0
2023,178765,4.1,12410.54
2022,22547,4.2,28857.02
2019,101128,1.3,13453.42
2018,127117,3.9,18650.23
2020,55671,1.1,9036.17
2007,133526,4.7,17727.16
2019,160559,4.7,7644.98
2023,161761,4.9,46423.82
2012,153679,2.2,5481.64
2006,176337,3.2,2288.5
2021,115455,3.3,3430.32
2016,142647,3.2,5527.96
2023,199032,2.6,25213.34
2015,170023,4.9,22522.15
2022,52576,4.5,16453.45
2017,115401,3.4,9865.03
2018,16469,3.6,25767.59
2016,50730,3.9,25260.7
2019,100320,3.4,12569.21
2012,11678,3.8,5588.51
2006,60771,4.3,3546.06
2012,45699,4.9,17517.36
2009,107767,4.4,2000.0
2006,15002,1.5,10718.57
2014,28389,3.2,2132.32
2014,128538,3.5,14382.42
2008,47971,2.1,6411.92
2008,29421,2.9,2000.0
2012,88238,4.7,2000.0
2010,138043,2.0,8333.09
2019,19235,2.3,12740.74
2022,102460,4.6,8592.34
2012,183465,1.4,2320.73
2011,198138,4.5,2000.0
2021,131846,2.2,16003.45
2023,51613,3.0,25459.34
2006,7985,3.6,2217.07
2016,139379,3.6,14681.2
2023,194268,4.9,22423.07
2009,30119,1.1,7889.89
2016,56808,3.8,3868.45
2021,83269,4.4,24726.76
2009,182969,3.4,2000.0
2006,60587,4.9,2000.0
2008,177350,2.7,5674.42
2010,19231,4.0,2698.71
2013,106318,3.7,2000.0
2014,197234,1.1,12112.99
2015,30028,3.2,7857.82
2006,104265,2.0,2000.0
2013,31143,3.1,13057.31
2021,177464,4.5,19807.71
2013,176650,3.5,5821.44
2012,23975,3.4,3715.64
2009,58983,3.7,2000.0
2009,158593,3.1,2000.0
2010,141685,2.8,2870.3
2020,188652,2.5,24812.79
2005,150513,3.8,4767.11
2013,58311,4.1,7145.35
2011,55088,2.7,11854.8
2015,94650,1.2,2000.0
2019,89125,3.2,30768.42
2009,76559,3.3,2000.0
2023,74747,2.9,18650.15
2010,163578,2.4,6798.52
2018,67542,4.6,21410.35
2018,108058,2.9,5594.27
2015,140105,4.2,18803.99
2008,193146,3.6,4036.49
2014,34971,4.1,3285.14
2006,146136,4.5,2000.0
2008,64705,2.0,12541.59
2014,123692,4.3,19761.99
2005,97440,3.9,2000.0
2018,55935,3.2,24953.03
2022,61105,3.2,20825.06
2016,199805,2.2,4880.35
2023,108205,3.2,20232.57
2016,103970,2.5,15075.4
2009,23790,4.6,17039.93
2008,173096,3.3,2000.0
2017,45241,2.2,3153.96
2022,18892,1.6,20286.3
2016,165558,3.8,11722.67
2020,161156,3.7,25900.39
2010,11524,2.4,2000.0
2011,2593,1.6,2000.0
2013,116160,3.9,3587.92
2014,164538,2.1,2000.0
2009,55602,4.4,2000.0
2008,189360,3.9,19647.16
2015,132297,4.6,18073.23
2023,78716,4.9,29528.45
2011,62060,2.4,12523.08
2017,100508,3.0,14656.67
2017,118014,2.6,2000.0
2022,198836,1.3,2000.0
2013,141720,2.6,2000.0
2017,136020,2.8,5532.22
2017,162768,1.7,14264.33
2009,20186,4.5,23679.34
2016,199707,2.2,10913.69
2005,93846,4.0,3011.79
2022,45926,1.3,2000.0
2021,148994,1.1,2000.0
2014,58912,5.0,33402.63
2013,60614,1.5,11201.16
2012,108560,4.1,7492.59
2019,162640,3.4,5554.16
2017,138050,2.8,2323.32
2021,12098,1.1,4528.07
2013,33313,2.3,19210.63
2015,63239,4.6,10170.01
2008,41143,4.6,14400.23
2011,49989,3.4,2000.0
2007,116580,3.3,2000.0
2014,187389,2.7,7464.5
2007,190357,4.1,2000.0
2005,145312,4.5,7069.54
2018,17841,3.9,30647.42
2017,76998,3.1,19959.81
2009,19184,3.5,2438.94
2012,167143,1.9,2860.71
2016,128367,5.0,5778.74
2010,157101,4.7,2340.99
2006,110131,4.8,2000.0
2008,154742,1.7,3376.65
2009,7489,3.6,5824.08
2015,15767,3.6,33023.8
2017,67247,2.4,2938.49
2012,156428,4.5,7415.05
2009,23871,4.1,20623.55
2010,121233,3.9,3756.17
2019,111219,1.1,2000.0
2020,48164,5.0,19602.75
2015,184373,3.9,13111.6
2011,69919,4.9,16776.27
2010,138523,1.3,2000.0
2016,118357,3.8,12500.69
2008,173100,4.0,2000.0
2018,189248,1.3,2000.0
2015,55242,1.3,15840.23
2016,63529,4.0,23117.47
2006,36256,4.2,2000.0
2015,134284,4.6,11890.41
2017,66452,4.1,8353.92
2015,156218,2.0,2000.0
2013,158447,4.9,29007.57
2020,51246,2.1,14272.58
2009,142502,3.9,16510.8
2016,95853,3.1,24971.42
2007,78295,1.5,2000.0
2020,169882,4.7,5853.66
2023,172652,3.4,4770.4
2021,160420,1.4,14205.75
2015,90882,2.5,4032.19
2023,39499,4.1,15660.38
2022,161798,3.5,18873.03
2013,119481,1.9,2000.0
2017,190030,3.3,2417.99
2010,3698,2.2,2000.0
2007,32969,3.1,8452.55
2016,135309,2.3,2000.0
2013,81870,3.0,3631.75
2013,19553,4.4,28162.05
2019,131064,1.8,19767.36
2005,2864,1.0,2000.0
2022,39128,1.6,2000.0
2019,15326,4.4,26050.08
2012,136484,2.7,10950.39
2015,187899,4.0,2452.93
2021,9349,1.1,5279.79
2018,51461,1.6,2000.0
2023,164216,3.3,19934.75
2009,73933,3.9,25966.96
2006,146444,4.2,2000.0
2019,62586,3.6,18414.2
2023,108553,4.0,45156.36
2020,167503,1.7,2000.0
2017,124514,3.6,5706.38
2011,63182,2.7,2000.0
2021,22678,4.7,24470.27
2023,164900,3.5,5662.15
2011,194424,3.2,5958.97
2016,191239,3.3,6881.23
2017,185817,4.3,8230.33
2017,21947,1.0,3652.0
2018,70660,4.4,18711.56
2019,41849,1.1,4821.47
2006,95457,3.3,2000.0
2010,150651,3.0,2000.0
2013,110994,2.5,2000.0
2019,162730,1.5,12018.74
2020,99114,1.5,4802.51
2006,9250,4.0,10572.27
2007,161235,1.5,2000.0
2012,158194,3.7,19456.54
2012,188927,5.0,2000.0
2011,135470,3.7,11667.6
2015,159308,1.3,8645.76
2017,184401,3.2,22355.67
2012,131729,4.3,5654.12
2013,55488,4.8,17436.43
2020,194783,3.9,30561.76
2009,98356,2.2,2000.0
2018,185334,2.0,2000.0
2005,176472,4.1,2000.0
2023,148564,4.0,19986.76
2021,33754,2.9,13804.29
2018,57199,1.3,28090.65
2017,119424,3.7,3580.85
2012,73938,3.4,14021.73
2007,119647,1.0,2000.0
2005,99079,3.6,7530.08
2023,9106,1.5,34447.78
2019,89359,4.3,20712.33
2012,164345,3.7,2000.0
2013,157505,1.2,2000.0
2017,174269,3.1,14211.98
2016,114261,4.2,6399.51
2013,142177,4.3,11142.45
2015,84921,1.3,2000.0
2009,162813,1.3,2000.0
2023,114452,4.1,13874.8
2022,180484,1.9,13286.42
2015,58053,3.4,7221.85
2015,133023,3.4,2000.0
2010,133442,3.5,11469.75
2005,104457,2.4,7924.49
2013,48068,1.2,4123.52
2011,41047,3.1,2000.0
2010,153939,3.1,9769.3
2014,199342,2.7,7781.07
2009,198864,2.1,2000.0
2005,50224,4.4,2000.0
2019,126487,2.5,2000.0
2009,118609,1.5,5407.18
2010,55094,4.0,8810.78
2009,10502,3.5,18628.35
2021,49130,2.2,8182.93
2022,167117,1.6,12861.32
2008,69505,2.8,2000.0
2006,109213,1.3,2000.0
2012,198096,1.9,2000.0
2009,26234,4.9,15965.74
2008,174099,1.6,2000.0
2018,10807,2.1,20038.42
2008,175049,1.6,2000.0
2012,100491,4.6,5318.77
2007,195912,4.7,2000.0
2018,9788,1.2,8449.25
2022,110022,4.6,21950.67
2016,110875,1.6,9567.67
2019,147821,2.6,15049.01
2013,43491,3.3,4236.39
2006,122882,2.8,9180.79
2005,19435,1.5,6702.22
2019,164623,4.2,17867.77
2019,105442,3.7,2000.0
2012,138231,4.8,15257.67
2007,103789,2.4,2000.0
2006,124939,2.7,2000.0
2008,176201,2.4,2000.0
2022,49389,1.3,12862.98
2016,77611,1.2,4080.5
2022,126059,4.0,25736.69
2014,42945,2.1,3581.64
2012,114188,2.9,9740.39
2022,112873,4.9,23340.75
2021,132534,1.1,17354.63
2023,63220,3.1,8118.37
2010,65344,3.1,13556.63
2018,189287,5.0,8057.58
2009,9413,4.3,2000.0
2012,149122,1.3,2000.0
2012,142700,1.6,2000.0
2022,39064,1.1,10726.69
2013,34424,1.8,5417.95
2018,33899,1.8,14678.97
2018,124851,1.4,2000.0
2018,31247,3.1,20988.38
2021,197418,4.9,19196.91
2006,65591,4.2,2000.0
2018,19907,1.8,14587.5
2016,155015,4.1,5765.07
2020,150118,4.9,10754.96
2010,199887,4.3,2000.0
2022,132605,2.9,5841.52
2011,17046,2.1,2566.67
2006,178475,4.0,2000.0
2017,52175,4.1,35866.99
2012,125557,2.2,2000.0
2016,104271,1.9,18584.67
2005,131069,3.7,8090.81
2013,62742,4.6,17721.86
2012,188559,1.1,6780.46
2013,155363,4.9,2000.0
2009,78052,1.8,3501.98
2017,170449,2.4,10605.19
2018,133076,1.2,2000.0
2008,175801,1.2,10708.78
2021,70970,2.1,13121.87
2013,37014,3.3,33847.47
2019,101700,4.6,9866.85
2008,105874,1.3,7905.24
2006,123682,3.2,21213.03
2017,41312,2.7,2000.0
2008,51126,5.0,6544.54
2022,58477,1.7,18652.83
2020,4561,2.5,18529.9
2014,164903,1.1,2000.0
2006,130387,4.7,4173.52
2018,66931,3.5,29645.5
2006,189964,3.4,2000.0
2022,181754,1.2,6078.9
2005,131124,1.4,5140.45
2017,19535,4.2,16425.95
2010,186088,3.2,9249.28
2021,63838,1.8,18671.85
2021,35554,3.2,17332.83
2015,14675,4.9,20941.67
2010,33912,1.4,2000.0
2007,2112,4.9,8509.55
2018,144823,4.1,21683.67
2010,33063,1.6,11422.01
2021,158637,4.3,9017.08
2007,112844,4.0,17391.18
2021,103046,3.3,12170.84
2023,50732,4.1,35851.87
2022,97557,1.6,29389.26
2009,199033,3.9,2000.0
2019,72755,3.6,22295.57
2007,130788,2.1,7443.5
2012,105315,3.8,3156.11
2011,68163,3.7,13024.1
2022,168645,2.0,24526.39
2014,147437,1.6,2000.0
2014,61506,2.4,15550.7
2023,190009,2.6,11237.69
2005,89538,4.3,2000.0
2006,8701,2.7,8784.53
2005,139007,3.9,15570.16
2013,182115,2.9,6794.33
2019,17845,1.3,19027.31
2022,72456,3.6,20915.81
2022,34738,4.6,35711.36
2011,1551,3.1,9611.68
2018,85771,3.8,5561.33
2022,147557,4.1,38150.64
2023,40851,2.9,22509.68
2009,156381,2.0,7930.81
2013,109588,4.4,13271.53
2022,158082,4.3,13307.31
2017,98395,4.4,9564.43
2009,198427,4.3,2000.0
2019,148612,1.5,2000.0
2023,4934,2.7,21594.28
2015,74232,1.8,11910.02
2013,185006,1.6,3833.27
2020,72404,4.1,19449.16
2015,43155,2.9,2000.0
2006,9125,1.4,7189.78
2012,115571,2.6,2000.0
2009,160057,5.0,2000.0
2015,19088,1.8,25736.72
2015,186665,2.6,2000.0
2013,151774,3.4,15130.41
2015,63840,1.8,2000.0
2009,127391,4.9,3966.81
2013,149565,3.5,20627.87
2005,162399,1.9,2000.0
2014,160367,2.8,2000.0
2012,26999,2.4,34365.81
2023,43606,1.5,9730.02
2020,176532,2.1,17829.55
2017,131032,3.2,6217.85
2009,138144,1.4,2000.0
2022,189694,1.2,3431.15
2013,16773,3.2,20083.22
2008,116336,2.7,2000.0
2018,41725,1.8,11610.93
2011,139611,3.9,10721.92
2016,110069,1.4,3616.72
2011,140609,2.1,20633.4
2015,163359,1.4,2000.0
2019,179263,3.9,7683.34
2011,179353,3.5,2000.0
2021,158212,1.8,2000.0
2009,81290,3.2,12387.37
2012,186239,3.8,2000.0
2014,110030,1.1,2842.67
2010,104368,3.7,5994.64
2006,189389,2.2,2062.14
2009,100541,1.5,2000.0
2014,24780,4.3,17860.03
2007,190675,3.4,11633.07
2017,47873,3.2,24250.39
2020,77912,4.3,6551.24
2019,89835,2.1,22595.67
2006,158650,1.1,2000.0
2007,109938,4.8,5118.3
2022,16715,2.1,22589.23
2019,27544,3.5,19012.09
2009,45763,4.9,37708.96
2015,171433,1.9,9202.54
2007,177606,5.0,10742.74
2013,98725,3.2,4724.27
2011,131047,4.8,5582.43
2006,51935,1.3,2000.0
2019,152746,3.1,11013.72
2016,125637,4.8,21526.78
2020,98552,1.6,30012.84
2020,170164,2.1,23750.93
2020,142810,1.8,20829.08
2023,197090,4.9,6127.97
2007,185727,2.1,2690.44
2008,97044,1.5,2000.0
2005,44435,4.2,8403.17
2012,175890,3.1,9023.67
2019,142496,3.4,25864.61
2009,125175,3.4,11839.19
2016,191427,3.5,2000.0
2008,123579,2.8,2000.0
2019,159739,4.9,20113.88
2010,93939,1.7,26399.85
2009,54384,4.8,13081.74
2015,53013,2.2,14286.44
2018,105010,1.8,11017.48
2015,9559,3.5,31459.93
2013,73850,4.6,22855.15
2014,176446,2.5,2000.0
2010,97757,1.3,2000.0
2015,104692,3.1,2805.62
2013,8735,4.9,20061.98
2009,71112,2.6,14417.4
2014,182424,1.1,2000.0
2018,51855,3.0,24752.45
2010,73742,2.5,2000.0
2008,91578,1.3,3923.24
2014,191791,4.5,2824.16
2015,123124,3.5,7729.95
2020,195350,1.6,9218.16
2011,117302,4.7,2000.0
2022,58242,3.3,28466.14
2011,174090,3.8,12084.3
2019,128599,3.3,27890.09
2023,100465,4.9,2282.3
2022,151064,4.6,23160.81
2019,49755,1.1,2000.0
2022,4043,1.1,6646.68
2007,40022,3.0,25717.18
2005,29264,2.3,8368.64
2005,46329,3.2,16243.64
2011,185593,2.4,13917.99
2014,129960,4.5,11440.58
2016,19876,1.7,12182.79
2012,74732,1.2,4163.32
2021,72290,2.4,10417.76
2018,93240,1.6,20142.4
2021,183358,3.4,14634.68
2010,47441,2.9,2000.0
2021,59155,3.8,7123.97
2012,82734,1.3,2000.0
2017,8723,4.0,19088.49
2020,180229,2.1,2000.0
2016,62058,3.7,14014.25
2021,167516,2.2,5973.66
2022,83454,4.3,21843.62
2012,111388,4.3,2000.0
2022,50636,2.2,35433.14
2015,133338,4.6,4256.35
2017,199022,2.3,3164.65
2016,111480,4.6,6781.9
2019,99622,1.8,12786.22
2007,133624,2.2,2000.0
2007,62751,4.5,2000.0
2010,128619,1.3,2300.22
2007,177435,3.8,2000.0
2013,150316,3.7,2000.0
2015,97073,4.9,15852.33
2012,33845,4.9,2000.0
2008,191282,2.9,2000.0
2019,87359,3.6,37038.5
2009,2526,1.6,11550.04
2011,114205,1.9,7925.18
2012,32501,3.2,19557.25
2011,33489,2.0,2015.07
2012,107740,1.9,2000.0
2008,5801,1.1,2000.0
2005,153509,1.3,2000.0
2009,193878,3.8,2000.0
2015,97493,1.1,2000.0
2008,197953,4.6,22918.08
2006,127556,1.3,2000.0
2021,745,1.6,12327.88
2016,144398,2.4,10331.91
2006,8124,3.9,13915.35
2013,5599,3.8,7055.68
2010,99181,2.0,2000.0
2010,168653,2.3,2000.0
2022,7764,4.3,18257.98
2007,40077,3.0,9066.47
2019,141963,2.8,2000.0
2011,140726,3.5,4751.74
2017,50499,2.8,7382.64
2014,29817,2.7,7483.05
2008,64811,4.2,17749.05
2020,65488,4.7,22959.12
2013,180188,3.2,2000.0
2014,146610,2.2,10927.57
2023,25807,4.8,7238.62
2021,14289,3.8,22353.38
2005,69797,3.6,2000.0
2017,17963,3.4,4737.42
2008,95306,4.0,5038.56
2019,96527,4.1,13214.97
2014,149473,4.2,17409.29
2013,134109,4.9,6079.33
2012,14501,2.6,21748.44
2010,148217,2.0,2000.0
2014,44932,2.6,12055.28
2021,47948,4.1,31929.14
2009,78374,3.2,2000.0
2018,82518,4.5,22403.47
2021,59546,1.9,12296.89
2015,69279,3.9,29344.74
2008,63039,2.0,2000.0
2021,31966,4.2,14434.12
2006,172448,2.8,13309.15
2005,109929,5.0,2000.0
2022,112331,3.7,14463.68
2011,137282,4.0,7183.64
2010,117252,1.2,2000.0
2010,122829,3.8,29429.19
2018,99386,2.7,18940.0
2016,127982,2.3,14753.26
2018,197195,4.2,6849.59
2018,29443,1.9,28137.63
2016,56335,1.7,4806.45
2013,36426,2.4,2000.0
2013,65379,3.5,3752.79
2006,146917,2.0,12247.26
2022,194424,3.2,2000.0
2009,75951,2.5,3016.24
2016,176449,2.6,18639.78
2018,21964,1.8,10723.9
2017,141447,2.3,11878.21
2007,47531,2.1,2000.0
2019,81684,2.0,18003.96
2019,5913,1.3,9054.34
2007,121742,2.7,2000.0
2023,160423,2.0,2000.0
2019,174401,4.8,16674.56
2023,91471,3.4,14607.45
2012,181004,2.8,2000.0
2017,189952,2.4,2000.0
2014,32938,2.8,15684.11
2006,103323,2.4,25350.27
2015,151680,4.4,2000.0
2023,51879,2.0,13206.98
2013,112033,2.1,3578.99
2013,192908,3.8,9536.7
2010,67644,4.6,2000.0
2014,63297,3.7,4109.66
2012,75386,1.3,15727.19
2019,141059,4.6,28311.08
2010,170456,4.1,2000.0
2011,101089,2.0,2000.0
2021,90915,1.3,9868.68
2008,19388,3.9,21650.91
2012,143033,1.9,2000.0
2017,74382,3.1,6893.79
2018,195161,1.4,2000.0
2022,42836,3.3,10835.32
2021,24843,1.1,16395.61
2022,112715,3.1,18200.75
2018,1092,4.3,30671.9
2015,42428,3.3,19168.87
2014,75049,4.5,13017.89
2017,116185,3.2,2000.0
2020,171167,3.7,2000.0
2018,37761,2.5,20335.16
2007,134151,2.2,2314.93
2022,42468,2.3,7007.66
2010,107317,1.4,3631.76
2007,12167,2.0,23036.81
2023,133207,2.5,11398.09
2007,95772,2.4,2000.0
2016,117260,3.0,4570.74
2012,21305,3.0,27906.7
2009,46422,3.9,16484.12
2021,197294,2.6,16043.09
2014,140238,3.7,9710.92
2021,126167,4.6,33588.74
2013,107001,2.8,12735.89
2017,116458,3.2,24337.35
2014,81993,3.7,2473.38
2012,185125,3.0,2000.0
2011,148036,1.7,2000.0
2006,27716,2.2,2000.0
2006,143271,1.1,2000.0
2008,17280,3.7,2000.0
2013,133505,2.1,19920.12
2018,167792,4.3,12167.46
2015,133241,3.6,6803.55
2011,177926,3.9,2000.0
2023,33590,4.5,16999.18
2008,123336,2.7,3785.01
2006,26787,1.8,2000.0
2023,77062,4.7,33510.53
2022,2139,5.0,34350.35
2011,159497,1.9,2000.0
2015,108879,4.0,16133.01
2014,41273,1.3,12205.57
2015,68185,1.1,6725.31
2013,54241,3.7,14030.88
2007,118567,2.0,7895.22
2009,39821,4.5,7862.15
2005,132561,3.1,2000.0
2005,43568,4.1,21947.44
2009,196181,1.4,13991.8
2023,166372,4.5,13979.34
2010,17039,1.8,2751.96
2007,69254,3.3,2000.0
2017,182898,3.4,3865.66
2021,36783,1.3,20997.03
2007,153432,4.9,2000.0
2007,49352,2.2,2000.0
2017,6611,3.9,20656.16
2006,29105,3.5,16032.71
2007,73865,1.1,2000.0
2020,175095,4.4,8761.7
2016,99379,2.2,7421.21
2013,116436,2.0,2000.0
2020,165315,1.2,10228.22
2008,160925,2.0,2884.94
2022,105249,3.5,2000.0
2005,128205,1.8,2000.0
2011,44373,2.9,2000.0
2016,85824,4.2,2000.0
2012,159879,4.8,5481.45
2012,448,3.8,2000.0
2013,131140,1.8,2000.0
2018,89016,2.5,5121.54
2009,4908,3.2,12003.91
2006,93744,4.5,2000.0
2014,7369,3.2,7834.3
2013,111606,3.0,2506.32
2011,122429,2.0,9614.27
2022,34508,3.0,9538.71
2016,26595,2.3,6081.37
2015,117880,3.3,13711.54
2014,167732,4.2,2000.0
2017,45432,4.8,22345.85
2013,58858,4.2,5131.38
2020,104347,4.3,22703.11
2021,50228,2.4,11900.61
2009,49160,3.8,29090.09
2010,93164,2.6,10456.4
2014,162122,1.1,17670.83
2015,100700,4.5,2000.0
2006,98427,1.2,4990.63
2011,143993,1.5,2000.0
2018,192710,1.1,15516.17
2008,91546,1.3,2000.0
2009,48507,1.2,2000.0
2023,29589,3.7,29507.67
2014,105976,4.4,12426.87
2010,34845,4.2,2000.0
2006,123995,3.5,5692.29
2007,82515,4.1,17320.56
2019,27278,2.8,6008.94
2014,23348,4.6,14026.6
2021,125387,2.8,2000.0
2011,32790,1.1,24641.48
2006,57669,3.8,15153.75
2011,4972,4.3,18815.9
2019,16015,1.9,11863.48
2007,195776,2.3,2000.0
2009,80556,3.8,2000.0
2012,196870,3.3,8953.63
2008,44460,4.6,18084.14
2022,146214,2.9,8649.32
2023,62823,3.7,19936.91
2012,165425,2.1,4953.11
2010,180656,4.7,6713.99
2009,41519,2.5,10282.4
2009,59899,3.2,8037.89
2021,143408,3.5,2455.98
2010,190118,2.0,4100.73
2017,149944,2.3,7262.76
2013,45649,3.0,14675.02
2016,54846,2.1,6199.34
2014,45283,1.5,2000.0
2005,87991,4.3,2000.0
2015,16597,2.3,23822.45
2010,187247,2.7,2000.0
2007,179353,3.2,3965.68
2010,81784,4.4,2000.0
2013,166637,1.6,7382.27
2012,58385,3.5,31202.92
2019,111058,2.4,2000.0
2010,166231,4.5,2000.0
2015,125251,3.6,4365.28
2014,152821,1.6,3949.92
2015,130541,2.2,2000.0
2008,104065,1.1,2000.0
2017,138288,4.1,36555.96
2012,158373,2.7,16989.99
2019,100254,1.2,7004.46
2011,187047,1.1,3211.08
2005,177404,4.8,7089.37
2013,131919,4.4,14057.39
2012,152958,2.3,2000.0
2006,122164,3.1,2000.0
2018,135743,3.3,16206.49
2016,41504,3.1,22719.7
2021,4153,2.2,14892.48
2023,126769,2.6,19752.11
2010,182335,1.7,2000.0
2009,62338,1.1,2000.0
2010,190524,1.6,2000.0
2007,74107,1.1,2000.0
2020,177105,2.7,2000.0
2022,161528,3.6,16334.29
2018,9353,1.7,19138.66
2019,196673,3.1,13920.39
2008,54450,2.3,13124.83
2015,145373,1.5,2000.0
2009,82717,1.5,5276.9
2013,141080,3.5,2000.0
2009,5290,1.5,2000.0
2011,31474,3.2,5755.61
2022,66167,1.8,15953.75
2022,58711,4.5,12397.98
2006,28351,1.2,16955.91
2017,167098,2.5,12931.12
2017,105405,4.0,21732.18
2021,188642,4.0,2498.05
2021,105737,1.6,2000.0
2010,35567,1.8,2000.0
2018,87645,3.2,10741.5
2018,132221,3.7,12395.87
2016,19387,4.0,9655.51
2009,167385,3.5,2000.0
2009,127074,4.1,22750.98
2008,129266,2.8,4871.16
2017,19,3.2,14099.66
2008,159348,2.7,14263.53
2022,190822,4.0,6307.45
2020,66535,1.7,23095.23
2022,199142,2.0,9367.95
2006,94074,4.3,11606.25
2008,135497,3.9,4667.23
2021,83610,3.9,12647.65
2010,71864,1.4,2000.0
2022,199161,2.9,2000.0
2011,84430,3.3,2000.0
2017,104356,4.1,20503.33
2013,170978,2.7,2000.0
2006,141314,3.2,6315.83
2012,109212,2.0,2000.0
2018,14275,4.3,25988.01
2022,59566,4.7,11721.68
2005,39911,2.9,5679.14
2013,174377,2.7,9973.9
2013,10357,2.3,11889.56
2006,25364,2.1,6812.77
2020,180865,3.2,2000.0
2008,187526,1.7,25078.37
2017,72906,3.4,17048.3
2021,117677,3.2,9042.38
2015,152374,3.8,2000.0
2006,129020,1.9,18483.59
2008,141568,3.8,11432.99
2016,179580,1.1,12781.34
2006,43189,3.1,2000.0
2005,135375,4.4,2252.58
2010,41838,3.9,12352.7
2020,171582,4.4,14659.35
2006,48566,1.6,4662.99
2018,182613,3.9,5354.23
2016,34380,2.9,9579.72
2023,61817,2.3,26929.13
2007,94618,2.4,19246.95
2023,110974,1.4,18566.53
2015,134536,3.8,5853.05
2008,23364,3.5,11835.23
2021,9366,1.6,11545.93
2021,54891,3.2,9026.74
2011,21610,1.5,2000.0
2009,185482,2.3,7665.36
2023,49431,1.2,13121.24
2023,6215,3.5,26043.75
2013,100974,1.0,7782.19
2021,158200,2.0,21179.8
2013,87777,2.1,11910.58
2018,146357,4.0,7336.98
2009,138740,2.8,2000.0
2006,39070,3.3,15680.48
2019,38037,2.0,14968.85
2020,86029,3.2,22043.72
2023,165892,1.6,12655.95
2005,199674,5.0,14555.95
2016,11902,3.1,22520.99
2023,128272,4.5,23377.9
2019,64849,1.4,14486.09
2009,63698,3.4,6790.13
2005,194886,3.7,2000.0
2015,74585,4.2,2000.0
2013,11992,2.9,28178.86
2011,128939,1.1,3151.11
2006,89166,2.0,2000.0
2021,171612,2.1,19916.5
2020,79597,2.3,5501.47
2020,193257,1.4,22133.23
2018,145584,1.0,2000.0
2006,169726,3.1,2000.0
2023,157504,3.9,16377.93
2007,143491,1.9,11432.41
2012,172808,3.8,6330.53
2023,81187,3.9,18819.56
2020,28338,2.6,12147.4
2008,23929,3.1,11185.48
2012,190879,2.3,2000.0
2005,52600,2.5,2000.0
2008,96740,3.4,8758.88
2011,171153,2.4,2000.0
2005,122510,3.0,2000.0
2022,183591,4.0,7564.77
2008,49729,4.9,13781.68
2018,38284,4.6,31339.14
2012,51674,4.7,2000.0
2022,61964,4.6,17537.52
2011,38461,2.0,2000.0
2007,65581,4.8,2964.72
2018,10126,1.9,12402.8
2016,38492,4.5,21276.96
2019,99284,3.3,26869.96
2012,153003,4.4,2000.0
2009,68830,4.9,2000.0
2021,59414,4.5,33518.39
2014,120676,4.3,21966.83
2015,116802,1.8,10663.05
2020,57969,4.4,33185.79
2020,19938,1.7,2000.0
2008,192065,3.1,2000.0
2009,138801,3.0,2000.0
2014,102347,3.1,2000.0
2018,75738,3.9,13905.69
2013,109089,2.6,10008.15
2022,6951,2.8,2927.78
2010,82172,3.6,2000.0
2015,153156,3.7,14308.2
2021,137368,2.8,19597.67
2013,145098,1.2,2000.0
2007,187070,2.0,2000.0
2020,129563,4.8,21419.28
2008,125296,4.7,6961.52
2019,119351,3.6,20869.49
2006,186098,1.7,2000.0
2021,189593,1.4,11945.35
2023,84122,4.8,21410.63
2020,19225,4.5,18271.15
2023,33038,2.6,19036.22
2021,188977,3.5,9218.22
2008,85059,4.7,4437.43
2022,141443,1.6,6251.66
2008,107340,3.5,2000.0
2007,93965,4.7,2000.0
2022,176347,4.3,7959.97
2009,69159,2.1,4490.52
2013,86914,4.8,18539.33
2019,195548,1.8,14224.88
2013,63776,1.8,5076.89
2018,9294,1.4,27320.38
2006,750,1.5,2000.0
2022,155195,4.0,20470.46
2017,108863,2.1,16974.98
2020,119101,4.5,15566.01
2010,195046,4.4,2000.0
2020,128390,1.5,8509.64
2008,42732,3.1,16198.26
2014,51238,4.0,2000.0
2023,175302,3.7,19079.56
2015,48046,1.4,9171.03
2009,143464,2.3,5169.3
2022,185925,3.4,4337.33
2007,118553,3.3,4756.05
2012,172538,4.3,11267.44
2015,127545,1.2,4126.22
2023,98632,2.9,25641.95
2007,124594,4.4,2000.0
2016,62423,5.0,18912.84
2019,80179,1.5,9073.66
2020,188637,3.6,17314.09
2009,15386,1.0,34034.81
2023,28822,2.4,9961.25
2010,104620,2.8,19745.34
2016,12131,2.4,30985.98
2023,189394,3.5,28036.79
2013,166933,1.1,3094.72
2022,82540,4.6,18033.66
2007,183689,2.3,2000.0
2018,170030,1.6,17833.02
2009,119932,2.7,2000.0
2009,185638,3.1,11931.6
2008,42797,1.2,2000.0
2020,70471,4.2,13648.46
2017,96050,3.9,7777.29
2012,170553,3.0,31246.54
2020,153530,1.7,16582.22
2006,154137,4.7,2000.0
2012,94229,4.2,2764.76
2007,28897,1.9,8454.72
2013,61988,3.9,9632.45
2015,151925,1.4,2000.0
2005,121444,1.5,6504.96
2005,129677,2.8,2000.0
2012,33795,3.8,6540.24
2020,124865,4.7,9239.76
2014,59070,4.9,12979.01
2006,74560,3.8,18828.99
2020,77121,4.1,27979.58
2008,79628,3.0,30862.59
2023,191002,1.2,11106.56
2013,176499,1.5,2000.0
2007,128592,4.9,10921.89
2015,7800,2.6,24628.48
2012,148844,4.1,7183.83
2011,50064,1.9,5592.06
2005,56791,3.1,12141.13
2012,73208,1.6,4813.18
2021,38200,4.2,18885.58
2015,42229,1.7,11879.31
2011,49909,3.8,2000.0
2013,84753,1.6,2000.0
2018,128863,4.3,2000.0
2009,51239,3.0,2000.0
2022,64567,2.6,10889.04
2017,92904,2.3,2000.0
2009,45621,3.8,10834.49
2012,85163,1.4,2000.0
2019,45357,4.4,10622.86
2008,180127,4.0,2431.55
2005,34492,2.5,3067.99
2010,195521,4.9,27314.41
2023,9125,4.3,16684.5
2016,164394,2.1,2000.0
2011,155651,4.6,2000.0
2017,34052,1.4,12601.47
2011,143332,3.8,7735.99
2013,86896,1.5,4938.84
2005,81465,4.9,3530.46
2017,29081,1.2,26210.0
2023,112362,1.9,11599.88
2005,6158,3.1,2000.0
2023,24663,3.3,15079.5
2022,55255,3.1,13909.96
2009,143458,4.0,9101.31
2007,152559,1.0,6540.69
2006,216,3.3,21248.04
2014,104857,3.5,19431.87
2010,41150,1.8,2000.0
2023,29910,3.6,23960.85
2021,165045,3.6,9774.51
2023,166482,3.1,2000.0
2017,22757,2.0,14451.61
2021,191722,2.7,3695.32
2022,27423,2.1,10340.29
2015,126337,4.1,24664.06
2017,101659,3.5,13123.41
2015,28742,1.6,19180.09
2023,111830,3.3,8467.17
2014,163939,4.6,13987.26
2007,16983,4.3,19493.37
2010,25435,4.6,27512.11
2011,22168,4.7,10795.3
2009,71974,1.8,3547.32
2013,113840,3.9,20453.32
2014,113795,3.6,2000.0
2018,44851,1.1,18947.49
2015,27257,4.1,24747.34
2021,81475,1.8,7678.24
2015,154636,4.7,2000.0
2011,43200,4.3,18628.22
2015,171582,4.1,27275.15
2017,123873,3.8,2909.19
2023,36678,2.9,15485.1
2010,11773,4.2,10010.36
2006,144406,4.3,2000.0
2018,28701,1.4,17627.07
2020,87740,2.3,3388.99
2011,79468,2.3,17573.7
2005,48528,1.5,2000.0
2006,1376,4.9,18380.27
2013,59557,3.3,18877.63
2022,124395,3.4,3720.4
2022,142988,2.5,27765.86
2022,106675,4.1,29406.06
2014,66261,2.9,22386.65
2012,193288,4.0,2000.0
2012,181264,4.5,15439.79
2006,71805,3.6,4257.68
2022,180305,3.5,9051.09
2015,191527,4.1,3497.78
2015,54887,3.0,14985.32
2023,175050,4.2,22338.61
2015,83125,1.4,2658.79
2014,94079,2.0,13855.22
2012,178613,4.7,2000.0
2019,32411,1.7,9537.42
2012,137745,2.8,2000.0
2023,22156,2.9,44728.75
2005,29856,2.7,2000.0
2007,79758,4.5,2000.0
2016,126677,4.0,9439.08
2020,38910,4.2,20350.51
2020,35749,5.0,5036.48
2021,191197,4.9,23125.42
2020,28421,4.6,27487.87
2013,176684,3.3,2000.0
2023,101750,2.2,2000.0
2005,153312,3.9,3531.38
2022,182605,4.8,4377.9
2010,73775,5.0,3489.17
2010,113774,3.5,3426.18
2016,135080,3.8,2000.0
2007,25038,2.1,2000.0
2015,136265,1.8,14069.73
2010,182588,3.6,2000.0
2018,112641,1.9,4330.97
2022,24305,2.6,25386.36
2020,59763,3.0,9719.4
2017,96075,4.7,13248.87
2005,41993,4.9,2000.0
2010,127398,2.0,5656.99
2018,40193,1.5,22022.29
2021,38520,1.9,18107.4
2017,154432,3.1,3815.93
2017,166614,4.1,2000.0
2013,33243,3.1,11636.1
2010,122192,4.7,6188.85
2010,142003,3.5,2000.0
2009,20967,2.9,6453.6
2018,194347,4.1,27960.6
2018,193608,4.8,2000.0
2008,57040,2.3,19734.22
2006,110252,2.1,6391.91
2006,5023,1.9,5300.13
2021,103885,3.1,13839.98
2014,111829,2.9,5427.05
2018,111550,2.0,26490.38
2023,83268,3.9,22843.56
2021,100661,2.2,15462.75
2015,5000,4.0,17975.82
2011,29756,4.4,14381.09
2013,37982,4.5,30798.15
2018,186132,1.6,2000.0
2008,144931,2.2,2000.0
2018,53760,3.1,20578.46
2021,11734,4.4,25601.32
2023,128557,2.6,26675.11
2021,75328,3.6,3364.93
2018,84997,2.8,8798.24
2017,87975,1.1,14781.62
2018,195664,2.3,7312.18
2020,10428,4.0,29845.75
2019,173718,3.9,34119.41
2023,21139,4.5,16304.26
2015,178852,3.4,20617.41
2016,165629,4.1,27550.63
2015,28976,2.7,6039.54
2009,174574,2.4,4815.71
2012,13011,2.4,3424.08
2010,11543,1.6,15493.5
2020,122636,2.8,23602.87
2016,48142,4.2,28657.44
2010,121430,1.0,13959.6
2017,29563,3.3,12684.67
2011,116958,1.7,3004.88
2012,142938,4.0,10356.27
2016,41787,1.6,18983.51
2006,139058,1.7,2000.0
2013,140607,1.2,2000.0
2017,39164,2.8,4203.19
2021,19511,3.6,16759.69
2017,50613,2.2,22088.94
2020,38344,1.2,2898.68
2005,144860,4.7,18057.58
2011,42330,4.4,9725.07
2017,41445,2.9,20449.8
2018,88916,4.3,18316.49
2021,164202,4.2,22024.43
2020,8133,3.2,9479.36
2019,134873,3.1,2000.0
2021,65747,3.6,12239.42
2006,70332,3.9,17060.15
2016,171854,4.3,15423.8
2007,23404,3.3,7526.27
2013,133733,4.0,23542.61
2010,58259,1.7,2000.0
2010,157108,4.0,20806.82
2011,143502,1.2,7243.23
2012,142620,3.6,2000.0
2007,148549,3.9,2000.0
2019,177999,4.9,6435.2
2010,73280,2.7,2000.0
2015,173765,1.5,11021.85
2007,165391,2.3,2000.0
2020,9525,2.7,33749.46
2010,74592,4.1,2000.0
2015,25862,1.7,2000.0
2012,151611,1.7,9545.79
2014,123188,1.9,13194.06
2014,99847,1.9,18920.57
2007,181629,4.7,2000.0
2018,121172,1.6,5196.79
2023,5721,2.7,16967.39
2013,149028,2.6,9415.07
2017,18385,1.5,2000.0
2013,91011,1.4,2000.0
2016,17491,4.6,14611.91
2018,139247,4.3,22139.05
2009,21241,4.7,17254.7
2010,110831,2.3,2000.0
2017,89191,3.1,18923.73
2017,159442,2.0,2000.0
2010,37088,2.6,4036.31
2018,28950,4.2,24631.31
2015,152968,2.9,2819.35
2017,161445,1.4,2000.0
2016,159532,1.0,2000.0
2020,174508,1.9,23596.44
2010,41361,1.7,13250.22
2013,124973,4.2,34063.01
2021,47617,3.7,34341.85
2020,150703,4.4,15784.7
2016,142335,2.7,19807.84
2022,3856,3.3,6880.6
2013,110197,2.7,14717.37
2007,173839,1.9,2000.0
2014,107885,3.5,4411.47
2015,169132,2.6,2000.0
2006,119087,2.0,10232.2
2012,129175,4.8,15132.21
2015,18782,1.4,2800.0
2022,94912,4.1,14759.82
2011,122971,3.2,4246.22
2018,16368,4.1,20869.35
2011,30825,1.4,2000.0
2005,103526,2.6,2000.0
2016,84099,4.2,18724.75
2005,27392,4.3,2000.0
2007,132384,4.2,2000.0
2006,29129,4.0,2602.48
2007,123778,2.5,11079.04
2008,19556,3.9,26928.12
2018,41208,1.4,13526.9
2022,92351,1.7,15263.9
2009,19016,3.2,6336.09
2019,167224,3.2,11515.1
2020,151719,2.9,12176.4
2012,79421,3.9,11974.58
2012,63658,3.3,6459.52
2011,36472,1.3,16629.04
2010,46295,4.5,9247.14
2011,83117,3.5,13766.57
2023,174023,4.6,22087.21
2005,139764,2.7,2000.0
2017,122978,1.0,4393.43
2011,80707,4.1,15162.48
2005,150584,3.3,13817.6
2014,198902,1.1,2000.0
2017,15019,3.3,23195.45
2008,123592,4.7,16218.68
2011,3914,1.8,14448.72
2010,88908,2.1,2000.0
2010,81818,3.6,4702.92
2015,163101,4.3,3133.89
2013,24621,3.6,10334.05
2011,35899,3.7,21041.4
2013,62610,2.3,11953.06
2010,60007,1.0,9732.18
2023,25525,4.4,14991.78
2018,142832,5.0,26769.93
2005,27297,4.5,12113.99
2020,167638,2.6,2860.27
2013,87157,2.4,16651.86
2019,145644,4.8,21338.15
2023,109785,5.0,9977.03
2014,97403,3.4,13307.1
2020,119412,3.1,7990.76
2007,93446,3.1,2000.0
2023,48977,1.8,26558.8
2017,161961,3.9,2000.0
2018,177859,1.7,2000.0
2011,121223,1.8,2000.0
2006,175253,3.7,2020.84
2018,150773,4.5,25440.15
2021,176628,3.7,20699.87
2017,20428,2.9,32817.61
2006,84141,3.8,2757.26
2009,16244,2.8,14735.15
2008,29264,3.6,5920.58
2007,37035,4.1,2000.0
2018,172989,1.1,2000.0
2015,185128,1.9,7767.31
2012,21102,3.8,4733.07
2013,86734,2.6,3978.7
2020,158033,3.1,12047.69
2007,7237,3.7,2333.83
2014,2984,3.1,5893.55
2005,185860,4.3,12524.85
2013,19640,2.5,4875.04
2020,157084,3.8,6314.42
2013,168313,2.7,2000.0
2016,7179,3.1,11487.01
2005,50584,1.5,6606.04
2020,42734,4.3,26774.8
2012,98721,2.3,2000.0
2018,88394,2.2,4940.08
2018,197590,1.4,11973.47
2014,153879,3.0,2000.0
2005,83058,2.7,2000.0
2010,42193,1.4,5872.81
2013,168382,4.0,4517.54
2023,161161,1.3,2000.0
2020,196228,1.6,2000.0
2023,45053,2.8,2667.99
2015,180056,2.4,2000.0
2015,79028,2.1,12961.93
2018,138704,3.3,18973.53
2011,146459,3.1,8138.69
2016,170945,2.7,2448.3
2009,26544,4.1,3983.09
2005,24174,3.0,2000.0
2015,2471,4.9,13556.36
2019,160449,4.2,3565.52
2014,63099,1.4,22349.31
2019,29319,2.1,5432.66
2017,45850,3.1,11698.6
2019,185060,2.9,13104.1
2006,39056,1.2,2000.0
2017,178627,3.1,2000.0
2016,20721,3.4,11601.42
2008,108005,2.9,20917.02
2016,21534,4.5,5449.76
2019,156420,3.2,2000.0
2017,77400,4.1,14991.12
2006,129499,3.3,2000.0
2020,143250,4.6,17072.85
2018,143460,1.9,13752.97
2006,76585,4.3,3153.59
2021,64278,2.8,8821.6
2020,76408,3.8,27654.01
2008,67314,3.3,2000.0
2015,92131,1.4,3237.16
2017,156236,2.7,13561.18
2010,196880,3.7,2000.0
2021,67037,4.6,22018.96
2005,141369,1.9,2000.0
2013,121590,2.4,2463.67
2022,78806,2.4,12333.34
2015,134648,3.1,2000.0
2018,54879,4.5,24486.89
2006,176172,2.6,2752.9
2015,132353,1.6,27417.04
2006,123694,3.0,7315.19
2008,114434,1.2,2000.0
2017,83189,2.4,22151.07
2010,69871,3.1,8572.72
2011,11676,3.1,15978.04
2007,91263,4.3,2000.0
2008,190153,4.2,3839.8
2007,133326,2.1,6147.72
2005,34343,2.2,2000.0
2023,194924,4.9,18593.84
2017,156480,2.6,2000.0
2018,42329,1.6,10525.29
2020,12094,3.6,37304.73
2008,74295,2.0,12373.19
2021,14145,3.4,13265.05
2014,159839,4.3,2000.0
2011,176028,1.7,6611.54
2017,3187,2.8,16696.93
2017,46386,2.5,23464.0
2018,172075,5.0,6800.35
2010,47698,3.8,27559.85
2020,177139,1.3,10272.84
2013,191945,1.9,2000.0
2020,79570,1.6,14849.52
2016,83801,1.1,2635.55
2020,161692,2.3,6760.47
2009,64156,2.3,3743.5
2015,81892,1.9,22162.04
2005,154812,3.2,2000.0
2014,188796,1.9,2930.56
2015,153407,4.8,3174.4
2019,54914,3.9,15844.38
2007,6870,1.5,2000.0
2019,67698,2.1,8618.26
2015,48629,4.9,18282.11
2013,181882,1.8,2000.0
2006,110979,1.5,2000.0
2016,95117,1.9,2000.0
2020,89957,3.9,3757.73
2020,52044,3.1,18617.27
2005,38811,1.3,2000.0
2020,68518,2.4,38476.04
2010,25451,1.3,12496.87
2018,89791,2.2,2000.0
2015,3515,1.7,2000.0
2005,171667,1.9,7340.1
2021,81947,4.1,11007.7
2023,66171,4.1,14476.94
2006,51167,3.9,3686.58
2018,46477,3.8,36178.07
2012,174156,2.0,2000.0
2010,56677,2.8,2000.0
2013,62649,2.8,12275.38
2009,69158,3.1,2000.0
2009,110825,4.4,17389.76
2022,154871,4.6,4961.03
2018,30649,1.9,2941.77
2016,127304,2.7,13451.98
2016,125956,1.6,4874.58
2010,117083,3.6,2000.0
2008,77737,3.3,5049.41
2019,3470,4.4,21750.29
2019,6900,3.1,25130.16
2021,161777,4.1,6551.29
2007,121250,2.3,3901.59
2014,173975,3.8,28610.35
2012,6132,1.2,13348.83
2013,166477,1.6,2000.0
2007,38735,2.8,2000.0
2005,104562,4.5,6863.88
2015,158338,4.5,12184.43
2017,171746,3.4,31131.84
2016,177279,1.5,8819.21
2011,151560,3.7,4916.89
2006,187715,1.7,2000.0
2005,145525,2.4,2000.0
2007,69074,2.3,2000.0
2008,15191,4.5,34986.76
2021,2747,3.8,24016.74
2022,149130,1.3,12219.67
2021,110030,4.4,25129.6
2023,74659,2.7,12581.88
2008,47326,4.0,15779.8
2021,96583,4.1,3143.19
2006,106369,5.0,2000.0
2014,78840,2.4,4116.42
2016,199473,4.5,5305.61
2017,194626,2.1,2000.0
2015,170866,5.0,15170.85
2012,76861,2.6,2000.0
2009,57335,3.6,22550.59
2006,194061,5.0,2000.0
2016,164986,1.8,5063.9
2006,21068,3.5,4305.63
2010,157967,5.0,2000.0
2023,176080,4.8,17012.93
2016,176629,1.9,5146.22
2017,121489,1.4,3614.28
2021,142604,2.7,33456.68
2016,892,4.1,22293.62
2007,59959,4.2,2000.0
2012,121516,3.4,8626.95
2020,101927,3.5,27727.62
2008,190622,1.5,13669.69
2017,98663,2.8,5653.43
2012,179447,3.3,12377.98
2005,87680,3.7,6490.41
2007,180514,1.4,7930.0
2005,21339,3.8,10089.58
2019,182337,4.8,2000.0
2022,56092,4.1,2000.0
2007,114090,3.5,29509.35
2019,125084,1.4,18840.53
2009,87594,4.2,35149.36
2014,88184,3.7,2746.37
2011,137407,3.2,13917.93
2012,120161,4.2,2000.0
2007,83486,3.7,2000.0
2022,174436,2.9,6420.18
2021,127506,1.9,18533.36
2020,33247,3.0,16966.11
2017,168732,1.6,2000.0
2008,33867,1.2,7293.67
2007,44722,1.9,2000.0
2015,145374,2.5,21132.39
2006,177489,3.6,2000.0
2022,175409,3.0,17303.92
2008,82836,3.9,2000.0
2021,168584,3.9,2000.0
2010,10401,3.8,16094.88
2014,119585,3.2,9037.91
2015,120878,3.7,2000.0
2009,190487,4.9,16207.94
2022,75087,3.8,23607.17
2014,50459,4.0,2000.0
2013,18605,2.2,13753.24
2020,187698,2.9,14143.24
2014,37742,2.7,20657.3
2014,104418,2.4,24267.74
2008,142085,2.8,2000.0
2018,176357,3.4,19675.84
2012,147573,3.5,11683.5
2005,108596,4.4,18935.25
2020,4667,3.6,16487.96
2021,108456,4.5,21607.89
2014,102922,3.6,11041.76
2010,154254,2.4,2000.0
2011,28784,3.5,3428.57
2022,171498,3.9,15682.99
2006,75095,3.7,7677.12
2013,126474,4.4,11634.09
2009,188271,4.6,12595.18
2012,106594,2.3,9513.51
2009,47576,1.3,2457.47
2019,99350,3.6,17637.87
2012,28910,1.4,18417.67
2009,113260,4.5,4959.78
2009,54596,4.3,4820.06
2021,151259,3.9,18925.25
2013,52907,4.7,8982.85
2006,184706,4.5,2000.0
2005,133241,4.7,2000.0
2015,196292,3.9,2000.0
2019,164402,2.5,33568.91
2005,71996,1.2,2000.0
2011,151416,1.2,4354.24
2023,134613,4.2,13357.77
2019,166997,1.8,9118.39
2010,186085,2.3,2000.0
2014,143004,3.3,2000.0
2016,6548,1.5,17041.51
2017,56273,4.9,21873.27
2019,125039,4.3,22625.46
2023,105481,3.3,23133.92
2021,197922,4.6,17014.01
2017,30617,3.0,12786.61
2006,149882,4.6,9151.38
2022,82859,4.3,11083.8
2015,8429,1.1,8576.14
2009,73423,4.2,2000.0
2008,165625,4.1,2000.0
2006,173480,2.3,2000.0
2020,106333,3.0,6009.85
2011,47704,1.6,17125.21
2012,181605,3.7,3868.27
2012,65897,3.7,26146.67
2006,25091,4.9,2000.0
2019,104169,3.9,2250.81
2009,155977,2.8,2705.4
2023,134213,1.7,14338.59
2014,54790,4.2,2000.0
2013,177082,2.4,12045.48
2012,129401,4.8,18845.63
2009,82212,2.1,2000.0
2023,104334,1.8,27906.84
2017,169245,3.5,2000.0
2018,147815,4.7,2000.0
2012,1609,1.6,32302.22
2020,109067,1.2,2000.0
2009,34128,4.9,16629.02
2005,623,1.5,2000.0
2023,34333,3.4,13867.75
2023,34688,1.8,17279.32
2021,116199,1.7,14606.27
2014,187770,1.6,2000.0
2009,22871,3.8,2000.0
2011,62693,4.0,18269.34
2020,22303,1.5,17780.31
2007,89849,1.5,2000.0
2016,74302,4.7,17080.07
2018,34769,3.4,20412.2
2005,197004,4.1,18006.44
2011,96676,1.3,9209.3
2022,54827,1.2,28554.31
2008,43668,2.6,11086.02
2020,34279,3.2,7749.16
2015,10285,2.5,16759.53
2022,193198,3.9,2000.0
2020,45209,3.7,11213.92
2011,61700,2.8,2000.0
2007,133764,1.3,3922.92
2009,47390,3.4,2000.0
2022,198640,2.0,2000.0
2021,170828,2.5,23834.55
2005,107850,1.1,2000.0
2020,138711,3.1,12732.22
2019,124172,3.8,27762.39
2017,179833,3.3,3238.78
2011,196241,4.0,2000.0
2007,69788,5.0,20845.88
2017,110235,3.5,9078.14
2020,168549,1.9,8375.21
2005,51060,3.3,10483.85
2005,93011,2.0,2000.0
2020,66811,2.3,5470.68
2006,32562,2.4,15223.01
2022,148072,3.1,6286.66
2022,145164,3.1,19114.85
2009,30254,3.7,2000.0
2009,134743,2.8,2000.0
2012,59562,1.8,25442.87
2013,120471,3.0,29042.11
2018,149167,4.2,7077.86
2017,197950,3.8,2000.0
2022,168592,1.5,7081.59
2008,168772,4.8,9141.08
2022,164863,2.2,23363.47
2019,39733,3.3,22201.84
2011,41357,1.1,2000.0
2017,158734,4.6,12036.22
2006,74696,3.7,21648.38
2013,65997,2.1,27867.53
2009,155785,3.7,2000.0
2005,148217,2.2,2000.0
2023,108693,2.0,11065.23
2023,156510,2.8,11944.84
2017,29452,3.4,2317.52
2010,197200,1.8,23166.49
2014,56973,4.0,14136.85
2015,148902,3.3,5923.22
2020,68342,1.0,2000.0
2005,47988,3.2,10638.77
2023,56602,2.7,20650.41
2009,199933,3.7,2000.0
2010,39415,4.6,15719.43
2010,85676,2.1,9972.08
2009,21781,3.7,3258.01
2010,8993,1.6,10052.53
2017,171912,1.3,2000.0
2005,80689,4.7,4452.46
2005,10549,4.4,2000.0
2018,175289,3.0,3863.46
2012,142559,1.6,2000.0
2013,127549,2.1,24012.39
2014,165887,3.3,3669.24
2010,106522,3.6,4280.1
2013,166268,3.8,16898.81
2022,169279,4.0,2000.0
2019,196738,1.8,2000.0
2008,129662,2.2,5372.34
2006,19451,1.1,9166.7
2010,85271,1.3,5264.83
2021,2332,2.2,24296.36
2011,120004,1.7,2000.0
2019,131808,3.0,4943.67
2006,36615,4.4,4918.44
2016,50450,3.9,24211.85
2014,83011,4.0,14904.14
2021,232,3.4,7816.66
2022,96866,3.8,6195.49
2020,49373,1.7,10435.29
2014,188868,3.2,3351.43
2012,169595,3.3,17866.58
2017,184623,3.5,8845.67
2020,197543,4.1,2000.0
2012,71269,4.8,16424.39
2016,24514,3.8,15971.96
2021,138639,4.7,13370.49
2020,364,3.2,22299.79
2013,112004,2.2,7050.9
2023,109285,3.6,26508.36
2021,32378,4.9,8895.47
2012,107746,3.8,36183.23
2016,139719,4.9,9682.19
2013,26339,1.1,18352.95
2010,79152,2.0,2000.0
2014,145912,2.1,2000.0
2013,45383,2.7,14055.12
2008,11924,1.1,10989.87
2015,85311,4.7,25501.77
2010,49887,3.8,4238.46
2022,178636,1.3,2769.22
2008,181691,1.7,2000.0
2016,101818,3.4,13262.71
2013,163719,4.6,29140.49
2019,118463,1.4,3686.86
2013,113890,2.7,14562.61
2010,86581,1.8,11445.03
2015,194139,1.7,4811.07
2011,15886,3.9,7940.43
2018,171996,4.3,3090.68
2020,100018,4.7,18495.58
2019,197123,3.7,10484.37
2013,47521,1.3,2000.0
2023,136292,2.4,20997.5
2016,96663,2.8,11399.72
2015,173460,2.1,2000.0
2012,103553,3.2,10397.61
2007,110086,1.9,2000.0
2023,196279,4.6,6669.63
2007,189259,1.6,11129.02
2007,90051,2.7,2000.0
2010,143394,1.5,4888.8
2015,71678,2.4,11590.69
2018,63207,2.9,21730.27
2006,142737,3.2,3922.78
2016,19519,2.3,16138.79
2020,104182,4.2,3931.38
2007,187257,3.1,2000.0
2020,174647,5.0,16752.58
2014,38710,1.5,2000.0
2009,118667,1.7,2000.0
2017,31720,4.2,10321.6
2016,116199,3.2,7529.72
2005,21284,2.4,2000.0
2015,135731,2.6,7256.35
2023,2962,3.3,13896.54
2019,107390,1.3,3989.0
2022,123733,4.1,19579.09
2020,143699,2.8,2000.0
2011,133482,2.7,4754.17
2014,114867,4.1,5219.19
2020,66124,3.3,2000.0
2021,129238,4.0,33788.9
2011,18429,4.7,7765.87
2015,87774,4.8,16203.48
2021,167065,2.7,2000.0
2009,195628,1.3,2000.0
2005,125279,1.0,5527.84
2007,161812,3.8,2000.0
2020,128592,1.3,19907.42
2019,76764,2.6,18167.4
2008,123444,3.6,9739.35
2016,103068,5.0,19910.41
2005,105391,1.9,2000.0
2021,85973,1.0,2000.0
2019,135536,1.2,4189.17
2014,127669,1.9,18270.45
2015,177229,5.0,2000.0
2022,7166,1.3,8590.19
2006,12646,4.0,23380.03
2010,151382,1.6,3179.85
2020,165480,1.8,10643.26
2011,128513,1.3,2000.0
2023,18034,1.9,34961.59
2016,57846,1.5,2000.0
2022,79903,1.1,21805.29
2014,92517,4.2,17771.07
2011,8253,1.8,10686.32
2008,111712,1.5,2000.0
2021,185990,2.1,25404.38
2021,153071,4.0,12598.84
2008,78275,1.9,5395.02
2009,101590,3.2,2000.0
2005,146515,1.9,2000.0
2023,14741,2.5,25260.47
2015,15341,3.1,8342.96
2005,89194,4.0,2000.0
2012,16740,2.1,12207.66
2008,62485,2.8,2000.0
2019,148051,3.6,2000.0
2021,145332,2.1,2885.74
2022,188252,1.9,2000.0
2007,80824,3.3,15868.58
2022,59785,4.8,16548.34
2011,103270,4.6,4181.64
2021,157678,3.4,18759.92
2022,142436,2.7,2000.0
2012,173863,3.3,6714.37
2015,135025,4.2,11103.12
2007,155516,1.4,2000.0
2011,27877,4.1,13876.71
2019,133642,3.6,24874.74
2014,32391,2.1,14626.21
2016,147548,4.5,6346.88
2016,119587,1.3,2000.0
2023,141464,4.7,30146.93
2023,97702,2.6,20036.61
2019,21087,4.2,22750.07
2009,40509,1.6,2000.0
2017,34664,3.3,25014.91
2013,25558,1.1,13998.18
2014,101268,2.1,3198.54
2012,191378,4.3,13039.17
2013,9302,2.8,16467.17
2010,137426,3.6,6863.33
2022,156030,4.2,11374.3
2014,95826,3.1,2000.0
2019,91659,3.3,2000.0
2017,166758,4.1,20977.99
2015,21508,1.5,14164.88
2006,182682,1.3,10394.71
2012,126323,3.5,2000.0
2022,181330,4.9,31121.4
2007,21420,3.6,14217.11
2007,106926,3.8,5293.65
2011,60777,3.6,15880.82
2022,43419,3.4,22178.61
2013,38880,1.8,2000.0
2022,67618,4.4,4763.59
2005,13553,3.3,2000.0
2008,102031,4.9,2000.0
2008,70539,1.3,3871.83
2021,190538,2.2,21027.16
2006,166698,1.4,5539.54
2019,172315,4.4,16324.21
2017,726,4.3,8360.56
2013,56557,4.1,29845.75
2011,147792,3.7,2000.0
2016,30666,1.4,11016.41
2016,156233,2.6,22894.94
2018,83834,3.8,2000.0
2019,137298,2.4,2000.0
2005,76093,3.9,13418.55
2013,4970,2.1,2000.0
2020,72358,3.2,16805.8
2013,50803,2.4,15786.94
2020,50472,4.7,26476.86
2006,165630,2.8,2000.0
2014,120149,2.1,6302.05
2022,199489,1.2,2000.0
2017,50106,1.6,19572.81
2006,120672,3.3,2000.0
2017,5543,3.8,10354.3
2007,7130,4.8,23443.41
2019,51218,3.4,11043.67
2007,145206,3.7,2000.0
2014,118639,3.5,5401.61
2010,162258,4.6,5069.71
2018,157885,2.2,4710.44
2013,185624,3.4,23026.74
2022,172094,4.8,17301.4
2012,6133,1.0,13473.78
2010,182213,2.1,2000.0
2019,190318,4.0,18140.71
2018,83724,2.9,13521.09
2019,68861,1.7,19165.67
2010,102002,3.3,14375.45
2016,137045,3.1,2000.0
2014,55043,2.8,23924.54
2023,17261,2.4,20802.03
2012,101661,1.2,2000.0
2009,169007,3.4,4945.15
2014,105388,3.1,2352.72
2015,132064,3.3,9167.36
2018,169612,1.0,2000.0
2018,115758,1.3,14269.17
2006,89318,1.7,2000.0
2021,26335,2.8,30919.59
2019,199204,4.2,21024.24
2007,120218,2.0,2679.76
2007,2949,4.2,25189.94
2007,152797,1.9,2000.0
2007,30071,4.0,12597.2
2022,25477,4.5,27096.34
2010,183708,4.3,2000.0
2018,71126,4.0,18466.32
2007,40005,1.2,7416.98
2005,65601,2.3,2000.0
2014,12894,1.8,12756.65
2017,109637,2.9,18331.51
2013,150249,2.4,2000.0
2006,109828,3.5,27418.01
2014,136549,3.3,12562.72
2016,78181,2.7,8351.44
2023,66951,4.1,22339.32
2007,106871,1.1,2000.0
2023,193721,4.5,10174.75
2005,169264,1.0,2000.0
2019,137279,2.8,12716.98
2017,8369,4.5,25431.99
2011,66297,2.7,22664.87
2006,1282,4.0,2000.0
2015,148719,2.6,7314.08
2020,87623,4.4,22374.33
2018,167453,5.0,12056.35
2019,37214,4.6,16600.5
2023,68919,1.2,31205.71
2011,181846,1.6,2000.0
2013,158526,3.2,2000.0
2008,131101,4.8,5079.77
2010,180532,2.6,15851.5
2014,75237,2.1,2000.0
2007,84013,4.9,3319.21
2005,52582,3.8,18074.4
2010,83518,4.1,11936.05
2009,35371,1.4,2000.0
2019,2480,2.1,14167.46
2015,9038,3.0,36153.89
2017,24782,3.9,10937.39
2010,63444,2.4,2000.0
2009,59837,1.8,16352.82
2006,85050,2.7,2000.0
2021,140493,2.7,8983.45
2016,180170,4.5,2000.0
2016,88394,4.7,7659.82
2018,86611,1.7,10292.58
2011,23052,2.1,2368.14
2018,68332,4.1,4620.5
2011,126109,2.0,2000.0
2013,164967,2.1,2000.0
2018,111443,3.7,15136.58
2021,45610,3.0,15522.38
2021,124082,3.8,22565.85
2017,1287,1.3,14428.44
2022,86770,3.0,13039.47
2023,25124,3.7,20238.74
2021,20329,2.9,2000.0
2010,167769,1.5,2000.0
2016,116075,1.5,14605.73
2010,58617,3.4,2000.0
2007,193655,1.6,2000.0
2019,101567,2.2,14461.78
2007,156454,2.8,2000.0
2019,198535,3.4,13474.66
2005,160977,2.1,2000.0
2007,151437,2.6,9067.8
2009,108595,2.5,2000.0
2018,149201,1.4,4884.8
2008,28984,4.2,2000.0
2013,118676,4.0,11641.27
2022,46358,4.1,21429.24
2014,155562,1.6,6275.42
2012,55434,3.1,2000.0
2017,5971,2.3,33198.57
2006,149522,2.4,2000.0
2011,14656,1.3,2000.0
2015,41054,4.8,16341.1
2009,7272,4.8,24116.75
2022,39856,2.6,13905.54
2012,68804,4.4,10476.07
2014,26529,2.3,2000.0
2006,164826,3.2,2000.0
2007,166950,4.0,20441.85
2009,19956,3.1,25666.96
2020,58160,1.7,25656.63
2014,154754,2.5,2000.0
2015,35368,4.0,30075.12
2023,179520,4.1,2000.0
2020,34937,2.4,31700.41
2016,149235,3.2,24669.92
2006,148212,1.8,2000.0
2015,165007,2.0,2000.0
2005,23737,1.6,2000.0
2009,166434,2.8,2000.0
2018,134176,3.9,2000.0
2022,164245,4.5,7793.83
2011,133483,3.2,2000.0
2009,27603,3.6,2000.0
2012,97983,2.1,19594.6
2019,192503,1.8,3838.21
2009,12838,2.6,2000.0
2017,182924,3.2,6409.0
2023,109551,1.1,19345.21
2006,43911,1.4,2000.0
2009,56686,3.5,2000.0
2009,37650,1.8,9814.51
2010,92524,2.8,5665.98
2020,165773,4.7,8634.04
2006,85425,4.5,10862.15
2009,199587,1.3,2000.0
2019,197954,1.2,2000.0
2005,77528,1.6,2000.0
2023,68172,1.5,34050.57
2007,30927,2.0,2000.0
2023,63835,2.5,31315.45
2019,24620,1.3,3690.21
2007,131418,2.8,7106.34
2012,176841,3.1,7789.39
2019,20177,3.6,11683.8
2005,16199,2.6,2000.0
2010,12934,2.2,7537.72
2021,195093,3.6,5870.32
2020,29029,4.6,17321.06
2017,117230,2.6,26471.87
2005,41019,2.2,2000.0
2007,149801,3.9,7535.76
2010,81319,4.5,18306.78
2007,117532,4.8,9680.5
2019,162404,1.9,2000.0
2019,106097,2.2,29724.36
2015,35183,4.6,31894.8
2010,102382,2.1,31154.52
2010,45609,2.4,2000.0
2013,37916,3.6,23763.75
2018,3035,3.3,44952.1
2015,198932,4.5,6653.53
2010,88672,3.4,2000.0
2022,161146,3.0,11189.79
2019,192473,1.3,10052.93
2013,24613,4.9,9276.95
2015,189646,2.7,4261.11
2006,5825,3.3,2000.0
2010,171659,3.0,2000.0
2018,172320,4.0,2000.0
2018,89038,3.6,2000.0
2017,171776,2.4,13731.96
2009,62688,3.1,6895.79
2013,14363,4.3,10205.58
2015,144061,3.5,11048.98
2011,178932,4.8,2000.0
2006,190797,4.0,2000.0
2016,38260,2.9,3303.52
2009,145210,4.2,17079.08
2006,170544,2.8,2000.0
2018,89388,1.9,3403.86
2011,104826,3.5,2000.0
2009,97157,2.4,2000.0
2008,152690,1.1,5952.48
2014,177135,1.9,7695.81
2020,149076,1.7,2000.0
2010,125839,4.2,5060.49
2010,182667,3.9,2000.0
2013,151292,3.5,5096.64
2005,117811,4.7,2000.0
2020,183955,1.7,13998.67
2021,160096,1.7,22912.77
2017,148593,4.6,8180.2
2010,141825,3.6,21137.65
2006,176409,3.2,2295.79
2012,31325,4.0,7503.63
2008,156407,2.1,2000.0
2013,140608,3.4,27444.73
2011,31085,2.7,2000.0
2005,164359,2.2,2000.0
2018,8000,4.5,12608.61
2006,80777,1.6,2000.0
2012,159263,1.1,17642.8
2015,95160,2.4,23149.1
2009,12967,1.8,2000.0
2022,124481,4.2,6390.72
2016,175646,1.5,11020.96
2023,144318,4.7,29709.25
2009,14347,1.7,5656.29
2011,67358,4.6,2000.0
2006,146454,1.7,2000.0
2021,197792,1.2,5756.24
2017,82299,3.0,8687.58
2015,98032,2.4,2791.36
2009,116815,3.4,2000.0
2017,80296,3.6,20893.07
2017,139879,4.7,2000.0
2012,164275,4.8,12744.54
2015,168857,3.0,2000.0
2012,183373,1.8,2213.1
2014,198155,2.0,20682.22
2015,54042,1.4,31741.22
2005,25710,2.1,8306.44
2011,64478,4.6,9724.85
2012,41411,2.5,11180.79
2010,15773,3.5,22926.71
2018,80693,4.9,11275.14
2011,15710,1.4,2000.0
2007,122785,4.1,4047.05
2006,187075,3.8,25014.02
2022,162643,4.3,18595.46
2007,95415,1.5,2000.0
2018,125585,3.0,19816.33
2022,131783,3.5,24510.71
2017,120507,4.0,6154.92
2012,175721,3.9,2000.0
2008,124858,3.3,2000.0
2019,21889,2.9,9624.46
2016,162376,4.8,2472.03
2018,7439,1.7,15193.61
2011,93909,1.8,2000.0
2016,41126,1.4,14097.85
2013,170126,1.5,4566.46
2014,4588,4.5,13413.94
2012,84039,3.4,11599.19
2006,7511,4.7,3076.83
2020,190962,4.5,5105.07
2022,22674,2.2,8402.0
2014,130660,3.6,21969.86
2010,56820,2.5,2000.0
2010,103761,4.5,2000.0
2017,99412,3.9,8570.76
2023,182064,1.5,12451.43
2021,76666,2.0,2000.0
2006,19238,3.6,2000.0
2022,64333,2.0,27446.82
2011,85134,3.1,8385.38
2018,189306,2.0,2000.0
2019,42294,3.7,13621.12
2012,71362,1.3,10435.42
2013,165559,3.9,14622.36
2015,68396,2.3,8609.82
2007,41930,2.8,6583.61
2018,175544,2.9,21204.49
2012,65602,1.8,2000.0
2007,24285,4.8,15044.97
2022,151301,1.0,13421.45
2018,25413,2.5,2000.0
2012,148382,1.5,15986.44
2021,69141,2.4,8657.78
2012,115028,1.4,4577.46
2009,118437,2.5,17688.35
2016,77113,1.8,2000.0
2006,24517,3.2,2000.0
2021,152458,1.0,14582.87
2017,112047,3.0,3074.21
2018,158037,2.1,11477.23
2013,148283,2.3,2000.0
2013,193714,2.4,2000.0
2013,59525,3.6,2928.07
2010,103453,4.0,9937.59
2016,56170,2.3,34675.38
2014,115072,4.7,14449.99
2009,57941,4.0,8845.9
2022,98312,2.6,2000.0
2011,65452,1.4,2000.0
2017,50465,3.2,20863.16
2005,144335,3.5,3149.62
2010,197586,1.5,2000.0
2012,194183,4.4,2000.0
2013,20107,2.5,18268.67
2011,142440,1.6,3599.02
2014,20137,3.1,2570.07
2012,6930,2.7,6551.63
2006,34556,3.6,5857.47
2022,10199,1.7,21521.14
2019,41072,1.1,2000.0
2010,178907,2.9,2000.0
2018,36534,1.6,19549.0
2022,52483,1.6,21617.95
2007,137227,3.7,2000.0
2005,142806,2.0,16285.3
2005,66899,4.4,10537.38
2018,11111,3.1,10137.27
2005,94107,3.4,2000.0
2005,174325,2.3,2000.0
2008,179449,1.9,2000.0
2016,39420,1.6,2000.0
2019,101679,3.8,2938.42
2008,143223,3.8,2000.0
2014,147323,3.0,13244.93
2015,71168,4.1,15891.84
2010,134504,4.2,2292.47
2014,147146,2.8,4558.33
2016,96299,3.6,12225.37
2007,38206,4.6,14302.42
2019,14942,1.3,26343.89
2020,81189,1.0,19427.95
2014,154108,2.9,8477.72
2015,105992,2.3,6217.76
2020,136965,1.3,2804.1
2021,17733,1.6,18355.52
2018,65843,2.0,11633.52
2020,140610,1.4,2000.0
2018,13919,2.3,20144.01
2010,56207,1.5,20704.36
2014,138881,3.5,2000.0
2021,63523,3.8,11109.21
2014,176838,4.1,9622.87
2014,161058,4.5,2000.0
2018,24093,1.0,12014.06
2021,31660,1.7,17553.12
2013,40877,4.3,26020.54
2019,112220,1.1,5046.08
2011,42472,3.7,22577.45
2006,80832,1.7,2000.0
2008,133355,3.0,2000.0
2022,105856,4.8,32795.47
2015,162152,3.6,15406.88
2009,110520,2.5,2515.0
2012,24518,3.8,21649.91
2009,151234,1.0,2000.0
2006,25443,4.8,7005.06
2009,132454,2.4,30442.94
2007,85534,4.9,11507.3
2016,89015,3.7,3926.41
2023,190821,2.1,2000.0
2011,24693,3.5,12833.28
2023,35294,2.5,12945.77
2008,47780,3.6,15863.9
2018,190576,4.2,4097.36
2023,91330,2.9,6251.46
2022,89739,1.9,39219.92
2011,32029,4.9,20244.71
2019,44774,2.7,14482.69
2005,155214,1.7,3119.97
2016,68692,4.0,10254.43
2023,27921,3.6,24331.9
2010,142111,4.3,7191.56
2017,73980,1.0,20505.92
2010,132701,2.4,2000.0
2017,155424,2.3,15586.53
2019,48492,4.7,19381.31
2020,111260,2.4,15370.5
2012,21207,3.1,2000.0
2017,11523,1.0,3701.74
2017,161201,4.2,21584.25
2016,69579,1.5,2000.0
2023,166499,4.5,24776.54
2021,16003,3.9,9410.54
2007,46596,3.2,2000.0
2019,3816,4.0,22260.34
2021,19110,4.2,17035.28
2010,66104,4.0,26037.36
2023,45598,3.6,14642.33
2016,193030,4.5,4352.51
2008,194571,2.7,3334.07
2016,135177,3.3,24359.23
2006,110748,4.9,3769.03
2011,101076,2.5,10863.48
2020,110732,4.0,29793.91
2016,69590,2.6,12408.09
2020,89797,2.9,17759.63
2018,20382,2.3,2000.0
2005,98440,1.6,2480.16
2013,21170,4.9,16569.56
2011,30295,2.8,11270.15
2009,91535,2.1,2000.0
2014,50617,3.6,19280.95
2014,37539,1.4,2000.0
2022,118520,3.2,7678.98
2011,148992,3.3,13420.03
2022,166164,1.8,2000.0
2017,173411,4.8,2000.0
2015,12037,3.4,13636.66
2014,114317,1.9,28781.32
2013,170624,4.3,2000.0
2019,145518,2.2,10030.89
2018,74795,3.9,2000.0
2007,27514,3.5,2000.0
2018,10582,1.6,24200.5
2020,187750,1.4,8564.7
2007,104808,3.4,20403.94
2012,179530,3.7,2000.0
2006,121242,1.5,5772.97
2006,148259,1.7,2000.0
2022,58537,1.2,6054.73
2011,60819,1.5,2000.0
2021,123113,3.4,18701.83
2010,18531,1.8,17851.1
2014,39164,2.2,3821.81
2011,190771,3.2,15118.98
2008,80665,2.7,23105.15
2015,67259,4.4,13941.89
2020,127362,3.3,19610.08
2021,181370,1.5,2000.0
2010,106627,2.5,2000.0
2023,88284,2.0,17581.28
2022,108605,2.0,12781.08
2019,28337,2.0,2529.17
2006,74130,2.7,27703.88
2023,169435,1.5,11619.49
2010,180202,2.0,5383.32
2016,269,3.8,27605.77
2005,78901,4.3,2000.0
2015,56732,1.1,10815.24
2023,83074,1.3,13716.28
2008,56167,4.4,11961.2
2023,96004,1.9,10198.6
2010,24284,2.2,9867.09
2012,32744,2.3,21101.93
2013,153092,4.5,25862.87
2014,137844,1.7,2186.47
2014,182975,4.3,2000.0
2014,169898,2.9,10789.87
2008,70058,4.1,11495.12
2022,133235,3.8,3012.1
2016,51435,3.9,5868.36
2015,112178,1.5,28371.04
2020,55308,2.2,23057.21
2023,81113,1.9,10987.75
2015,128328,1.5,13370.72
2008,4163,3.6,12247.42
2016,43750,3.8,12187.5
2021,126942,1.6,2715.68
2017,15172,4.1,26419.72
2008,37254,2.1,20772.19
2010,128091,2.5,2000.0
2011,59495,5.0,31533.85
2012,130637,1.8,5052.78
2006,79831,1.5,13694.32
2013,79273,2.1,2000.0
2014,10853,4.7,16025.38
2023,58116,1.5,3053.4
2005,173998,3.5,2000.0
2020,84346,4.2,10794.36
2022,16097,4.7,28970.56
2012,64859,2.9,2000.0
2014,52398,2.8,2000.0
2015,87431,4.3,2000.0
2021,118164,1.8,16293.58
2011,168023,2.8,2000.0
2007,158325,3.6,12210.25
2011,104215,3.8,4867.7
2010,78448,1.4,2000.0
2007,194446,4.5,2494.81
2012,128248,4.3,14337.06
2005,103512,2.3,13913.73
2009,172018,2.9,2000.0
2023,76652,2.5,2000.0
2017,167732,4.9,14455.46
2015,51931,3.3,31335.72
2015,111590,2.1,2000.0
2006,8646,4.0,3143.48
2013,52786,4.3,16807.84
2006,154110,3.9,2000.0
2023,19630,1.3,11131.66
2016,4304,2.2,18691.29
2013,188020,2.4,2000.0
2013,98225,1.9,10369.71
2014,22007,2.9,3007.7
2009,116821,2.3,7024.93
2013,125748,1.1,9057.41
2022,109833,3.6,11006.87
2014,54491,2.7,6505.91
2021,145702,1.1,3136.24
2014,34489,4.7,12103.41
2018,55801,3.6,29372.99
2008,47068,1.3,8639.66
2014,115874,4.6,12308.8
2022,17534,2.7,22785.28
2009,184436,2.0,2000.0
2013,165269,1.2,11551.4
2010,197256,4.0,2000.0
2020,57087,4.9,3212.71
2020,33123,1.7,6267.16
2015,2823,2.7,8099.44
2019,139229,2.0,8227.32
2023,15581,3.3,16143.83
2007,105847,4.5,20009.73
2020,159033,1.5,6842.88
2009,126846,2.2,9583.09
2013,169109,1.7,4493.55
2009,153835,1.9,2000.0
2008,58535,1.5,11021.83
2017,21998,3.5,16611.21
2021,7085,1.2,17104.01
2016,61508,3.9,2000.0
2011,177872,1.6,2000.0
2005,130611,2.1,2000.0
2020,82186,2.4,28136.75
2011,72853,2.5,10313.41
2006,95022,1.7,7202.55
2016,149336,3.0,19204.25
2015,83468,4.6,26137.9
2012,33149,2.8,11454.29
2005,165475,1.1,2000.0
2007,192885,2.5,2000.0
2012,189100,2.6,10614.5
2012,10476,2.1,2000.0
2015,175690,2.2,8319.02
2009,59716,1.8,2000.0
2012,196472,4.8,11793.36
2013,138489,3.1,13289.91
2021,199245,3.1,9328.37
2009,47893,2.7,4807.43
2023,5570,3.5,16005.86
2023,38818,2.7,15503.93
2006,116639,3.8,4843.98
2023,26021,1.4,23962.53
2019,153401,1.1,13156.49
2012,163751,3.2,2000.0
2012,193751,3.9,2000.0
2005,49172,3.7,21297.31
2018,93536,2.6,11516.24
2015,143963,1.0,2000.0
2011,176572,1.5,13744.44
2022,138851,2.6,15003.93
2019,47369,3.7,36168.32
2014,170980,2.2,2000.0
2008,54439,3.1,8974.42
2005,58425,1.7,7814.99
2018,150104,1.7,11501.93
2013,194220,4.0,10544.64
2017,73360,2.8,2000.0
2021,146040,4.8,27627.76
2008,185076,1.8,2000.0
2009,45379,2.8,5786.07
2022,103689,1.8,13314.55
2021,180084,2.0,2000.0
2011,29757,3.6,14836.84
2014,47192,4.6,2000.0
2013,125343,1.5,2000.0
2017,80553,1.5,27932.45
2022,28332,4.8,29769.24
2016,193611,3.9,2000.0
2012,51604,2.3,11373.54
2022,6508,2.6,47117.58
2009,192410,4.2,13069.35
2011,175999,3.8,2000.0
2019,11933,3.4,13786.1
2007,143177,4.5,6950.41
2022,175828,2.2,10109.92
2010,156032,1.8,2000.0
2010,53256,2.6,2000.0
2005,174594,1.0,2000.0
2021,7536,3.0,14420.46
2015,22836,2.5,6591.52
2006,2217,1.5,2519.8
2013,28165,4.5,10190.25
2023,172111,1.8,5813.73
2010,29475,3.8,6046.02
2011,124639,3.8,6603.54
2008,17361,1.2,15813.27
2007,119590,2.7,2000.0
2006,144938,2.9,28031.27
2014,104356,4.3,13598.04
2014,19188,3.5,7514.06
2021,56731,1.3,9377.31
2020,58929,2.8,17424.17
2005,4390,2.2,13229.16
2016,137084,1.7,31890.75
2014,54436,2.1,2000.0
2005,27506,4.4,2000.0
2020,129473,3.5,15924.01
2015,108306,2.7,2537.69
2008,85498,3.9,5906.5
2007,20548,4.9,13973.2
2017,4651,4.7,12342.48
2019,68492,1.4,17462.46
2014,104085,2.3,2000.0
2010,160243,2.3,3947.5
2015,180097,3.2,6075.76
2005,115517,1.4,7295.36
2008,123609,4.7,8346.45
2014,66195,4.1,11992.24
2019,7805,1.5,9790.5
2005,66296,2.0,3381.08
2019,96309,1.6,4887.13
2007,106827,2.9,2000.0
2005,164798,4.6,2000.0
2010,93603,3.6,4705.21
2023,42718,3.4,3810.61
2008,169680,1.3,2000.0
2016,135480,4.6,12776.14
2006,67391,2.1,2000.0
2021,93321,4.6,13912.97
2010,71157,2.8,2000.0
2016,100576,3.1,19771.54
2019,193125,3.4,2000.0
2021,53346,2.2,7021.36
2005,92550,4.3,2000.0
2018,68698,4.8,19430.55
2006,85800,2.1,2000.0
2008,104821,1.0,17145.66
2006,53117,3.1,8623.02
2018,59117,3.4,21074.36
2022,66144,1.3,17869.62
2012,158328,3.7,14265.53
2005,8076,2.2,2000.0
2020,33908,4.8,19958.43
2011,12353,4.1,8549.0
2010,92290,1.3,2000.0
2023,177537,4.8,13874.1
2014,8173,1.9,4482.69
2010,170075,4.2,2000.0
2014,5196,3.6,23830.16
2023,138989,3.1,7874.21
2007,179451,4.7,7499.79
2007,66274,3.4,11921.37
2010,141964,4.4,2948.52
2021,63541,4.3,21362.39
2022,167563,3.7,14727.05
2014,131729,3.0,2000.0
2010,130833,1.4,2000.0
2017,89232,1.6,3306.59
2010,84646,3.1,22167.69
2016,183436,2.3,2000.0
2018,22572,1.8,10118.78
2021,24421,4.9,15929.49
2012,2164,4.4,15913.59
2009,106642,2.7,7885.21
2008,105106,4.5,2000.0
2010,54292,1.2,2000.0
2015,70167,1.4,2000.0
2009,62939,4.8,8540.49
2018,119855,3.8,21296.0
2014,151970,4.1,6252.04
2015,103533,4.3,23203.01
2007,162804,1.2,15049.3
2012,193509,3.9,2000.0
2009,118288,2.4,7937.21
2014,44598,4.3,14504.97
2012,136268,2.6,2000.0
2013,117005,4.1,7873.31
2019,33689,4.6,13184.32
2005,86707,2.4,2658.7
2009,62548,2.9,2000.0
2019,159187,3.1,2000.0
2008,106153,3.8,2000.0
2023,184561,4.4,28147.04
2014,85949,1.8,2000.0
2006,101282,4.8,2000.0
2009,9279,4.1,24070.36
2022,128239,1.6,16100.84
2010,169617,2.3,2000.0
2014,22925,2.0,4657.6
2019,154487,1.6,19063.35
2013,198704,3.6,2000.0
2017,5572,1.3,17905.15
2022,78221,3.4,17847.08
2011,160514,4.3,2000.0
2006,86686,2.4,19079.09
2020,161496,3.0,22886.03
2006,103726,1.6,2000.0
2008,90539,3.9,12979.83
2006,150544,4.6,2000.0
2021,39378,3.9,2000.0
2010,105542,1.5,5502.99
2014,22617,2.4,4932.8
2018,58052,1.7,23491.05
2019,64129,3.4,11495.4
2016,151119,3.9,14881.14
2023,116076,4.9,28920.99
2015,188618,3.0,2000.0
2005,52454,3.5,14034.44
2012,29270,1.4,2000.0
2010,179938,1.6,2000.0
2016,184325,1.9,10058.59
2020,174436,1.2,10784.13
2022,110016,2.6,24144.93
2016,114400,4.8,2000.0
2006,3217,3.6,2000.0
2011,128066,2.7,9268.15
2013,136888,3.0,3504.56
2022,41106,1.6,19824.76
2013,168521,1.4,2000.0
2012,123859,2.0,15941.67
2005,65162,2.2,2000.0
2009,90847,1.5,2000.0
2020,81363,3.8,26222.89
2018,46175,4.7,2727.67
2017,138730,1.7,22054.86
2015,71588,4.4,23147.38
2017,66389,2.2,22443.37
2019,65783,3.4,22180.07
2020,125059,1.4,14518.0
2017,46604,2.0,2000.0
2012,153948,1.6,15965.02
2022,168377,1.6,2000.0
2023,76031,4.7,19352.15
2019,173441,2.5,3830.55
2014,92664,1.8,11718.95
2008,128600,1.7,2000.0
2010,67999,3.7,4935.8
2012,145726,3.9,2000.0
2011,118425,4.9,2000.0
2016,74713,3.5,7669.72
2022,193509,2.8,12133.7
2022,54933,1.9,18674.57
2023,126934,1.2,15877.41
2008,195715,4.5,2000.0
2005,21750,4.2,3487.69
2009,68670,4.2,18769.3
2011,179881,2.3,4244.3
2015,190348,2.4,2000.0
2015,147245,4.1,2939.13
2014,138742,3.8,2000.0
2011,75148,3.6,5083.49
2020,152352,3.2,12962.92
2005,180346,2.5,27985.8
2005,51469,4.0,11543.61
2016,120839,2.4,3919.57
2020,23257,3.9,14794.05
2009,172717,1.8,2000.0
2018,67197,3.4,19080.85
2022,190336,2.4,2000.0
2013,138554,4.3,14407.63
2006,150331,3.1,2000.0
2016,192048,3.5,2000.0
2014,94543,1.3,2000.0
2006,88811,3.0,2000.0
2019,95068,4.1,16801.48
2008,63743,4.4,26906.08
2023,166003,3.9,18044.91
2008,150294,2.7,4106.69
2013,40020,2.0,13378.91
2017,106103,2.6,10737.36
2014,190335,3.2,2000.0
2018,124051,1.0,10993.29
2007,98858,4.6,2000.0
2007,11399,2.4,3064.91
2020,171765,4.2,5317.25
2013,93401,3.1,5211.14
2018,53753,3.6,7279.0
2020,132888,4.0,7846.89
2013,73075,2.2,8075.8
2009,178409,3.4,4792.96
2017,195334,4.0,5041.49
2019,81010,4.1,2000.0
2008,49340,2.7,2000.0
2018,50592,3.9,9504.81
2011,33988,2.2,8099.05
2008,117285,1.5,2000.0
2021,145019,1.5,7719.65
2013,194091,3.0,2000.0
2008,109364,2.5,4514.83
2007,10253,1.9,9637.29
2023,160710,2.6,3733.68
2013,101211,2.6,8228.52
2012,120371,3.2,2000.0
2011,15604,1.2,2000.0
2011,34483,4.6,10514.87
2008,110031,2.5,2000.0
2023,145320,3.5,29984.52
2016,40577,2.2,2334.04
2010,169950,4.0,6970.14
2016,27501,2.8,2000.0
2008,2670,2.3,5714.06
2006,192510,4.9,15683.55
2019,15135,4.5,9547.18
2010,91739,1.7,2000.0
2022,50763,3.8,12234.99
2009,58060,4.0,14237.47
2008,176661,1.1,2000.0
2015,172713,4.8,2000.0
2015,39932,1.9,11314.58
2013,81052,4.6,29670.41
2007,162525,3.6,2000.0
2015,177731,3.0,2000.0
2006,37024,4.1,2000.0
2013,86189,3.7,2245.29
2014,116210,4.0,2000.0
2015,157007,4.4,15170.5
2007,198681,2.9,2000.0
2021,159223,2.7,22234.19
2015,36138,4.6,21085.46
2021,199092,4.2,18937.07
2023,39670,1.1,2000.0
2008,171245,3.6,2000.0
2006,27981,4.6,2000.0
2018,3384,3.7,30809.03
2019,60416,3.2,12165.71
2007,149149,1.7,2000.0
2017,69719,4.8,13021.51
2017,92401,3.5,22005.37
2022,124035,1.4,38239.89
2011,98901,4.7,2000.0
2020,96254,3.1,10538.07
2020,7495,1.6,10337.12
2010,92270,1.9,9519.59
2010,65231,4.9,20582.54
2008,55369,2.7,4863.93
2007,196344,2.7,2277.21
2005,161899,2.9,2000.0
2007,24067,3.8,3197.5
2023,93850,2.5,18780.74
2013,144160,2.7,2000.0
2018,10976,4.0,14864.96
2023,68712,2.8,11526.56
2023,163197,3.9,8413.12
2017,95827,4.8,18794.95
2020,112716,4.9,23198.31
2012,35666,2.8,20687.62
2020,28148,1.9,8858.04
2013,83184,2.0,7868.41
2013,137922,4.3,5401.93
2007,114035,1.3,2000.0
2011,48332,1.2,14505.7
2022,108955,3.7,11109.47
2006,162232,4.6,25776.95
2005,132626,1.9,3430.89
2016,110238,1.2,2000.0
2020,56531,4.6,3608.15
2016,188468,2.4,4162.11
2014,60926,3.2,16851.07
2013,66207,4.3,7148.2
2022,192520,2.0,2000.0
2008,95256,3.4,2000.0
2012,118256,5.0,2000.0
2008,43437,4.0,8415.62
2020,165291,2.6,20316.75
2012,87233,4.1,14690.53
2011,121666,1.1,2000.0
2017,187262,1.9,5543.89
2012,55195,4.0,12136.02
2011,157668,2.0,2000.0
2009,154594,1.5,2000.0
2022,174157,2.2,2000.0
2023,156823,1.7,2000.0
2014,92516,2.7,8359.42
2015,9474,1.5,2000.0
2012,534,4.4,21254.56
2010,12040,4.1,5022.77
2015,40529,2.2,2000.0
2020,135738,3.1,2014.12
2008,37441,4.4,18932.32
2006,198770,4.7,2000.0
2017,36766,1.4,28973.54
2011,121305,3.9,2000.0
2021,154957,1.5,2000.0
2017,36460,1.1,2000.0
2014,157487,1.3,2000.0
2017,102363,3.3,9028.29
2014,41290,2.5,13670.44
2011,185887,1.5,2000.0
2014,60116,2.9,8817.01
2020,177110,3.0,2000.0
2007,99831,4.1,2000.0
2008,180797,3.7,7475.92
2008,169986,2.9,2000.0
2008,128773,2.3,2000.0
2020,171390,1.0,18895.53
2013,101999,4.3,18457.04
2010,173203,2.1,16171.84
2014,43513,1.9,2021.67
2008,45139,3.9,2000.0
2016,42381,1.3,11925.49
2014,141495,2.1,6854.07
2016,2216,2.7,29941.23
2023,163376,2.8,6874.85
2023,71872,1.6,9870.73
2005,107347,1.2,2000.0
2008,15573,2.9,2000.0
2017,24094,2.4,7175.46
2012,74907,2.1,2000.0
2018,36363,2.1,17298.59
2020,20751,3.0,30783.98
2006,55008,1.1,2000.0
2012,129579,1.4,8473.44
2017,141123,2.3,2911.16
2005,54153,2.9,2000.0
2016,737,3.8,11594.64
2021,109308,2.2,21802.73
2011,76520,3.7,18637.22
2020,150274,2.5,2000.0
2018,144158,4.1,7094.59
2014,103646,2.9,2000.0
2007,78784,3.2,16557.47
2016,88836,2.7,3281.82
2012,159809,1.5,2000.0
2020,41486,1.7,6819.75
2005,164288,2.6,11861.68
2021,175252,1.4,15359.88
2010,14436,1.6,2000.0
2005,49094,3.5,2000.0
2019,23818,3.5,20525.91
2017,72233,1.5,19702.45
2010,4161,4.4,20393.51
2017,128349,4.4,7716.71
2008,10043,2.5,13118.51
2005,122765,3.0,2000.0
2014,65655,4.2,12165.2
2008,145652,4.1,10472.55
2017,53636,2.5,15799.06
2008,143646,2.3,8731.72
2020,162863,3.7,5602.09
2013,129848,2.5,2000.0
2008,50942,3.8,11813.04
2012,111009,1.5,2000.0
2008,49502,3.7,2000.0
2013,10394,4.1,15921.92
2015,120145,4.6,9269.19
2009,2250,2.8,5992.68
2013,152516,3.2,23798.38
2012,178036,2.2,14800.96
2008,154039,1.6,3014.78
2005,19621,1.7,2000.0
2017,88442,4.4,2000.0
2009,110005,3.2,2000.0
2014,24623,2.5,7818.28
2020,92388,4.5,4799.81
2012,192212,1.5,2769.46
2016,54999,3.4,2000.0
2007,177117,4.2,6355.64
2008,96207,1.5,6587.36
2021,177968,1.5,18232.26
2017,146088,1.1,2000.0
2010,110520,4.8,2000.0
2007,16321,3.8,13202.49
2018,11376,1.3,2000.0
2011,18276,3.7,8218.95
2007,165578,2.2,7622.87
2010,79392,1.4,2000.0
2017,25544,5.0,14110.7
2018,60504,1.7,26303.09
2019,45701,4.2,2407.35
2020,118794,4.5,11291.37
2005,109594,3.1,2000.0
2019,35271,4.9,26558.97
2011,22444,1.5,8071.29
2013,87070,4.8,21563.83
2019,9662,1.3,10351.91
2018,183723,2.9,2000.0
2023,110248,4.4,2000.0
2022,144324,3.2,13832.26
2013,27214,3.3,14383.5
2005,166401,1.6,2000.0
2016,102798,4.9,7692.23
2014,16350,1.9,2000.0
2011,19987,4.4,8097.18
2018,180610,4.8,2000.0
2005,6761,2.1,3093.39
2019,24358,3.9,14267.95
2005,54601,1.3,2000.0
2017,126553,4.0,2346.53
2006,90249,2.9,2000.0
2007,3751,1.5,9159.98
2008,136916,4.6,8472.42
2020,29153,3.7,26979.46
2016,139563,1.7,19246.92
2008,147487,3.1,16231.97
2016,8733,2.3,10350.64
2011,118144,3.8,21022.49
2007,30516,3.5,12067.18
2009,126283,1.8,2000.0
2016,124971,2.0,2000.0
2016,49698,3.8,7185.72
2011,115671,3.7,4010.19
2016,14759,2.2,15138.64
2006,112571,2.9,2000.0
2018,24955,2.9,18330.67
2020,83835,1.5,2629.78
2011,54206,3.5,8596.08
2008,157833,2.1,2845.89
2009,155182,2.8,2000.0
2018,12695,1.3,2000.0
2013,90296,3.5,14600.29
2009,75793,4.4,2000.0
2006,50872,3.3,3420.98
2009,105082,3.4,5198.94
2007,196525,3.7,7396.94
2014,32938,1.8,2000.0
2012,162892,1.3,6631.76
2014,139663,4.4,3901.3
2006,48013,4.4,21752.86
2018,11784,3.2,17894.75
2008,64712,1.8,16412.73
2016,159300,4.3,2000.0
2018,123118,1.9,2000.0
2020,194058,4.4,23031.1
2009,24466,2.7,18758.19
2020,142885,1.2,2000.0
2008,92687,4.3,2000.0
2007,6620,3.2,2000.0
2005,25924,2.3,2000.0
2008,185078,2.8,2000.0
2013,34857,4.5,15001.11
2005,148011,1.8,2000.0
2020,75682,1.4,14904.01
2007,102037,4.1,2000.0
2010,62743,3.5,4856.97
2017,199883,4.5,2000.0
2021,146150,2.3,11692.78
2019,189218,3.2,4358.45
2016,105777,1.2,20639.63
2012,168786,4.4,2000.0
2020,115684,1.8,13409.47
2007,845,1.5,2000.0
2008,30678,2.9,2000.0
2011,137725,4.0,2000.0
2019,66855,1.8,16391.82
2015,86037,1.9,14807.29
2020,42670,2.3,7160.35
2018,21487,4.2,15565.8
2017,79868,4.0,11834.03
2013,155889,2.1,8117.75
2022,68426,2.0,15622.84
2007,166465,4.6,2000.0
2009,5513,3.5,2000.0
2006,60842,1.9,8398.23
2021,139716,1.6,18311.01
2020,165469,1.3,10112.28
2017,108756,2.0,20448.44
2015,118000,3.9,2000.0
2012,154592,2.5,2000.0
2009,178584,4.9,17017.92
2006,184941,2.3,2000.0
2008,164398,1.6,10492.97
2007,171910,1.7,2000.0
2006,193383,3.0,7564.41
2007,43675,4.7,2000.0
2020,195151,4.6,8654.24
2013,66604,1.7,2000.0
2010,174786,4.0,3136.11
2019,173292,4.0,4727.65
2009,10962,1.7,2000.0
2013,196178,2.2,2000.0
2010,73532,1.3,3937.43
2007,16833,1.3,2000.0
2017,1913,2.8,2000.0
2019,174829,2.9,17157.03
2015,120661,1.1,2000.0
2020,57076,4.9,17366.78
2019,169249,2.9,2000.0
2010,51697,4.2,11440.29
2018,103115,3.5,22143.32
2015,192911,3.5,10725.3
2014,70863,2.2,2000.0
2020,30118,4.5,29158.71
2016,36229,2.2,3439.74
2011,138605,4.8,2000.0
2011,195143,1.2,2000.0
2022,198067,1.5,15903.51
2019,123800,3.9,6371.6
2010,195895,3.4,8201.5
2023,44178,3.9,23957.86
2012,30411,3.6,17763.88
2019,147912,3.1,14026.67
2008,139240,1.1,2000.0
2022,59228,4.2,11572.48
2017,169370,3.0,2000.0
2005,66180,1.4,2859.3
2012,76057,1.8,7427.41
2023,143773,3.6,10636.34
2021,72800,1.3,14491.31
2014,157858,4.5,20452.99
2005,152394,4.2,16445.59
2005,177588,2.2,2000.0
2009,56515,4.5,12064.95
2005,86176,4.5,7874.77
2017,91205,4.4,14024.45
2013,68297,2.2,2000.0
2020,190458,3.6,14467.82
2012,57379,2.8,2000.0
2018,64816,3.2,35782.96
2021,145373,2.6,5659.37
2008,115157,1.0,2000.0
2011,130383,1.0,11747.15
2021,87878,4.1,3152.83
2020,72383,4.8,19777.54
2018,74516,1.9,18636.31
2020,16674,3.2,21514.64
2006,98733,2.2,2000.0
2019,131669,2.9,17188.75
2015,168367,1.5,9409.69
2017,165397,3.9,3791.92
2008,88709,3.1,5788.11
2005,184824,2.2,2000.0
2019,89975,3.7,18057.2
2016,164512,3.0,2000.0
2013,149034,2.6,12828.44
2011,103825,3.1,4372.5
2007,8232,4.8,11572.69
2020,4479,1.3,26528.69
2008,84853,4.7,15236.81
2018,182039,1.5,2881.83
2017,168118,1.8,2000.0
2023,88827,4.9,6449.66
2006,181287,4.2,11925.75
2014,46678,2.4,2000.0
2023,142560,2.6,13729.34
2019,136476,2.2,2000.0
2011,143497,1.9,7093.62
2019,176615,1.2,2000.0
2021,193087,1.1,2000.0
2020,199284,3.0,5382.87
2021,90012,3.1,15447.88
2020,190049,4.0,2000.0
2022,136337,1.4,4338.87
2021,95105,3.1,29276.29
2008,178584,4.7,16546.35
2006,108029,4.4,2000.0
2021,83028,3.1,25685.29
2021,116274,1.5,29852.75
2006,187998,1.6,5295.02
2006,167701,2.9,2000.0
2019,66648,3.5,21319.79
2020,66648,4.9,10540.84
2015,108762,4.3,9773.0
2006,147805,2.7,17341.32
2012,167802,2.4,7460.76
2016,89979,1.1,5829.24
2018,154784,1.0,2000.0
2018,196650,2.9,24696.34
2016,157953,1.3,9052.68
2006,71510,1.6,17032.31
2018,15518,4.9,19196.62
2016,146563,3.9,2000.0
2013,179758,2.8,2000.0
2012,32344,4.4,4228.04
2020,78892,1.7,4920.04
2014,46069,2.6,24472.81
2011,46273,2.2,4728.45
2019,181510,5.0,2000.0
2013,59826,4.6,12745.69
2008,78353,3.1,18874.06
2010,55158,2.7,2013.13
2016,142632,5.0,4163.15
2019,81396,1.8,20068.04
2023,190532,2.6,17559.25
2006,50200,3.8,14268.89
2023,182839,3.8,16604.85
2006,147968,3.3,2000.0
2019,22497,4.8,6901.83
2016,81794,2.0,17549.85
2005,34869,3.3,10224.07
2018,44417,4.2,13186.08
2008,5568,1.9,2171.86
2015,107233,4.5,2507.26
2011,43271,3.6,13773.35
2017,19052,2.5,28760.44
2018,128953,3.6,15133.31
2011,44013,4.7,21761.8
2015,19499,5.0,19523.23
2015,1307,2.1,2000.0
2013,75922,4.6,14002.33
2008,21943,1.2,24128.52
2006,77203,1.0,15767.66
2006,86726,3.4,12613.27
2013,75497,2.9,2000.0
2023,35362,2.9,10374.14
2019,148688,1.9,2000.0
2022,4967,3.4,14923.11
2020,41534,1.1,8672.62
2006,16465,2.7,11540.54
2016,188678,2.5,11213.28
2005,126718,1.8,13563.46
2006,125850,3.0,2000.0
2018,113702,3.8,17126.77
2011,106781,4.3,2000.0
2021,122902,2.8,28086.46
2019,126547,2.0,26712.19
2021,77718,1.8,5040.95
2013,19929,3.3,26089.64
2017,112623,2.6,9050.28
2006,22830,2.3,7990.93
2019,181679,3.1,2000.0
2015,16478,3.2,2000.0
2023,117210,1.9,17492.43
2018,65086,2.5,14816.7
2008,95607,3.8,4790.16
2015,129174,2.5,2015.15
2020,182261,2.8,6486.46
2006,15988,3.6,24045.16
2006,96958,1.8,7447.16
2013,10441,4.5,16093.37
2008,15609,2.4,2000.0
2012,134742,3.8,2000.0
2022,75073,2.2,10009.83
2019,21028,3.6,14656.27
2006,182908,2.1,2000.0
2015,74727,4.0,12219.32
2021,140288,1.4,23584.98
2011,145327,2.2,4749.49
2012,152913,3.3,23825.55
2014,143650,3.5,5009.35
2007,151622,1.6,2000.0
2017,69739,2.3,15609.23
2021,48617,1.4,10467.23
2017,117333,4.3,38330.43
2023,193716,4.9,13635.44
2013,165673,2.1,18794.2
2020,5384,2.9,23050.82
2009,85554,3.0,12824.75
2013,71655,1.7,6447.2
2013,193755,3.7,2000.0
2010,103505,3.1,8060.94
2014,159907,3.1,19866.85
2022,21409,1.2,29040.79
2015,17676,1.3,31636.24
2019,160950,4.9,2000.0
2011,194477,4.8,6475.01
2018,135347,1.1,12406.31
2012,139035,3.2,12233.44
2023,199253,1.3,2000.0
2019,106967,4.2,22960.83
2023,80940,1.2,2000.0
2022,60965,3.2,11988.68
2021,108485,3.5,2000.0
2007,180832,1.4,2000.0
2007,73061,3.4,2000.0
2011,173114,4.8,13988.34
2014,58318,1.4,11409.78
2021,156622,3.7,17947.26
2019,37087,2.1,3763.22
2012,126861,2.1,2000.0
2021,6953,3.2,26156.78
2007,94266,4.7,2000.0
2008,103431,1.9,16185.22
2012,152376,5.0,6591.14
2017,94613,1.4,2749.79
2005,38739,4.8,13930.34
2022,128020,1.1,24200.16
2015,106879,1.6,13037.67
2010,24987,4.9,10122.48
2020,118064,2.1,10703.48
2023,6038,1.0,20926.46
2021,2775,4.5,18931.84
2022,138549,4.7,2000.0
2015,71910,4.0,31497.44
2018,67819,4.8,5371.94
2016,17046,2.1,13024.06
2011,151597,3.6,21438.54
2021,118723,4.0,25173.9
2009,41181,4.9,15421.55
2018,131823,4.6,8456.85
2017,145563,1.2,2000.0
2016,158814,2.4,17508.87
2018,48736,3.5,8806.49
2013,193329,4.4,9007.34
2008,101458,2.1,2000.0
2023,50420,1.0,18019.98
2005,53257,1.7,2000.0
2017,43096,2.7,30868.44
2010,89764,1.2,8539.88
2005,162700,1.2,2000.0
2021,76061,2.6,4921.27
2007,24790,3.6,5743.66
2021,115683,3.8,19974.91
2006,160839,3.1,8741.41
2011,5327,2.7,2000.0
2005,117898,1.1,4311.51
2019,189397,2.1,13217.12
2008,180625,3.7,7316.31
2010,107107,2.8,2000.0
2017,121354,2.1,18126.85
2017,63827,1.9,27535.7
2005,57225,1.1,2000.0
2006,189321,4.3,10314.2
2010,12644,4.5,18320.25
2015,162169,2.5,21457.79
2022,79163,3.8,31594.59
2017,92017,1.3,2000.0
2016,127240,4.6,15450.47
2011,162702,4.6,2000.0
2011,71410,1.6,2000.0
2011,1106,4.1,2000.0
2006,112420,2.9,2000.0
2015,139491,3.7,5620.15
2005,116676,2.9,2000.0
2017,56329,1.3,18370.12
2016,40908,4.4,19212.89
2017,38787,1.3,13778.71
2011,185911,2.4,2000.0
2016,126887,4.9,2000.0
2021,152096,2.7,2000.0
2012,90355,4.3,14403.16
2007,107745,1.7,2000.0
2011,22755,4.3,21602.65
2023,186612,2.8,17256.11
2012,172646,3.0,4554.32
2018,28356,4.9,9248.69
2018,113526,4.5,10836.6
2006,77260,2.4,4925.98
2010,9127,4.8,2000.0
2020,173776,1.4,23780.36
2013,78205,1.1,2000.0
2019,141950,3.1,13895.54
2023,172553,4.1,4913.68
2019,63041,1.9,6560.77
2016,196453,1.3,2000.0
2013,100180,4.4,18678.9
2020,2205,4.9,7154.97
2010,64767,3.8,5494.37
2019,24401,4.9,30662.11
2017,33314,4.3,20091.51
2014,174585,2.0,2000.0
2018,125748,1.4,2000.0
2007,67605,4.2,18616.45
2016,55362,3.6,2000.0
2005,56005,4.3,21034.62
2020,96867,3.9,9852.15
2014,160591,3.0,11895.53
2013,88650,4.8,27318.74
2022,183159,4.0,30297.26
2005,32784,1.0,16647.94
2014,2809,3.8,8249.37
2011,93371,3.2,23166.93
2014,8519,1.6,27179.36
2016,174029,2.7,11891.41
2015,155993,3.1,11287.23
2013,194799,2.9,19219.26
2009,198962,2.7,2000.0
2008,143535,3.5,17292.11
2017,145720,3.6,2994.35
2012,80777,3.8,2000.0
2020,107039,4.0,9673.47
2005,190798,4.3,2000.0
2021,85370,3.3,9049.95
2019,151161,1.3,2000.0
2019,47939,2.5,2975.98
2022,171547,1.0,27839.03
2010,133820,3.4,5796.87
2006,173388,4.9,3525.45
2009,95516,4.3,13790.04
2023,173398,2.9,4095.94
2011,92965,3.8,3201.56
2013,73913,4.0,9428.31
2006,118893,3.4,2092.36
2011,156414,4.5,9298.59
2018,57378,2.3,6890.1
2019,40871,3.7,3013.72
2016,58989,1.3,2000.0
2008,40708,1.6,19035.41
2017,28161,4.8,32010.76
2013,104169,3.2,11373.41
2016,148253,4.0,2000.0
2014,154722,4.5,16357.2
2013,192521,4.7,5484.0
2011,22736,1.4,2000.0
2016,75387,3.8,13548.08
2020,32805,3.5,16528.66
2019,14429,3.4,15099.67
2011,146664,1.6,17276.32
2012,58230,4.1,4539.77
2011,62626,2.3,11006.22
2015,64139,1.9,3328.01
2008,174761,3.8,16420.3
2022,163760,1.9,8178.41
2023,101664,3.0,27555.39
2011,60007,2.3,2000.0
2017,102602,4.3,26168.84
2013,46567,4.8,2000.0
2022,3475,4.3,12962.61
2011,128990,2.6,2000.0
2020,104864,1.7,17629.6
2009,52529,3.8,11792.2
2011,21425,4.6,18366.68
2010,176902,2.6,2000.0
2006,54152,1.2,7483.89
2011,176745,1.5,11936.1
2013,95129,2.5,20054.04
2017,158320,3.0,4825.12
2021,15169,2.2,30641.05
2021,69769,2.9,6363.1
2019,2462,4.8,18310.65
2022,19616,1.3,32219.64
2019,43627,4.2,17120.52
2015,24430,2.8,17979.64
2016,31877,3.6,21679.05
2021,115213,4.9,7672.0
2016,95821,2.8,2000.0
2011,32014,1.4,2000.0
2011,184544,4.3,2000.0
2014,124024,2.1,13861.34
2020,86750,4.6,26511.57
2015,29392,1.3,17953.77
2020,98766,1.9,10419.84
2006,150419,4.9,11237.24
2006,121071,4.5,2000.0
2022,110612,1.9,2000.0
2009,63935,4.1,2000.0
2018,75706,1.3,5793.39
2012,78271,1.6,14434.46
2010,32348,1.7,11245.58
2013,26539,1.2,5777.13
2010,12542,2.9,8326.15
2021,98606,2.6,11387.05
2012,153339,3.4,8022.4
2007,131848,3.8,16419.2
2016,175291,3.4,6446.48
2017,131695,2.1,19959.75
2022,193565,1.3,6388.16
2015,19770,3.9,19681.06
2006,105334,2.2,8070.17
2018,14723,2.0,23792.05
2005,168615,3.8,2000.0
2019,31327,2.8,16253.12
2022,192646,1.8,2000.0
2022,164901,4.1,21800.78
2021,33055,4.2,24192.99
2005,29764,4.9,2000.0
2018,113385,2.9,12614.74
2020,52791,1.1,2000.0
2008,40723,3.1,2000.0
2010,153791,1.1,2931.25
2020,99447,4.8,8096.03
2010,15882,1.7,2000.0
2019,78732,4.7,4287.86
2005,183309,4.8,2000.0
2011,27092,4.1,10156.7
2015,116889,1.3,2000.0
2005,21673,3.2,4907.35
2012,129980,2.4,4677.5
2018,172710,4.3,20059.67
2009,150913,2.2,2000.0
2017,35512,2.8,13418.7
2019,18737,3.3,12139.47
2013,32061,1.1,2000.0
2012,145761,3.4,9199.17
2023,168842,2.4,2000.0
2021,3966,3.1,18492.71
2023,128702,1.5,22482.92
2022,97053,2.3,17435.88
2022,182965,3.3,16509.89
2008,46534,3.3,12416.02
2006,194202,1.6,2841.5
2009,107088,2.7,2000.0
2021,19790,3.1,20669.29
2011,52104,1.3,12124.62
2020,114507,3.4,27688.05
2005,185287,1.9,2000.0
2016,91131,4.7,8051.62
2023,13185,2.1,7852.49
2013,10806,4.1,8874.47
2020,149327,3.3,15182.08
2011,123970,3.7,10638.53
2019,17010,4.6,22174.93
2016,4766,4.4,12509.09
2008,8217,1.5,2000.0
2010,166888,4.7,2802.77
2010,41581,1.6,2000.0
2019,111681,2.3,34784.46
2007,93597,3.1,21569.63
2006,51812,4.7,13139.7
2009,73203,3.5,9571.54
2012,181965,4.5,2929.2
2023,117760,4.8,13254.37
2020,40671,4.0,25985.97
2023,105029,2.9,18005.13
2020,20117,2.6,2000.0
2010,31178,2.1,6499.04
2005,70000,3.0,2000.0
2022,60118,1.2,2000.0
2012,132917,1.9,5496.1
2009,77965,2.4,2000.0
2016,155091,4.4,7983.47
2022,101062,2.5,4038.42
2009,56729,2.0,3576.44
2017,187541,4.1,2000.0
2016,150334,4.8,9759.22
2020,134476,4.1,9057.01
2018,195657,1.5,12195.88
2015,49534,2.3,2000.0
2013,54162,3.4,15326.13
2014,179550,1.8,11243.65
2020,42249,3.5,26847.34
2023,92964,1.9,17882.74
2014,136140,3.2,25941.55
2008,177808,3.8,3942.59
2012,141301,4.1,2000.0
2015,77444,4.2,18866.41
2010,174484,4.1,7383.76
2008,90997,1.5,2000.0
2009,44454,5.0,9179.67
2022,199622,4.1,11645.0
2007,118670,1.4,2000.0
2011,36942,3.8,16483.79
2016,90420,2.9,18110.49
2007,58070,2.7,2000.0
2021,68640,3.7,3912.29
2007,150393,1.7,9628.7
2015,14017,5.0,24040.52
2010,42673,3.2,2000.0
2015,114118,3.4,2000.0
2008,50587,2.7,9684.06
2021,135637,3.4,30259.45
2005,78761,3.7,2000.0
2016,155393,2.4,2000.0
2007,59541,2.8,16448.6
2020,51352,2.0,13747.55
2007,30623,4.1,2000.0
2018,158699,3.9,4893.52
2021,50822,4.2,14409.43
2023,176701,3.8,23176.33
2011,85284,1.1,2000.0
2015,41184,1.8,2000.0
2020,131918,2.6,10869.47
2023,163464,1.9,18995.97
2009,64801,3.1,2000.0
2005,113515,4.6,7578.16
2014,185659,4.0,2000.0
2022,102373,2.1,14267.82
2014,117644,2.6,4618.92
2005,53539,1.2,2000.0
2017,24031,1.0,13240.87
2008,92373,2.7,7274.61
2016,137983,3.9,10476.6
2020,173615,4.4,27793.67
2023,121436,2.7,12859.33
2016,122373,1.7,8166.09
2010,94084,2.0,2000.0
2020,50368,2.8,7281.39
2016,120241,3.6,8911.67
2014,154697,3.2,9354.45
2009,78448,4.4,2000.0
2023,117399,1.1,15058.31
2016,75014,5.0,12903.15
2012,60501,4.7,4830.27
2008,163897,1.6,2000.0
2011,191904,1.2,2000.0
2009,1304,3.5,5894.73
2015,50782,3.9,9938.01
2021,53232,2.9,17578.77
2007,86223,2.1,2000.0
2006,137075,3.6,2000.0
2023,124046,3.5,22737.94
2006,147868,1.6,19990.82
2018,50770,4.2,14941.58
2005,70672,4.0,10877.12
2020,2777,1.3,16446.97
2019,197347,2.8,2329.25
2022,185123,2.6,10916.09
2006,94626,2.8,2000.0
2015,115606,2.8,9720.28
2021,157896,3.1,2000.0
2017,40353,2.1,13122.41
2016,177593,2.9,2539.69
2006,28658,1.4,2000.0
2022,71157,1.7,8563.25
2014,162897,1.4,2000.0
2016,155263,1.7,21190.33
2021,143439,1.0,2000.0
2018,1503,1.2,2000.0
2023,52379,4.2,24657.96
2017,827,1.8,25898.51
2007,19615,3.1,17073.05
2012,52025,2.5,13017.62
2009,140881,2.3,2000.0
2016,78891,4.4,5958.62
2005,124065,2.9,10207.73
2020,87772,3.1,27116.35
2016,145019,2.8,14319.0
2021,5632,2.1,19865.23
2013,8886,3.7,19410.97
2017,20400,1.2,19168.1
2008,160864,2.1,2000.0
2008,116756,3.6,2000.0
2019,95586,1.1,8922.28
2014,63414,1.1,16260.48
2010,22008,2.5,2343.33
2007,136595,2.0,2000.0
2019,140510,3.8,9439.55
2010,129012,4.0,4924.76
2015,150063,1.1,19600.36
2006,48159,2.7,2000.0
2006,163831,4.8,2000.0
2005,193000,2.3,13371.83
2015,65823,1.8,8889.87
2009,15796,3.1,20735.8
2010,116091,2.8,17023.12
2007,70068,1.9,2000.0
2009,43137,1.9,6741.23
2013,33208,3.7,8819.14
2023,21996,2.3,9318.43
2009,135957,4.9,20294.11
2016,99572,2.2,5735.75
2016,121907,3.2,14262.71
2020,6864,1.3,21454.4
2011,187231,3.2,8023.79
2018,145637,2.8,21548.43
2013,65721,2.4,8300.31
2019,86177,2.7,29398.4
2015,147420,1.7,9084.78
2008,108944,4.3,4693.65
2015,36311,4.7,35049.17
2013,107975,4.3,2647.85
2010,168726,4.2,2000.0
2021,102944,3.2,7394.95
2013,125340,2.3,7569.69
2010,27154,1.7,2000.0
2010,99448,4.3,9506.54
2008,151620,1.2,5859.33
2015,162084,1.7,7689.45
2007,194262,2.6,2000.0
2022,66170,1.8,8435.99
2020,138649,3.3,3367.88
2020,148759,3.9,7815.54
2016,111157,4.6,13323.42
2018,59225,1.8,15797.5
2013,150153,2.1,2694.14
2011,111145,3.9,2000.0
2018,161692,1.9,2000.0
2014,197560,2.5,11457.14
2015,35573,4.0,12880.15
2011,89506,2.5,2000.0
2023,47131,1.6,19342.45
2023,123449,2.1,6607.27
2015,105086,1.3,22560.7
2010,94635,3.7,2000.0
2012,156627,1.2,2000.0
2005,103516,3.3,5941.14
2012,4130,4.8,6725.65
2009,196187,4.4,2000.0
2014,155398,1.3,2573.42
2006,52693,3.9,11650.57
2008,174605,3.8,2000.0
2006,3386,2.2,2000.0
2019,126435,1.4,2000.0
2014,174909,4.4,2000.0
2006,42697,3.2,2000.0
2010,26999,3.8,6823.53
2018,16149,2.8,20292.73
2009,191119,1.9,3374.06
2006,97122,2.0,7999.97
2018,78830,3.1,7863.56
2017,10727,1.9,4629.37
2006,71626,2.6,7357.48
2013,71031,1.3,8694.44
2007,128298,5.0,20452.53
2019,51552,3.5,8358.88
2007,12147,1.6,10023.5
2016,148434,1.5,2000.0
2010,170387,2.9,8217.58
2023,156050,1.1,13860.24
2021,10996,2.6,5144.41
2010,17898,4.8,2583.85
2023,75275,4.3,26178.54
2021,16777,4.7,20502.16
2020,117318,1.4,13657.79
2012,114791,2.5,14457.28
2023,144369,3.2,25937.17
2012,198351,3.9,31171.01
2019,13536,2.6,4067.09
2012,70972,2.3,2000.0
2007,30589,2.2,2000.0
2020,131493,4.2,19522.16
2007,55349,2.5,2000.0
2005,54444,1.1,2000.0
2012,47350,4.1,3028.42
2013,137880,1.6,2011.1
2016,168553,3.5,25274.68
2022,36544,1.1,3485.68
2021,86310,2.5,17753.33
2012,123155,2.8,2000.0
2015,89130,4.9,6781.57
2011,90305,1.4,2000.0
2018,94827,4.0,26976.5
2014,28594,4.9,6636.11
2019,14980,2.1,2390.4
2016,49401,1.9,16057.87
2021,109963,4.8,10186.91
2012,168891,3.0,15398.38
2018,196198,4.3,12530.91
2019,38879,4.2,15850.54
2015,4391,2.3,9254.31
2016,106091,1.7,2643.8
2020,85640,3.8,18041.12
2022,20393,3.0,11645.6
2014,70441,3.0,2000.0
2023,100640,3.2,21080.1
2022,51736,1.1,8665.91
2005,50917,1.0,7660.45
2008,196598,2.3,2000.0
2011,63743,2.3,2000.0
2005,111112,3.9,2000.0
2012,58486,2.3,2000.0
2021,197722,2.4,4513.6
2012,144082,3.2,2000.0
2009,129849,3.4,12459.31
2005,181363,2.3,4057.45
2019,139039,3.2,4508.44
2008,119350,3.5,2000.0
2011,118204,2.0,9151.0
2018,112747,1.9,2000.0
2016,174008,4.6,2000.0
2007,178764,3.6,14240.03
2022,108092,2.2,5752.74
2012,33913,3.2,9099.45
2006,67163,3.8,18526.59
2010,10050,1.1,12485.09
2011,115933,4.7,2441.24
2011,189937,3.9,2000.0
2017,115057,2.6,24432.14
2005,14264,4.7,7280.33
2012,185079,1.2,18722.93
2017,116473,4.0,28637.72
2023,163033,3.1,15891.39
2021,49726,3.7,20370.71
2017,15759,2.9,4998.07
2020,5504,1.6,5701.11
2019,106324,2.0,8112.63
2015,63699,2.9,10495.46
2016,47172,4.7,21254.07
2007,61816,1.3,13325.49
2013,130704,1.4,3394.19
2018,64807,1.6,22926.22
2011,152933,3.5,2000.0
2015,65152,2.5,14056.52
2014,153361,1.6,14173.78
2007,51267,1.5,8522.43
2023,143343,3.7,19218.36
2006,107652,2.9,2000.0
2021,115773,4.5,14469.25
2006,188576,2.6,2000.0
2020,72729,3.6,22745.86
2021,172790,4.2,5969.36
2014,163779,4.8,21303.72
2008,48573,4.5,11733.72
2015,9021,4.1,20199.57
2021,9040,2.7,24847.39
2016,105285,4.9,13009.06
2014,157624,2.1,2000.0
2020,135416,3.6,25010.5
2008,78938,1.5,6316.68
2007,138275,3.4,7597.64
2013,78854,3.8,15691.71
2010,108025,1.4,2000.0
2016,136512,2.2,5903.46
2005,43209,3.6,2000.0
2018,2892,3.4,22401.07
2014,85544,3.7,6971.47
2022,6687,1.5,17988.61
2017,124557,3.1,20135.38
2013,154879,4.7,10176.27
2023,104608,4.8,13756.32
2008,80925,1.5,2000.0
2007,30152,4.6,2000.0
2010,129285,3.3,13950.18
2013,25875,4.0,3584.87
2014,166011,1.6,2000.0
2013,28939,4.0,10328.18
2021,139541,1.3,2000.0
2014,82943,3.5,21210.93
2010,192587,3.7,2000.0
2020,91311,3.7,22543.46
2021,187427,1.2,7348.22
2015,51132,2.5,24825.27
2011,116278,4.0,15787.39
2008,184321,4.2,2000.0
2014,62719,2.7,14187.72
2018,150076,1.6,31174.68
2021,91498,3.0,5106.94
2018,70762,3.6,18851.74
2017,5253,4.7,25743.84
2006,112024,3.7,6249.04
2013,8726,4.3,35592.8
2007,58952,2.1,5367.81
2008,100702,4.3,10566.7
2016,191330,3.4,9628.88
2019,40000,3.2,15415.07
2012,177345,2.1,14404.13
2022,179498,1.8,2000.0
2009,29735,3.2,5724.27
2006,196630,4.6,3776.5
2013,41648,1.9,3729.39
2018,163591,2.1,12251.24
2005,127103,4.8,2000.0
2008,1286,1.1,2000.0
2021,75810,2.9,19263.17
2014,141798,3.1,11752.66
2006,61540,3.7,14239.76
2010,25916,1.8,14492.8
2023,79826,3.3,19564.02
2013,2377,1.4,11541.75
2023,155843,2.1,14237.78
2023,92573,1.1,12274.94
2013,49004,2.8,18661.48
2007,54780,1.7,2000.0
2010,51267,1.4,2000.0
2010,112008,2.4,2000.0
2021,21802,1.3,21825.17
2017,176056,3.7,23078.71
2017,25446,1.8,16863.22
2011,161932,3.8,2000.0
2013,90296,4.4,4799.1
2022,83132,4.0,44583.1
2005,11837,4.1,11983.08
2017,193554,3.6,2822.97
2012,38992,2.5,9619.1
2013,139761,2.4,2000.0
2005,1565,3.3,10297.7
2013,124542,2.0,2000.0
2015,24793,2.4,21293.27
2008,135692,1.6,2000.0
2020,65200,4.1,13985.62
2018,25937,3.9,33245.3
2022,110712,3.0,19401.53
2013,122227,2.5,7823.22
2005,125038,3.8,2000.0
2007,59400,1.3,10027.18
2005,45277,1.2,8750.22
2007,25372,3.8,16915.47
2018,136028,3.2,2000.0
2018,192466,3.9,8123.77
2017,11911,2.1,7953.37
2005,113771,1.4,2000.0
2019,81232,2.7,33094.05
2011,51403,2.7,11621.89
2020,137742,4.0,20613.46
2005,59844,1.5,2000.0
2019,63137,4.8,26304.96
2019,23473,1.2,5588.04
2023,47298,2.3,7502.42
2010,21345,3.8,27693.2
2010,25608,3.9,12976.96
2005,175876,3.3,2000.0
2020,101488,1.3,18521.1
2022,106835,4.4,17928.59
2017,10286,3.5,27638.84
2016,147944,4.0,4539.08
2022,173377,2.5,2000.0
2014,172822,2.0,2000.0
2018,89185,3.9,15802.74
2015,44476,4.3,23907.67
2022,176220,4.3,14197.98
2016,120059,3.9,11844.28
2021,103581,1.6,15794.19
2007,93567,1.9,11528.42
2005,184631,3.0,2000.0
2005,73477,3.0,6536.3
2010,151055,3.0,7933.46
2023,46016,4.3,22954.58
2008,16260,1.5,14169.09
2017,87576,4.2,32371.81
2016,165113,1.1,12888.86
2012,197146,2.3,2000.0
2011,44713,1.8,2000.0
2011,69748,3.1,15567.91
2011,158262,3.1,2000.0
2018,98789,3.0,2000.0
2022,148842,2.2,2125.02
2023,50201,3.1,12363.88
2023,99087,3.8,21130.55
2022,11251,2.6,23653.03
2010,123499,4.7,7085.55
2020,128356,1.3,2000.0
2007,163227,4.9,2000.0
2006,62939,4.0,7811.91
2019,8061,3.4,30188.56
2015,171129,1.8,8142.35
2023,24408,3.5,16859.91
2022,127218,4.2,19835.8
2015,126354,2.0,7023.39
2007,149260,1.2,2000.0
2008,153851,2.8,14085.97
2010,24687,2.2,21898.4
2016,155286,2.1,26770.99
2008,127757,3.9,9600.92
2016,66505,1.6,11950.06
2008,152318,3.6,2000.0
2006,164758,1.2,2000.0
2016,16551,4.7,34133.05
2017,150777,3.3,2000.0
2020,60149,4.7,30135.24
2008,92372,4.5,2000.0
2012,146874,4.5,2281.05
2009,127763,1.5,2000.0
2018,194463,3.8,2000.0
2019,142103,2.6,3115.02
2015,55341,2.8,10195.52
2014,21521,2.1,5107.32
2014,86894,1.6,2000.0
2010,25333,2.2,2000.0
2020,111965,3.2,24874.35
2008,64731,2.6,17980.44
2013,168623,3.8,2000.0
2014,168333,4.4,2000.0
2009,1973,1.8,2000.0
2014,10900,1.2,30284.83
2020,180321,5.0,9878.71
2015,19460,4.5,25084.4
2010,92031,2.1,17143.87
2011,133278,1.7,2000.0
2016,188354,4.8,6407.66
2017,196694,1.9,7551.06
2021,9958,1.9,32635.71
2013,11383,1.4,9345.88
2012,127418,2.2,8571.87
2020,69213,4.4,17721.47
2007,25257,3.3,11820.07
2009,80106,1.4,4784.0
2017,73181,4.9,12981.02
2022,176248,3.2,7027.89
2020,78320,2.7,13129.15
2018,127587,4.1,9652.87
2015,158117,3.2,11541.56
2022,139398,4.6,25899.25
2012,28986,3.8,16697.31
2016,10437,3.7,18701.83
2023,105264,2.4,11004.02
2006,184013,5.0,2000.0
2013,144228,3.6,2000.0
2013,27777,2.8,12894.49
2018,25310,1.6,18894.15
2019,117786,3.2,2000.0
2015,150927,3.7,3990.94
2017,167105,2.5,2124.08
2009,198576,1.3,2845.84
2010,105817,4.2,2000.0
2009,192527,3.6,9618.21
2005,183368,3.7,2000.0
2022,105395,2.0,11036.96
2012,79475,1.5,2000.0
2021,165064,2.8,9013.55
2015,171652,2.0,15730.11
2015,165027,4.1,12419.03
2007,114694,3.1,2000.0
2012,158180,1.5,2000.0
2012,29303,1.8,2000.0
2007,60866,4.5,10611.85
2014,58781,3.5,23317.28
2023,181159,2.6,2000.0
2018,154654,3.9,15353.99
2022,90671,4.2,12658.22
2007,176218,1.5,2000.0
2018,38405,4.4,12871.54
2015,25021,4.8,19854.83
2014,1308,1.4,24332.12
2018,99720,2.3,3705.12
2005,119733,1.7,2000.0
2020,196179,2.7,5710.99
2010,18289,1.9,2000.0
2022,57673,2.4,18170.54
2020,7782,2.0,31473.96
2023,104406,1.0,15178.89
2020,20062,1.1,14279.07
2009,157201,3.1,5749.56
2016,160788,3.1,2000.0
2010,101306,1.1,2000.0
2006,110025,3.8,2000.0
2020,100869,1.1,13918.74
2015,133655,2.9,5946.06
2016,43232,2.6,24687.73
2015,112411,4.5,2000.0
2023,22235,3.3,31494.96
2012,154953,4.3,4531.76
2022,116502,5.0,23701.34
2009,69454,1.7,2000.0
2016,13869,1.3,18433.37
2014,137583,4.1,4317.65
2019,145188,3.5,2000.0
2009,35981,3.5,2000.0
2021,56909,2.3,21134.83
2008,197830,1.4,12050.73
2016,111614,3.9,24372.23
2022,84433,3.2,23594.7
2012,127547,3.0,2000.0
2021,192949,3.9,10002.77
2012,152308,5.0,27906.37
2017,111182,4.0,19116.02
2007,145504,4.7,2000.0
2007,59895,2.6,15402.25
2011,28014,4.6,7379.95
2022,70519,3.9,15235.43
2011,86058,2.5,2000.0
2006,17704,3.0,14081.82
2011,45968,1.8,2000.0
2006,149822,1.3,7243.96
2011,192206,2.9,6448.01
2018,199143,5.0,3814.33
2019,88209,4.5,23080.0
2020,51527,1.1,26270.52
2012,125186,4.9,11873.71
2020,77942,2.9,25777.44
2011,98034,1.7,11821.08
2015,144525,4.7,15043.95
2008,59006,4.7,11758.43
2022,160637,4.4,30766.42
2017,199408,3.5,9546.86
2021,1280,1.9,5365.89
2016,194735,2.0,19335.72
2022,83538,4.9,14447.76
2014,29834,2.1,2000.0
2011,192630,2.7,2000.0
2016,188030,4.0,5731.62
2016,17985,4.3,21887.21
2017,133378,2.6,15997.22
2005,138894,2.6,11494.37
2011,159475,2.4,2371.65
2020,112488,2.6,9273.56
2020,189631,4.0,5368.65
2020,942,1.2,15328.25
2020,36699,4.2,9067.74
2018,157853,1.9,2686.45
2015,36517,1.6,12864.85
2023,70276,1.5,2000.0
2015,147445,1.9,23487.87
2006,179723,4.3,2000.0
2011,143491,3.2,9146.89
2013,82327,2.1,3551.97
2013,51195,1.7,18171.39
2018,70808,4.1,10890.8
2014,74294,3.0,5751.86
2020,80639,1.5,2000.0
2022,54909,2.5,19228.06
2005,178221,2.8,2000.0
2006,144045,2.4,13266.21
2008,44330,2.1,2000.0
2006,165819,2.3,2828.69
2008,92064,4.0,2677.9
2010,153620,4.8,2000.0
2008,151294,1.1,5962.35
2022,105444,3.5,22259.96
2009,144548,1.3,2000.0
2015,198923,1.8,2000.0
2017,106596,3.2,2000.0
2007,4756,4.2,5325.2
2023,39564,2.7,11825.43
2015,79850,4.5,3444.9
2015,44404,3.9,15847.48
2006,196640,1.8,2000.0
2019,53483,3.7,32697.72
2012,145605,2.3,2000.0
2006,127482,4.1,2000.0
2012,187114,1.9,2000.0
2019,16541,1.6,5443.38
2020,60452,3.6,28948.89
2017,21329,3.5,25238.53
2021,125071,3.3,5751.63
2018,118316,2.0,3950.53
2018,52934,1.8,23874.68
2005,184045,4.6,2000.0
2005,19072,3.1,2000.0
2007,25268,2.6,8279.27
2019,123931,4.3,17713.07
2009,103348,1.2,2000.0
2009,28459,3.7,31614.68
2008,128578,1.6,2000.0
2018,174954,1.9,2433.59
2011,195827,3.6,2567.74
2019,7846,2.1,11153.17
2015,169225,4.1,17127.85
2018,100402,3.1,16138.84
2010,51308,2.3,2000.0
2014,130445,4.5,23723.07
2011,136526,3.5,23100.15
2014,96236,2.7,2000.0
2018,34895,2.8,2000.0
2009,29678,2.1,19928.93
2005,111023,1.4,2000.0
2023,54752,2.2,11873.55
2012,56183,2.1,28577.2
2023,7762,2.3,16680.9
2021,151653,2.9,21478.5
2023,4426,1.3,22365.87
2020,67010,1.4,2000.0
2008,13051,3.9,3133.45
2012,137061,1.7,8877.71
2008,192935,2.4,2000.0
2017,9240,3.5,22520.16
2011,195128,4.9,6872.77
2005,49567,1.5,2000.0
2013,127277,4.0,5343.42
2008,95331,3.0,8017.3
2018,38275,1.4,7940.29
2013,116854,1.7,3483.11
2007,5782,3.8,3430.29
2019,177743,4.5,7108.37
2009,156309,1.0,2000.0
2005,12646,1.9,2000.0
2015,49440,2.4,24198.53
2023,100904,5.0,23686.4
2009,145404,3.6,7979.28
2021,162231,2.4,4854.99
2023,57918,1.8,8233.4
2021,164556,1.9,6375.26
2009,85332,1.2,2000.0
2013,70859,5.0,2000.0
2010,159670,4.9,4369.32
2017,51545,1.0,23261.84
2015,86000,2.1,23246.66
2005,142326,1.1,2000.0
2021,50164,2.2,31578.43
2010,162624,4.6,6218.46
2007,120936,4.5,2000.0
2020,35128,3.7,31250.8
2017,92245,4.9,11761.31
2016,198554,4.0,2886.13
2015,3512,2.0,9331.06
2006,73654,4.3,7936.64
2023,120287,3.0,28012.33
2012,66887,3.0,2000.0
2017,179450,4.3,22372.97
2018,113121,3.1,15306.47
2019,150531,2.3,3529.06
2021,20288,4.7,8079.66
2019,122548,1.3,3410.09
2014,10539,3.6,5578.76
2005,141917,4.1,2000.0
2016,46870,1.2,7770.04
2013,76702,1.9,12104.55
2009,13467,1.9,2214.09
2019,46436,4.6,17105.61
2007,153103,3.6,6463.92
2023,191112,1.9,9465.64
2011,46943,4.6,13168.94
2011,199887,2.0,7159.12
2011,23116,3.6,5749.85
2006,184240,2.8,26931.21
2006,144090,1.4,5322.76
2016,146812,4.0,27406.77
2009,109790,2.3,2000.0
2008,151392,2.4,2000.0
2011,164884,1.9,2000.0
2020,134511,4.2,17415.64
2007,16696,1.6,17083.1
2006,15948,1.9,7469.26
2021,198498,2.6,19425.75
2013,60962,1.6,2000.0
2012,86141,1.5,15548.4
2016,12192,3.1,2000.0
2011,23362,4.8,17816.22
2018,25071,4.2,36095.02
2020,123860,1.7,13282.65
2005,185063,3.4,2000.0
2014,128598,4.2,22966.66
2015,185019,1.6,2000.0
2011,198636,1.3,2000.0
2022,157740,4.6,28513.21
2023,81226,2.0,14841.46
2018,95118,3.0,10654.97
2021,133979,1.8,29675.38
2023,98275,1.2,25431.79
2017,68679,3.1,35845.79
2007,74455,2.7,2000.0
2006,127073,3.9,2000.0
2013,87310,4.4,8030.54
2011,7574,1.6,2000.0
2018,140378,1.7,2000.0
2009,198285,4.8,6277.55
2019,34811,2.7,15982.78
2005,125044,4.8,28233.04
2011,138753,2.4,21510.44
2009,162786,2.4,2000.0
2008,199722,3.8,2000.0
2015,177493,1.4,2000.0
2023,135925,2.7,8079.76
2010,92955,2.5,19627.52
2022,27462,1.1,9105.38
2009,62165,2.3,6313.58
2019,122986,2.6,17930.66
2010,6599,1.2,2000.0
2008,160518,1.1,2000.0
2021,133413,3.4,35923.73
2019,55471,1.8,2000.0
2022,45012,2.5,22958.25
2010,191997,1.3,2000.0
2023,115938,1.4,5863.68
2016,27217,1.6,20397.33
2013,88392,1.1,6985.14
2012,7408,4.0,2961.08
2019,35841,4.6,12355.3
2005,152826,3.1,2772.77
2006,169385,4.3,10439.39
2007,122960,1.5,4507.7
2023,109031,2.8,24587.59
2014,197523,1.6,6868.3
2018,82181,5.0,12512.8
2023,169354,1.2,8856.34
2015,47812,2.8,6293.28
2010,118007,1.4,2000.0
2023,128329,1.3,10294.57
2018,57302,3.9,10530.87
2012,70439,1.3,2000.0
2006,128895,1.1,9460.39
2022,45603,4.8,5886.01
2008,51814,1.7,2000.0
2007,121646,4.4,2000.0
2006,170081,4.8,24579.06
2008,34740,4.0,2000.0
2022,166014,1.4,2000.0
2015,181551,1.7,19024.1
2013,21274,1.7,12408.22
2012,159533,3.6,2000.0
2012,105026,1.7,2000.0
2009,62842,1.1,2000.0
2017,9031,2.8,24539.86
2011,44796,3.4,6447.17
2009,93425,2.8,2000.0
2017,93760,3.0,10606.02
2020,55878,2.8,28201.76
2018,16931,2.1,9862.61
2009,45122,4.8,15661.43
2023,62121,4.4,28504.2
2008,194010,2.3,2000.0
2015,59970,1.2,2000.0
2006,38320,4.4,16621.78
2017,58669,4.0,11931.25
2020,167631,1.3,2000.0
2013,84791,3.8,5867.97
2020,105846,2.8,6093.64
2011,574,1.5,2000.0
2020,132173,3.9,8725.87
2017,17759,2.4,12979.7
2009,95038,4.6,23332.03
2019,38002,1.2,13850.12
2011,85868,4.7,20661.44
2022,79352,1.4,16191.31
2006,179353,1.1,2000.0
2012,14319,3.3,2000.0
2014,111126,3.4,11988.73
2014,86384,1.8,2000.0
2015,169685,4.5,15532.33
2012,167571,4.2,4159.9
2020,23909,2.1,13859.73
2020,151853,2.8,2000.0
2021,186014,4.1,2000.0
2010,174386,4.3,13185.4
2022,3750,4.2,30552.29
2021,183358,2.1,21031.36
2016,119294,4.1,25033.85
2019,93177,3.5,13422.61
2011,148342,3.1,2000.0
2018,143071,4.9,18157.28
2008,192200,3.4,2000.0
2021,31106,4.5,24447.47
2015,86810,4.0,2000.0
2010,105306,1.2,2883.72
2014,22985,2.1,14317.7
2019,120655,3.4,10896.43
2010,5527,2.8,6248.48
2020,122582,4.8,5249.4
2016,186120,3.3,2000.0
2023,150913,4.7,11332.27
2020,155013,1.8,19986.71
2018,36066,4.6,25799.86
2010,187726,3.1,2000.0
2013,176404,1.9,2000.0
2005,178019,2.6,2000.0
2012,185500,4.9,12484.14
2011,108556,4.8,2876.06
2018,50678,1.1,18341.06
2012,178372,2.2,2000.0
2015,111206,4.6,2000.0
2013,46249,1.1,2000.0
2023,67692,4.8,21055.86
2011,76151,2.6,2000.0
2010,2794,1.5,7086.86
2022,102547,2.2,2000.0
2009,48128,4.2,9785.3
2023,199650,5.0,17583.37
2015,88615,1.5,19781.73
2009,72428,3.6,10830.42
2013,135163,4.7,9837.58
2012,125958,4.6,2000.0
2015,150690,2.5,11466.0
2010,162593,4.5,3575.66
2019,91569,1.8,2017.66
2010,166212,3.5,7218.04
2015,10396,3.4,25713.55
2019,162929,4.1,2000.0
2016,98415,1.9,2000.0
2013,166874,3.5,6213.21
2014,38342,3.4,27123.17
2019,71424,1.3,18693.1
2021,74824,2.3,2000.0
2020,188398,1.8,10790.22
2012,105664,5.0,25817.06
2021,25872,5.0,24840.51
2015,21215,2.0,5081.43
2015,4968,4.2,17246.22
2010,94198,4.3,18337.37
2006,41053,4.7,2000.0
2005,150222,1.5,2000.0
2010,131739,3.7,4701.49
2009,122611,1.8,2000.0
2013,164354,3.6,22268.62
2009,125956,4.5,2000.0
2022,168129,1.3,2000.0
2023,193445,3.5,2000.0
2019,164651,3.2,19537.73
2019,179408,1.7,2000.0
2013,22091,2.0,4861.06
2018,186073,3.1,27393.68
2009,22456,4.4,7100.63
2021,181744,3.7,3842.43
2019,136821,1.1,7373.1
2021,148934,1.5,2000.0
2013,126743,4.5,14678.55
2017,179279,3.6,27580.06
2017,116689,1.1,20475.33
2009,156679,3.4,3189.05
2018,51290,1.7,16428.65
2011,192857,4.7,6099.36
2009,68605,1.5,12094.66
2016,49502,1.3,7859.16
2007,127185,3.6,2000.0
2013,149761,4.2,15249.66
2014,89128,2.1,16180.04
2005,88790,2.2,4116.22
2018,185015,2.4,16391.79
2005,112943,4.1,2000.0
2014,165104,2.0,16406.26
2015,63081,1.4,2000.0
2006,116245,2.2,2000.0
2006,55540,4.9,4083.49
2015,107281,2.7,12562.31
2012,6734,3.2,2000.0
2007,30632,4.0,13112.76
2013,85826,3.2,2000.0
2020,80175,3.6,8795.37
2020,46614,4.5,32197.07
2014,110702,2.5,11554.64
2010,52585,1.4,9880.16
2015,10499,1.4,5299.38
2012,197273,4.1,4349.69
2005,123440,3.6,16791.82
2010,69193,3.3,2000.0
2012,179413,4.7,2000.0
2018,62341,3.5,10052.31
2007,112829,1.2,2000.0
2006,79488,2.9,2000.0
2005,161258,1.9,2000.0
2015,72439,3.5,26877.36
2010,103603,1.8,2000.0
2012,50694,3.6,14822.62
2011,147287,4.5,25150.16
2010,117827,1.3,2000.0
2022,133992,2.0,17865.15
2016,164494,3.7,7075.86
2012,137400,3.8,22105.62
2023,190191,3.3,19414.46
2009,27798,1.6,12366.55
2023,121421,2.0,22829.76
2013,128474,4.6,5805.74
2016,36579,4.3,17541.79
2019,195318,4.8,17545.88
2017,98172,2.6,4611.75
2017,79973,2.8,14118.05
2009,60554,2.0,3567.76
2006,48515,3.1,9998.18
2023,137183,4.3,13889.53
2012,10919,2.0,21962.48
2018,83001,1.6,3338.49
2010,55926,4.0,13636.56
2011,77911,3.8,5331.48
2018,27617,4.3,31511.13
2010,70899,4.0,18470.97
2020,193602,2.7,12330.69
2008,134273,1.6,2000.0
2011,6998,3.9,23795.53
2020,157735,4.5,3970.26
2008,38099,1.6,14876.41
2011,123959,3.1,3330.63
2006,109255,2.3,2000.0
2012,147746,3.1,7085.07
2014,138032,1.1,4487.59
2006,38506,2.4,2000.0
2010,68959,2.9,15708.13
2008,130169,1.6,4671.42
2005,76894,2.6,2000.0
2010,134571,1.7,2000.0
2016,155629,1.9,2000.0
2018,176926,4.9,26055.15
2019,21952,3.4,13819.01
2022,82833,2.6,8120.0
2021,20823,3.1,2000.0
2013,87587,2.5,9017.09
2019,32701,3.4,15569.41
2022,65436,1.0,24754.36
2022,89816,1.9,30845.12
2009,20374,5.0,17939.11
2020,64541,1.4,2000.0
2013,173008,1.3,5461.97
2007,191742,3.0,10567.29
2016,157740,2.2,9445.09
2018,132272,3.1,26417.44
2005,89309,4.8,10068.03
2013,149104,1.5,2000.0
2013,65657,2.8,16903.04
2017,69906,4.0,23973.37
2012,107455,1.6,4828.5
2015,195460,3.8,2000.0
2018,134887,2.6,2000.0
2020,37175,3.5,24359.95
2015,178593,3.1,2000.0
2023,195320,2.8,2021.99
2014,17736,2.9,17264.95
2012,87142,1.6,15184.65
2015,197295,2.7,11657.33
2012,130795,4.0,27452.89
2014,26905,4.6,17750.92
2021,144628,3.5,6795.33
2015,144516,4.3,8158.1
2016,50007,3.0,3518.94
2014,47774,1.9,2586.3
2021,145175,3.9,27906.08
2007,131093,3.8,2000.0
2011,147045,1.0,11316.22
2007,40085,2.9,2736.77
2021,149460,4.7,2000.0
2012,137784,4.9,7784.82
2023,55965,2.8,18688.51
2018,143216,3.9,10445.7
2009,28462,1.1,2000.0
2023,33737,2.1,2000.0
2017,30684,3.9,23273.04
2022,8536,3.6,15063.63
2015,91841,3.6,17792.59
2016,89997,3.8,21816.23
2012,3331,2.7,2000.0
2016,69831,4.8,19582.57
2005,55300,2.5,5647.22
2022,88363,4.6,6547.03
2006,81498,1.2,2000.0
2016,110103,4.4,20727.84
2023,186090,2.2,3925.72
2011,80609,3.6,9196.03
2011,180763,1.2,2000.0
2005,54423,1.3,5067.11
2022,47999,1.2,27483.58
2012,141557,2.9,9295.21
2014,108556,2.7,2000.0
2005,144337,2.3,2000.0
2019,67024,2.8,13798.56
2019,164125,2.3,15376.01
2008,5733,4.5,8897.0
2014,55634,3.3,35208.62
2012,181461,2.2,2000.0
2018,113584,2.8,10185.96
2017,82032,4.5,19032.93
2021,137998,2.6,3719.76
2011,43766,2.7,11277.06
2010,115741,2.4,6312.98
2013,1563,2.0,28730.06
2012,81363,2.9,2000.0
2018,112003,3.9,25764.59
2007,79427,2.5,2000.0
2017,24932,1.9,19823.84
2013,86474,3.6,16564.56
2013,146658,4.2,6683.55
2015,14026,1.1,19531.3
2010,166460,3.5,2000.0
2016,142526,4.6,9419.17
2008,121857,1.4,2000.0
2008,37171,4.6,8830.86
2021,21043,1.5,12847.15
2011,17422,5.0,11862.85
2010,154023,3.0,10993.43
2012,28443,3.9,30110.28
2011,142814,1.3,2000.0
2012,29791,1.4,20777.12
2013,127585,4.9,2000.0
2005,81974,5.0,20592.72
2007,57265,2.1,2000.0
2022,25877,2.4,32600.11
2023,111004,1.0,7678.73
2015,171252,4.8,3109.92
2020,143175,4.7,2000.0
2022,105429,1.5,20441.72
2010,69003,2.5,5562.08
2006,1494,4.9,7242.81
2008,36901,1.5,2000.0
2009,86785,4.5,6650.37
2018,179339,1.8,2000.0
2005,49334,1.3,2000.0
2018,34004,1.6,9804.31
2017,143499,3.8,2000.0
2020,172652,1.5,8168.57
2008,48606,1.0,8709.41
2010,58888,4.1,4307.29
2013,65770,3.6,7994.48
2005,72,4.5,22998.43
2021,94679,3.3,23273.4
2008,22151,1.2,2000.0
2010,198397,1.1,2000.0
2020,57971,4.1,16499.45
2011,167863,4.6,20571.43
2009,191082,4.2,2000.0
2013,10531,2.5,16623.62
2023,162420,3.6,30327.46
2005,112548,1.3,2000.0
2012,77087,3.9,6662.56
2008,166100,2.0,21575.4
2021,37030,4.7,9748.64
2005,31792,2.4,2000.0
2006,138460,2.4,2000.0
2018,186769,2.1,12649.59
2006,40224,3.5,31951.0
2005,46959,1.4,2000.0
2017,25544,1.2,9240.51
2012,108523,3.8,4707.21
2013,172210,4.8,2000.0
2006,153770,4.0,14410.24
2021,104421,2.0,6355.83
2010,198659,2.4,11466.49
2007,86351,1.8,15860.61
2021,188610,3.7,3865.58
2010,178119,1.9,2000.0
2012,110031,3.3,4575.59
2018,101244,4.4,17965.07
2014,76545,3.1,13327.09
2014,134700,3.4,21575.92
2019,171474,4.9,2000.0
2012,173263,2.3,2000.0
2015,34727,4.2,14563.91
2020,34294,3.7,4229.21
2007,24223,1.5,4955.81
2019,158720,5.0,19244.67
2017,96240,3.8,4356.93
2015,195046,1.1,2000.0
2018,3519,3.9,2000.0
2011,83615,1.5,2000.0
2023,22280,2.2,2646.18
2019,89910,2.4,3336.68
2010,186690,2.2,7789.1
2011,177911,4.0,2000.0
2018,45079,4.0,22603.01
2008,131448,3.1,2000.0
2013,131850,3.3,10245.94
2011,103579,2.3,2000.0
2019,167183,1.1,2000.0
2007,153448,2.4,2142.22
2009,134667,1.0,2000.0
2021,149955,4.5,11711.02
2005,78723,3.6,2000.0
2005,73025,4.9,2000.0
2020,123934,1.7,3641.15
2018,183223,3.6,2000.0
2015,163249,1.8,7831.74
2018,96962,3.6,6829.72
2012,190592,3.0,2000.0
2023,58150,3.7,21894.94
2006,84403,3.9,2000.0
2014,46686,3.1,18271.31
2009,54947,3.0,11484.74
2019,162298,1.3,7352.03
2005,63426,2.5,2000.0
2006,117387,2.2,11748.83
2023,40252,3.5,27765.99
2021,146895,2.1,28556.17
2019,25927,1.9,8021.63
2022,196716,4.4,17574.54
2012,156173,4.3,2000.0
2018,67034,2.3,3231.49
2012,120785,1.3,4876.5
2012,96647,3.0,2000.0
2023,178848,2.8,2000.0
2017,50819,4.5,21269.16
2009,52336,3.2,18939.29
2014,189021,4.8,2778.44
2011,190040,2.9,2000.0
2013,103221,3.7,21123.24
2018,48773,2.9,31434.04
2010,88781,2.3,17879.42
2014,184626,1.1,2000.0
2005,29581,4.2,2000.0
2015,99361,4.6,25613.11
2012,88232,3.9,5482.0
2010,148824,2.1,2000.0
2021,24486,4.3,29529.23
2008,120426,3.5,2000.0
2010,53785,3.7,4053.5
2019,81141,1.3,35495.8
2014,97620,3.3,28155.35
2021,183962,3.2,9888.52
2014,25503,3.6,3360.61
2009,113329,4.1,2000.0
2023,152656,2.6,11183.84
2011,182960,1.6,2000.0
2023,172736,4.7,7627.5
2014,57626,4.1,9318.18
2023,143093,3.2,22559.72
2015,115658,2.4,2980.25
2007,142370,4.9,4740.6
2015,154917,1.4,2000.0
2010,60197,4.7,17567.57
2010,108585,2.6,2000.0
2019,44976,1.4,6130.22
2007,72686,2.5,2000.0
2015,42552,4.0,15852.55
2012,176995,2.7,9440.94
2012,172597,3.0,11205.63
2020,42377,4.3,24279.67
2007,40123,3.5,10009.52
2012,93479,3.7,9923.65
2012,90496,1.6,2000.0
2017,178039,2.0,7441.3
2005,10837,2.6,21789.15
2014,19519,1.4,15720.27
2009,86096,2.1,15281.41
2009,23307,4.3,2000.0
2021,19640,1.1,17065.77
2018,96716,1.2,2471.74
2010,154968,3.7,2000.0
2018,63001,2.5,22565.67
2016,56615,4.1,24865.26
2005,114541,4.7,2000.0
2009,11632,2.1,21452.82
2022,88362,1.1,17392.81
2018,21216,2.8,16902.15
2011,141196,4.9,11984.85
2019,27737,3.2,17144.19
2013,161207,2.5,3053.43
2019,199184,3.2,21618.45
2020,34839,1.7,9471.79
2013,123211,4.0,2000.0
2011,150585,3.7,10308.96
2011,175081,3.9,4834.9
2021,135356,2.2,13455.01
2015,36303,4.3,2000.0
2010,39133,4.6,2000.0
2018,15298,4.8,13577.44
2019,352,3.6,20574.5
2012,3122,2.4,2000.0
2008,5207,2.6,16688.56
2005,162013,3.3,2000.0
2010,178663,3.3,6045.92
2005,149487,4.2,2000.0
2009,123739,1.3,2000.0
2023,127142,3.3,38546.58
2009,38593,2.4,4749.2
2009,176228,4.3,9364.22
2021,122569,2.4,4139.43
2016,122279,2.9,2000.0
2011,168460,1.9,2000.0
2019,66706,2.2,8465.61
2023,130309,3.2,28958.63
2017,81041,2.7,12742.74
2016,136712,1.8,11834.56
2023,59472,2.9,23260.34
2017,168757,1.7,10390.67
2010,87165,4.5,2000.0
2005,77361,4.7,2000.0
2010,26181,1.9,15792.53
2017,40074,1.2,12586.56
2017,47030,4.7,27069.2
2017,11125,2.2,13127.26
2008,5801,1.8,2000.0
2009,55897,4.7,2000.0
2017,48266,4.5,13445.92
2013,90183,1.2,2000.0
2021,2292,1.8,2000.0
2007,119362,4.3,7510.96
2022,14977,2.1,12318.55
2019,42193,3.7,11165.7
2005,114881,1.2,2000.0
2013,94745,4.4,37980.6
2010,176459,2.7,2000.0
2022,93694,2.9,7665.84
2005,28964,4.2,18867.03
2011,58073,2.8,2000.0
2014,90147,1.4,2000.0
2010,46607,3.0,2000.0
2011,32577,2.8,12689.24
2010,23572,2.8,15828.98
2012,79494,1.8,19978.67
2006,41204,1.7,9446.48
2013,194613,4.1,12456.52
2013,169052,3.5,2000.0
2011,57272,1.0,2000.0
2013,137017,4.3,23448.87
2021,97572,1.5,4648.7
2007,21879,4.0,2671.15
2020,6319,1.4,2383.5
2020,45245,4.9,7710.47
2006,182005,4.6,2000.0
2015,158502,1.7,2533.36
2020,25791,1.0,2000.0
2019,180839,1.2,11002.25
2005,86083,4.2,2000.0
2021,80195,1.3,12301.54
2007,21658,4.1,14627.12
2023,63713,4.3,9427.58
2011,99835,2.2,2000.0
2015,79975,3.9,28607.48
2022,20945,4.3,14995.73
2018,100079,4.1,10712.22
2020,72672,1.8,14023.12
2010,10681,2.8,2000.0
2006,178899,1.3,4794.98
2015,42109,3.1,18600.39
2015,136227,2.8,2000.0
2014,23789,4.6,13700.46
2008,61572,1.1,2000.0
2021,29563,3.1,10520.8
2014,152802,3.9,3620.14
2013,160139,2.9,2000.0
2017,47358,2.0,23871.05
2015,179131,3.4,19313.33
2014,16466,4.9,23990.72
2009,189939,1.2,2000.0
2007,187018,1.8,2000.0
2008,175412,3.0,2837.63
2007,174611,3.4,11944.21
2014,168776,3.5,3118.19
2017,50259,1.2,2000.0
2009,198682,1.5,2000.0
2017,195574,4.8,3173.55
2005,24121,1.3,14829.42
2015,70010,2.7,20466.9
2007,42884,3.3,15469.49
2021,162184,2.3,16357.9
2023,127192,2.0,33213.93
2017,636,2.2,12130.77
2020,799,2.1,31391.07
2022,126663,2.5,19453.66
2023,184236,1.5,2000.0
2010,158203,4.4,2000.0
2011,180506,4.0,7702.22
2019,116734,1.1,2000.0
2009,186897,4.0,2000.0
2020,33384,4.3,25234.06
2010,198696,4.7,2000.0
2007,151329,3.5,2000.0
2016,187896,4.4,5898.57
2008,184838,4.0,2000.0
2007,25604,1.1,14019.96
2020,197652,4.2,2960.35
2020,45297,3.3,9103.91
2023,132738,3.6,10182.15
2019,166304,4.5,4253.43
2013,37,1.0,11592.41
2006,174192,1.4,2000.0
2010,159064,3.3,2000.0
2018,126825,2.6,26466.25
2013,187462,2.7,3142.43
2014,16647,2.2,26003.99
2022,193410,4.3,36645.73
2019,127556,1.4,2000.0
2008,22911,3.1,2000.0
2009,169726,2.8,2000.0
2010,157062,3.2,6860.68
2019,18137,1.2,34332.46
2006,156209,3.7,2899.72
2020,63960,1.1,8732.84
2009,52734,3.1,2000.0
2008,169348,2.1,8388.97
2005,86076,2.3,2000.0
2012,118523,4.0,2000.0
2014,5861,4.9,11077.11
2019,175573,2.9,16298.47
2006,126009,3.7,2000.0
2023,97173,2.0,16233.06
2016,175288,3.2,9904.71
2014,98294,1.4,2000.0
2016,31946,4.4,25324.68
2013,52255,2.8,2690.14
2012,103056,2.4,4357.95
2006,94376,3.1,2523.17
2011,148501,4.7,8401.99
2008,139087,4.1,2000.0
2023,52009,1.6,26815.57
2012,33870,4.1,23330.33
2017,40071,2.6,16274.73
2007,60079,2.6,2000.0
2009,120690,4.0,2256.56
2012,24962,2.8,21812.45
2006,83532,1.3,2000.0
2014,50717,2.0,7497.43
2020,199115,4.6,2000.0
2008,149656,3.4,5732.3
2018,53156,4.4,7055.47
2007,54962,2.2,2000.0
2014,145894,3.8,12256.89
2017,85703,4.1,9780.23
2009,48101,1.7,2976.12
2021,175061,1.1,2000.0
2021,98944,3.5,18569.7
2015,20470,3.3,5448.68
2023,109491,1.2,12754.15
2022,92350,2.6,9655.57
2021,34867,3.3,20100.17
2015,141906,1.8,17803.39
2019,125268,1.4,12530.6
2012,188091,4.2,9470.96
2016,80396,4.7,22195.11
2021,171738,2.8,8933.57
2009,192528,1.5,2000.0
2008,77813,2.7,3560.8
2015,87709,2.1,15019.2
2012,134821,3.0,2000.0
2020,4746,1.0,24520.68
2020,58778,4.5,27465.27
2007,121883,1.2,2000.0
2016,181657,2.7,14052.31
2017,104806,3.6,15750.71
2005,42399,3.6,2000.0
2008,102581,2.2,11553.0
2010,27544,3.0,5687.87
2009,103191,3.0,18913.26
2009,78490,1.5,4725.64
2014,144085,2.5,5045.18
2023,61508,1.5,21420.3
2022,8668,1.2,13484.22
2006,127300,1.2,2000.0
2020,124198,2.7,13370.52
2019,21712,3.9,26995.49
2009,5194,4.9,2000.0
2013,30549,3.3,18996.14
2009,47390,2.2,5221.76
2009,5350,1.8,19612.19
2013,136768,3.8,11900.72
2013,97550,1.2,28715.68
2006,42248,2.0,17849.87
2011,98572,3.8,2000.0
2005,117623,2.8,2000.0
2006,25597,3.0,11131.03
2016,98393,4.9,25758.59
2010,34693,2.6,2253.83
2023,160103,3.4,14869.6
2020,79147,5.0,16017.41
2008,125953,3.7,5473.82
2022,95644,3.1,2000.0
2009,101551,2.3,6313.55
2022,17532,4.9,34214.58
2010,29398,2.2,2000.0
2018,75330,1.5,4289.47
2021,128713,4.7,25047.26
2022,92276,2.3,2000.0
2014,166901,3.4,2000.0
2023,115118,3.6,20945.95
2022,8015,2.0,14654.97
2008,11742,2.7,6133.51
2019,3542,1.6,9279.83
2010,132445,4.5,8144.77
2010,70375,3.3,16127.33
2007,53331,4.6,4105.51
2013,59992,2.0,20503.2
2015,77026,3.5,4948.26
2009,160878,1.9,11753.56
2018,85934,2.2,7474.19
2006,137121,2.4,8486.73
2023,153114,3.2,18941.2
2012,174020,3.2,2000.0
2017,25704,1.8,16522.67
2023,25685,1.2,27366.77
2009,64451,4.1,2000.0
2019,51702,3.1,3813.24
2008,74233,2.3,8830.7
2008,39796,1.2,6403.01
2022,25755,1.4,13133.21
2023,128710,2.7,11043.09
2013,164335,2.9,2000.0
2019,103340,2.5,5540.77
2016,23521,3.3,2000.0
2008,65921,4.3,2000.0
2007,30344,3.7,5262.13
2009,37539,4.5,19405.09
2021,138352,3.5,20057.2
2009,149352,1.4,2000.0
2008,159502,1.6,2000.0
2011,187232,2.6,2000.0
2011,29594,2.1,14088.0
2011,164650,3.6,2000.0
2021,91514,3.5,42762.09
2019,113152,2.9,3374.86
2011,3794,3.6,2152.47
2019,124168,4.6,20296.8
2008,123777,3.0,2000.0
2006,26980,2.4,5459.77
2017,64752,2.9,30545.89
2016,5229,1.6,7821.62
2014,134027,1.4,2000.0
2023,94134,2.6,13046.33
2019,180185,4.7,2000.0
2021,2953,4.5,15614.43
2010,148544,3.7,6162.28
2009,12010,3.9,2000.0
2017,137310,4.4,19195.98
2018,143818,4.7,7204.41
2018,46788,3.6,18397.38
2019,188194,2.5,12039.55
2020,197002,1.6,11443.9
2014,9765,1.0,15740.81
2005,126833,3.6,2000.0
2015,148518,2.6,2000.0
2011,125076,1.3,2000.0
2021,32419,2.1,13467.11
2008,30427,2.9,4751.19
2011,53703,4.1,32948.51
2007,185898,2.3,2000.0
2018,144621,3.6,2230.04
2022,6548,1.2,5770.47
2022,163135,4.8,21532.04
2005,108138,4.9,29481.48
2010,185119,3.1,2000.0
2013,72483,3.6,29646.03
2006,122472,4.1,2000.0
2012,171076,4.9,8493.85
2008,37996,3.2,5226.58
2014,12467,4.0,12830.72
2005,161923,1.8,9491.71
2015,32737,1.6,2000.0
2013,92146,3.9,2000.0
2023,99782,4.7,9800.54
2015,91123,3.3,16098.43
2008,107927,3.1,16479.81
2009,112276,3.3,6906.94
2021,90568,4.5,20912.41
2022,152466,4.2,21772.55
2009,175096,4.2,12277.77
2022,20435,1.4,29735.44
2021,19960,4.0,26544.49
2007,155551,4.1,3588.7
2015,55805,1.5,4618.48
2021,97569,2.9,21145.9
2012,182516,1.4,2000.0
2012,154661,2.6,2000.0
2006,99442,3.6,2000.0
2011,117233,1.9,2000.0
2010,9552,1.5,11663.41
2022,80330,3.6,22594.59
2011,155703,4.3,2829.96
2022,109687,1.6,7504.57
2016,45105,4.6,7493.47
2011,77164,3.9,26091.16
2011,31092,3.7,16301.41
2005,75687,1.5,2000.0
2014,161129,4.7,14122.61
2014,108625,2.9,14966.36
2016,38959,3.1,26935.11
2007,5765,3.1,4128.17
2007,155885,3.1,7850.6
2017,166879,4.3,19205.96
2017,179581,1.4,2000.0
2010,57732,2.9,5553.7
2007,159054,3.5,2000.0
2019,85903,1.5,7591.96
2013,65391,3.3,13076.58
2010,81552,3.0,9173.35
2010,49338,1.9,11511.56
2012,48247,2.0,2582.55
2015,158391,1.3,2000.0
2023,68964,3.8,19248.45
2020,158058,1.6,2000.0
2013,106062,4.2,6413.33
2015,158882,4.6,2000.0
2020,161799,2.0,2000.0
2010,101692,2.0,23543.92
2021,196451,1.5,11922.64
2020,96282,3.2,2000.0
2022,150390,4.9,20112.89
2005,62422,2.0,2000.0
2022,151827,1.6,8487.21
2012,78648,3.4,4156.23
2014,48069,4.4,7702.45
2006,48599,4.5,12302.91
2013,6859,2.4,7241.59
2008,184193,4.1,2000.0
2015,28570,3.4,20865.24
2014,29148,3.9,8053.66
2018,133823,3.7,12473.83
2011,137575,1.5,6689.49
2023,153116,2.4,14035.23
2010,71779,4.1,2000.0
2020,105104,4.0,13217.12
2023,180553,1.5,10266.27
2023,177216,2.8,12193.84
2017,182393,4.5,16947.03
2016,101310,4.2,4129.65
2019,96116,3.3,40076.66
2012,22224,1.8,2000.0
2008,72681,2.3,2000.0
2012,117211,3.6,2000.0
2020,125669,4.1,2524.07
2020,53374,3.5,16921.55
2006,19299,2.6,2000.0
2021,144569,3.3,10557.93
2009,91884,1.0,21286.22
2009,59482,3.9,2000.0
2016,54826,4.4,2000.0
2011,88109,1.2,2317.89
2009,182296,2.6,4019.68
2008,128865,4.4,2000.0
2021,130754,3.4,2000.0
2010,125276,2.9,6640.6
2018,79458,1.3,2000.0
2013,64490,3.9,16937.89
2008,76543,3.8,19937.0
2015,872,3.4,20029.8
2020,81330,1.2,25037.25
2020,154953,3.6,5828.09
2020,22388,1.2,16013.57
2010,55589,4.3,14916.59
2019,176373,4.5,15332.83
2007,122021,3.1,2000.0
2013,36800,4.4,4205.3
2005,80223,2.6,5226.4
2015,72702,2.2,2000.0
2010,8885,2.9,22459.39
2009,89362,3.2,11791.32
2022,13026,4.1,28994.83
2016,53189,3.4,18951.29
2011,23585,4.4,25365.54
2006,13006,4.7,17127.14
2011,28532,3.1,2801.19
2013,6642,3.9,11789.42
2012,144628,2.9,2000.0
2013,42237,4.6,17092.03
2014,37996,1.1,2878.28
2016,140211,3.9,7182.62
2006,119268,3.0,2000.0
2014,177180,1.2,2000.0
2007,65933,4.0,2000.0
2005,114909,2.6,6449.65
2021,47374,3.1,2000.0
2005,165617,3.9,2000.0
2009,31117,2.0,2000.0
2018,53106,2.2,21163.19
2010,191938,2.4,2000.0
2013,22112,4.0,28646.3
2018,31100,4.9,16471.84
2008,130423,2.5,2000.0
2005,17158,3.4,2000.0
2010,98643,2.3,2000.0
2011,66832,4.5,2000.0
2010,65823,4.7,2000.0
2005,115580,1.8,2000.0
2012,118967,3.6,7388.2
2016,51005,4.6,5242.38
2015,164409,2.9,4815.61
2006,21102,2.3,16693.48
2006,63673,4.6,12624.86
2006,25218,2.0,2000.0
2012,52824,1.8,2000.0
2011,178655,4.5,8434.02
2020,121679,3.5,9023.51
2013,170613,1.7,2000.0
2020,126208,3.6,20933.01
2006,18935,4.5,2000.0
2007,82029,1.4,6127.93
2006,199827,2.0,2000.0
2023,197339,3.4,2000.0
2021,45269,1.5,2000.0
2016,87613,4.6,27871.0
2015,139831,3.4,8013.49
2023,103860,3.3,25511.36
2010,154560,1.2,2000.0
2014,191287,2.7,2000.0
2018,9549,1.8,17677.85
2005,160590,4.2,2000.0
2019,197679,2.3,13647.76
2010,57125,2.6,6716.18
2017,103375,3.6,19407.25
2018,187594,3.9,15908.28
2017,166086,4.2,2754.46
2020,174587,1.7,13172.53
2005,108872,2.1,2000.0
2018,87932,1.4,11328.47
2017,41083,4.4,30091.86
2014,186567,2.3,9777.73
2014,65610,1.5,4747.15
2008,133060,2.2,3725.28
2018,106652,1.2,2722.38
2016,193669,4.3,23310.74
2010,162103,2.1,2000.0
2019,105591,2.4,10576.96
2009,68619,4.8,2000.0
2014,85738,1.8,3002.06
2013,48934,1.8,2000.0
2014,44939,3.2,2000.0
2016,144928,4.9,16636.33
2008,179967,4.6,16912.68
2008,188498,3.4,2000.0
2017,176820,4.2,4891.68
2018,177379,3.0,2000.0
2016,35833,2.7,2000.0
2017,7954,2.6,9158.6
2017,166073,2.8,15612.17
2006,48338,3.8,9080.08
2023,173816,4.3,27452.09
2013,36936,3.3,25197.29
2014,85932,4.5,8643.14
2021,56338,3.6,2000.0
2014,6308,4.2,19609.55
2017,166154,3.8,2000.0
2005,152703,4.1,2000.0
2006,184216,1.1,2000.0
2021,133986,4.5,16056.05
2017,110020,4.5,7855.68
2021,42301,4.4,41299.71
2017,85854,3.9,16909.78
2021,68237,4.2,11477.77
2023,180257,1.7,2000.0
2018,100449,1.2,2000.0
2014,193745,2.2,2000.0
2006,55611,2.8,2000.0
2018,73023,2.1,13622.63
2021,124159,4.5,2000.0
2009,54825,4.9,2000.0
2022,49556,4.1,33552.88
2007,168551,2.9,2000.0
2020,34692,1.6,6054.93
2023,124737,4.5,12747.27
2022,89541,4.4,30916.63
2009,115569,1.6,2000.0
2012,62652,1.2,2000.0
2010,71559,4.6,8869.36
2019,124819,4.3,22800.67
2007,81283,4.7,3083.86
2013,113806,2.4,9665.31
2015,83165,3.6,6001.45
2018,74167,4.5,12352.48
2013,160275,2.4,9290.96
2014,177431,2.9,2000.0
2019,174856,3.1,4068.2
2022,185591,1.1,6664.88
2023,189694,4.3,14913.62
2011,171532,4.8,8210.08
2023,84868,2.7,5059.54
2009,73663,3.4,2000.0
2022,18989,3.2,25772.27
2005,88397,2.4,2000.0
2016,83014,1.3,16728.54
2010,111557,3.1,22134.28
2017,161850,2.0,10525.12
2021,136173,3.6,9689.04
2013,132146,3.1,11715.74
2005,16399,3.4,2000.0
2016,34295,3.4,23528.08
2005,122930,4.5,18291.05
2008,98015,1.6,28989.61
2011,68735,4.2,2000.0
2009,76969,4.8,2000.0
2009,63242,3.9,16566.01
2011,40568,1.6,8347.3
2021,109532,4.4,18401.0
2016,79027,4.2,8899.66
2019,100296,4.5,15776.38
2007,117641,2.9,6809.22
2021,50083,4.3,30720.81
2018,153900,1.6,3162.55
2019,12805,3.3,26237.81
2019,84058,3.2,23043.56
2019,135361,4.6,6972.74
2023,52552,4.5,21192.55
2015,91199,3.9,5434.75
2022,144677,1.7,11719.3
2014,110532,4.2,24543.97
2013,139489,3.5,5636.68
2007,10573,4.3,33047.54
2005,77769,4.8,2000.0
2015,27710,2.8,17742.9
2020,132974,4.0,2279.02
2007,110150,4.9,2000.0
2013,134675,1.9,7362.7
2015,87372,4.4,8783.63
2021,73972,1.6,2000.0
2005,108607,1.1,12181.1
2013,132832,4.4,14658.14
2007,95497,4.8,2000.0
2014,104609,1.1,2000.0
2009,27692,4.4,2000.0
2015,122686,3.8,2905.26
2009,145164,3.8,2000.0
2016,106520,2.8,5982.13
2018,112510,2.7,2000.0
2016,86315,2.5,4616.38
2023,70880,2.5,13467.03
2013,139337,4.7,2000.0
2011,46195,4.3,13433.85
2020,14916,2.3,21595.47
2011,171721,4.0,2000.0
2018,143334,3.6,7837.7
2012,188206,4.4,9458.36
2022,175194,1.4,3514.04
2007,13873,3.8,6805.61
2006,47011,2.0,2000.0
2009,4187,2.0,7041.94
2012,76522,3.8,15586.79
2023,99714,4.6,13831.01
2013,126366,3.1,4990.5
2006,162619,2.9,2000.0
2019,36380,4.3,10764.62
2012,23723,1.1,2388.58
2014,102771,3.8,14618.68
2011,128497,1.2,10207.82
2023,103659,2.0,7883.48
2005,13460,3.7,15717.1
2006,97055,2.5,2000.0
2007,20379,2.2,21653.24
2018,187092,3.0,17006.1
2019,44718,4.4,17818.92
2018,139874,2.7,2000.0
2012,138717,3.1,2000.0
2022,168055,1.6,3133.22
2021,132910,2.8,16503.96
2011,169488,1.1,13787.87
2005,72220,4.4,2000.0
2013,157743,1.8,11915.53
2013,62849,4.7,7532.16
2015,56447,2.4,20454.67
2023,183797,4.3,2000.0
2010,40382,2.6,11751.6
2011,87619,1.6,9603.39
2019,40953,3.0,30853.5
2010,23536,2.0,3024.72
2013,6182,2.3,2000.0
2019,197080,2.3,9505.4
2010,156804,2.4,2000.0
2011,102723,3.0,8816.62
2021,106547,1.5,16653.98
2010,105395,2.0,6064.13
2013,16284,3.5,16913.09
2007,10375,4.0,2000.0
2018,58771,2.0,12114.53
2010,48709,2.0,10112.87
2008,196131,2.9,6976.55
2020,157471,4.9,12952.1
2020,186884,3.2,23037.11
2013,151911,4.3,3310.95
2008,186003,4.7,7999.15
2012,23788,3.5,5914.08
2012,114755,3.1,2000.0
2010,143078,4.1,3421.56
2012,140437,2.3,2000.0
2010,53728,4.9,8389.42
2018,193950,2.9,2000.0
2018,6056,4.7,11430.28
2022,176348,4.0,15101.31
2017,123140,1.8,20109.84
2019,59657,1.9,7149.95
2007,148132,2.4,14338.73
2010,7223,2.5,5565.98
2021,31573,1.1,2000.0
2020,104855,4.4,6415.04
2010,96724,2.0,9981.51
2012,20323,4.3,23793.65
2017,129785,2.9,2000.0
2017,88577,3.4,12873.64
2021,74920,3.1,2000.0
2007,43582,4.8,3813.57
2017,66201,2.7,20478.31
2011,161629,2.6,2000.0
2009,9793,3.5,15656.79
2015,7452,2.5,18373.91
2022,55749,3.4,8605.18
2008,196795,3.3,2000.0
2011,58048,4.1,8223.37
2008,27943,5.0,13760.3
2014,171530,4.9,2899.65
2005,193203,1.5,2000.0
2021,60797,2.8,11748.21
2009,157014,2.7,2000.0
2021,27225,1.8,19015.12
2007,40158,4.0,15237.11
2013,121288,4.9,16255.55
2007,89535,1.6,2000.0
2007,193249,2.1,2000.0
2013,178530,4.4,2000.0
2009,16739,2.2,3124.64
2014,51074,2.8,11183.23
2019,135399,4.0,12032.79
2016,3338,1.5,30088.82
2010,131867,3.1,2000.0
2011,82109,1.4,2000.0
2011,77871,2.2,8630.8
2008,56603,1.9,7780.42
2017,172845,3.9,2000.0
2019,79807,1.6,2000.0
2022,48129,3.6,3440.57
2022,75978,3.3,11217.12
2011,124559,3.7,2000.0
2014,165898,4.5,2000.0
2020,127234,3.1,4859.67
2012,104374,3.9,2000.0
2023,119081,4.2,14968.81
2015,113308,3.8,7040.35
2010,156868,2.3,2000.0
2014,173659,4.8,13321.42
2023,62878,1.2,8680.04
2018,166220,2.5,14761.32
2010,161944,4.3,2965.39
2008,157047,2.4,12617.54
2019,168891,3.2,2000.0
2009,75891,1.5,2000.0
2020,150165,4.4,17952.1
2011,115240,4.7,2000.0
2006,160436,4.9,6768.98
2017,26662,1.3,16226.4
2006,143158,1.8,2000.0
2013,175005,3.0,19522.98
2009,195910,2.1,2000.0
2007,39640,3.6,12116.9
2006,181377,4.4,2000.0
2018,170759,1.5,2000.0
2012,32369,1.0,11986.5
2016,69694,5.0,31791.66
2021,99258,2.8,18189.58
2020,79968,1.3,13416.82
2010,79259,3.4,2000.0
2010,109073,4.0,2000.0
2022,153021,4.2,4929.22
2006,39636,3.3,16005.39
2012,177760,3.7,24435.0
2018,180160,2.9,2000.0
2006,196843,3.5,9228.32
2021,163707,4.8,5483.4
2020,93863,5.0,10701.6
2022,44603,3.5,19218.85
2010,115796,3.3,2000.0
2021,18180,2.4,31722.68
2022,70821,2.3,2803.9
2018,171235,4.7,6775.42
2014,173422,3.7,2000.0
2008,169369,2.8,2000.0
2022,18595,3.7,26814.97
2015,62693,1.5,3005.2
2020,100945,4.8,11715.22
2008,19612,3.1,30714.33
2023,64505,2.3,10836.48
2010,164766,1.1,2000.0
2012,136894,3.7,24076.76
2022,150377,4.9,18368.85
2023,175477,3.2,7035.61
2022,111857,2.3,14602.07
2020,98013,2.7,2000.0
2011,192454,3.3,7485.46
2021,23719,3.8,14983.09
2007,57464,1.7,2000.0
2019,181189,4.7,2000.0
2008,134791,2.7,5325.6
2020,85833,3.5,31700.19
2018,78462,4.6,19089.66
2021,61168,3.3,22701.78
2013,97786,3.7,2000.0
2011,176501,3.5,10619.28
2018,183403,2.0,2000.0
2016,167210,4.9,25282.19
2021,126384,2.9,16960.98
2013,161903,1.4,5343.4
2016,48533,5.0,30245.98
2016,192457,3.6,12225.74
2012,96755,3.4,9682.17
2014,88738,4.7,11024.5
2016,141187,3.2,2000.0
2009,21522,2.4,3715.03
2005,192232,1.7,2000.0
2013,9968,4.2,8295.0
2019,53808,2.3,18512.7
2006,118265,3.1,8765.23
2008,22681,3.0,3019.73
2008,19251,4.0,6397.85
2007,36317,3.7,22771.36
2020,55679,2.7,13454.92
2012,168616,2.7,20516.89
2011,191685,2.1,10467.54
2016,180402,2.4,2000.0
2016,156262,3.8,17223.71
2008,67290,3.2,13834.1
2019,122383,1.2,2000.0
2010,139310,3.0,5793.82
2007,139087,4.8,2000.0
2011,175715,1.4,2000.0
2010,186550,1.4,2000.0
2005,72033,3.7,13327.46
2012,199142,4.8,13672.19
2005,155863,1.1,2000.0
2020,52091,2.4,5586.43
2007,13734,1.3,7552.26
2006,54917,2.1,6835.51
2010,52028,3.2,31412.6
2012,179208,2.8,22514.01
2011,25812,2.5,28841.7
2011,31882,1.8,9655.21
2023,33775,3.5,6868.58
2022,135901,3.3,15746.76
2007,170304,3.7,15850.46
2015,26714,4.2,2000.0
2015,94522,3.9,2000.0
2007,165999,4.8,9225.66
2005,188789,1.7,2000.0
2014,16362,4.8,26126.17
2006,34054,1.7,17555.71
2021,90479,4.4,33134.19
2013,127804,4.2,8421.25
2022,4920,3.7,27464.12
2013,145964,3.8,2000.0
2015,101420,3.8,25100.17
2021,148750,3.1,9857.92
2018,167816,1.1,2000.0
2022,178861,3.3,15450.58
2022,88310,2.6,6213.23
2016,196781,2.1,2000.0
2022,12323,3.0,26145.8
2012,61741,4.4,5302.61
2012,3834,3.3,15160.98
2012,133501,4.9,21159.91
2019,79725,2.7,2000.0
2012,186791,1.7,2000.0
2018,177830,2.3,2000.0
2017,58036,1.6,2000.0
2012,27605,3.7,25091.02
2021,113054,1.6,12069.17
2023,61758,3.1,3806.53
2010,123637,4.7,2000.0
2021,85544,2.7,2406.51
2008,5553,2.6,4300.52
2011,75834,1.8,2805.59
2021,143536,4.0,3903.79
2022,99869,2.2,14617.46
2010,117804,5.0,19786.32
2014,8500,1.7,19971.85
2022,24729,1.0,23908.62
2011,156614,3.2,2000.0
2018,96239,1.3,12824.86
2018,132235,2.5,10826.41
2014,51968,2.8,7276.18
2013,57728,2.0,2000.0
2014,110215,4.9,16687.26
2006,51947,2.4,2000.0
2007,94831,1.6,16366.59
2020,99360,1.1,19850.73
2014,42691,2.2,31114.43
2015,11634,4.3,15025.77
2014,15719,2.0,2000.0
2016,9861,3.4,2000.0
2018,126907,5.0,16307.06
2013,134846,2.4,2000.0
2017,1459,3.5,17720.16
2010,194382,3.4,2000.0
2015,106437,3.4,2414.44
2005,5,4.8,3871.8
2019,128804,4.1,2000.0
2011,72474,1.0,2000.0
2015,8109,1.1,2746.42
2021,3829,1.2,8324.82
2009,14148,2.5,12975.75
2013,185574,2.8,2000.0
2020,169360,4.2,3127.27
2015,154326,3.5,13328.99
2021,189032,5.0,11145.21
2010,9077,4.2,2000.0
2019,100374,4.5,26132.74
2007,170790,1.7,2959.57
2013,98464,3.6,18763.82
2016,42177,1.6,7390.0
2023,16551,3.7,27337.69
2022,102216,4.2,13358.29
2020,117290,2.2,24877.19
2012,4439,1.7,15696.52
2023,86027,1.9,5320.49
2009,75281,4.2,2000.0
2016,115137,3.2,14934.21
2010,168509,3.1,19695.14
2016,184251,3.3,3167.2
2019,154190,3.0,7121.99
2014,84457,4.5,12495.09
2021,79014,3.0,32486.72
2011,61904,3.4,2000.0
2011,84877,4.9,15171.03
2015,79582,2.8,16587.38
2006,2664,1.7,16954.87
2006,165629,3.3,15008.93
2018,53254,3.8,20576.82
2022,134306,1.5,2000.0
2020,46274,1.6,17713.77
2015,180542,1.1,2000.0
2013,18561,4.0,31657.56
2011,129242,1.8,2000.0
2008,174585,4.6,10632.81
2020,128830,3.1,11182.68
2018,94451,4.8,2000.0
2015,108981,2.5,17426.18
2012,12594,4.8,27848.04
2015,30504,4.9,9053.72
2021,131972,1.5,24321.58
2023,124500,1.5,14296.12
2014,171262,2.7,6140.02
2016,33516,2.7,7258.88
2005,186368,3.6,2591.44
2006,54024,1.5,2000.0
2022,195522,4.0,9054.81
2011,105835,1.9,2000.0
2020,161913,1.6,18603.67
2017,33795,4.2,20632.2
2008,175164,1.3,2000.0
2014,125721,3.8,2000.0
2013,99444,1.4,2036.77
2022,114347,4.0,9414.41
2013,179021,4.2,4536.21
2014,106733,3.3,18388.41
2012,95369,2.4,7748.79
2015,21209,1.9,12353.72
2017,4553,4.2,20845.69
2017,109028,1.4,2000.0
2020,30714,4.9,17585.54
2017,146513,4.1,7869.23
2016,50906,3.8,38958.18
2019,23376,5.0,2000.0
2020,34378,3.8,10228.54
2012,102743,1.4,7206.78
2010,13650,2.3,7490.01
2012,129259,3.3,20027.81
2006,58831,3.3,7993.39
2022,4758,1.0,26736.27
2015,121207,2.0,5333.15
2021,93306,3.9,2000.0
2014,146379,3.6,9691.79
2006,98549,4.6,3039.93
2023,140541,4.8,22626.12
2006,141592,4.5,31608.81
2010,179852,3.2,2000.0
2021,198164,3.2,2000.0
2016,181781,2.5,6998.82
2009,160958,4.6,2107.49
2006,117020,4.3,19077.18
2013,74032,4.1,8802.49
2006,109418,4.1,7986.63
2018,123286,4.4,30199.03
2019,49146,4.7,21082.9
2006,61771,4.3,2000.0
2022,125232,4.3,21060.58
2016,26613,3.6,2000.0
2011,101270,2.8,2000.0
2020,145156,3.2,8984.69
2023,141980,3.1,13069.48
2007,27396,4.3,13783.31
2019,45606,2.1,6367.11
2019,69538,2.5,19519.63
2011,1360,3.2,2000.0
2012,115127,4.9,14397.86
2011,135425,3.0,2000.0
2007,82702,1.5,2652.84
2023,166450,3.7,17169.78
2023,75542,3.5,19167.79
2022,196841,4.4,16355.5
2011,26649,4.4,7750.88
2023,121354,2.0,19069.76
2009,76159,1.2,2000.0
2017,146967,4.1,4193.2
2006,151944,3.6,10799.0
2022,57805,1.6,9078.94
2008,116439,4.9,2000.0
2008,33606,4.7,2000.0
2012,117897,3.9,2000.0
2015,68320,1.2,17771.78
2005,65376,1.9,2757.41
2013,192621,2.3,5484.55
2010,87514,1.2,2000.0
2008,132423,4.3,2000.0
2010,65741,1.3,7613.18
2017,181318,1.8,16190.43
2013,127185,2.3,2071.05
2018,147640,2.3,6100.13
2016,88665,2.1,2000.0
2008,72438,4.9,11762.5
2012,38270,4.8,6456.67
2021,62330,3.5,4902.77
2009,113546,1.5,3956.83
2007,54930,3.8,2000.0
2008,199337,4.9,7116.01
2012,193489,5.0,21162.02
2020,188117,3.5,6621.24
2015,147032,1.8,21525.92
2006,175989,4.3,2000.0
2012,150195,3.5,5470.33
2011,129323,2.8,2590.46
2005,3336,1.6,2000.0
2006,166961,2.0,10345.2
2017,56037,3.3,11627.71
2015,40310,2.0,3779.28
2007,26684,2.9,2000.0
2006,146450,3.9,2000.0
2020,133427,4.9,34546.01
2005,63286,1.2,4831.33
2011,188952,4.2,2000.0
2007,154830,1.5,2000.0
2020,184394,4.8,9724.04
2010,189857,4.1,15372.42
2018,101703,2.6,5590.89
2015,6737,3.1,9008.56
2023,114313,3.7,21152.36
2005,197216,3.2,13984.92
2017,99324,4.9,3310.83
2013,176912,5.0,4136.01
2015,240,1.2,22201.85
2005,133124,3.9,2000.0
2017,5334,4.0,11015.57
2005,99906,4.2,9075.98
2007,195046,4.7,2000.0
2021,151945,3.4,10622.8
2009,58758,2.0,6715.16
2010,115056,3.7,2000.0
2021,83996,2.3,2184.26
2014,79664,2.4,10142.51
2015,91558,3.5,10394.62
2017,105413,2.2,2672.54
2014,57352,3.8,15093.55
2018,31943,4.4,9802.37
2017,102733,4.9,26936.91
2008,185269,1.7,2000.0
2021,141541,2.8,11309.79
2022,123272,4.0,19361.41
2015,83771,3.3,12578.41
2014,54579,1.3,2000.0
2022,147320,2.4,8064.51
2023,32074,4.2,30214.33
2013,41738,3.0,21856.17
2009,167271,3.8,7189.23
2005,124578,3.6,2000.0
2009,114467,4.8,2000.0
2007,27830,4.4,29769.54
2005,4482,2.4,2000.0
2023,137324,3.0,25117.59
2010,88402,2.9,3229.55
2014,134343,2.1,4530.34
2009,158900,3.5,2000.0
2016,192027,2.0,2000.0
2016,141876,1.6,9339.95
2021,161527,1.4,22142.39
2006,173877,2.1,2000.0
2018,3508,2.9,12534.77
2016,39744,1.5,8039.3
2017,20276,3.7,10189.24
2009,166951,4.5,2000.0
2009,20701,2.7,2000.0
2021,114341,4.5,26603.79
2009,51018,1.6,11655.93
2023,91164,1.3,6402.0
2008,52924,4.3,2000.0
2011,27618,4.9,17226.75
2021,113628,2.4,11522.0
2015,129508,3.6,2000.0
2010,192641,3.6,2000.0
2017,133167,3.7,4770.16
2016,44800,3.3,6733.25
2009,74554,2.0,10068.76
2014,191903,1.3,2000.0
2015,37463,1.1,8240.94
2013,164609,1.7,14964.37
2017,23098,1.5,3006.32
2007,159618,1.2,3493.61
2021,74800,1.4,16066.37
2022,117463,1.2,8804.52
2009,179275,3.2,6859.95
2020,48673,1.2,12074.33
2020,136439,5.0,29259.52
2015,30525,3.0,12559.36
2008,55585,4.6,2000.0
2013,21014,3.0,27549.36
2019,89618,1.5,2149.01
2016,136574,4.4,10301.12
2020,111711,2.0,10464.18
2008,26874,1.2,7014.75
2007,145648,1.8,2000.0
2008,52123,3.4,13544.72
2006,28505,2.7,2000.0
2023,102704,1.6,40173.89
2011,178732,3.1,2000.0
2006,79435,4.8,2000.0
2005,149098,3.9,3482.92
2022,148473,1.3,5859.25
2012,111582,2.3,2000.0
2012,63035,3.8,11144.24
2014,53194,1.6,9301.23
2022,124343,3.2,10321.42
2015,116199,3.2,14588.47
2005,71153,1.4,10504.97
2011,77201,3.4,33996.2
2012,32412,4.6,13663.58
2018,113646,3.6,14393.97
2023,4471,4.7,30973.94
2012,178086,3.5,8123.32
2023,116409,4.0,9863.11
2008,180910,4.6,2000.0
2014,114206,2.9,9674.86
2014,151922,1.6,2000.0
2008,151706,1.5,2000.0
2012,14877,4.8,6130.19
2011,78505,3.2,2000.0
2019,80970,3.7,6898.51
2012,101581,3.4,2000.0
2014,12131,3.3,6828.17
2011,142208,3.2,8623.53
2023,85419,2.9,19876.07
2007,11110,4.5,7704.59
2013,132516,1.5,2000.0
2020,80544,3.9,17659.21
2018,116217,3.7,6067.4
2011,126119,1.2,4674.9
2016,98316,1.9,2000.0
2005,158576,4.2,2000.0
2020,31713,1.9,17872.16
2007,30373,3.3,2000.0
2005,152732,1.3,2000.0
2010,48308,1.9,21792.13
2006,20771,4.6,4310.69
2011,144999,2.4,2000.0
2012,80494,4.2,17217.96
2017,152324,2.9,2000.0
2020,190099,2.3,3271.18
2014,54748,3.3,12683.05
2008,31559,3.1,2000.0
2017,62896,4.9,8186.51
2021,195752,2.4,14044.09
2012,158097,3.6,2000.0
2012,53405,3.8,6283.55
2011,127373,3.5,2000.0
2005,71735,2.9,2000.0
2019,17480,4.1,30120.73
2019,17353,4.1,10138.51
2023,187127,4.8,2000.0
2008,182744,4.9,2000.0
2010,61018,1.9,2000.0
2014,196801,3.6,19735.35
2016,128706,4.4,3252.32
2008,89471,4.8,3861.65
2010,144119,1.6,2000.0
2018,148250,4.8,8207.41
2017,16082,1.9,8275.31
2007,194825,3.3,7657.88
2019,112254,3.6,10664.37
2007,37958,4.5,14825.08
2009,172122,4.2,6814.41
2017,44637,4.7,9764.97
2019,95847,4.1,21938.89
2021,47548,2.4,18253.71
2010,7364,1.7,21948.88
2022,162999,1.6,21217.85
2007,184396,1.4,2344.34
2013,77247,4.7,18647.67
2012,83240,2.9,8614.63
2015,36227,4.9,11245.28
2015,133441,4.1,15199.81
2012,18852,4.8,4611.8
2005,43553,4.5,2000.0
2006,91769,3.3,2000.0
2008,142641,1.9,2438.26
2006,20421,2.0,2000.0
2006,147801,2.5,2000.0
2017,162506,1.1,7172.07
2010,93993,3.7,2000.0
2008,50816,3.2,2000.0
2019,53025,1.4,6782.31
2007,115337,4.3,2000.0
2008,38148,4.3,9386.2
2021,40619,1.5,2000.0
2010,27282,1.8,10473.68
2006,165752,2.0,2000.0
2017,96673,3.1,2000.0
2019,105500,4.8,18239.31
2009,77413,3.7,9869.36
2023,62926,3.7,34070.74
2010,155506,2.2,10679.41
2021,62205,3.5,9752.72
2005,59153,1.8,2000.0
2006,139130,3.8,9794.21
2005,38448,1.9,2086.77
2012,150716,1.1,6438.35
2008,67648,3.1,24969.29
2022,41635,2.2,2000.0
2013,63711,3.5,20751.25
2019,164315,4.0,7494.81
2020,325,4.3,26612.88
2007,187910,4.9,7706.21
2005,114236,3.2,20069.7
2017,85183,2.9,7741.77
2018,40807,2.0,11510.55
2010,81353,4.0,9763.06
2009,20637,2.9,10613.01
2009,185259,2.3,3017.15
2008,106439,2.7,2000.0
2016,64843,2.5,7434.45
2018,196889,4.9,15066.63
2018,33424,1.9,2000.0
2015,2210,2.7,8273.07
2014,93357,2.2,3077.05
2014,162923,1.7,7366.82
2013,74628,2.2,2000.0
2006,40236,3.0,2000.0
2018,45386,3.5,23322.59
2011,130105,3.5,4684.19
2021,167773,4.1,26148.51
2012,56507,1.3,2000.0
2008,59831,2.3,10435.69
2009,182759,2.4,2717.74
2017,123923,3.8,7331.36
2011,193747,1.8,9387.88
2010,43543,1.9,23925.38
2021,110170,1.4,21065.79
2010,64450,3.1,32957.06
2023,195287,3.9,19097.55
2007,95795,3.8,2278.34
2013,49801,4.0,26839.44
2019,21144,1.7,24230.53
2012,85211,3.3,11008.45
2019,121809,1.4,15288.88
2005,60265,4.9,9216.16
2012,183245,1.4,2000.0
2008,67584,4.5,4555.76
2014,97747,1.2,25296.69
2020,61422,3.1,38472.98
2022,27672,4.4,36929.74
2008,70859,3.5,2000.0
2012,174959,3.0,2000.0
2008,132966,1.5,2000.0
2014,131053,3.6,24405.97
2008,136392,3.4,2000.0
2020,167816,2.8,14966.17
2016,144297,1.9,7425.13
2014,113512,1.9,7397.51
2015,28125,4.9,2000.0
2006,118063,4.9,2000.0
2020,126902,4.7,14758.14
2023,137959,3.1,14008.93
2016,122587,5.0,6120.95
2008,63448,2.2,4403.11
2021,8145,2.7,13631.35
2016,93719,1.7,17034.16
2020,20561,2.9,27051.21
2007,164442,1.7,4727.47
2006,85675,1.3,8402.2
2011,178103,1.0,2000.0
2010,121378,2.5,6829.07
2005,163361,4.6,4826.53
2019,151525,2.7,15112.9
2016,179461,3.6,4846.96
2017,88240,4.3,18300.17
2012,47759,3.2,8198.45
2013,38102,3.3,16689.61
2005,74715,3.1,6627.27
2009,108811,1.5,5849.32
2011,151690,3.5,2000.0
2022,35886,3.9,22643.61
2012,1083,1.0,2000.0
2014,125488,1.3,9862.06
2012,181308,3.2,2000.0
2016,181973,4.4,3884.95
2020,183390,3.1,3686.55
2016,58999,2.7,14330.34
2007,195290,4.7,17774.61
2022,106535,1.3,6356.0
2009,111961,1.6,11785.53
2018,165190,3.7,2115.15
2020,149450,1.4,10338.05
2010,121268,1.5,2686.24
2020,145212,4.5,8321.51
2018,92565,1.8,21549.18
2009,82663,3.5,20001.2
2018,36050,2.6,18058.9
2015,53285,1.5,2000.0
2013,137683,2.5,6547.5
2011,43324,2.7,3473.87
2009,58450,3.5,2143.63
2019,52579,1.6,5232.94
2017,123509,1.1,2000.0
2016,61978,3.4,17283.19
2019,167825,1.3,33853.54
2023,22140,1.6,13923.15
2023,39209,4.9,18542.97
2014,139048,1.1,7722.29
2021,151609,3.6,4099.84
2020,163111,1.6,2000.0
2009,58826,4.3,5318.83
2008,128630,3.3,2000.0
2014,198557,2.9,2000.0
2010,190859,2.8,2000.0
2015,21877,3.7,7157.49
2015,134205,4.4,4329.25
2020,142781,1.0,4668.61
2018,2134,1.1,11333.04
2023,164450,2.1,2000.0
2008,171406,4.0,2000.0
2009,58491,1.8,3287.14
2023,22501,2.6,30690.51
2021,163803,3.0,3823.46
2022,130566,2.5,15062.87
2012,119429,2.9,10687.67
2008,26906,4.2,3486.9
2022,166401,1.9,2000.0
2015,88965,2.3,16223.99
2018,33596,3.1,13573.74
2017,149151,4.5,2000.0
2020,174236,1.8,2922.78
2016,43233,3.1,14332.46
2013,153230,4.5,2544.8
2011,36233,1.5,8986.75
2014,180489,3.9,18376.21
2021,165129,1.9,5037.95
2022,128287,1.7,13994.18
2011,169251,1.9,3405.56
2007,27967,3.0,24984.26
2019,82392,3.4,13660.47
2020,104846,1.8,15596.12
2021,185416,1.4,2000.0
2017,76303,2.8,13347.5
2007,1896,1.2,2000.0
2009,150610,3.2,5335.02
2013,58233,3.7,5928.44
2022,142763,4.8,17127.44
2015,83531,1.6,13236.54
2015,153890,2.7,10822.75
2020,151932,2.0,12105.45
2012,195122,1.9,2023.66
2006,163178,3.1,2000.0
2014,24761,1.6,18059.83
2010,167173,1.1,2000.0
2008,3213,1.6,18892.27
2009,118703,2.3,2000.0
2015,115979,1.0,10798.12
2016,199125,4.4,13989.82
2020,29676,3.3,23231.17
2018,11240,1.1,18243.85
2018,122737,1.9,2986.18
2019,145978,3.7,6349.7
2012,98065,1.1,3038.36
2009,85022,2.5,2000.0
2013,151074,1.4,2000.0
2020,20227,2.6,16709.66
2007,116332,4.9,11504.66
2016,654,2.8,25810.98
2011,196649,3.5,8765.49
2021,64698,2.6,10135.85
2019,118472,2.3,2598.67
2019,118639,3.4,9108.85
2016,190239,3.5,14114.55
2006,13135,3.5,6773.92
2012,198121,1.1,2000.0
2009,86686,3.8,2000.0
2007,85656,3.7,32167.65
2005,64183,1.3,12135.12
2020,140544,1.8,21770.37
2014,37692,3.1,16359.23
2014,27714,2.4,9185.05
2015,172251,3.3,2000.0
2016,191810,4.0,12173.19
2012,53161,3.2,16567.02
2009,86879,2.8,2000.0
2013,44767,2.1,4639.27
2015,26608,3.5,18081.61
2019,99933,4.3,14699.19
2021,154682,2.0,21945.73
2015,134321,4.2,3837.29
2017,16844,2.7,8833.4
2021,82209,1.4,7740.93
2011,195907,4.6,4571.7
2013,161973,3.7,2000.0
2022,59857,4.4,27181.26
2022,223,3.6,30779.02
2014,2445,1.5,17380.94
2016,122015,3.2,2000.0
2022,82373,3.5,20009.73
2013,176490,2.0,2951.34
2013,30544,3.5,19544.49
2014,97031,3.3,26383.28
2005,191138,1.1,2000.0
2015,136983,4.5,12460.88
2018,110594,3.1,7496.3
2014,143952,3.3,2000.0
2018,44835,1.6,25176.76
2023,156338,4.2,2000.0
2014,5479,3.1,16357.73
2021,123728,1.4,2000.0
2006,112568,3.8,14973.03
2018,3386,3.0,24158.61
2022,53853,2.3,9574.08
2006,152280,4.7,14083.92
2023,38933,4.3,21822.31
2012,149924,1.2,18517.48
2010,186314,3.8,5789.54
2011,160893,1.7,2000.0
2017,65291,1.1,18281.04
2006,91540,1.9,2000.0
2011,182539,1.2,8984.88
2005,20309,3.6,18594.83
2010,178790,4.0,2000.0
2020,43575,1.7,16478.92
2012,49890,1.8,3734.3
2017,169065,1.5,14025.98
2022,103055,3.2,10989.58
2018,96800,3.0,16131.6
2022,56948,1.0,22296.64
2008,67754,2.5,5961.11
2019,145741,1.4,10626.39
2009,138987,3.3,2000.0
2018,186767,2.9,6926.15
2020,109735,2.8,10676.44
2019,197482,3.9,17567.28
2015,31577,2.8,17633.55
2006,139598,2.9,5450.71
2022,169827,3.5,18330.0
2008,99482,2.2,20022.04
2019,195311,4.7,3670.96
2016,82549,2.1,2000.0
2007,163920,4.7,2000.0
2008,33677,4.3,13713.37
2020,172481,4.6,12855.68
2010,166910,1.7,2000.0
2006,93082,1.9,14599.13
2013,103733,4.4,2000.0
2016,151534,4.8,25023.42
2016,63319,4.0,19480.3
2018,83899,3.6,20170.72
2021,135847,4.2,12683.88
2013,60739,1.2,12971.39
2016,729,4.4,24776.08
2014,93411,2.1,6558.72
2015,175043,1.2,5382.76
2006,96446,3.7,32501.82
2020,7905,4.0,14387.65
2005,52172,3.5,6704.48
2005,181544,2.4,2000.0
2006,71868,1.5,4662.04
2016,36032,4.1,18376.78
2022,184832,1.2,19893.13
2016,111178,4.0,14607.78
2005,183132,4.8,2000.0
2015,19427,5.0,18959.38
2006,133262,2.6,2000.0
2016,125121,1.4,2000.0
2006,76297,1.4,2000.0
2021,150960,3.0,3576.98
2010,121994,4.2,14531.72
2020,29725,1.2,2000.0
2023,90034,1.7,35383.7
2010,128041,3.4,2000.0
2011,44259,1.3,10171.71
2023,67500,4.5,28664.92
2021,62943,3.0,5102.54
2010,123296,2.5,2000.0
2019,32678,1.1,2883.49
2013,27848,1.5,2000.0
2006,132416,4.3,8732.07
2009,163537,3.8,11284.99
2009,101041,1.1,6051.15
2016,43567,4.9,11948.54
2014,106325,2.4,2000.0
2008,173984,3.4,3606.37
2016,153477,3.9,5158.02
2019,97114,4.8,33518.47
2014,27973,4.6,20623.3
2022,21302,3.4,14547.18
2009,46897,1.6,2669.41
2017,37173,4.4,23135.24
2008,187007,4.3,8483.97
2013,159022,3.6,6663.78
2022,37560,5.0,28574.55
2007,69249,3.1,7649.02
2015,159396,1.9,20990.27
2008,109846,2.0,2000.0
2013,77524,2.6,14448.29
2016,158348,2.7,2000.0
2014,124530,4.3,3492.92
2014,11740,4.5,37920.33
2013,147759,2.5,9305.52
2014,115206,4.8,4874.58
2013,29598,4.7,18051.57
2005,118718,2.6,2000.0
2020,189356,4.5,5715.51
2018,97335,1.5,2000.0
2017,88255,3.0,8287.62
2010,174910,3.9,10424.99
2018,114767,2.4,16335.23
2012,79131,1.1,11572.96
2022,63915,1.2,10439.32
2005,73830,4.6,2000.0
2016,123608,3.1,7648.74
2015,127117,1.6,3092.53
2017,65108,4.6,2000.0
2008,35218,4.8,14855.3
2010,74683,2.3,2000.0
2017,152370,3.3,26791.95
2017,25315,2.3,23156.23
2010,192673,3.9,7116.92
2008,178391,4.8,2000.0
2007,167389,1.1,2684.68
2019,33330,2.9,13149.28
2015,21394,4.2,5413.61
2006,100003,3.8,9442.6
2021,88314,1.7,3378.89
2006,107220,2.6,2000.0
2005,196306,2.9,2000.0
2009,161653,4.0,29301.81
2021,124313,2.8,7632.86
2005,15010,2.3,2000.0
2011,148798,2.7,16711.52
2007,182119,4.9,9260.97
2020,192899,1.2,13508.7
2020,137300,2.3,17382.66
2016,31234,1.8,25109.88
2013,118788,2.6,20682.19
2018,84202,3.3,3897.94
2016,374,1.8,2000.0
2020,100626,2.7,7231.67
2021,160656,4.3,8133.78
2016,93985,3.6,10208.73
2008,91667,3.7,17614.67
2021,25499,4.8,7472.38
2005,140104,2.6,6093.95
2021,30089,5.0,26005.18
2015,126952,2.5,2000.0
2023,37491,1.7,34234.31
2022,83971,4.2,35348.36
2006,145941,3.0,17995.86
2013,110406,2.4,2000.0
2013,145085,2.0,2000.0
2016,67083,4.3,28132.92
2017,176010,3.3,14903.67
2020,173468,3.5,9589.61
2017,191676,2.8,8510.11
2018,2364,1.9,20683.24
2011,145946,2.4,2000.0
2006,171438,1.5,11566.14
2016,121171,2.4,12506.42
2021,7821,4.7,39198.88
2009,4614,3.3,3854.29
2014,104334,1.2,14830.41
2022,173482,4.1,7942.77
2007,26121,4.1,18952.19
2017,97794,4.0,2000.0
2017,177100,3.5,21517.66
2014,6758,1.1,2000.0
2006,154923,2.5,2000.0
2020,121909,2.3,2000.0
2008,195745,1.1,2000.0
2023,64960,1.3,14209.03
2009,77541,2.7,15501.64
2011,43864,4.5,7925.0
2013,35026,4.8,11175.24
2009,93976,4.0,4316.2
2012,75052,1.9,2038.16
2006,125209,4.7,2000.0
2011,162253,4.9,2000.0
2008,171965,2.7,3457.47
2019,131439,3.1,14828.95
2022,116571,2.4,2317.31
2006,169148,4.4,11894.99
2018,153985,2.2,6843.87
2014,168916,1.4,2000.0
2009,91885,2.8,9245.13
2016,23309,1.7,4373.71
2014,187044,2.7,2613.87
2022,118401,3.3,8205.69
2010,59908,4.2,9795.76
2016,126821,3.8,2405.44
2005,68737,4.0,11973.26
2011,83840,3.4,2000.0
2016,11285,1.3,25128.02
2011,75816,4.5,30146.74
2013,49304,3.8,22460.92
2019,184877,4.2,14055.85
2016,23901,4.8,11045.62
2017,89096,4.9,30498.41
2008,12220,4.9,23563.08
2014,46692,2.1,12998.81
2007,140334,4.4,11662.74
2009,39241,4.8,13746.55
2008,69326,3.8,19335.53
2023,36866,3.9,23865.99
2019,155032,4.5,2000.0
2011,164899,2.2,2000.0
2007,183082,1.8,2000.0
2020,45051,2.7,12638.05
2019,143085,4.8,28345.22
2022,9633,1.2,21319.89
2007,100570,2.8,2644.89
2018,149704,3.8,16159.32
2005,53641,3.6,10338.45
2011,171546,4.2,2000.0
2006,107096,2.1,14363.92
2014,40754,1.9,5406.43
2020,66371,4.3,31037.75
2016,194683,4.3,7684.17
2022,76056,2.0,23978.72
2010,197615,2.8,2000.0
2021,140030,2.8,9379.94
2012,98736,3.1,6057.46
2013,24975,4.3,11312.18
2023,129894,3.4,26024.02
2006,103425,3.1,2000.0
2011,33096,2.2,20627.35
2015,86650,1.2,20767.1
2017,26347,4.7,29064.86
2014,47486,3.9,39928.38
2019,67148,1.3,11667.36
2011,94285,2.2,2000.0
2010,160075,3.6,2000.0
2016,30882,1.8,6771.7
2007,184469,1.4,2000.0
2020,2004,3.2,11627.33
2013,105073,2.3,2000.0
2014,153080,4.3,4465.08
2017,186943,4.8,40696.01
2012,84930,3.4,2000.0
2010,9800,3.9,7730.62
2007,52270,4.9,11026.36
2016,180007,1.9,2000.0
2013,98665,4.6,2000.0
2013,47874,3.2,15278.27
2015,36958,1.8,9296.17
2010,171108,2.2,8909.22
2006,36229,3.8,26144.28
2011,15289,4.7,5280.68
2013,10321,1.5,6728.54
2023,98297,3.6,17469.66
2022,152184,2.5,7798.64
2016,10652,2.3,2000.0
2015,149506,1.7,12200.12
2014,86179,4.6,3394.06
2007,4712,2.5,4845.03
2016,9560,2.8,12373.48
2008,106331,1.8,17931.5
2014,53413,3.4,29282.27
2006,76874,2.8,11084.79
2016,88123,1.8,16326.27
2015,55016,2.2,10363.2
2018,22909,2.6,11209.93
2019,31816,1.3,22432.88
2018,90772,1.2,12781.5
2016,152698,5.0,20493.07
2006,20946,4.7,12634.43
2006,138528,3.4,6800.83
2005,57859,2.0,2000.0
2019,63968,1.9,10364.62
2014,137452,2.8,2000.0
2005,90283,2.5,2000.0
2005,46464,3.9,15062.51
2005,99773,2.6,2990.56
2015,165013,4.8,15679.74
2016,145119,2.0,12005.18
2019,37434,1.1,3400.85
2018,103204,3.4,8736.25
2005,197782,5.0,11656.49
2005,46311,4.4,9222.56
2010,104935,1.0,3421.37
2007,39869,3.3,6276.71
2018,91509,2.8,15178.13
2010,139961,4.1,4793.33
2012,132846,2.0,2000.0
2019,21750,2.0,2000.0
2021,142475,2.3,28126.03
2013,167903,2.0,2000.0
2020,57275,1.1,14823.24
2005,28910,3.5,19657.18
2020,125933,3.5,8819.26
2023,184832,4.4,2000.0
2013,199288,3.8,11517.93
2021,88664,3.6,18345.13
2010,3603,1.9,4952.46
2018,150800,4.0,2679.04
2022,91541,4.4,20034.95
2018,125041,2.8,2000.0
2011,29600,3.2,6602.76
2014,71449,4.1,16064.01
2020,40986,2.9,14379.97
2011,20155,3.7,2000.0
2010,124321,1.9,17451.97
2010,39510,3.3,11400.41
2011,46541,1.1,2000.0
2021,190643,1.8,10616.95
2012,67059,4.7,17109.81
2006,133436,3.4,2000.0
2023,56753,2.8,9182.55
2011,103656,3.1,2000.0
2016,70590,1.0,10916.94
2007,98239,2.8,2000.0
2008,69501,1.6,16590.65
2015,37849,4.4,10961.14
2016,1773,2.7,40480.72
2023,183161,1.9,13934.48
2023,118578,3.0,16796.16
2015,154992,2.5,3786.07
2017,65178,2.8,9436.18
2005,80648,3.9,2000.0
2010,24503,3.0,2000.0
2020,137178,4.7,3794.44
2006,58090,2.0,30918.63
2018,140838,2.3,2000.0
2022,102744,4.1,17488.74
2021,52753,4.1,36223.64
2022,157747,4.9,31654.52
2023,36284,3.5,22350.05
2019,143069,3.3,33548.17
2006,52004,3.4,2000.0
2008,82511,2.4,18657.32
2005,197300,2.5,2000.0
2012,181387,2.1,2000.0
2018,143056,3.4,15404.8
2015,24984,4.4,22145.93
2018,198990,3.5,6281.74
2020,87320,2.9,30107.86
2014,74132,1.3,6127.2
2011,129145,2.0,2000.0
2020,87895,4.4,2000.0
2008,116171,2.6,2000.0
2016,64176,4.5,19917.87
2016,185382,2.0,2000.0
2006,141386,3.3,2000.0
2010,90976,4.9,12786.8
2019,67120,3.2,13920.4
2019,72949,1.8,16881.48
2020,17126,1.9,15320.11
2007,143102,1.6,2000.0
2005,191690,1.1,8454.2
2016,127631,3.8,10574.65
2019,140127,4.1,14973.01
2023,20366,4.3,16838.07
2010,85966,1.3,2000.0
2023,30214,4.8,14747.38
2021,36452,3.5,20528.11
2013,45351,1.4,11205.38
2017,130885,1.3,2000.0
2019,95459,3.0,13881.54
2020,108646,2.0,16305.9
2017,68373,2.0,2000.0
2006,134500,1.0,2000.0
2006,88964,2.9,2000.0
2015,133265,1.3,2000.0
2020,19722,1.3,25619.01
2021,133238,1.6,2000.0
2007,50678,1.0,19669.84
2005,188679,1.4,2000.0
2022,173331,3.4,25970.97
2018,150874,2.0,11565.63
2013,60380,1.3,20088.67
2013,19096,1.5,13869.48
2016,64626,1.2,2000.0
2007,181010,4.1,2000.0
2006,103292,3.2,2000.0
2005,174441,2.9,2631.63
2013,44006,4.5,15112.86
2017,49387,1.3,2000.0
2020,144961,1.1,11198.51
2023,118022,2.7,18099.3
2014,148530,2.1,2000.0
2009,110942,2.9,5789.25
2018,78240,4.6,29222.6
2019,164583,2.8,4076.68
2007,82925,1.7,12892.83
2013,8204,4.2,34621.97
2005,195977,2.6,2000.0
2005,187248,4.0,2000.0
2023,86821,1.6,34512.22
2010,167443,2.3,24169.57
2015,35028,1.1,19227.08
2022,127245,1.9,17258.22
2018,58327,3.6,6200.83
2020,7814,2.2,11304.53
2005,29445,1.6,14659.98
2014,59303,1.2,24496.42
2014,75956,3.4,6694.21
2017,75490,1.3,29880.95
2005,181512,4.2,8645.84
2007,74744,2.4,2000.0
2018,84073,2.2,19484.4
2020,15168,3.5,29852.72
2010,102886,3.2,2000.0
2005,184723,5.0,4515.64
2009,102789,1.2,5864.11
2012,33375,4.4,2000.0
2016,98086,3.4,20811.1
2005,28794,4.5,2000.0
2017,2836,3.8,13775.83
2013,192548,4.0,9782.76
2012,145163,4.1,2000.0
2017,164606,1.1,8446.29
2006,12790,4.4,2245.6
2019,47700,3.7,20329.04
2018,196707,4.8,27675.49
2023,171462,1.5,2000.0
2013,181974,4.7,3131.87
2023,61292,4.4,25549.35
2018,151125,1.9,13630.41
2012,33161,1.5,17412.84
2009,25169,3.5,2000.0
2011,92993,3.7,2969.07
2008,74613,3.8,2000.0
2012,3052,4.4,20685.0
2008,172536,3.2,2000.0
2005,183974,2.1,2000.0
2012,1777,4.4,17414.17
2011,88853,2.7,2000.0
2015,195050,2.7,9091.7
2020,143701,3.0,3411.82
2021,199533,4.3,20231.11
2009,187571,4.9,19054.52
2011,137892,1.7,2000.0
2014,12499,1.5,4472.07
2017,65029,2.2,30803.17
2019,197192,4.6,9999.85
2010,74084,3.1,2000.0
2006,105906,1.0,2000.0
2008,169036,3.3,22248.74
2018,141014,3.2,16695.89
2019,75437,1.3,12740.79
2018,3681,1.6,2000.0
2008,139800,1.4,2000.0
2010,182692,3.1,3841.76
2011,106646,3.1,2000.0
2017,9947,2.8,5520.31
2021,114251,2.8,7827.7
2021,43955,3.3,26782.31
2008,103142,3.6,9284.14
2023,84482,4.9,12570.78
2017,47438,3.2,5484.97
2013,170567,2.1,2000.0
2006,169371,4.9,2000.0
2022,48382,1.4,4998.66
2021,9433,2.3,4388.43
2011,52984,4.6,9554.78
2021,2899,4.8,28342.71
2014,155607,3.6,2000.0
2018,60099,1.1,6107.57
2016,54902,2.8,2000.0
2016,196285,4.7,2000.0
2021,116967,4.6,19417.49
2023,169601,4.6,22858.02
2018,173020,2.2,2000.0
2021,72283,4.3,24887.11
2019,186699,3.7,3264.15
2010,138876,4.6,14087.83
2023,127182,3.6,10806.26
2010,67185,2.5,2000.0
2010,166248,3.5,2000.0
2008,128350,2.4,2000.0
2005,43380,1.0,2000.0
2023,162335,4.3,23741.12
2015,95701,4.4,2000.0
2011,80002,4.0,25693.46
2006,57872,1.9,10183.51
2008,87516,1.5,2000.0
2010,7542,1.7,5117.96
2009,165259,3.0,9800.54
2013,155582,2.1,27595.69
2015,36941,4.5,17406.46
2022,67271,3.2,51042.53
2021,110632,2.8,7917.5
2017,194817,4.5,2000.0
2021,177332,1.3,22039.59
2014,1148,4.5,13934.96
2022,171863,4.2,8406.16
2021,31343,3.7,11009.24
2016,79082,1.4,6236.09
2019,42483,1.2,28213.08
2023,174793,1.7,19359.21
2019,88615,2.1,18479.15
2017,91072,3.5,17231.99
2011,77437,1.3,7374.45
2015,129097,1.7,2000.0
2012,188082,1.8,5710.72
2020,65540,3.7,14317.96
2015,70455,2.4,25407.41
2009,84711,2.1,3303.97
2011,160404,1.1,2000.0
2020,161081,1.4,8794.93
2020,144584,3.2,2000.0
2021,72109,3.5,9700.22
2023,193178,4.0,12580.34
2019,47262,3.0,21545.6
2019,199980,2.1,2000.0
2019,152995,2.2,13730.81
2007,93441,3.6,2000.0
2016,127991,2.7,9058.97
2010,92820,1.6,5732.7
2009,171093,1.0,10929.95
2015,54284,2.0,19822.25
2016,158994,4.0,15304.34
2011,160613,3.7,13602.21
2013,134138,1.4,2000.0
2022,199728,2.8,2000.0
2018,82946,1.6,2000.0
2008,29605,2.9,2000.0
2012,134142,1.4,12652.87
2020,194300,3.7,31462.41
2008,54994,3.3,2000.0
2023,158278,2.0,12626.52
2010,45326,5.0,8533.68
2023,169509,3.4,8355.88
2019,90545,2.1,8666.19
2016,61961,2.4,6607.82
2016,76644,4.7,19596.95
2006,143226,1.8,10031.02
2013,125417,1.8,2000.0
2007,160553,3.3,2000.0
2005,97001,2.3,2000.0
2018,115910,2.2,14846.97
2017,29107,2.6,19373.69
2009,43224,4.3,3247.18
2011,9725,4.4,20782.36
2018,88103,3.7,18021.5
2020,53945,3.3,13397.06
2022,41751,1.1,21690.8
2018,80551,3.3,5504.99
2005,91164,4.8,2000.0
2010,133156,4.3,7435.86
2014,51706,1.6,27289.09
2010,142867,4.9,3305.74
2006,198289,1.9,2000.0
2011,92419,1.5,2000.0
2021,3722,2.2,16307.75
2018,27902,1.6,7231.23
2011,133108,1.9,3632.93
2013,3157,2.2,14058.66
2023,163379,3.4,17304.11
2015,65322,3.5,9684.91
2007,11917,3.1,2000.0
2008,43419,2.2,2000.0
2009,7555,4.8,18669.0
2008,155023,2.2,2000.0
2017,181182,2.6,10595.78
2013,31382,2.7,18844.86
2018,103756,1.1,18531.38
2020,15350,2.7,13639.82
2010,128452,2.4,2000.0
2014,123474,1.3,2000.0
2017,51369,4.2,24492.2
2007,65763,3.8,8746.26
2015,56645,2.1,12983.39
2007,147460,2.0,2000.0
2011,49303,4.6,7203.19
2014,190684,1.8,11178.69
2005,142593,4.5,2000.0
2008,101381,1.3,12423.54
2012,186657,4.4,2000.0
2021,31947,3.2,17209.03
2009,92437,4.1,4119.23
2021,69507,1.4,8163.4
2013,132076,2.7,11231.57
2012,62320,2.8,7139.96
2011,8002,3.1,25417.77
2009,101964,3.5,22569.37
2008,104793,2.6,9638.43
2007,146547,2.8,2000.0
2012,59080,2.5,11993.98
2009,51779,3.8,2000.0
2009,4708,4.6,13383.13
2021,71623,1.5,16125.99
2019,88737,2.2,14727.83
2012,153912,1.9,2000.0
2011,44452,4.8,7574.34
2021,18309,3.4,8423.76
2016,136774,1.6,21475.59
2008,124072,2.6,2000.0
2022,140390,2.9,23816.64
2008,65763,3.5,9445.5
2014,89220,1.9,28154.3
2007,167483,3.0,2000.0
2009,92098,4.2,3602.39
2016,134800,3.6,17508.44
2009,103532,1.4,2000.0
2009,194752,4.6,9456.64
2008,179556,2.4,2000.0
2010,143030,2.7,22205.29
2014,20099,3.8,16897.13
2010,70057,2.8,9136.28
2005,162733,3.4,2000.0
2020,84041,2.9,25432.93
2015,154719,2.2,2000.0
2010,49494,2.8,2581.0
2022,22928,2.2,24366.98
2010,43891,2.8,12797.59
2021,53469,1.8,21279.87
2016,78463,1.2,7980.14
2021,30207,3.8,20535.29
2022,179034,1.5,6072.83
2014,174453,4.3,14847.62
2016,196069,2.5,2000.0
2008,103136,2.0,2000.0
2014,62852,2.6,16956.05
2009,96691,1.6,12203.39
2008,78963,4.4,14583.34
2020,68710,1.7,30002.59
2009,25313,3.0,5180.28
2023,143924,1.6,10080.02
2010,106358,1.2,2000.0
2011,17410,4.2,2000.0
2014,55101,3.2,26174.77
2011,21023,1.3,12837.83
2018,114433,4.6,22300.73
2014,99407,2.6,4507.2
2015,136016,2.7,3800.66
2018,138036,3.0,5068.92
2016,8587,1.9,25077.26
2008,176516,3.2,19116.32
2017,161079,2.0,2000.0
2007,56655,4.3,12854.46
2017,173566,4.3,7515.36
2023,195007,2.9,14279.0
2019,172076,3.1,14794.44
2023,51131,5.0,6526.14
2008,113043,4.2,2233.72
2010,31028,1.3,4683.97
2019,100168,1.7,11591.15
2008,124687,3.4,2000.0
2010,141538,2.5,2000.0
2006,151900,4.2,2000.0
2008,183325,3.6,2755.9
2022,160469,5.0,23799.4
2019,126387,1.1,4857.75
2016,143744,2.8,12593.87
2012,70676,2.6,2000.0
2016,13999,2.7,25863.21
2013,123370,4.5,4607.73
2011,79314,2.6,20731.0
2012,148935,4.2,25471.74
2014,15108,3.5,17235.4
2015,146422,3.0,11742.79
2006,158583,3.8,6581.22
2008,42972,1.9,2000.0
2013,37454,1.6,8537.16
2012,68766,4.9,17913.52
2009,155790,2.6,4428.36
2018,165689,2.2,4058.13
2006,135092,2.1,2000.0
2021,41004,3.5,31111.26
2012,16834,5.0,24207.91
2006,132331,4.6,2000.0
2019,135849,2.6,3406.19
2006,122080,4.6,13629.03
2015,40343,2.8,17070.14
2018,95525,1.4,5826.64
2014,27927,1.8,16735.89
2011,149452,2.0,7316.47
2018,28250,4.7,8958.92
2017,44448,4.9,28058.86
2006,112786,1.9,2000.0
2014,192069,2.6,10822.84
2005,11224,4.9,14957.71
2005,83414,4.4,3361.61
2007,91184,2.8,6894.53
2015,12304,2.8,21284.16
2023,192660,4.5,3528.08
2013,1578,1.1,14894.11
2017,181459,4.7,7697.76
2008,26315,1.4,21472.68
2010,107511,4.6,2000.0
2006,23377,1.3,2000.0
2013,27541,4.9,24566.93
2022,97342,1.0,21772.83
2008,17943,4.9,8551.08
2005,174018,1.2,2000.0
2005,138960,1.5,2000.0
2021,189926,4.9,7303.01
2023,134928,4.2,21846.43
2007,89752,4.4,4474.86
2021,167367,2.7,2000.0
2007,48638,1.3,5829.56
2008,5819,1.6,3520.2
2017,102172,4.7,15954.13
2019,40072,2.5,2000.0
2016,111065,4.0,2000.0
2007,192085,3.8,10484.12
2012,129076,2.9,13753.73
2005,159292,4.4,2498.67
2022,188318,3.6,28466.32
2017,92272,4.0,4810.95
2011,177967,4.3,2000.0
2017,87659,1.9,15323.24
2021,140765,2.2,2000.0
2017,130382,4.0,15437.37
2017,99118,4.3,4943.26
2015,144450,3.4,12461.31
2018,184289,5.0,18406.32
2014,145727,4.5,19927.62
2012,64121,4.2,17105.6
2010,77053,2.0,8602.47
2023,127376,2.3,21613.65
2023,132395,2.4,25937.49
2016,90116,1.4,2000.0
2011,48989,3.9,16050.2
2022,74986,2.6,2000.0
2022,198642,3.5,16873.02
2007,22974,3.8,9698.6
2013,30717,1.0,9245.43
2010,129062,1.2,2000.0
2005,180423,2.3,2000.0
2014,67241,3.6,5187.72
2012,28517,2.9,14664.15
2021,126025,4.8,33203.11
2007,84763,2.0,2000.0
2007,166036,1.4,2000.0
2007,163099,1.5,2000.0
2011,67669,1.9,17440.05
2015,2578,1.9,2000.0
2022,177779,2.5,22216.22
2009,189107,3.3,2000.0
2006,164653,2.0,2000.0
2018,6551,3.1,8912.51
2005,165467,2.9,2000.0
2008,195756,2.2,2000.0
2018,130764,2.7,2000.0
2019,53768,2.5,2000.0
2021,68116,4.8,19129.51
2007,194583,1.3,2000.0
2008,55390,4.1,20729.53
2022,130751,2.2,2000.0
2005,135004,1.7,2000.0
2009,7113,4.5,14192.06
2022,167091,2.9,7931.98
2017,180099,3.0,8162.5
2018,83074,2.7,4584.42
2007,94092,2.6,2000.0
2010,49684,3.8,4335.7
2015,887,4.0,9367.72
2013,117613,4.2,8076.1
2023,149888,3.1,4905.52
2011,101901,3.8,2000.0
2014,155467,4.1,16157.84
2011,178723,3.7,7722.1
2009,136597,1.8,2000.0
2008,191651,3.8,2000.0
2021,195116,3.6,4327.25
2009,64143,1.4,2000.0
2021,96254,3.6,9722.83
2021,124257,4.5,6426.05
2021,20990,2.7,34644.03
2005,97113,1.5,2000.0
2006,179138,3.4,2026.36
2023,172243,2.0,15697.24
2013,58270,3.2,15320.66
2019,19056,3.7,15305.94
2023,69568,3.0,11431.08
2009,65369,2.2,2289.78
2017,188760,4.4,22157.1
2008,109578,1.5,2000.0
2017,110927,1.2,2000.0
2010,186227,4.3,2000.0
2016,157349,1.1,2000.0
2013,138497,2.9,19159.91
2019,161845,3.2,11848.12
2019,20230,2.4,3453.62
2021,16679,2.1,10557.55
2009,40492,4.0,14431.29
2009,81845,2.5,3394.3
2009,122072,1.5,2000.0
2018,60092,2.9,10741.31
2006,135555,3.9,7629.33
2013,162922,2.2,15950.3
2018,109575,1.5,18153.11
2019,22417,2.4,2887.99
2008,97447,3.2,2000.0
2010,21834,1.4,12596.27
2018,133047,1.9,2000.0
2009,135204,4.9,2000.0
2015,72934,1.8,2000.0
2018,4278,1.3,18706.49
2011,47395,2.7,8692.45
2018,73461,1.3,8658.73
2017,144905,1.1,2000.0
2022,135237,1.1,16055.44
2006,57580,2.2,4875.05
2013,82383,1.3,2000.0
2015,119925,1.8,4155.62
2015,45246,3.6,10650.66
2010,164769,2.2,2000.0
2005,182110,3.3,14081.31
2009,171513,2.6,2000.0
2018,40439,4.5,22095.0
2020,73454,3.8,2000.0
2013,69447,4.4,15610.61
2023,46970,3.1,18831.56
2012,4412,4.1,16224.02
2012,33485,3.5,2989.06
2020,17041,4.0,6570.48
2022,1212,3.7,29629.32
2012,71971,2.2,2000.0
2013,125150,1.5,21524.98
2009,197365,4.2,2000.0
2006,170742,1.3,2000.0
2018,5536,3.4,28827.87
2022,118166,5.0,24290.79
2017,145343,1.7,10063.31
2016,71108,4.0,19477.02
2019,91342,4.8,16720.85
2019,93085,3.0,2000.0
2005,190863,3.3,2000.0
2011,186293,2.5,2000.0
2017,54631,2.8,15975.44
2022,92124,3.5,10948.88
2005,44635,4.5,6529.86
2015,136197,4.8,2000.0
2017,48260,3.2,25485.71
2013,37861,4.1,2000.0
2020,87512,3.9,6780.09
2015,30299,2.0,13963.03
2007,145920,2.8,4547.64
2021,97037,3.7,18717.95
2006,131154,1.5,2000.0
2013,20146,4.5,17217.53
2013,116088,2.6,16245.65
2020,96590,2.8,24000.64
2005,148114,4.5,2000.0
2021,13599,1.7,19106.86
2014,185374,1.1,6995.07
2009,50489,2.1,3170.09
2012,89060,1.6,13284.17
2017,47257,4.9,12568.99
2009,80431,3.3,2704.34
2008,30586,3.3,18040.67
2012,11416,4.2,11722.58
2011,74421,2.0,12465.79
2009,135399,3.1,5433.99
2014,124024,1.6,2000.0
2021,19640,1.4,17532.98
2010,91964,2.8,9768.41
2014,29059,4.7,39065.96
2020,112542,2.8,5271.72
2014,141943,2.8,13544.52
2008,131935,4.5,4821.58
2006,115937,2.1,2000.0
2005,177775,3.0,2000.0
2007,42178,1.7,6506.95
2017,185128,4.4,10171.66
2016,63427,1.1,2000.0
2005,138433,2.7,6253.29
2014,179218,2.1,7973.31
2010,183126,2.0,2000.0
2013,160280,2.0,2000.0
2005,70342,2.5,2000.0
2016,46594,4.6,20022.36
2009,9686,3.8,2000.0
2005,47342,4.6,2000.0
2006,82287,1.8,15806.9
2018,52245,4.4,23423.44
2006,16737,2.7,10610.51
2009,189981,4.9,19824.35
2014,96675,3.4,2000.0
2010,185101,2.9,21456.34
2009,82248,4.7,14475.52
2006,42453,2.5,6847.75
2013,171995,4.0,15319.01
2014,154472,2.9,2000.0
2012,11021,3.9,10650.21
2010,132558,2.1,2000.0
2009,138679,2.6,2000.0
2022,151191,2.4,4908.47
2022,148193,4.5,20152.81
2006,111786,4.7,2000.0
2016,39660,3.9,20097.01
2012,37611,4.3,2000.0
2008,91414,2.4,2572.05
2008,170131,1.6,2000.0
2013,2668,3.7,19647.86
2013,135310,3.5,2000.0
2016,54223,2.1,19644.78
2018,135238,4.6,30294.38
2007,31030,2.4,10708.33
2010,637,4.3,26194.07
2019,2641,1.5,3543.82
2023,122920,2.1,8896.99
2008,110481,3.5,15327.03
2005,8962,2.0,13661.9
2013,96611,4.8,15857.31
2020,160911,3.2,12810.66
2013,136874,3.9,4372.49
2016,119062,3.2,9886.7
2018,7638,2.6,12849.63
2019,178830,4.3,17067.81
2020,183240,1.1,2000.0
2012,102014,2.7,22283.95
2014,91765,4.5,7200.66
2018,85157,1.3,16182.24
2021,153972,1.8,2000.0
2007,114769,4.8,2000.0
2008,137061,4.8,2000.0
2020,6507,2.5,23289.58
2018,5165,4.0,15891.55
2018,123141,3.5,12228.86
2020,47572,3.0,18989.56
2012,3706,4.3,26029.9
2022,163037,3.6,15278.84
2011,120923,1.4,2000.0
2007,96147,4.4,11217.89
2010,69650,2.1,2969.4
2020,2317,3.5,14577.98
2008,102976,4.1,13936.0
2023,79859,4.6,3713.99
2006,43871,4.7,2391.36
2008,80286,4.7,12890.19
2006,181494,3.6,2000.0
2011,124614,3.5,2000.0
2019,134886,1.1,24153.78
2021,193837,1.3,4603.0
2018,151475,2.6,13621.16
2015,112655,4.2,15930.81
2021,37483,3.4,25504.36
2009,104950,1.9,12059.07
2018,114058,1.5,2000.0
2021,10091,2.9,18444.21
2006,55991,4.7,2000.0
2011,160745,1.2,5733.79
2008,16964,2.9,2000.0
2012,52473,1.2,22854.57
2005,164215,2.0,2000.0
2014,134873,4.8,9192.93
2005,15447,1.4,2406.9
2005,137561,1.2,2000.0
2008,91919,1.3,3368.88
2021,33496,3.8,25872.14
2009,161637,1.0,2000.0
2018,43397,2.6,2067.2
2010,55932,4.8,2242.14
2011,35191,1.3,14206.0
2012,186550,4.7,11468.55
2022,60235,1.5,2000.0
2008,51528,1.5,25737.51
2007,174000,3.4,10772.02
2008,39401,2.0,12635.66
2020,133319,1.0,2000.0
2017,186846,4.0,11316.2
2015,142120,2.5,2000.0
2015,157407,4.6,2000.0
2009,136646,2.1,2000.0
2005,56312,3.7,10997.91
2018,169833,2.3,7184.4
2023,87479,1.6,9151.2
2009,198520,4.9,14470.29
2010,93784,3.4,17654.77
2023,52960,4.4,14486.02
2016,75422,2.0,2000.0
2018,194742,2.6,2000.0
2021,37299,2.9,4677.07
2011,100041,3.5,2000.0
2005,38465,2.6,11249.23
2021,39787,2.0,23292.84
2010,169731,1.8,2000.0
2008,198549,3.4,2000.0
2018,22444,2.0,23017.22
2012,159987,2.6,15480.32
2022,188571,1.1,5986.69
2017,50113,2.0,4197.95
2012,30968,2.9,19510.68
2020,181168,4.2,3710.03
2009,24158,2.5,3215.85
2007,28630,2.2,16391.61
2017,3919,3.1,23089.58
2019,157384,1.2,2000.0
2008,169898,2.4,2000.0
2007,146053,1.5,2000.0
2006,59768,2.0,2000.0
2008,167678,2.6,4819.79
2010,142083,1.2,10570.56
2008,112879,4.2,11834.85
2021,146891,2.1,6197.82
2011,191639,1.9,9171.31
2022,73967,2.4,31035.46
2014,36022,2.5,2957.04
2021,96565,4.3,23176.91
2008,89547,2.1,2000.0
2023,127406,2.8,7724.27
2011,41459,3.0,4188.04
2017,32105,2.2,13835.04
2007,59574,4.1,2000.0
2012,46138,3.5,18287.15
2015,175660,3.9,2000.0
2020,75157,1.2,8103.37
2023,74254,4.3,16186.48
2013,22235,2.0,11874.83
2014,34576,1.4,2000.0
2010,173242,3.6,2000.0
2007,126827,1.9,2000.0
2012,73711,2.6,15303.0
2010,151850,3.8,2000.0
2012,31935,1.4,2000.0
2018,113330,1.5,4652.84
2012,37436,3.7,2000.0
2015,173186,2.8,10935.53
2014,22264,1.9,7668.48
2014,180899,3.1,2000.0
2015,142302,3.5,27464.85
2005,117966,2.6,3906.98
2019,108781,1.7,14979.1
2009,198847,3.6,2240.91
2018,25627,1.5,15657.67
2012,126174,3.6,3806.86
2021,147884,2.1,7287.58
2008,149587,1.0,2000.0
2008,90609,2.9,18010.49
2022,174316,2.2,4597.51
2023,145556,1.9,16558.96
2007,134938,3.0,2000.0
2013,131922,2.3,2000.0
2011,156706,2.2,2000.0
2006,177071,4.1,2000.0
2013,34912,1.3,5688.18
2010,57187,2.6,28769.71
2010,191720,2.0,6298.32
2020,6550,2.1,10545.18
2006,157429,2.8,2000.0
2020,160669,4.7,4044.24
2007,98249,3.6,2000.0
2020,188904,1.8,3187.36
2016,90515,3.3,32754.23
2007,29445,1.6,2000.0
2015,136414,4.5,14960.63
2015,74130,2.7,10357.84
2020,101961,4.8,4653.71
2009,121108,3.6,4426.26
2012,111486,4.3,2000.0
2015,15745,1.7,10998.44
2015,67052,4.4,3021.06
2022,187686,1.8,21933.04
2023,102460,4.9,35638.24
2014,70621,2.1,2000.0
2008,134765,3.7,2222.01
2014,124827,3.2,28277.21
2018,26125,2.9,20241.94
2010,143542,2.7,8417.75
2009,175980,2.5,2000.0
2019,101095,2.2,14718.32
2009,132067,3.4,2000.0
2010,133928,4.9,30192.43
2023,123531,3.7,29176.83
2021,63123,4.0,12540.98
2018,170913,3.6,15874.42
2015,172924,3.1,3176.86
2018,6179,4.3,38631.25
2009,158484,2.3,11458.35
2017,130103,2.1,2426.07
2016,25640,2.5,2000.0
2023,27006,3.3,23129.95
2014,90280,1.0,12352.43
2017,98474,4.3,5194.82
2019,118377,2.2,2000.0
2017,99042,3.4,2098.43
2008,126407,1.2,2000.0
2013,83237,2.7,2000.0
2023,122513,1.3,10356.14
2011,99591,1.0,3453.63
2019,125174,4.2,12596.41
2021,176275,2.6,13030.93
2018,4036,4.3,16576.6
2018,94569,2.3,8446.37
2013,43229,3.6,4520.52
2020,172689,1.4,7060.6
2006,70870,1.8,2000.0
2018,19585,2.9,3133.49
2008,32681,2.8,15125.63
2007,139839,1.8,2000.0
2007,172331,4.5,2000.0
2015,159154,2.1,2913.68
2009,5481,2.7,4963.9
2020,49375,2.3,22150.87
2023,137792,5.0,27805.45
2013,171494,2.4,2000.0
2015,69184,2.1,8526.64
2016,154608,4.6,19906.12
2012,136299,1.6,2000.0
2018,14758,4.7,11004.63
2021,71047,3.3,15178.29
2019,108354,1.9,16392.82
2019,28270,2.0,36525.0
2016,120907,3.8,30624.95
2013,84217,1.2,2000.0
2016,171233,3.9,4281.12
2023,158512,2.2,28551.47
2016,44504,4.2,30573.38
2015,91811,1.5,2000.0
2010,150790,2.0,11278.06
2012,83982,2.8,2000.0
2015,145748,4.5,10911.79
2007,25240,2.1,20563.55
2020,99768,4.4,2264.92
2010,143909,1.4,4427.81
2013,75812,1.7,7649.1
2013,36473,1.6,2000.0
2010,14095,3.5,11230.87
2009,193710,2.6,4019.69
2005,435,4.5,2000.0
2007,43300,2.9,6707.72
2007,147085,4.4,6798.36
2016,56248,2.0,24685.9
2008,83617,4.7,2000.0
2020,122817,3.5,25742.45
2015,24478,3.0,10263.95
2012,46418,3.4,17654.44
2013,12203,4.7,2000.0
2018,74774,2.4,11717.11
2019,59741,2.0,29786.13
2023,113488,2.0,16215.15
2013,123969,4.9,3300.39
2021,34186,2.3,19074.89
2013,14768,4.5,13312.31
2007,142285,1.5,2000.0
2020,183272,2.7,2000.0
2017,105464,3.5,4838.54
2021,77234,4.9,29565.29
2008,49792,3.7,2000.0
2013,76932,1.0,4236.33
2013,45170,4.0,9206.32
2022,23585,3.6,17914.14
2018,160845,1.7,2000.0
2007,104722,3.5,2000.0
2008,72023,4.7,29513.33
2005,70311,1.0,14502.88
2022,61520,4.9,10246.32
2008,1985,2.2,11805.19
2014,77759,3.4,15866.77
2008,53319,2.1,2000.0
2021,83949,3.9,21329.36
2012,138277,3.1,2000.0
2023,156121,2.1,2000.0
2013,87036,3.0,10683.08
2020,98474,2.4,28823.29
2019,59431,2.0,4433.51
2020,167084,3.4,13315.72
2016,56183,3.6,19890.85
2022,83165,1.6,21359.39
2011,7769,4.7,23627.53
2020,8989,1.0,2000.0
2023,61090,2.1,17859.45
2010,125377,2.4,2000.0
2010,144811,1.3,2000.0
2010,104323,1.4,7122.84
2019,153023,4.4,8873.02
2006,78468,2.4,17937.27
2013,118622,2.5,18612.44
2012,56471,3.8,15580.96
2011,184119,3.9,14743.11
2020,42028,3.8,11629.32
2019,187387,2.9,10646.69
2013,74051,3.8,22754.36
2019,154011,4.7,5792.3
2006,118020,1.5,2000.0
2018,182891,3.3,2000.0
2015,43054,4.5,26276.91
2007,139908,4.9,15020.25
2006,134916,1.4,2000.0
2022,9903,4.8,26164.58
2018,43640,3.9,25430.72
2009,8494,3.9,22539.62
2016,167101,1.6,11010.82
2018,79770,3.3,2000.0
2010,193283,2.4,2000.0
2012,151216,3.3,8679.35
2011,154458,3.9,15230.49
2011,111455,1.7,9389.73
2016,131407,1.6,12563.49
2011,83798,2.4,6682.37
2016,158939,3.6,21936.67
2020,34620,3.7,6773.91
2011,4755,3.4,15415.49
2012,111203,4.4,2000.0
2005,169078,3.9,2000.0
2017,7788,3.0,4808.29
2023,160647,2.9,21167.71
2005,84049,4.2,4637.88
2022,70668,4.5,15924.16
2011,50120,4.4,4947.45
2021,26532,3.0,17040.76
2019,18909,3.3,23591.96
2023,84266,4.1,17478.2
2008,749,3.3,12879.6
2021,142007,1.9,11668.76
2011,16049,4.5,4164.46
2020,129745,3.0,9407.3
2021,2915,4.9,38140.57
2019,137028,3.2,19271.81
2013,61409,2.5,2000.0
2017,138651,1.9,18503.1
2011,139299,2.4,23235.54
2023,78245,1.9,18597.35
2015,151005,4.7,15945.35
2012,108881,3.4,17994.89
2021,55877,4.3,31403.25
2008,17817,1.8,25445.43
2008,160206,1.2,2000.0
2022,131152,2.7,2000.0
2021,42462,4.7,19268.74
2007,87425,1.5,6661.28
2013,183735,4.2,16739.5
2010,55330,1.2,4496.35
2006,129524,1.7,2000.0
2016,24759,3.9,23171.95
2019,119341,1.8,22589.73
2013,156819,1.1,15971.16
2006,50439,1.9,11128.18
2016,167400,3.9,15818.09
2020,7793,3.1,13037.15
2011,75610,3.2,12173.9
2005,49433,2.6,2203.72
2011,171613,1.6,2000.0
2007,106912,1.9,8103.59
2009,147772,1.7,6589.39
2007,109795,3.8,2000.0
2019,19347,4.4,20896.26
2010,21983,2.0,26571.52
2019,82596,1.7,7567.54
2007,99428,2.0,4930.3
2005,76018,4.8,8652.76
2006,198580,1.9,3141.83
2008,142212,3.8,8989.11
2018,73303,1.5,12555.14
2018,86142,3.6,13179.81
2014,37482,2.0,21938.0
2015,124302,4.3,16967.65
2008,191789,1.1,17711.16
2019,138215,3.0,3145.37
2008,107251,3.7,11726.94
2020,119559,4.0,17998.41
2006,128612,4.6,22148.35
2017,131000,3.5,16198.55
2012,102140,1.5,11707.91
2017,89229,3.9,9982.18
2012,178428,3.1,3824.95
2008,119162,1.4,15838.22
2009,31018,1.6,11629.35
2010,125872,4.3,2000.0
2023,123371,3.3,15426.59
2014,683,1.6,5672.05
2007,165815,4.2,2000.0
2017,196911,3.3,2000.0
2013,143261,1.7,2000.0
2021,51104,2.8,12194.0
2014,106213,4.7,22822.06
2016,74988,4.0,8500.12
2017,50182,2.5,2000.0
2014,136898,1.0,2000.0
2023,184575,1.9,24593.54
2023,140458,1.7,10728.09
2021,106023,2.5,15796.05
2009,44319,4.5,16516.07
2012,73961,1.7,2000.0
2009,11112,1.2,9415.87
2019,165558,1.5,3242.85
2008,66028,2.8,22057.06
2017,116702,1.3,13242.93
2021,56686,3.2,21638.49
2009,45284,2.1,2000.0
2005,106840,2.5,6263.91
2019,136958,1.6,2000.0
2014,145484,4.0,7230.51
2015,122315,2.5,2000.0
2022,73992,1.5,9087.62
2017,191991,2.4,2243.04
2020,29415,4.9,38759.25
2023,149128,3.9,10616.0
2016,85567,4.5,20290.78
2018,22772,4.6,21903.01
2006,41388,3.2,11040.05
2014,52314,3.2,2000.0
2008,80316,4.6,2000.0
2005,117598,4.5,2000.0
2021,74181,3.9,12890.82
2015,24924,4.3,11685.32
2011,48221,4.0,5709.52
2021,41381,2.2,15290.6
2021,92874,1.5,14007.13
2013,176813,3.9,2000.0
2014,81019,4.6,7295.68
2010,16965,4.9,37441.29
2021,166502,1.2,8510.32
2020,162879,3.5,2000.0
2011,15966,3.5,23061.06
2023,4258,2.5,22896.73
2008,6923,3.2,11061.79
2021,108862,2.8,14968.71
2013,25605,4.7,22237.03
2015,165164,2.2,2864.74
2005,32868,1.7,9223.41
2011,147871,3.7,3919.2
2009,75111,2.1,2000.0
2009,46210,1.2,2000.0
2005,146302,4.2,2000.0
2010,18130,2.3,18055.72
2017,96550,5.0,2574.48
2019,151947,2.2,2763.49
2008,193980,3.2,9188.3
2021,80163,1.6,17373.15
2017,24041,3.1,11032.22
2015,135515,2.1,24119.21
2008,9480,3.7,2000.0
2011,54012,1.1,19448.84
2023,192555,3.8,15951.54
2011,4170,3.1,21567.39
2018,32805,2.5,17694.91
2020,172797,1.3,3510.98
2013,175909,1.2,2000.0
2006,174496,4.2,2000.0
2020,4806,4.0,18503.47
2009,168683,2.9,8961.83
2016,122452,1.0,2000.0
2019,16662,4.3,31456.95
2007,49605,3.7,2000.0
2013,86623,1.3,2000.0
2011,177200,2.1,19933.76
2008,151920,1.3,2000.0
2013,94577,4.5,6295.21
2019,180524,3.0,24695.54
2011,107212,2.5,8450.68
2015,6042,3.5,12327.52
2023,124255,4.0,9890.57
2015,197936,3.6,2000.0
2005,105437,4.3,8531.88
2017,59323,3.4,26413.28
2017,79297,1.0,2855.29
2006,145254,1.5,3475.77
2021,145466,4.5,18654.62
2023,187612,1.5,7978.17
2019,13883,3.5,10169.33
2023,17941,1.8,34621.51
2014,153432,4.8,17663.03
2014,187753,1.9,2000.0
2013,101428,2.4,8321.54
2023,64048,4.1,25436.85
2015,187343,3.6,16900.83
2010,139792,2.3,3124.2
2006,74225,3.8,2000.0
2014,39550,4.9,26450.11
2019,72682,1.6,16910.33
2009,7914,2.0,9319.52
2022,62953,2.8,2000.0
2011,182349,2.3,2000.0
2007,65129,2.3,2488.12
2020,15391,2.7,35512.9
2021,90006,4.2,17104.74
2006,118051,2.4,2000.0
2020,101690,2.0,20223.29
2005,29285,3.2,2000.0
2018,94837,4.5,15685.95
2020,125596,3.8,22413.34
2013,36106,2.4,2000.0
2021,122865,4.9,15273.51
2012,188660,3.8,2000.0
2013,121946,1.6,2793.28
2006,66405,3.8,2000.0
2017,116147,4.6,26388.26
2005,97768,2.9,2000.0
2011,86029,3.9,17626.75
2022,7042,1.6,34777.91
2009,104733,1.4,2000.0
2011,66221,3.5,10567.59
2016,112301,2.6,30747.14
2021,51126,2.8,12963.63
2009,56746,2.2,8041.44
2016,123891,2.8,2000.0
2023,75112,1.4,14776.92
2017,86058,1.4,8852.11
2020,103419,2.8,7315.33
2023,162412,2.8,24289.1
2014,154865,4.5,8338.12
2016,191542,2.3,15857.88
2011,16950,3.7,2910.07
2018,28493,2.2,8948.04
2014,122583,2.2,6897.26
2012,77930,3.8,15388.44
2019,60914,3.2,10670.14
2020,129659,2.5,21081.12
2012,166305,2.9,18676.22
2008,162111,4.4,3943.96
2021,4348,4.0,41160.29
2008,3926,4.7,17154.48
2015,155015,4.5,10194.71
2017,93252,3.7,22933.05
2010,113116,1.8,2000.0
2018,69546,2.4,2000.0
2011,1400,3.2,2286.52
2016,105011,1.1,7885.19
2005,91680,3.7,2000.0
2014,95763,4.9,2000.0
2005,131023,4.3,6256.04
2020,148158,3.8,4769.16
2011,6255,3.7,16721.96
2010,128183,4.6,2000.0
2022,37156,2.2,14956.6
2008,41915,2.8,11171.72
2020,156521,3.6,21085.3
2005,92520,3.3,11641.59
2006,163837,4.4,15238.6
2020,60722,2.5,18147.65
2013,34588,2.7,26505.27
2019,24290,2.0,2000.0
2020,184968,3.6,8061.94
2013,127061,2.6,8433.53
2011,31699,3.2,26846.01
2014,119079,1.2,2000.0
2011,114115,3.8,9254.22
2017,17763,3.1,10763.42
2006,193995,4.0,2000.0
2016,57622,2.0,2000.0
2017,89958,4.4,32296.37
2007,135419,4.5,2515.49
2015,25607,2.7,27184.57
2012,29257,1.4,17277.04
2015,152726,3.0,2000.0
2022,22903,3.6,12999.16
2011,141919,3.4,2000.0
2016,178317,4.6,26714.98
2010,131663,4.7,3895.27
2014,24422,3.5,2000.0
2019,63215,3.6,20395.92
2019,55315,1.5,6550.95
2023,85874,2.6,12288.15
2010,90123,2.3,19272.53
2023,47048,2.4,41486.44
2019,170619,3.9,2000.0
2022,98425,3.0,9139.69
2006,114503,3.0,2000.0
2011,198884,2.0,22578.57
2009,27220,1.7,16904.99
2007,192489,2.6,2000.0
2010,170916,1.2,14229.96
2010,99181,1.6,4793.36
2005,99089,4.3,2000.0
2023,83996,2.7,31749.92
2016,47238,4.9,11544.77
2009,131172,1.0,2000.0
2011,139639,4.7,7702.24
2012,74373,3.6,2000.0
2023,65427,3.5,22636.59
2010,134454,4.4,15192.61
2019,60855,3.5,16059.59
2010,153416,1.1,2000.0
2013,191944,4.6,4996.13
2008,55495,4.5,12858.61
2020,53968,3.1,25197.65
2014,79447,1.5,2000.0
2005,182247,4.3,2000.0
2015,160214,3.1,11417.98
2021,92064,2.3,16754.52
2022,148501,5.0,2000.0
2019,18481,1.7,4792.43
2010,185045,1.7,5009.18
2020,151322,3.4,29618.01
2006,93743,2.1,2000.0
2007,157662,2.6,13597.61
2021,106380,2.0,5890.2
2012,64641,4.1,14676.79
2019,100653,2.1,9690.91
2017,159046,4.4,14348.04
2023,179978,3.9,16538.08
2005,30446,2.2,2000.0
2016,2585,4.2,9417.61
2022,133168,2.3,13963.17
2022,164158,2.6,7271.94
2007,172052,1.3,2000.0
2022,126384,3.3,8558.49
2021,115279,4.3,21099.2
2015,50612,3.5,2000.0
2009,158194,3.2,2000.0
2011,182135,4.6,15923.48
2022,134198,2.8,16946.17
2011,160040,5.0,19318.01
2022,174597,2.8,27094.86
2006,39680,3.6,18796.56
2010,32606,1.2,6937.81
2012,23428,3.8,15410.9
2021,169188,2.3,22114.96
2008,1270,1.5,2630.4
2021,33049,1.6,2000.0
2020,158464,3.0,21393.1
2019,78080,3.4,12325.21
2019,87132,3.8,21836.28
2012,132901,2.8,8256.63
2021,123432,4.5,8345.4
2023,81874,1.3,2000.0
2005,36507,1.5,2000.0
2017,137348,1.9,10292.16
2010,183188,1.4,2000.0
2014,22000,4.0,19393.76
2005,112725,2.5,11810.35
2016,40531,3.4,11478.37
2023,126347,4.1,2341.51
2019,147356,3.2,2000.0
2009,191340,3.1,2000.0
2006,101111,2.8,19174.56
2023,2919,3.8,14155.93
2018,142268,3.1,18716.04
2013,181794,2.6,10806.28
2005,157944,3.5,3945.6
2017,161610,4.8,12223.11
2021,137779,4.2,18899.09
2006,88796,2.8,24125.86
2018,19959,3.4,19233.1
2010,51980,2.6,13138.43
2010,18958,3.1,9881.52
2022,199990,3.9,11282.98
2023,174279,4.4,2000.0
2013,15150,1.2,11129.63
2019,134496,1.7,4747.73
2011,50250,3.3,2000.0
2010,145343,3.8,22664.66
2009,76531,3.6,2000.0
2023,13582,2.0,7250.6
2005,44067,3.6,6751.32
2011,196805,2.8,14488.22
2022,124971,2.0,13229.69
2012,68224,4.5,2000.0
2016,7098,3.1,10471.29
2014,153585,4.4,6552.6
2010,108064,2.7,2000.0
2020,9062,3.5,11849.31
2023,66045,4.3,23283.63
2022,92568,2.3,28643.78
2017,94503,4.4,14637.38
2011,56249,2.4,8898.67
2011,162418,1.8,2000.0
2020,196453,4.0,3373.54
2014,100554,2.3,2000.0
2019,37439,4.8,18038.46
2018,136082,4.2,27493.2
2016,984,1.9,30896.02
2019,33563,4.9,13550.16
2012,112350,2.5,2000.0
2011,197455,3.2,2000.0
2013,116079,1.3,7675.93
2018,105897,1.2,2000.0
2011,130257,2.2,22386.15
2016,19377,1.0,7730.78
2018,138699,2.1,18529.48
2015,168297,3.1,22542.46
2023,168411,3.8,5905.59
2010,12591,2.0,2722.43
2007,26808,2.6,8684.86
2010,92424,2.5,20181.55
2013,9629,2.3,17631.51
2006,57745,2.6,8080.19
2010,112343,3.0,2000.0
2018,115565,1.8,21747.17
2023,19538,2.9,24853.31
2008,62785,2.0,2182.46
2018,25482,1.3,21113.47
2014,1095,1.9,2000.0
2010,44482,4.7,18593.33
2015,34574,3.0,13570.4
2017,120684,4.9,21437.93
2022,47911,1.9,8696.59
2018,50828,2.2,17592.15
2015,73935,3.6,5843.92
2009,75093,2.4,10512.85
2012,62496,2.4,6823.26
2008,5501,4.4,13928.07
2016,124289,1.1,2000.0
2010,160732,3.7,2000.0
2012,43885,4.5,15069.14
2008,45217,1.7,12583.86
2014,10255,2.6,26358.5
2015,187405,4.2,6271.47
2019,125670,3.1,7219.59
2009,24821,2.4,30758.58
2007,193581,3.5,2000.0
2019,130865,2.3,2000.0
2006,89988,3.5,2000.0
2006,51754,1.6,5446.07
2012,81297,1.9,4437.15
2018,152623,1.1,11391.36
2013,14015,1.7,29797.34
2009,85401,1.5,4993.29
2016,88205,3.4,7811.71
2014,133569,4.8,18311.27
2005,193724,1.9,2000.0
2023,5850,1.5,23255.21
2015,67323,3.1,7111.54
2021,127948,1.7,12666.83
2007,50964,3.2,8831.85
2005,117611,3.0,2000.0
2021,100865,1.1,6956.46
2010,190740,4.9,10626.08
2017,99219,1.8,4530.83
2008,91004,4.6,4628.27
2009,22755,2.5,2000.0
2019,7313,1.6,19189.29
2018,127192,1.4,13774.83
2023,76524,3.0,10309.59
2019,28965,2.4,2000.0
2016,19199,4.7,33978.51
2022,178456,1.8,5343.4
2018,177294,3.9,8799.39
2014,102897,1.7,2000.0
2012,132048,4.5,2000.0
2008,17133,3.0,15376.44
2022,187804,4.3,18803.86
2012,21183,2.8,2000.0
2008,105759,1.7,3885.03
2015,19399,3.2,31866.21
2009,142890,2.1,2000.0
2014,41228,1.7,14304.28
2010,199636,4.6,10590.24
2008,108631,3.2,7973.65
2022,123642,4.2,13451.02
2021,189138,4.1,6645.09
2011,99709,1.0,6240.85
2013,115126,4.5,9514.09
2007,15369,4.1,6964.16
2013,16698,2.1,18497.59
2008,54148,1.9,17392.13
2023,115279,1.2,3657.69
2013,177619,1.4,18365.4
2010,162707,1.8,5410.33
2015,65115,1.0,2000.0
2019,160388,2.3,22213.18
2010,163439,4.7,2000.0
2014,176322,3.2,9326.63
2022,185757,3.3,5556.39
2020,167510,1.9,2000.0
2008,114337,1.9,26089.1
2017,188272,2.5,8467.98
2009,149365,2.0,2000.0
2023,122715,4.4,26691.31
2022,143360,1.7,2000.0
2021,32509,3.7,24880.89
2020,142526,3.0,15970.15
2005,127265,3.7,2000.0
2005,129886,4.3,2000.0
2018,176927,2.4,16468.59
2006,150726,3.2,2000.0
2019,192746,3.0,2000.0
2007,25829,2.5,10480.74
2017,60641,4.2,17348.68
2023,54738,1.0,14331.07
2005,8981,2.2,22216.12
2017,125084,4.3,3463.32
2019,142331,4.5,10627.72
2020,167393,3.8,12458.88
2015,110945,2.4,10015.47
2007,172844,4.3,5829.19
2012,161452,1.3,2000.0
2010,35348,2.1,2000.0
2009,155621,1.4,2000.0
2019,33172,1.4,14724.42
2013,92859,3.4,10696.32
2009,8144,1.3,9238.58
2014,19228,3.7,16526.62
2010,67872,2.4,14425.5
2015,171686,1.2,2000.0
2008,14013,2.1,14725.4
2016,196697,2.6,2000.0
2010,161068,2.5,10384.18
2005,161209,3.0,2000.0
2022,121416,3.0,12883.79
2006,30080,2.4,2000.0
2009,183818,4.6,7665.55
2020,75253,1.9,14433.62
2016,91807,2.4,12145.22
2016,28266,3.2,6220.15
2015,102345,2.0,2000.0
2023,163760,1.6,8826.98
2011,44122,1.0,2000.0
2006,90864,4.8,2000.0
2010,131787,4.1,2000.0
2008,112541,4.6,2000.0
2006,146235,1.2,4968.04
2021,149897,1.3,2000.0
2012,118117,3.2,2000.0
2009,38036,1.1,2000.0
2014,123354,2.1,12393.08
2020,183045,4.9,6925.59
2006,48805,2.4,3752.03
2023,155516,4.9,29138.29
2011,129465,1.5,2000.0
2006,55303,2.5,2157.44
2017,154852,1.0,2000.0
2008,108613,3.4,7666.87
2020,111294,2.4,22811.41
2014,147105,3.0,6955.21
2021,108583,4.2,10210.12
2018,150357,3.2,2000.0
2016,117788,3.7,7499.88
2017,126535,2.9,2000.0
2012,155830,4.0,8768.6
2021,160682,3.4,9380.56
2022,170672,4.5,17950.48
2014,42582,4.0,16689.51
2017,98387,1.9,2000.0
2006,64908,3.1,2000.0
2021,82005,4.5,15953.3
2010,141006,4.4,20288.26
2016,115998,2.9,2000.0
2017,47647,2.3,6863.07
2008,9132,1.8,6156.38
2019,148492,1.8,2000.0
2020,83320,1.6,8314.93
2023,36248,5.0,32618.43
2019,53972,3.7,18797.64
2010,60355,2.3,2000.0
2010,55310,2.2,2000.0
2009,197332,2.2,5948.66
2006,32955,4.5,17680.32
2006,63348,3.1,2000.0
2009,53982,2.1,2000.0
2007,35540,4.2,15695.4
2010,130188,4.0,2000.0
2015,100884,2.9,2000.0
2009,183924,3.8,3419.76
2022,19323,4.0,5443.84
2018,197746,1.2,6360.22
2014,7211,4.5,19005.32
2007,57547,2.1,8988.02
2020,47003,4.9,20982.79
2020,32148,4.6,11902.0
2015,156008,1.1,2000.0
2008,128125,3.5,2000.0
2015,115831,4.9,20528.65
2012,98517,3.3,2980.9
2020,83768,3.5,20365.45
2012,191798,4.7,3200.92
2013,66141,3.3,2000.0
2018,146496,2.0,2438.09
2012,147821,2.8,2000.0
2020,83148,2.4,2000.0
2006,33666,1.7,2000.0
2023,28858,1.9,20072.82
2023,174803,1.2,4326.86
2023,27640,1.7,20905.06
2022,152836,2.0,8193.04
2017,47937,4.0,8471.22
2021,16473,2.5,18927.63
2005,181212,3.8,17881.71
2009,56209,5.0,13830.18
2017,199048,3.3,14018.35
2010,144533,3.5,2000.0
2014,136635,3.2,2000.0
2013,11403,2.6,2000.0
2010,26065,1.7,16102.28
2005,179446,4.9,4241.97
2022,5429,2.9,7875.42
2011,58793,4.7,6000.6
2014,9282,2.0,2000.0
2016,55351,1.4,7209.82
2019,77357,3.5,5884.68
2021,130564,4.4,3872.3
2007,182839,3.6,2000.0
2019,139414,4.0,5667.29
2005,145725,3.4,6514.84
2015,195724,4.0,10702.37
2010,5434,2.4,2000.0
2020,197591,2.6,16477.76
2016,198427,4.1,10446.31
2019,82896,4.2,12309.72
2022,120837,1.3,17859.51
2014,6460,1.1,2000.0
2016,144988,3.7,5312.79
2023,140450,1.3,11742.91
2009,102205,1.7,2000.0
2022,68975,1.8,9009.54
2023,27140,3.0,16493.01
2016,56385,1.8,13154.91
2005,107843,1.7,2000.0
2006,16213,1.0,19200.08
2007,95424,4.1,18537.29
2016,38252,1.5,2000.0
2018,56689,3.3,24708.19
2011,101711,2.2,3299.18
2008,109121,1.7,2000.0
2016,28328,2.4,14966.24
2012,123546,2.0,2000.0
2005,109700,2.7,4688.78
2009,176981,3.8,5192.99
2005,91276,1.2,13077.09
2019,63823,1.7,15653.99
2017,4953,1.3,23684.89
2017,8840,4.9,25060.08
2008,111391,3.3,2000.0
2019,70482,4.3,25941.54
2016,197595,2.1,2000.0
2012,84110,4.6,28946.93
2020,168463,3.5,5712.08
2016,83705,2.6,19611.51
2010,9719,3.4,16744.15
2019,6149,1.5,11450.58
2011,187040,2.3,5612.62
2009,45279,3.2,2000.0
2019,132973,3.6,8327.79
2016,149859,1.9,2000.0
2015,84905,5.0,14604.87
2008,100154,4.3,2000.0
2017,91119,3.3,7628.45
2022,70691,4.9,28958.95
2012,156193,3.1,2000.0
2011,137089,4.8,13983.93
2020,90636,4.0,19081.22
2007,12202,1.9,8284.02
2020,66616,2.6,11284.55
2020,2021,2.1,11140.33
2011,187398,3.9,11301.92
2017,108654,4.1,6297.26
2017,142451,3.7,2000.0
2023,107826,3.2,11745.28
2022,131842,2.6,2000.0
2011,122868,4.9,23395.94
2022,9933,1.1,8277.42
2022,28981,1.5,16516.35
2008,143453,3.4,2000.0
2013,138431,4.0,2829.72
2020,56097,4.8,6556.14
2008,154902,3.0,2000.0
2012,46134,2.1,9407.27
2007,176144,4.5,2000.0
2013,91470,2.8,3165.15
2012,142060,1.5,2000.0
2016,34364,3.1,10088.57
2018,74283,3.1,29070.42
2014,11763,1.9,11506.87
2021,37122,1.6,15692.88
2015,125640,1.6,16246.95
2014,42607,4.3,25579.52
2017,109555,3.0,2000.0
2006,82823,3.9,2207.44
2005,27033,4.8,17106.12
2005,111479,4.2,2000.0
2020,180366,1.6,2000.0
2014,120708,2.7,2000.0
2014,113036,3.0,2000.0
2011,101090,3.8,2000.0
2011,60039,4.9,6247.55
2005,195529,2.1,2000.0
2017,105249,4.4,4279.44
2009,2759,1.3,2000.0
2007,60693,4.5,12570.03
2017,159381,3.8,2000.0
2016,75449,1.1,11528.31
2022,166993,3.4,19062.48
2009,111994,4.7,2000.0
2009,101135,2.7,2000.0
2006,22896,1.5,6708.06
2010,8649,5.0,13995.95
2011,63506,2.7,2000.0
2005,58620,3.1,3826.91
2007,73067,4.9,11428.36
2006,87232,3.3,4655.25
2014,79504,3.7,20650.81
2015,39970,3.8,11945.0
2017,109811,4.0,8255.44
2020,67144,4.2,10902.03
2015,167734,1.3,2665.08
2022,50248,4.7,29976.49
2015,49778,3.2,12980.03
2005,163149,3.1,2000.0
2022,184941,4.3,34314.23
2009,29863,2.2,20538.08
2006,160471,3.6,5714.12
2022,85331,2.3,27281.01
2011,198752,4.0,6209.8
2015,131971,2.7,10245.7
2015,130942,1.7,8489.46
2017,197305,4.6,7020.79
2008,120768,4.0,2000.0
2005,174962,1.1,2000.0
2022,85975,1.3,17301.72
2016,171071,2.5,11727.34
2014,94303,4.1,2000.0
2012,44577,2.1,7128.47
2007,183664,5.0,2000.0
2011,167256,4.7,26790.27
2015,100793,4.5,15238.58
2011,6594,1.0,2000.0
2011,178054,4.9,6930.09
2013,6377,3.4,5530.44
2007,194210,3.4,2000.0
2015,17176,1.4,36788.12
2021,157723,3.4,13909.05
2012,126423,3.1,2000.0
2006,187972,3.2,2000.0
2005,50074,1.8,4239.67
2020,1481,3.2,23130.73
2008,56139,1.3,2000.0
2013,171345,1.1,2000.0
2012,8933,1.9,11738.31
2005,99749,4.2,6094.92
2012,57718,3.4,24352.12
2009,5768,4.6,33276.32
2005,156271,2.6,2000.0
2011,71978,2.4,8921.97
2019,74776,3.8,8078.88
2011,605,2.6,2000.0
2005,51265,2.5,2000.0
2013,199184,2.9,2000.0
2005,5740,1.5,2000.0
2016,185734,1.8,10275.13
2011,49429,3.4,9685.73
2013,18441,3.4,31008.04
2009,97625,3.4,13126.44
2016,110377,1.8,20864.66
2006,199779,2.7,2000.0
2022,136378,4.7,10682.78
2013,81674,4.4,8660.34
2005,137608,3.2,2000.0
2014,125647,4.6,6459.7
2018,78672,3.7,11831.15
2018,179510,2.6,2000.0
2011,98564,4.1,3940.13
2016,31812,2.2,9576.29
2010,28709,4.4,7396.68
2017,114654,2.3,3175.26
2012,194010,4.2,15059.37
2006,52717,2.1,2000.0
2014,20946,4.7,12875.76
2010,22591,1.7,2773.9
2020,163480,3.9,2111.41
2014,9395,2.6,5783.18
2019,15013,1.1,25091.93
2014,138060,2.3,29556.68
2015,51164,1.8,34809.95
2006,59154,3.2,4384.29
2014,55394,2.0,5829.47
2016,24879,1.3,15856.92
2015,148552,4.8,30420.62
2019,143292,4.4,2864.45
2008,11810,1.2,2000.0
2009,62386,2.1,21127.05
2005,33934,3.5,2000.0
2005,168149,2.3,3081.24
2014,24268,2.1,2000.0
2008,38301,3.4,27223.23
2017,40852,1.8,2000.0
2018,5848,3.6,45204.11
2023,41304,1.4,10494.97
2009,133613,2.3,2000.0
2015,87720,1.5,2000.0
2012,190338,2.2,24093.17
2005,164988,3.7,2000.0
2009,113047,4.1,22857.15
2022,46315,1.6,31776.69
2017,94062,4.0,26911.47
2009,172688,1.3,4865.11
2011,80215,1.9,2000.0
2016,17159,3.0,20128.19
2006,124549,4.9,11906.72
2017,15880,4.9,3001.06
2018,163342,2.9,2954.91
2010,170047,4.2,2000.0
2020,10199,3.2,14194.91
2014,97969,4.0,11223.8
2015,176629,3.6,4537.17
2005,59003,3.8,2000.0
2019,39946,2.8,11119.97
2020,8798,4.3,5928.54
2014,28279,2.8,2727.24
2014,60716,3.8,2000.0
2007,41964,4.5,15174.75
2015,128245,3.6,2000.0
2015,198220,3.0,2000.0
2020,174394,3.1,11074.83
2010,190603,3.8,2000.0
2013,157268,1.4,5628.77
2005,69847,3.5,6609.57
2010,86385,2.5,15693.82
2022,58315,1.5,5093.4
2017,195876,4.7,2000.0
2006,18672,3.0,2000.0
2023,111572,2.8,20575.35
2006,157206,3.2,2378.72
2008,67904,3.5,20926.32
2008,24137,1.8,2000.0
2014,114594,3.5,2000.0
2021,143973,2.4,3716.5
2020,131355,3.9,18732.56
2012,14208,4.1,3931.84
2010,42994,1.0,2000.0
2006,192071,3.9,2000.0
2019,177363,2.4,11284.53
2015,172703,2.2,2000.0
2020,187398,2.5,6419.62
2008,198090,3.3,2000.0
2015,22710,1.5,2000.0
2018,128327,3.8,2000.0
2012,170381,2.8,3629.79
2010,163853,1.6,22952.76
2023,6243,3.0,23476.84
2008,49907,3.3,18366.23
2008,139432,2.4,2000.0
2010,116967,4.6,2000.0
2015,146778,3.8,20983.78
2005,130387,3.6,2000.0
2006,117349,1.2,2000.0
2013,70360,3.0,12742.8
2020,49391,4.4,25271.5
2010,166127,3.7,5695.39
2013,146140,1.9,2000.0
2023,102669,4.4,6172.21
2009,117275,2.5,10006.6
2014,99613,4.7,2000.0
2011,144949,3.0,2000.0
2006,147898,4.1,19232.91
2008,172756,3.4,26008.69
2012,148363,2.2,19087.83
2007,26993,3.6,2000.0
2006,58487,1.0,2049.7
2013,155722,4.3,2000.0
2015,2470,4.9,5193.88
2008,196677,1.8,2000.0
2013,146242,4.5,2000.0
2010,86760,1.7,19548.14
2005,39182,3.0,10352.74
2007,176097,2.2,8416.14
2011,188547,1.8,2000.0
2013,143461,4.0,7906.75
2012,66133,4.2,2000.0
2017,124452,4.4,6581.77
2022,169401,1.0,11339.5
2023,139935,4.4,17736.54
2013,184954,1.2,2000.0
2010,86939,2.8,18253.15
2016,169945,1.7,5601.73
2008,151171,4.6,2000.0
2013,126746,3.3,23931.61
2014,2899,2.9,10493.25
2007,182532,2.8,2000.0
2021,162768,2.6,4279.8
2011,149919,2.9,3748.58
2012,102294,3.3,10172.99
2015,175564,4.3,2000.0
2017,35516,2.0,8281.8
2007,169344,4.2,2993.14
2023,76318,4.3,15589.41
2018,13586,4.4,25102.88
2020,11222,4.8,26469.05
2019,93493,4.8,2000.0
2006,96127,1.4,2000.0
2010,187297,4.5,2000.0
2011,130179,4.4,2000.0
2013,26287,2.5,2000.0
2013,178991,3.8,3493.35
2021,129908,4.7,8053.87
2007,188587,1.4,2000.0
2008,160673,2.4,15212.09
2006,150857,4.9,8926.73
2005,102405,3.2,2000.0
2014,56907,1.4,3895.98
2007,84336,4.8,2000.0
2014,197329,4.6,2876.8
2013,141592,4.2,17587.65
2021,32432,4.2,25156.67
2019,25654,2.9,32835.12
2007,119976,4.5,8697.6
2007,93496,2.2,2000.0
2008,76693,2.4,24768.85
2008,142813,1.9,2000.0
2021,100779,2.6,17798.64
2010,139676,1.9,18822.96
2015,115526,2.4,8999.23
2016,134759,3.8,5933.42
2011,33794,2.7,2000.0
2017,150291,4.1,18257.83
2010,71331,2.9,6072.83
2007,164429,1.6,2000.0
2018,10769,4.0,19604.96
2018,19552,1.3,14358.97
2014,51186,4.8,10182.27
2009,185409,4.4,2000.0
2006,54302,4.9,23543.11
2010,5077,2.0,15665.7
2015,148232,2.9,13496.41
2022,24723,1.8,10296.06
2015,16019,2.7,10168.55
2019,41006,2.0,10123.76
2007,58611,4.4,15686.24
2006,81152,1.5,2000.0
2011,148957,1.9,10986.48
2009,190034,2.1,2000.0
2017,129677,4.0,12477.3
2012,67200,3.5,17772.72
2013,137668,1.5,6535.7
2012,121353,3.4,2000.0
2014,12232,4.4,4264.71
2006,98189,2.8,10501.82
2014,43963,3.4,9397.4
2015,18406,3.1,10423.78
2015,121897,2.4,33947.19
2009,127162,1.0,2000.0
2018,177176,1.7,17130.57
2007,9379,4.8,12506.52
2006,155486,2.4,18362.46
2022,3053,2.2,7784.74
2005,100347,3.5,12919.27
2005,91388,4.6,9569.68
2021,176602,2.2,16699.12
2010,152310,1.9,2000.0
2017,127445,4.6,28603.36
2005,19338,4.1,20754.94
2010,195081,3.8,15609.45
2012,8455,3.2,16494.06
2017,173160,2.7,12532.78
