hours_studied,passed
3.745401188473625,1
9.50714306409916,1
7.319939418114051,1
5.986584841970366,1
1.5601864044243652,0
1.5599452033620265,0
0.5808361216819946,0
8.661761457749352,1
6.011150117432088,1
7.080725777960454,1
0.20584494295802447,0
9.699098521619943,1
8.324426408004218,1
2.1233911067827616,0
1.8182496720710062,0
1.8340450985343382,1
3.0424224295953772,1
5.247564316322379,0
4.319450186421157,0
2.9122914019804194,0
6.118528947223795,1
1.3949386065204183,0
2.9214464853521815,0
3.663618432936917,1
4.56069984217036,1
7.851759613930136,1
1.9967378215835974,0
5.142344384136116,1
5.924145688620425,1
0.46450412719997725,0
6.075448519014383,1
1.7052412368729153,0
0.6505159298527952,0
9.488855372533333,1
9.656320330745594,1
8.08397348116461,1
3.0461376917337066,0
0.9767211400638387,0
6.842330265121569,1
4.4015249373960135,1
1.2203823484477883,0
4.951769101112702,0
0.34388521115218396,0
9.093204020787821,1
2.587799816000169,0
6.62522284353982,1
3.1171107608941098,0
5.200680211778108,1
5.4671027934327965,1
1.8485445552552704,1
9.695846277645586,1
7.7513282336111455,1
9.394989415641891,1
8.948273504276488,1
5.978999788110851,1
9.218742350231167,1
0.884925020519195,0
1.959828624191452,0
0.45227288910538066,0
3.2533033076326436,0
3.8867728968948203,0
2.713490317738959,0
8.287375091519294,1
3.567533266935893,1
2.8093450968738076,1
5.426960831582485,1
1.4092422497476265,0
8.021969807540398,1
0.7455064367977082,0
9.868869366005173,1
7.722447692966574,1
1.987156815341724,0
0.05522117123602399,0
8.154614284548341,1
7.068573438476172,1
7.2900716804098735,1
7.712703466859457,1
0.7404465173409036,0
3.5846572854427263,1
1.1586905952512971,0
8.631034258755935,1
6.232981268275579,1
3.308980248526492,0
0.6355835028602363,0
3.109823217156622,0
3.2518332202674705,0
7.29606178338064,1
6.3755747135521315,1
8.872127425763265,1
4.722149251619493,1
1.195942459383017,0
7.13244787222995,1
7.607850486168974,1
5.612771975694963,1
7.70967179954561,1
4.937955963643907,1
5.227328293819941,1
4.275410183585496,0
0.2541912674409519,0
1.0789142699330445,0
0.3142918568673425,0
6.364104112637804,1
3.143559810763267,0
5.085706911647028,1
9.07566473926093,1
2.4929222914887497,0
4.103829230356297,0
7.555511385430487,1
2.2879816549162246,0
0.7697990982879299,0
2.8975145291376805,1
1.6122128725400442,0
9.29697652342573,1
8.08120379564417,1
6.334037565104235,1
8.714605901877178,1
8.036720768991145,1
1.8657005888603584,0
8.925589984899778,1
5.393422419156507,1
8.074401551640625,1
8.960912999234932,1
3.1800347497186388,1
1.1005192452767676,0
2.279351625419417,0
4.271077886262563,1
8.18014765922493,1
8.607305832563434,1
0.06952130531190703,0
5.107473025775658,1
4.17411003148779,1
2.2210781047073027,0
1.198653673336828,0
3.3761517140362796,0
9.429097039125192,1
3.2320293202075523,0
5.187906217433661,1
7.030189588951778,1
3.63629602379294,1
9.717820827209607,1
9.624472949421111,1
2.5178229582536416,0
4.972485058923855,1
3.0087830981676964,0
2.848404943774676,0
0.36886947354532795,0
6.095643339798968,0
5.026790232288615,1
0.5147875124998935,0
2.7864646423661146,1
9.082658859666537,1
2.395618906669724,0
1.448948720912231,0
4.89452760277563,1
9.856504541106007,1
2.4205527151150044,0
6.721355474058786,1
7.616196153287175,1
2.3763754399239967,0
7.282163486118596,1
3.677831327192532,1
6.3230583059357945,0
6.335297107608947,1
5.357746840747585,1
0.902897700544083,0
8.35302495589238,1
3.2078006497173583,0
1.8651851039985423,0
0.40775141554763916,0
5.908929431882418,1
6.775643618422825,0
0.16587828927856152,0
5.12093058299281,1
2.2649577519793795,0
6.451727904094499,1
1.7436642900499144,0
6.90937738102466,1
3.867353463005374,0
9.367299887367345,1
1.3752094414599325,0
3.410663510502585,1
1.1347352124058907,0
9.246936182785628,1
8.77339353380981,1
2.579416277151556,0
6.59984046034179,1
8.172222002012159,1
5.5520081159946235,1
5.296505783560065,1
2.418522909004517,0
0.9310276780589921,0
8.972157579533267,1
9.004180571633304,1
6.33101457273268,1
3.390297910487007,0
3.492095746126609,1
7.259556788702394,1
8.971102599525771,1
8.870864242651173,1
7.798755458576238,1
6.420316461542877,1
0.8413996499504883,0
1.6162871409461377,0
8.985541885270793,1
6.0642905965958995,1
0.09197051616629648,0
1.014715428660321,0
6.635017691080558,1
0.05061583846218687,0
1.6080805141749865,0
5.487337893665861,1
6.918951976926932,1
6.519612595026006,1
2.242693094605598,0
7.121792213475358,1
2.3724908749680007,0
3.2539969815926773,1
7.464914051180242,1
6.496328990472147,1
8.49223410494178,1
6.576128923003433,1
5.683086033354716,0
0.9367476782809248,0
3.6771580305943354,1
2.6520236768172545,0
2.4398964337908358,0
9.730105547524456,1
3.930977246667604,0
8.920465551771134,1
6.311386259972629,0
7.948113035416484,1
5.026370931051921,1
5.769038846263591,1
4.925176938188639,0
1.952429877980445,0
7.224521152615053,1
2.807723624408558,0
0.2431596643145384,0
6.454722959071678,1
1.7711067940704894,0
9.404585843529143,1
9.539285770025874,1
9.148643902204485,1
3.7015870025544437,1
0.15456616528867428,0
9.283185625877254,1
4.281841483173143,1
9.666548190436696,1
9.636199770892528,1
8.530094554673601,1
2.944488920695857,1
3.8509772860192526,0
8.511366715168569,1
3.1692200515627764,0
1.6949274668609249,0
5.568012624583502,1
9.36154774160781,1
6.96029796674973,1
5.700611700893649,1
0.9717649377076854,0
6.150072266991698,1
9.900538501042632,1
1.4008401523652403,0
5.183296523637368,0
8.773730719279554,1
7.407686177542044,1
6.97015740995268,1
7.024840839871093,1
3.5949115121975517,0
2.9359184426449336,0
8.093611554785136,1
8.101133946791808,1
8.670723185801037,1
9.132405525564714,0
5.113423988609378,0
5.015162946871996,1
7.9829517896677515,1
6.4996393077776515,1
7.019668772577034,1
7.95792669436101,1
8.900053418175663,1
3.379951568515358,1
3.75582952639944,1
0.93981939840869,0
5.78280140996174,1
0.35942273796742086,0
4.655980181324601,0
5.426446347075766,1
2.865412521282844,0
5.9083326056901075,1
0.3050024993904943,0
0.37348188749214417,0
8.226005606596583,1
3.601906414112629,1
1.2706051265188478,0
5.222432600548044,1
7.699935530986108,1
2.1582102749684315,0
6.228904758190002,1
0.85347464993768,0
0.516817211686077,0
5.31354631568148,1
5.406351216101065,1
6.374299014982066,1
7.260913337226615,1
9.758520794625346,1
5.163003483011953,1
3.2295647294124596,0
7.9518619476870365,1
2.708322512620742,1
4.389714207056361,1
0.7845638134226596,0
0.2535074341545751,0
9.626484146779251,1
8.359801205122059,1
6.95974206093698,1
4.089529444142698,0
1.7329432007084578,0
1.5643704267108605,0
2.502428981645953,1
5.4922666470612045,1
7.145959227000623,1
6.601973767177313,1
2.7993389694594284,1
9.54865280663194,1
7.378969166957685,1
5.543540525114007,1
6.117207462343522,1
4.196000624277899,0
2.4773098950115746,0
3.559726786512616,0
7.578461104643691,1
0.14393488629755868,0
1.1607264050691624,0
0.4600264202175275,0
0.40728802318970136,0
8.554605840110073,1
7.036578593800237,1
4.741738290873252,1
0.9783416065100148,1
4.916158751168323,0
4.734717707805657,1
1.7320186991001518,0
4.33851649237973,1
3.9850473439737346,1
6.158500980522165,1
6.350936508676438,1
0.4530400977204452,0
3.746126146264712,1
6.258599157142363,1
5.031362585800877,1
8.564898411883222,1
6.58693631618945,1
1.629344270814297,0
0.7056874740042984,0
6.424192782063156,1
0.26511310541621813,0
5.8577558127346325,1
9.402302414249576,1
5.75474177875879,1
3.881699262065219,1
6.432882184423532,1
4.582528904915167,1
5.45616789315935,0
9.41464808776525,1
3.8610263780077423,1
9.611905638239142,1
9.053506419560637,1
1.9579113478929644,0
0.6936130087516545,0
1.0077800137742665,0
0.18221825651549728,0
0.944429607559284,0
6.830067734163569,1
0.7118864846022899,0
3.189756302937613,0
8.448753109694545,1
0.23271935735825866,0
8.144684825889358,1
2.8185477477339993,1
1.1816482762165625,0
6.967371653641506,1
6.28942846779884,1
8.77472013527053,1
7.350710438038858,1
8.034809303848485,1
2.820345725713065,1
1.7743954377972282,0
7.506147516408584,1
8.06834739267264,1
9.905051420006734,1
4.126176769114265,1
3.720180857927832,0
7.764129607419968,1
3.4080354025301784,0
9.307573256035647,1
8.584127518430119,1
4.289940273750183,1
7.508710677914974,1
7.545428740846823,1
1.031238688359326,0
9.025529066795666,1
5.052523724478571,0
8.264574661077416,1
3.2004960103061175,0
8.955232284962005,1
3.892016787341631,1
0.1083765148029836,0
9.053819764192637,1
0.9128667678613356,0
3.1931363759041487,0
9.50061967050805,1
9.506071469375561,1
5.734378881232861,1
6.318372121697992,1
4.4844552197831975,1
2.9321077169806453,1
3.2866454536991596,1
6.725184560770384,1
7.5237452943768,1
7.915790437258485,1
7.896181427945539,1
0.9120610304869037,0
4.944203047025814,1
0.5755876001664428,0
5.495288823237355,1
4.41530501373377,1
8.877041827582998,1
3.5091501255207866,0
1.1706701642760586,0
1.4299168205283586,0
7.615106317174723,1
6.182180633162611,1
1.0112267612279024,0
0.8410680611499743,0
7.009691314591199,1
0.7276300636419353,0
8.218600592903563,1
7.062422271564962,1
0.8134878064189976,0
0.8483771408519192,0
9.866395785011754,1
3.742707957561203,0
3.706421470668909,1
8.127995672575025,1
9.472485773838587,1
9.860010638228708,1
7.533781852589416,1
3.762595855309158,0
0.8350071669866876,0
7.771469159274368,1
5.58404249735805,0
4.242220092469763,0
9.06354385094736,1
1.1119748230615134,0
4.926251042908591,1
0.11353644767419069,0
4.6866064199412625,1
0.5630327568183735,0
1.1881791626807192,0
1.1752624677710488,0
6.492103021160636,1
7.460448792654233,1
5.833687650971596,1
9.621725484745419,1
3.748705795237041,0
2.8571208628186073,0
8.685991281894603,1
2.235958385194526,0
9.632225394406113,1
0.12154474689816341,0
9.69878826707639,1
0.43159911950576113,0
8.911431136980712,1
5.277011090862999,1
9.929647961193004,1
0.7379656473539886,0
5.538542844013207,1
9.69302535619099,1
5.230978441701488,1
6.293986381352625,1
6.957486889846171,1
4.545410647677732,0
6.275580800840634,1
5.843143119231002,1
9.01158010490989,1
0.4544638034145787,0
2.809631895922303,0
9.504114840765588,1
8.902637838909163,1
4.55656752785713,0
6.201325978015367,1
2.7738118298113266,0
1.881211597237613,0
4.636984049399821,0
3.533522280260528,1
5.836561118508721,1
0.7773463696498484,0
9.743948076661665,1
9.86210744479603,1
6.981617140197452,1
5.360963663441204,1
3.0952761628632777,0
8.137950197069486,1
6.847311725538793,1
1.626169393448913,0
9.109271844938425,1
8.22537242923169,1
9.49799913291924,1
7.2571950838836,1
6.134151959357899,1
4.182430362906189,0
9.327284833540133,1
8.660638895004084,1
0.45218670106189407,0
0.26366974497252005,0
3.7646336687804958,0
8.105533307818328,1
9.872761293149445,1
1.5041689110352818,0
5.941307153521351,1
3.8089085663102153,1
9.699143978146033,1
8.421189231357086,1
8.383287047111379,1
4.686931597949703,1
4.148195023376652,0
2.7340707193070624,1
0.5637549665092711,0
8.647223762550531,1
8.129010091300776,1
9.997176732861305,1
9.966368370739055,1
5.5543170560262745,1
7.689874151805105,1
9.44765729882428,1
8.496473906774115,1
2.4734810174319763,0
4.505441353100935,1
1.2915941515149498,0
9.540510272587223,1
6.0617463445088005,1
2.2864280550346274,1
6.7170068440585675,1
6.181282404578958,1
3.5816271803284048,1
1.1355759219962902,0
6.715731955927996,1
5.2030770090379335,0
7.723183917356393,1
5.201635011119934,1
8.5218150031854,1
5.519068387744856,1
5.609379715353863,1
8.76653602658345,1
4.034828662123971,0
1.3401522845064073,0
0.28782676313338973,0
7.55137255673619,1
6.203095513534647,1
7.0407976809922355,1
2.129641615089107,0
1.3637147558676976,0
0.14544665667881929,0
3.5058755880659698,0
5.899176868546331,1
3.922440450997323,1
4.374749220237291,1
9.041586944937483,1
3.4825546702330037,0
5.139894891598108,1
7.8365301274114305,1
3.9654278232127016,0
6.220867002278735,1
8.623637087467452,1
9.495206236576422,1
1.4707348092903794,0
9.265876251614944,1
4.921162930795382,1
2.5824438829895833,0
4.591357562382613,0
9.800325752854771,1
4.926180939928696,1
3.287516102875082,0
6.334008543167258,1
2.401456187781931,1
0.7586332810866392,0
1.2887972191064923,0
1.2804583895777244,0
1.5190269351229435,0
1.3882717264941014,0
6.4087474480321465,1
1.8188008439914483,0
3.456672833238632,1
8.967884099060118,1
4.739616402628723,1
6.675577385210271,1
1.7231987120162984,0
1.9228901880867078,1
0.40868616266478863,0
1.6893506307216455,0
2.7859033903195862,0
1.7701048427674682,1
0.8870253375705561,0
1.206358711006008,0
4.607787680327258,0
2.063337184057925,0
3.6426986104807546,0
5.034172708548569,0
6.903948286293653,1
0.39312139841098936,0
7.994103989090426,1
6.279003894909078,1
0.8175903194887191,0
8.735786241067773,1
9.208724005318132,1
0.6107795985486375,0
2.7687764814720373,1
8.062012797930613,1
7.482596903836583,1
1.8452101935637732,0
2.093493233367103,1
3.70472102791382,1
4.845229851910213,1
6.1825477153029595,1
3.689136395697724,0
4.625347161331479,0
7.474709381337565,1
0.366832028905979,0
2.5243694434402073,1
7.133495858845524,1
8.952068376871994,1
5.116774421156661,0
5.321134852653157,1
1.0717201133977605,0
4.474123668234546,1
5.326172664550231,0
2.4247050363472966,0
2.6924323094938094,1
3.7728416310462265,0
0.20071197777726368,0
3.220791655831783,0
2.1144800699654462,0
3.2749735217791462,0
1.1976213181925122,0
8.90527280739895,1
5.935924535540487,1
6.791023191444896,1
7.891712386073383,1
4.984421989290572,1
0.8692028808742369,0
5.371065418185478,1
5.868411180208791,1
7.4543947418433,1
4.316595462296794,0
1.2758030279556376,0
2.8377590579872445,0
3.630822963986351,0
6.459172413316012,1
5.707783046689119,1
3.5609672589784624,1
9.865152487929796,1
6.057748193568871,1
2.372267917359945,0
1.0178247262040374,1
1.5285913918433203,0
2.459577283845081,1
1.6068137325955567,0
1.8656702405130576,0
2.850951686938471,0
1.7337359529475482,0
8.967654246264251,1
0.8023374566164221,0
5.245113895702547,1
4.103968269896615,0
9.823786169086064,1
1.1203890216805235,0
3.9785559904574166,0
9.69470433275369,1
8.655071258939802,1
8.1707207094928,1
2.579028270449398,0
1.7088758739006582,0
6.68643219924431,1
9.293759891275858,1
5.567628930139298,1
5.7161268946989985,1
2.7997909366028417,0
7.694929331919369,1
1.8704374855752337,0
3.2367923640424365,0
4.254364386164168,0
5.07610378684455,0
2.4240973241508024,1
1.1483682473920354,0
6.1062004244163255,1
2.8863055324025577,0
5.812382214226123,1
1.5436271527420231,1
4.811401018548175,1
5.325894325515859,0
0.5182353682242691,0
3.366042781939206,0
1.3441467693897424,0
0.6337497047276774,0
9.899602323899453,1
3.2235384497472297,1
8.09874445854635,1
2.5464065476376385,0
6.8150272222392925,1
7.6022785988968655,1
5.956387406078443,1
4.715761885501584,1
4.118409141472686,1
3.4886826654299528,0
9.29529144247826,1
8.306194077877292,1
9.650269106665126,1
1.2429722348554473,0
7.308674752036443,1
9.383404568210379,1
1.8123306616566015,0
0.664962673667775,0
7.4112064929005905,1
5.744731131799119,1
8.41828776758272,1
1.397723766262895,0
7.952673118598902,1
2.0162732004774453,1
1.636559428657045,0
1.6426579793099294,1
8.14574720231382,1
6.651972206962001,1
5.230654247691193,1
3.5883048412350247,0
8.772005408131083,1
3.924451074226354,0
8.16599439471577,1
4.391349085702184,1
3.769444294249076,0
4.626797856696064,0
3.0137787416414206,0
7.476093801762511,1
5.027203900924792,0
2.322126951468173,0
8.995745732745684,1
3.8389122137321143,0
5.435528611139886,1
9.06472110964547,1
6.242379959139921,1
1.1689804070836407,0
9.398321236134752,1
6.277080530714178,1
3.3490561465708613,1
1.3927207266338726,0
7.9402518927029595,1
6.200727559285135,1
5.334610919763215,0
8.938925830509577,1
7.885972112245307,1
1.5167487973275118,0
3.1172206779554825,0
2.4848913981446574,0
7.43946292572677,1
0.3353243473577938,0
5.698896848713165,1
7.624586857406905,1
8.767656367617494,1
3.4208174871590744,0
8.212573046720129,1
1.1063173695520723,0
8.464522917345182,1
1.2748866233198242,0
3.9728729056036727,0
7.972953657795536,1
1.4991742734877378,1
2.2925139523264146,0
7.222525683930662,1
7.200365365460744,1
6.411476328852973,0
6.939484444671001,1
5.427244433475962,1
2.5179905890695276,0
3.4569599350391944,1
1.8159771680142567,0
9.084505613336283,1
5.833917947661204,1
4.008514167636399,0
4.620058036441327,1
9.472833396118153,1
1.533514031160802,0
5.862298320167972,1
5.05888678884466,1
6.1145423543464785,1
0.18110183820840509,0
8.721239089441514,1
9.321182824836123,1
5.65133183589209,1
6.966508238768922,1
9.224993811772958,1
7.072386343133986,1
1.5253904291426135,0
5.762883601668132,1
6.067150463828559,1
4.24130671302386,1
7.3644423562472285,1
9.343670147690148,1
9.255685129067764,1
4.508393714041321,1
1.1323804584075525,0
9.848411989623346,1
8.388980864459342,1
1.2466268120326685,0
9.208418826173723,1
8.698963620621283,1
5.188380571260721,1
5.912754357449293,1
3.9900270387013026,0
0.5476163882203133,0
3.3519724164590095,0
8.028534485980114,1
0.04632023004602859,0
3.334991716911442,1
3.9816869359094333,1
5.373956029379229,1
9.198556164127606,1
3.4634599436596125,1
3.469532018962277,0
7.3750124810974835,1
4.522179408898071,0
2.2460482293998196,1
4.524395161326934,1
1.4085702037979986,1
1.763869865062233,0
4.983677727394797,1
4.189254495045479,1
9.148459010681,1
3.623938991166331,0
5.805883502780435,1
6.322642879195303,1
0.13094456588333636,0
6.635373720167106,1
1.7803596686975143,0
9.610703174694551,0
1.4866272775311296,1
4.146241237270237,0
0.8534966807864386,0
9.968742518459473,1
5.021950103312426,1
5.953850173200438,1
0.6707647738842748,0
7.499604703991778,1
2.0990559309558576,0
8.980542894407137,1
2.0513964048200717,1
1.9068772066366657,0
0.3654966784809488,0
4.720669451099992,1
5.648411332626164,0
0.6570863942835237,0
7.755276166950106,1
4.532888347480276,1
5.243902693275801,1
4.407627469382281,0
4.00763060875326,1
5.596403313082179,1
1.552402459307125,0
1.8192813049527112,0
8.617856210135173,1
9.461154621336327,1
3.7330931627975295,1
2.707446731435538,0
6.439995432390157,1
4.087341710980964,0
0.2538635566034486,0
1.5615259736619036,0
7.159722288473976,1
6.589239419101514,1
0.2709599250348349,0
2.219721619329494,0
2.310747965880714,0
6.718927435987284,1
0.19710537754364155,0
1.0410858198457384,0
7.999160853731894,1
1.7854466205433361,0
6.527461078518747,1
2.381827810467265,0
0.9944139275934516,0
2.4317219099945406,0
7.2226693185565916,1
8.556964681062858,1
8.302198645669916,1
3.9718352961845484,1
6.680851365706461,1
2.0498429541582097,0
2.9314773026101326,1
8.963358185211197,1
0.13001923510736035,0
0.8550853085446808,0
2.078862551460273,0
0.26532203873819715,0
1.8143543508979731,0
5.830415609696922,1
4.214245505924979,0
8.926717110769749,1
8.17443561738441,1
3.4181735169787597,1
2.594234334312925,0
3.7969240816726693,0
5.902949425148077,1
2.6806364082287626,1
6.24148907849134,1
4.0941165219124045,1
5.520471808519803,1
4.361265291353167,0
2.9446575954191765,0
9.484533069621566,1
7.636057941597608,1
1.4011317576645255,0
8.684679758979128,1
4.874311982495136,1
8.945522268940914,1
7.998552559473152,1
4.252135044692334,0
0.22469308320117398,0
2.686773593849461,0
5.416342146608669,1
6.334782198261473,1
2.578876854332023,0
1.3935607407282413,0
8.34930236799299,1
9.84402180703552,1
5.256901823026858,1
1.716792858483035,0
2.7230732651936895,0
0.18390676547466733,0
9.14298806560499,1
1.1775108289014113,0
5.765164755142536,1
2.74055220687206,1
5.541780025157934,1
6.514203883518642,1
8.297418037072017,1
2.064212717606032,0
0.10995828658480478,0
1.3688563006880727,1
9.00018641848105,1
8.738900775625153,1
5.974131021703083,1
6.005168604336534,0
6.650366745462555,0
1.753712786234496,0
9.144119459249598,1
4.187705248920731,1
3.8313852824949746,1
5.189177052828375,1
0.46965966775055046,0
1.662833687560794,0
7.380336164263705,1
0.8279866792512647,0
6.031521094663882,1
2.4534910968132095,1
3.8929561404197655,0
2.8869373677069987,1
3.5567271646494913,0
7.1904590518424545,1
2.9712171562317504,0
5.664046402968972,1
4.760504021990997,1
6.636711653626481,0
9.36829739324758,1
7.325720972102503,1
2.149403785907568,1
0.3118313506128467,0
2.622640442998251,0
5.9507793070025485,1
0.5142581348425035,0
4.963662472012364,1
5.968428489168892,1
3.3424389081696084,1
7.7091220374582194,1
1.065982531337718,0
0.7513778173580876,0
7.281887562036033,1
4.954913162061985,1
6.88402396427736,1
4.348273386037462,1
2.464020332391068,0
8.191023176741997,1
7.994158789689792,1
6.946964708544268,1
2.7214513722996267,0
5.902306668690871,1
3.6097389694002677,0
0.9158207332663415,0
9.173135754622429,1
1.368186309189614,0
9.502373538208024,1
4.460057729579558,1
1.8513292883861965,0
5.419009473783581,1
8.729458358764083,1
7.322248864095612,1
8.065611478614498,1
6.587833667107174,1
6.922765645178525,1
8.491956515653193,1
2.4966800885918596,0
4.894249636431405,1
2.2120944181960223,0
9.87668007996647,1
9.440593396866133,1
0.394268113685059,0
7.055751725156885,1
9.252483174156659,1
1.8057534512733353,0
5.679452305526294,1
9.154882975880419,1
0.3394597858579884,0
6.974202672468399,1
2.9734900737255074,0
9.243961953765304,1
9.710582451653679,1
9.442664891134338,1
4.742142166574638,0
8.620426509893134,1
8.445493985350703,1
3.1910047324325563,0
8.289154741506774,1
0.3700763471549262,0
5.96269878482053,1
2.3000883728770303,0
1.205668857772788,0
0.7695320162920916,0
6.962887758781397,1
3.3987496376806616,0
7.247667715287615,1
0.6535634079894237,0
3.152903378306103,0
5.394912923753372,1
7.907231648389636,1
3.187525029320699,1
6.2589137643700905,0
8.85977748236187,1
6.158631881823045,1
2.329594747536338,0
0.2440078155653802,0
8.700988739009299,1
0.21269410850387138,0
8.747016726841995,1
5.28937134027212,1
9.390676985128962,1
7.987832357736654,1
9.979341105333376,1
3.5071181545171015,0
7.671882889311269,1
4.019309136092422,0
4.798756203039089,0
6.275054632183701,1
8.736771141863388,1
9.840834691992951,1
7.682734138645182,1
4.177667821673338,1
4.213570022770702,0
7.375823015888915,1
2.3877714576830233,0
1.1047411313139466,0
3.546221576407765,0
2.8723899165408175,0
2.963081204559901,0
2.3360775104990994,0
0.42093189636361883,0
0.1787393473341381,0
9.877223897360315,1
4.277731337358624,1
3.8432664715968166,0
6.796472826930699,1
2.1825388786506417,0
9.499611839502254,1
7.863450144155521,1
0.8941100231225951,0
4.175807757849284,1
8.791183075621646,1
9.447320222914103,1
4.674015112498697,1
6.134113892107077,0
1.6703394609207523,0
9.911686261369766,1
2.3167170138344337,0
9.427317741351256,1
6.496466489923685,1
6.077367948788591,1
5.126885110165086,1
2.3066981171775867,1
1.7652803200550826,0
2.2048620907017535,0
1.8643826214425452,0
7.795844735667533,1
3.501252591667301,1
0.5784267656339637,0
9.691026301408113,1
8.837858849634257,1
9.27752283195213,1
9.949078226464353,1
1.738952492194873,0
3.9624201890265875,1
7.582384757040913,1
6.960206180537922,1
1.5389590633985506,0
8.158331249906178,1
2.2444057183666066,0
2.2381761482262306,0
5.3697442289341355,1
5.929399348417031,1
5.8008620783781115,1
0.9148683739775487,0
8.774608626303804,1
2.6560004258870604,0
1.2951492128280417,0
8.887480798689772,1
9.556514982297534,1
8.621276172654506,1
8.09516074724878,1
6.552419806390217,1
5.5085737060913935,0
0.8698675991141014,0
4.084532130706987,0
3.72688517012314,0
2.5975378376032623,0
7.234201136885849,1
4.9587573507877085,1
0.8104621590764793,0
2.2018320194981134,0
6.832587636595959,1
0.7613085949030018,0
8.512069140487688,1
4.951465270139743,1
4.80586577326648,1
5.924077846595176,1
8.246809659251491,1
3.4780920790219305,0
6.780161525590636,1
5.657319639957911,1
2.6702827016942132,0
8.78629986355158,1
7.974260216069281,1
6.584518346584255,1
8.505817290942419,1
8.672942009598025,1
7.083629767150348,1
8.37013328363672,1
6.974714616692836,1
6.801407717603004,1
6.186113782151843,1
7.527166395576412,1
1.586051052930737,0
8.808707591989284,1
8.71843527745232,0
0.29247283034559146,0
8.258167505647627,1
1.288698674734452,0
3.351188542591419,1
7.435082562916078,1
1.607598960483082,0
8.179670241190621,1
8.32134177957742,1
5.074677337608362,1
0.0638587171683358,0
2.870381331749128,0
6.169269183757422,0
9.811861780274235,1
6.3181352701666835,1
2.5980358106415977,0
6.340057030996114,0
5.3998537971585545,1
7.798453951511436,1
1.069806388269584,0
7.61027902502028,1
5.412665786761103,1
9.629920038589946,1
3.418721660386861,1
6.326218931339481,1
9.320281055100175,1
1.0250972799067926,0
9.372284872364512,1
6.878857223008134,1
0.678370591051719,0
3.0096356694681625,0
7.081720886452816,1
0.673506014687717,0
5.8217046017627325,1
3.4588305695295674,0
6.209155177674771,1
0.4574203381251285,0
8.715368061523762,1
9.734889691773969,1
9.688778552856915,1
7.496518317429247,1
1.3008624013063197,0
7.582631959290226,1
0.2458691645880151,0
0.22123551528997254,0
3.2361021914954122,0
4.886431904046658,1
7.704074178077932,1
6.832953766065052,1
4.459027063767484,0
2.736266662816659,0
9.971245001577111,1
4.261813022359729,1
4.513870243296755,1
1.6362382119166918,0
7.948095487499294,1
6.936822257814886,1
2.207696127887604,0
0.823810456158427,0
6.804993020747131,0
6.545112142811353,1
2.7325952699820935,1
9.508635622504103,1
1.5105789178090023,0
4.323348010426019,0
9.436159201675988,1
4.197273169261223,1
6.385259476640855,0
3.9759439796279428,0
2.7421520234867005,0
9.839776479598282,1
4.09334006315043,0
8.940992036791345,1
2.299546058910862,0
2.131047040250833,0
0.3113408288451136,0
6.5166682537588505,1
3.6852634372376114,0
8.64358249839637,1
4.732099066915572,1
9.681934279147217,1
1.8552551570312115,0
8.686231679556109,1
7.765968527917417,1
7.70921844644052,1
8.447832281168877,1
7.610239909429989,1
6.262203216314154,0
1.3124487768238757,1
0.32526179491251916,0
9.208478478156868,1
6.166503145207381,1
7.965372909761763,1
4.815223515125501,1
1.1730818896239448,0
1.2518579220255044,0
6.855652872289713,1
4.303058948994627,1
2.005247267003367,0
4.915945467414369,1
0.6420893707513409,0
5.819714019143988,0
2.6899340443509767,0
7.975591006371881,1
3.1036195892357377,1
4.552201490818012,0
0.11620539908100636,0
0.7244688779455888,0
3.924935564066848,0
4.799388347171235,0
6.000205481193037,0
2.9166257870930323,0
6.949818861265426,1
8.601223971892045,1
7.7985098889334985,1
0.39618825348357145,0
4.805069472578289,1
1.0493017841817487,0
2.4204501586252745,0
9.866625932671464,1
1.4249554290151323,0
4.988881534513561,1
6.181557343181191,1
7.024649705441039,1
5.5964868348691414,1
0.09770847419183659,0
3.2646130824399187,0
5.1771164338471145,0
0.8786649914483335,0
3.5062693120918076,0
0.33203108791366565,0
0.7857849715502074,0
3.9692327620159604,1
1.3271575404306035,0
5.675408482615581,1
6.894649691372657,1
8.005866991090828,1
2.0015024424481007,0
1.6748258225906976,0
1.0456784033440025,0
6.364302495436367,1
7.064757264869011,1
0.3158614482564204,0
9.362122462436899,1
0.5197128365147241,0
5.412963353010705,1
7.090605194509164,1
8.709691237460856,1
7.140869321324278,1
8.017280830697919,1
3.3945019254280604,1
8.148251137465122,1
0.8011484638467514,0
8.948166560605276,1
5.475923761537363,0
8.172977699624937,1
4.523182845183001,1
6.4357769519652495,1
5.264026609361132,1
7.315895217553319,1
0.8162998203058958,0
0.603520839905638,0
2.4710323401014644,0
1.5954468011318834,0
8.717835665922017,1
2.192139873580443,1
9.758652558191313,1
3.3689579177110685,0
1.8211791568869928,1
7.896985071424791,1
6.587077755008761,1
4.98195716453139,0
5.553635509376313,1
7.192017782722639,1
2.2845474133129873,0
9.963339160567418,1
9.747931621467831,1
6.503256863469369,1
1.9954245092914513,0
6.802282424312914,1
0.7219840897917584,0
0.30652502205806065,0
2.576828885112137,0
4.626229567393163,1
8.682725054083805,1
7.271690697663081,1
7.42706521199981,1
4.2549333444807536,0
3.4593499254696294,1
3.7103876298460268,1
9.876495637360579,1
0.4010919141248248,0
8.670314961224486,1
5.786754085723934,1
4.386154191895905,0
7.252576604151365,1
4.866689414247029,1
8.734232380816605,1
9.007018640112586,1
4.217209268734554,1
2.768277972350516,0
5.923503285933622,0
9.12363345616691,1
2.106621890056666,0
6.229665835634828,1
6.3156022009252055,1
7.33113022415281,1
1.315676851272598,0
7.158249646820885,1
9.09032520665641,1
1.7968310887024197,0
2.3754332492387764,0
9.713950940416396,1
1.8097695270948977,0
8.543850933695792,1
4.922778564480348,1
2.4723107440317706,0
8.707499012725114,1
4.453052550026655,1
5.148173539296902,1
3.5923336939976567,1
5.9295085143492745,0
1.6352387258502277,0
3.910815366517607,1
9.694123223352875,1
2.5813343270112754,0
6.567366645412922,1
3.251900642246949,0
7.734731256866007,1
1.3087366071834983,0
9.698210450785448,1
4.5378954138363925,1
2.3605046334646396,0
0.7349674733001266,0
1.6975790508754074,0
5.197739485560176,0
3.3700317643128628,1
8.288833658826094,1
4.308875236618059,0
2.487142725876299,0
6.171449866040301,1
7.067772168854458,1
1.6704190790094986,0
1.6761921628831766,0
0.3667142693354297,0
7.364020150656405,1
6.638045276218051,1
4.746308757498139,0
8.441704489691972,1
8.056701529500533,1
5.853543643967521,0
8.682712805132587,1
2.0584121003676827,1
1.1191961939772788,0
2.697496115169896,0
0.5708685608931485,0
5.31169528001032,1
9.366056922949614,1
0.39343540668509647,0
1.221099140100268,1
4.521990282834353,1
9.33875017527905,1
3.161561049767505,1
5.072348086883924,1
0.41572859050392097,0
1.4834320096208886,0
9.86630122958847,1
9.651186964360456,1
0.04939980934409616,0
9.51811785423239,1
6.391199378155004,1
8.679182945200221,1
4.547398556338591,0
5.155960285792503,0
4.888465802569202,1
6.668642575461043,1
1.396512547563129,0
0.2997358987267795,0
3.079299415911909,0
7.0468076273664675,1
2.0185345212294834,0
6.734324333249173,1
9.699120461072704,1
0.9390071578941839,0
6.726021182251262,1
4.437502193045711,1
8.681422543775053,1
1.771497894473859,0
6.926259522261645,1
8.381152896481103,1
9.446142194740233,1
6.832480282896459,1
4.971747640084273,0
6.178472402012138,1
8.689049844787181,1
5.706097466388297,1
0.3038705969683686,0
9.309486955069778,1
6.895267510315612,1
6.765133857772465,1
2.1567515239771717,0
6.5888547023265716,1
3.938644056541585,1
6.512329770414921,1
1.0659303030799072,0
6.5784530460303605,1
9.994137257706665,1
0.4821203886055603,0
9.771741842213173,1
4.069079607228706,1
8.707534503372592,1
7.823854840582735,1
5.6701626098666775,1
7.384492092513265,1
8.78515561301348,1
4.0414032165103295,0
3.270331615632387,0
6.675933855635847,1
8.078459419412585,1
7.622851347766158,1
7.978136488586345,1
4.35583314812933,1
8.178342161750216,1
1.2020905537060844,0
5.444890979608496,1
0.057586604981215705,0
3.2458582990027027,1
3.664615348713979,1
3.961726916092554,1
6.954672066898622,1
3.885581012703457,1
4.486936226225307,1
2.375441308743275,0
3.732517916293401,1
2.2726962726315145,0
0.7319592376844364,0
6.034485933813779,1
6.682127985550163,1
6.194903460096145,1
4.6349404380057235,0
3.797857801792298,0
8.633336495718252,1
5.190817851362181,1
4.79181877629731,1
0.2564206580643569,0
3.4124782762615635,0
3.8019561878585706,1
3.988227808969005,0
5.801723692273323,0
5.336025467268785,1
6.079050927934446,1
7.6488326154212825,1
8.129857387160936,1
7.181230762264944,1
9.555236959549347,1
0.1823258267636163,0
1.957779856835461,0
0.0756287497814212,0
6.47474714154603,1
8.98030548949987,1
2.4348229657629927,0
9.270345447963066,1
0.6026739028956085,0
9.344360268055143,1
3.516226872396344,0
1.0142082844921652,0
4.858717591863257,1
2.567765677205079,0
2.8487290196192285,0
3.0728996492628657,1
8.030258978326634,1
5.391612766752544,1
3.1130769915600363,0
6.103337833109183,1
7.161506742231936,1
2.7262400073353374,1
4.135491015253515,1
1.2188609333694755,0
1.8114934953468032,0
6.811178539649828,1
1.8143834769562694,0
5.251633836670601,0
7.090462617224327,1
1.0687692309474384,0
5.673122196289036,0
2.5656278370136376,0
9.629268752375799,1
4.835456467199247,0
8.059925497751582,1
5.502265421562617,1
0.43412532854819164,0
6.3315137559402235,1
9.51403342206657,1
6.016118201463312,1
8.191888594267901,1
8.842064633484078,1
2.2807977194893247,0
2.1204483990822665,0
6.1098098885099175,1
4.110284698067047,1
8.398613028667203,1
9.000231233980111,1
3.534213793027181,1
2.3687055897448204,0
7.805255152438618,1
2.748060355481361,0
8.226143185136785,1
4.237382536487628,0
6.675498992914704,1
0.9553531383466818,0
6.23859324676573,1
4.517676787372292,0
5.866084631754741,1
1.6801420774486342,0
7.368737449441821,1
8.627970775432285,1
2.1673980009077565,1
0.9571455552016173,0
0.23638586046336396,0
6.4197150044326605,1
6.070940360887808,1
5.4669741271407,1
2.3194709611597544,1
3.9090599590551465,1
5.944763351861731,1
4.967668588591694,1
9.877855202148872,1
1.3643975255673313,0
6.951445540475937,1
4.043187681042921,0
4.281996149256147,0
7.175977656581763,1
6.924361513243697,1
9.912559937021882,1
1.2839428945412523,0
1.0410964938416634,0
7.243388171287411,1
5.783869170064091,0
2.7416066655980584,1
0.794193689889866,1
0.8565824959643054,1
8.941908746641182,1
1.918673247187429,1
3.2337156211552074,1
2.26656402226988,0
3.5499630583193733,0
0.6942384274609337,0
5.190597909082704,0
0.676125635922149,0
8.003565078223616,1
2.3371208191043302,0
5.400119146045106,1
8.800790875614583,1
6.5087736904719415,1
5.329577865513353,1
3.243337531153756,1
3.330019130581979,1
6.694869551981901,1
9.941393612211675,1
6.618391898493786,1
5.577834173700249,1
7.306505102392461,1
4.652056122837181,1
0.6014234260078521,0
5.6229681587790985,0
9.576252845053801,1
1.7530294235765964,0
6.900048908206657,1
2.0093368865905648,0
5.3582768447308124,0
0.9667644964671962,0
4.503709362581851,0
7.561633288952461,1
3.4757152423898208,1
6.64911724487218,1
7.954499607897292,1
9.271778194794527,1
2.3464208185545354,0
3.993159158093081,0
1.5241601333041743,0
9.924835021583752,1
9.270009679242953,1
5.399571302805596,0
8.420332943764212,1
5.209579772720422,1
6.2358568800275975,1
0.8912443211601662,0
7.552704204968079,0
1.2771348363523483,0
8.260676302525283,1
7.820280876703859,1
7.087446977429765,1
0.36160380524762115,0
3.031283559453286,0
2.631125699108429,0
3.6013640747151907,0
0.8764274676383854,0
9.369578230310628,1
5.538022407123763,1
3.0552431065802352,0
3.969815170742834,1
4.472025405048356,0
6.005943333606173,1
5.156794276964978,1
9.193919732144174,1
4.969634829058302,0
9.921580148233126,1
8.514249577450958,1
2.085105143573358,1
9.305952146439163,1
1.163663978854761,0
8.174497084911916,1
3.806232934765801,0
8.779743204450694,1
8.680566901074503,1
8.059254001176212,1
7.900304363070614,1
3.046791390980408,1
0.8091928305125218,0
4.029801787651614,1
1.7352451498650867,0
6.9495108890246176,1
3.4609972653778556,1
9.756102008599148,1
6.40972077345332,1
8.224805636343609,1
1.3252467274184843,0
8.620144822726225,1
9.227571905133944,1
4.870619188189359,0
6.062529377509774,1
7.648098009029955,1
1.7483862726041255,1
5.0256607646344245,0
3.986630277723131,0
1.4637399216224911,0
3.6753442229153146,0
0.6817230938549357,1
0.25811906949486985,0
1.3516628915482276,0
9.631151115891738,1
5.49529535895017,0
9.6582216115322,1
4.32497878330132,0
3.1181613308525957,1
5.061418628402441,1
4.3951168863291015,0
1.0566468426174391,0
6.408263146902062,1
2.160381825095996,0
6.195879548978295,1
6.502010923981533,1
1.520248531286481,0
0.6134962711066816,0
7.807615860684399,1
4.5980042376932015,1
0.5816379550547579,0
9.948663171697671,1
0.5778056099636664,0
6.950352288585532,1
9.836789252634135,1
2.391801042159256,0
1.4224936868719618,0
1.213849394224289,0
3.0327514756759557,0
1.010458110106467,0
6.9216134169413195,1
0.6229179813006269,0
5.094221281497897,1
9.966968538529768,1
8.139702695060189,1
6.152194382310109,1
3.062536207866117,1
6.238958362916385,0
5.270414639116517,1
4.260833838903714,0
1.3071037674019947,0
8.866042152404667,1
4.497846488213225,1
1.9462251182076507,0
3.677593508772896,0
4.1412975252892705,1
8.275378955668742,1
7.336143805614021,1
7.693048936413398,1
0.11031264428647214,0
4.161539981797615,1
4.813441516353237,0
0.19192276823056686,0
2.598132087450342,0
7.60289823122135,1
1.3710970572899905,0
5.353101314525917,1
2.152018720172375,0
0.12120774643893273,0
2.412014575995415,0
9.758737549100537,1
8.015371118829895,1
9.595766443210334,1
4.878540439263625,0
1.097361986775035,0
5.47959488973693,1
4.543773345599609,0
8.44357082739616,1
0.9808258078424459,0
4.882411370217782,1
1.5004866469398426,0
3.2467592689005995,1
7.373570773877996,0
4.7601812936876655,0
3.7588828514576935,0
3.944762785700353,0
4.594467684059866,1
7.850165438370569,0
8.920846889402345,1
9.553346865039282,1
7.869033862552951,1
3.1540689574801273,0
6.881347060865421,0
4.376031240553919,1
2.5467062204605115,0
8.408715794259226,1
0.38426348962324997,0
9.017619921354235,1
4.614774646247342,0
6.3720147680828045,0
6.593539222057827,1
8.951177407065364,1
6.366696821672074,1
6.139335847600618,1
0.6665204056068996,0
5.18408021945204,1
1.5016900081704165,0
7.374337687214856,1
5.122219208126745,1
6.802277792083533,1
0.41672900602384266,0
0.8479201604580322,0
7.163233880626823,1
0.7208433599867337,0
0.712567277652586,0
0.1210847523488745,0
9.5650139829948,1
7.37508359459007,1
3.5325140850206416,0
2.9653558128765525,1
3.4970322974584955,0
7.746535311811819,1
6.613706110704144,1
1.8519556786746794,0
1.7410933533408435,0
0.9839564971339732,0
6.603027197013382,1
7.643726622217359,1
2.6504642832500402,0
0.20944961030912812,0
0.8217166747642735,0
9.678600348450304,1
2.9544477747742026,0
7.692231478381336,1
6.2466356885426375,0
3.8193963965289592,1
2.0568726219555513,0
1.2138641815940643,0
6.150129680388666,1
7.74633780637788,1
6.439042535411307,1
5.303021332491583,1
0.41951223431636264,0
9.684887775943839,1
7.987141916545745,1
2.928220367009647,0
9.799703293588507,1
6.018815896363221,1
5.824226582072464,1
7.4807317942953215,0
8.117697880901375,1
6.564786073315027,0
1.2809574636620003,0
3.382675059944984,0
9.280836403260498,1
2.2461561184385195,0
3.7216702383751334,0
4.32076882944196,0
4.394049896944522,1
6.129395824945255,1
9.430758377447075,1
2.40692711832505,1
1.2150137630091806,0
1.9747048985993731,0
8.869249002092696,1
6.458108126552061,1
2.859067892391601,0
8.159469389686173,1
8.61369996363436,1
8.465143386902781,1
9.189265336395545,1
2.522410201733616,1
7.550419287462783,1
4.6053949727414,0
8.419985528900614,1
7.284906771616132,1
7.764474464997246,1
6.561618376810715,1
1.7742876946970687,0
5.450269188969383,0
9.846697395245082,1
9.373880664971189,1
0.4317373579701167,0
1.6481481572943713,0
1.317287734545619,0
7.259799099852955,1
8.17785329856945,1
2.1351136631067194,0
5.05852692951829,1
8.407030280112,1
7.328015447662506,1
5.422372054918483,1
5.903476904587729,1
5.0836054691628,0
2.9754845131882055,1
5.650219928590161,1
6.888853020500907,1
8.733229158608077,1
6.362913539792481,0
7.61121537043158,1
1.60071634954573,0
4.6155747441978985,1
0.09331619827093296,0
2.46678864521623,0
7.264617151130048,1
9.918099513493635,1
0.9917809958721591,0
4.0149431586128825,1
8.000709686991595,0
2.0403563462889887,0
5.550849493022863,1
7.330712960296748,1
6.159854502601791,1
1.8802473461541613,0
3.553845686857394,0
7.837917844853973,1
5.542265141320167,1
0.052296135429127366,0
7.6099076002809385,1
0.3531135494023907,0
7.457337827312322,1
2.024805601652374,0
9.580734801193802,1
3.679407513020845,0
3.269316163380791,0
1.4888805033244468,0
3.0560421549021486,0
8.766507618282006,1
9.963343376272473,1
3.683095305068483,0
4.486106309545425,0
7.220709382027371,1
8.861957804650745,1
5.930443341867841,0
3.9152569817782936,1
4.126218408486237,1
6.956181464968068,1
0.032182636042786816,0
6.195893374598407,1
3.554930104413574,0
7.941973312770843,1
0.9299063982313216,0
5.882022669483905,1
4.809728898861238,0
6.423255259052274,1
0.6485359448296835,0
5.799837874281312,1
5.614845879595237,0
5.606600944161709,1
6.034876665964548,1
6.764679372263622,1
8.049889996807698,1
2.6982072012821434,0
8.250494101800621,1
4.982556822634536,0
0.7705827913433116,0
0.585509292439792,0
3.3423831869606078,1
7.8489697711146755,1
7.076809347409157,1
7.886149646724064,1
5.172690564416094,1
4.401989979554905,0
1.4745252670628395,0
3.2819275360931153,0
4.340193661738753,0
0.8860042967961723,0
2.2061195271121123,0
5.982252940637388,1
7.356631142391898,1
9.983475113929497,1
9.331133313435577,1
6.425651995351915,1
4.21248053294072,0
6.361773647082327,1
7.85651618080232,0
1.1833619092338732,0
4.099048896962882,1
8.398022856356173,1
3.83832951933044,1
5.718722712271865,1
5.877693608621982,0
1.8447625313363936,0
3.622354416522884,1
3.3451128874193214,1
0.26196708532064794,0
0.24191763891355245,0
8.316970436757735,1
2.7307080997281243,1
5.180787662388155,0
2.9872557358877305,0
9.406792451153406,1
2.5929675886577375,0
4.296568127389351,1
8.727302504846019,1
8.419335667918087,1
1.8610141784627732,0
8.026433097957105,1
4.581868867378926,1
4.829688720853552,1
1.3347997241594378,0
0.8060151375712465,0
7.279393069737652,1
4.964611523552998,1
4.3685070261517955,1
7.295082286523967,1
7.6551289899110975,1
1.5890816766935356,0
6.102251494776413,1
1.3535408227768553,0
7.513750860290457,1
6.569551562671395,1
9.56614621083458,1
0.6895801635642118,0
0.5705472115125432,0
2.8218707469320012,0
2.6170568373590597,0
2.469787990719998,0
9.062545805210366,1
2.495461998495061,0
2.71949726128631,0
7.593982624179637,1
4.4973984245054,0
7.767105569551812,1
0.6536615756438524,0
4.875711936733843,0
0.3361360018328263,1
0.6265320345535452,0
9.06437453344411,1
1.3924537111759516,0
5.324206822752171,1
4.110956026007066,0
3.4734332625884266,1
8.998333456872725,1
0.218233967754895,0
6.637896861755891,1
9.633944342135504,1
5.60168183461842,1
9.368224620330919,1
0.5225787928602377,0
4.187933190741614,1
2.6015779096205116,0
7.3082096498072975,1
9.812970904972467,1
2.565300624442478,0
6.5417460147407445,0
1.9809763275974013,0
5.653302545716099,1
4.639324866883362,0
9.72005329631537,1
6.085272726964666,0
3.495063720868188,1
1.1409578488793337,0
1.5124682873493456,0
2.2531692995123507,0
2.50966661340298,0
8.506160578411379,1
5.612227882825249,1
5.233909113743664,1
1.1476887186921747,0
8.60139693349435,1
7.228143032084837,1
0.6766836190000158,0
7.078350972297686,1
5.4353821734264605,0
0.8172534574677826,0
4.583006415286564,0
4.8469628713004695,1
1.6577454016327575,0
9.456981470002823,1
8.49975371480662,1
6.690223373291083,1
4.622955610006072,1
4.1176554158450855,0
6.509734671509541,1
5.4543186940690545,1
0.6227310588188562,0
5.125026487703317,1
8.064036172328395,1
4.59239877596958,0
0.5195657755426841,0
7.862781993840331,1
2.013637821359744,0
2.5862083488803878,1
1.647063534322959,1
3.302150648714975,0
7.56751505688635,1
5.193858595039373,0
2.048812741507126,0
8.778300781520409,1
8.795818549515293,1
8.70578425046007,1
2.3879621138153926,0
4.512393441809881,1
9.849896561408752,1
7.7201247630999035,1
0.2716742122555982,0
0.6520459126049205,0
4.639313768123328,1
9.092202058615602,1
5.387017979527142,1
4.9781250803429025,1
1.0547369995663058,0
6.5678010472429404,1
8.221031606002255,1
3.8042000750756233,0
7.756118509253275,1
9.644766539008117,1
2.037664591276891,0
5.233296311947413,1
2.8713795808457556,1
7.9285441903383935,1
5.775933658811575,1
6.345824175503037,1
7.979141596158941,1
3.959704726624549,0
9.150900684070432,1
5.3302886724614,0
1.57954822835348,0
6.958991181688025,1
7.9326135043825445,1
3.1676167706752665,0
8.57179256998753,1
9.061432547657663,1
2.769044873778089,0
9.83521472715222,1
1.4071152804875842,0
2.0201566840249,1
1.8422483923802613,0
8.939897100078705,1
6.542925523249618,0
1.5210428322227287,1
4.40323418368349,0
6.15298025069802,1
0.8346408498938329,1
8.824163684073387,1
8.036035354415352,1
5.052067735766382,1
9.671266152591704,1
4.177609792750997,0
9.841103190364977,1
6.67919998803627,1
6.346712732539414,1
1.65954895295785,1
8.81927758304644,1
4.2748968792061515,1
1.6223340578247936,0
0.1260751997575904,0
5.597556836383825,1
5.2739962212267635,1
7.193536223691586,1
8.902580530178021,1
0.7940658464302952,0
7.314964903403624,1
1.8741194409758222,0
8.581770531571639,1
8.19063513861656,1
5.407937549855443,1
7.102427986233115,1
3.1435011318374837,1
4.7116789893281465,0
8.216368977104716,1
4.592651971732139,1
3.577982653254418,0
4.942124472502999,0
8.282492524372184,1
3.3520804737087273,0
1.737615931357438,0
7.120140203307807,0
8.259782127080818,1
1.0063747852353333,1
2.3987411275594472,0
1.419719897609939,0
3.4794141158216663,0
4.503509789054126,1
7.4882633696330645,1
6.511475848816741,1
6.2092856747843115,1
3.523749466096544,0
8.4144755308476,1
4.712871673981645,1
9.791049380151545,1
6.3414213829573685,1
1.2626474156450274,0
6.7617756207543405,1
3.25104015431699,0
6.8632719668609745,1
0.6964114816240574,0
1.7488143717595939,0
8.557372589057863,1
2.271795570235149,0
8.3704112524294,1
2.792760884544104,0
6.428819100587076,1
6.9415057350983105,1
5.126547531450529,1
3.053106766967313,1
2.126443763710961,0
0.3318935456242622,0
3.039464012407238,1
6.53162790531283,1
9.383048184484826,1
8.71204482263052,1
7.660647765353026,1
7.884473432532987,1
6.649849034759953,1
2.60286857566003,0
9.071950307058298,1
6.707323119058341,1
5.6044063098044,1
1.1098946921348107,0
4.470555438064254,0
4.6035827120192625,1
8.645636095226699,1
5.466482201877884,1
3.8040054897040965,0
9.768003285106593,1
1.1072059332631567,0
4.225484283119446,1
0.4202467517140529,0
7.3990412076693035,1
9.180765521991507,1
2.8003732955048943,0
8.583416767991208,1
2.9221823046189774,0
9.107701616439153,1
7.5396190359678394,1
8.049067768414385,1
0.180065556004545,0
9.62810357074026,1
7.266709920703232,1
3.047510953861333,1
8.29394664858847,1
2.8152119841492995,0
8.727538395661279,1
1.1258039041193701,1
7.036859774607958,1
5.406984766449103,1
0.9653447019544081,0
2.41893828258839,0
0.1240403627731479,0
4.687679654645058,0
3.0126526076000038,1
5.983574842977588,1
2.972378077086172,0
2.9991911150698467,0
7.431931987316034,1
0.4814283597835345,0
9.028949951919872,1
8.522638743911815,1
6.678046832264065,1
5.932215701073843,1
8.923024981396523,1
1.8533017952871444,1
0.7896916219082861,0
2.395101699095381,0
7.945782787001903,1
0.34670266726483323,0
5.828068350834896,0
9.954375161913099,1
8.556960938375394,1
5.214456890435894,1
0.6364090928664234,0
8.313735143857098,1
5.989785081772105,1
1.1493299705956683,0
0.938572848233562,0
9.096268194365924,1
6.692002629380784,1
8.292867993167555,1
8.789789002822673,1
5.717723520483222,1
5.174463517550413,0
4.304274103209902,1
3.169465877911193,0
4.345959608587117,0
7.738796557301564,1
6.019234310151315,1
8.925232899548462,1
4.433800143791878,1
6.07089578718754,1
6.313075530919887,1
5.916971623063255,1
7.026337730855163,1
2.374334683748063,0
5.123637775457906,1
1.0422480280834767,0
3.8451132764481253,1
4.876670686212644,1
6.522242595454725,0
9.505310525862035,1
6.0065106654835585,1
7.435939161765598,1
5.062660594952027,0
6.341040313763314,1
0.7093221613377343,0
2.54391580841847,0
3.618530932051387,0
4.724933550065136,0
0.45648745502383736,0
1.4002409755331768,0
2.7681430779130576,1
9.715326909010507,1
3.3134700710305074,1
4.820410581120825,0
1.9609771273839294,0
6.107800710757683,1
2.806832155159743,1
2.0699257843842678,0
5.16572628445979,1
0.05505799160420821,0
0.07664032649225327,0
2.1906880910185778,0
0.3672136250082114,0
1.0802575413069138,0
3.388606493387516,1
8.025856795798129,1
5.720486433693008,1
5.126677259564164,1
2.9348882320812164,0
9.317537194328164,1
3.9701504123719165,0
0.8709276679577149,0
6.170665161178013,1
1.138383934766014,1
3.452231428016921,1
5.074119387178088,1
8.742225246851758,1
4.935465803401186,1
7.022587660316643,1
9.928168389990704,1
1.3148911989798162,0
2.747315255195195,0
3.945760755976464,0
4.218281785388314,0
4.110210752655457,1
9.07611002556555,1
7.140326444668564,0
6.079052140907038,1
3.093727178627821,0
8.237903842212948,1
9.550605114849889,1
8.211982825502265,1
0.01565105191472904,0
6.36401370183407,1
0.5113538144210072,0
2.5760722033372185,1
0.5952470034777169,0
6.037954529493877,1
6.865899134926067,1
1.1448763806590512,1
3.838388830449795,1
4.562365089555421,0
3.690530217609166,0
1.2102500048519305,0
4.1894779018747546,0
7.511780478084181,1
0.7100766453325547,0
0.8018001408190345,0
3.547712918359842,1
9.417257116189251,1
6.6857264672291405,1
6.786699566725648,1
3.6191999083786497,0
5.9366079120853845,1
0.10131184027743378,0
6.360960464095422,1
9.132869475762368,1
6.125734683448192,0
8.736985934663451,1
7.239730554660938,1
1.2055841640369025,0
9.024533072858418,1
0.6644384435577488,0
5.3396747254776376,0
1.4213712379345766,0
0.11706610730904066,0
4.22034260127639,0
2.9504070765415626,1
4.86000493797603,0
5.771998867345508,1
0.4373907230894736,0
1.2300329512374564,0
5.586423964504253,1
3.4316735317265823,1
7.29173487549448,1
6.522916485919397,1
8.456043629899067,1
6.924928266692253,1
4.299310773901482,0
6.729666223944324,1
2.753811742554185,1
3.063134987782127,0
7.889851599207933,1
4.4641951640158215,0
7.983803405183525,1
8.224223736682784,1
8.575623376612837,1
9.166352358412073,1
4.309852205132962,0
3.188668183211388,0
5.821987465941138,1
3.711724234376276,1
6.010741668002329,1
7.055858626438246,1
6.884050184921369,1
3.7455288702012135,0
1.6686020169875282,0
4.305293384622075,1
1.4259414408190874,0
8.900970351838083,1
3.458774607378574,0
1.5445974722332378,0
0.2544775990575088,0
6.458223862864843,0
6.369023174547433,1
3.406041665812917,0
0.7171188884765101,0
4.096288948952321,0
3.1121749506339356,0
6.7712063973500936,1
6.057792494526904,1
3.6459372819754,1
2.178925542549901,0
9.880359661555918,1
4.540016211961149,1
6.88274235780237,1
1.4055296757836078,0
4.855896996593978,0
0.27536719869465487,0
5.054551179104499,0
9.640174071177023,1
3.8420671298580023,1
0.38996012574911587,0
0.3095579091934353,0
3.879867599468695,0
1.6002493646319405,0
0.23352096328185912,0
7.562136139501768,1
4.585230088818907,1
2.8924477197265452,0
9.000831830164808,1
1.161389602005256,0
9.559188289553193,1
3.139667173773528,0
8.884036723086812,1
6.029428764794615,1
8.267073597414875,1
9.840131632104644,1
2.8840543781874572,0
9.61135485407593,1
3.8948189490242036,1
3.8551190473692234,1
3.403871042545057,1
5.414076073475852,1
1.541450431784871,0
5.537114853580112,1
5.41704812410004,1
7.6190181260487,1
8.336499619375855,1
4.404413503124241,0
3.0233324935149373,0
2.5933489731709445,0
1.9462383670487193,0
0.5764758219902488,1
3.424479788347133,1
2.7024769213078326,0
9.664173858664073,1
5.577088262500439,1
3.4727703903050755,1
5.80467600993696,1
1.391967013456955,0
4.4404374920220295,1
6.262343214210638,0
4.888978317924514,1
4.017788006543243,0
9.938483888996982,1
8.80314762148927,1
6.234059581594401,1
5.693773611822827,1
6.2066047982458405,0
2.0131210782243327,0
3.951377432643186,1
0.3945953289089932,0
4.7554603748682664,1
5.4302458395766315,1
2.277497361032096,0
9.640288471655138,1
9.09454610937242,1
7.221432354559059,1
5.333866287653626,0
8.69969159647685,1
1.3065234382346291,0
7.90509794274885,1
1.248208139668483,0
7.942106625494054,1
2.7576756825135695,0
8.770905810181889,1
9.440420938253979,1
1.4879596940511564,0
4.626756050653935,0
9.809873781626852,1
4.834074359731466,0
8.635475225145452,1
5.887315221313198,1
3.753299079196019,1
2.857835555258702,0
2.0322309108608727,0
7.617981913776973,1
3.8654050682302787,1
5.112754622007511,1
4.9232548000118195,1
5.772790292331313,0
8.655771456245523,1
9.807393435834294,1
4.075842085738169,1
8.27518922106303,1
7.645277946547177,1
5.735289514555733,1
9.56047143611933,1
2.004745155284028,0
1.0926421030962141,0
8.539619669554222,1
4.391498166337483,0
8.469688542070605,1
8.930902051954149,1
0.6245759361907144,0
8.834647629860607,1
4.483190553694222,0
5.104324890042323,0
6.265925110932102,1
9.263826067300867,1
0.1911609442976403,0
4.768434683178171,0
6.877220424305607,1
7.227069576982284,1
6.92532431537108,1
1.3443512940812186,0
2.9939558837168123,0
3.587155254170135,0
8.04437207679505,1
2.7875987241455302,0
2.1070496386720317,0
9.574480190380962,1
0.088632851134689,0
9.978208556819782,1
6.768212988573956,1
8.28469299449117,1
2.9461939634619316,1
0.14315277667059978,0
7.3786951856153005,1
8.341445970006758,1
7.404761319535192,1
1.428502873008386,0
7.53427922256969,1
7.689227821076409,1
6.585405156700549,1
7.661159327955862,1
8.459214396777321,1
6.136041142374584,1
0.8860471396967906,0
4.876278096672109,0
0.7764933467160506,0
4.075430310324308,1
4.071064891256277,0
0.6600984414024158,0
3.488205339694793,0
1.1099809879131484,0
8.082352100092221,1
9.476880259644707,1
0.7231647525793861,0
9.551152072917015,1
5.225765993367451,1
2.9956567795387388,0
0.7686207527616351,0
5.006242680704178,1
7.945155444907487,1
7.070864772666981,1
0.5022601146397376,0
0.7290183536790351,0
4.028732826326371,0
2.9529049404794327,1
2.3238432305604784,0
2.810044989087136,0
8.034827432968846,1
9.29228053631854,1
4.051026945275664,1
9.061110021324971,1
3.21495701247882,0
4.764369863437916,1
2.260289978159997,0
6.404760421758439,1
9.78981115174809,1
6.034930960433787,1
3.5781408411354887,0
6.478174459905284,1
1.2292067846538757,0
8.886590802653986,1
5.030839507798364,1
4.49349742039642,0
5.858647884535192,1
6.2478386278940246,1
0.7177580622651303,0
6.826172212234024,1
2.419316803155296,0
7.139526325065898,0
8.225347943841967,1
8.039585075525203,0
5.525009674078891,1
5.201698923107512,1
1.4287596133941172,0
7.753461504031356,1
2.7140938044671437,1
4.966954228179466,0
2.842740929275167,0
1.3382836299969314,0
6.2955769689173655,1
0.5433203482290383,1
7.486452341262,1
3.1758679526111666,1
0.0013469300448532007,0
5.111291392372298,0
0.46851908527603126,0
2.761695578208995,1
7.069764874557162,1
0.6268962162186587,0
8.393384923560024,1
0.03819922658583108,0
2.4682386920190225,0
7.409040561520714,1
3.162701497293068,0
1.0189238806601353,0
3.6023391880042785,1
2.7039328638452553,0
8.427119021605549,1
3.1334791758514315,0
7.889324717760072,1
8.918721448107348,1
4.338174195765295,1
9.09943143854392,1
3.7731805396319285,0
9.640784164901081,1
0.8928952452557293,0
6.870192665032428,1
4.938140404569287,1
3.8764880545564706,0
6.327118787486009,1
7.038570916343312,1
0.04363269650309087,1
1.6695308874719872,1
7.130460506343187,1
6.663854135782064,1
9.660475051286772,1
7.61037790250783,1
9.50772707731338,1
7.02540501534807,1
2.9805220863944317,0
1.0536492225085647,0
7.818238633449356,1
6.441492214759159,1
0.4818601239329623,0
3.6005046590097836,0
9.567998154842861,1
5.0040114571020125,1
4.327291360197046,0
4.57699605159294,1
2.0888272400516374,0
3.6870717086479523,0
3.698132559871766,0
0.523550201874724,0
7.675676285179183,1
4.16504431903879,1
8.221798868164234,1
8.503480011198954,1
2.1199405469865806,0
6.573534821701285,1
4.722818041629817,0
8.80156737921485,1
2.157406791764541,0
6.778132003100442,1
6.077521222527226,1
2.953014775718328,0
1.3660090365117261,0
6.516397604772766,1
7.385974581323307,1
3.1562734376334998,0
6.448326040223138,0
3.9513090761150327,1
7.132068832826177,1
1.992152748940531,0
8.902150026361744,1
2.8740959646557975,0
3.677859877561529,0
0.5809195208034978,0
1.115122123212764,0
5.158619027123281,0
2.675926767279715,1
8.354802257421944,1
0.14693388654953843,0
3.7909404867193617,0
3.3734554676909267,0
0.19327630917601035,0
1.2436839900051022,0
4.136426749186352,1
4.928645844474467,1
4.042897472548691,1
5.309376784120938,1
5.951316749056815,0
0.0992382112783563,0
4.640951594535039,0
9.634992408875883,1
5.190322801295487,0
6.775422674589532,1
3.118638579168832,1
7.739913781527625,1
7.729214818761151,1
5.212960476541389,1
9.760138232792135,1
1.2555021476265338,0
0.16947664889580993,1
7.701582117570959,1
8.071555373648826,1
1.2020722912057624,0
2.6558283295860607,0
0.1755236336662891,0
2.933086107805647,0
7.731418739186715,1
5.179605277125789,1
3.480955931682881,1
3.717392949063303,1
0.013536257154681541,0
2.9980052756523587,0
6.464587416379305,1
9.741944438163571,1
8.470608269838994,1
0.23594964645529126,0
8.985606046748394,1
7.83198413298626,1
7.803761235709804,1
4.579957590035715,1
3.980052929545028,1
3.029157288331926,1
0.6569485895436578,0
2.282353634936991,0
2.4660363497802464,0
4.840770697102016,1
7.4744440659669396,1
4.7380982839794665,1
0.5784444944716061,0
9.57789800988204,1
9.427243190941123,1
7.851895431484084,1
9.913279015642205,1
5.444823328002629,1
9.627683502532062,1
0.7560504061675077,0
3.656807482613713,1
2.253812680067658,0
1.9583308413427003,0
1.4080294889267608,0
6.224136415659967,1
7.813218557473051,1
5.782983994203606,0
1.4696270958820967,0
8.111237699334708,1
6.359547071637285,1
3.881657061269955,1
6.74130295536063,1
2.5990497924283282,1
3.451922084942105,1
9.174858431319903,1
2.905045056714204,0
4.699882681579366,0
8.901411373960146,1
7.077213502675274,1
0.6220322616470275,0
1.4730304427897034,0
0.07841590771916818,0
6.309217902291634,1
4.4767342541041835,0
1.3427485090227553,1
9.579341210567705,1
5.296597239456199,1
2.418932941128892,0
5.006035711547075,1
6.796203327351078,1
0.7623921797356448,0
2.74703815047892,0
8.069654908839937,1
4.596648704026612,1
5.465771420322949,0
4.328160022094693,0
0.4389994264300512,0
1.6574977982015593,0
4.455416387418909,0
2.0918546540792784,0
0.49979028659678737,0
8.436496640518238,1
9.811925291641158,1
7.931428739967394,1
8.53784921704667,1
2.419771303170454,0
9.606269755131997,1
1.9692570445342839,1
9.514298103618323,1
9.94819293965951,1
7.117228057460487,1
9.81143731791822,1
5.695397795671036,1
2.595417831760903,0
4.369958856656209,0
5.93560935378786,0
0.7308156202701499,0
6.223432646172461,1
9.811778367622946,1
1.9010764978372763,0
7.925951162883833,1
9.078987937796194,1
9.437015928202207,1
9.601356044054473,1
5.214596387214719,0
9.773079079915037,1
7.573102071344389,1
1.616714362369619,0
4.7690010646797,1
7.18331175372004,1
2.473403158190833,0
6.406151835488874,1
6.666004790466192,1
1.6269974380856589,0
5.650853124527563,1
7.716269109786077,1
4.988956645359419,1
0.12103116776107425,0
0.09038469079292177,0
3.570293439700122,1
9.26194068431782,1
2.286767796036088,0
6.343636888716872,1
2.2207587069332058,0
3.216699896595486,0
8.48042089601484,1
7.288614422699469,1
0.9539927731321063,0
4.287020209864336,1
0.2916976364526447,0
4.80890146603009,0
6.62434011701068,1
1.1850262359815156,0
2.8888493890916567,0
3.9783662550215695,0
9.195310246560497,1
9.93255015422964,1
0.44911298995615856,0
7.61007923495392,1
3.717240664023432,0
3.9245818622948003,1
7.542649733470227,1
9.184264321454087,1
9.509285945025484,1
5.771225860383208,0
3.571211593005028,0
7.875490858587792,1
2.5100138326230024,0
5.640740288335177,1
3.5857846152487314,0
6.566310737078761,1
2.403989128935069,0
1.9159294573482577,0
9.182390866754371,1
1.018036829495369,0
5.059579077349317,0
2.208527829630089,0
0.3892996332566745,0
0.3601881829142639,0
1.7522177210582734,0
8.667703545060002,1
2.8247874397702666,0
9.504591705752958,1
5.816222929891936,1
4.366141897687661,1
5.800888346694546,1
5.166983852262677,0
7.587762537573251,1
2.8249606597285224,1
3.530503916003024,0
8.940943025332507,1
9.464565131504054,1
8.925582274864745,1
4.194479939573136,0
7.803655030068817,1
4.763357333010988,1
4.975398521461022,1
2.0468010905728393,0
5.911303032585165,1
1.8613589775334793,1
3.3156469906719375,1
8.550302016199351,1
2.0707580921085524,0
0.7115828517343281,0
0.690075926128163,1
9.407845205031078,1
5.069204379618347,1
4.094120718170183,1
8.108785810079183,1
8.35825927910516,1
3.321910331156046,1
6.936180574737953,1
7.711228158518866,1
6.546506868659545,1
1.5159507480009937,0
8.75883083517057,1
5.390945527360087,1
2.8247242637000367,0
4.252281854376939,1
0.3757109039890738,0
1.2786680122241756,0
7.655467505158608,1
0.00011634755366141114,0
4.165658284822921,0
5.225101810855884,1
0.546344200009723,0
9.730781629723328,1
2.261253312496719,1
3.0419871963628085,1
3.0394251225502735,0
2.304166621173499,0
0.01473822086311416,0
7.293447940879964,1
9.668454997992853,1
2.242934832850451,0
6.630471918034225,1
7.418963269587151,0
8.484253790905248,1
4.226291970136091,1
3.0293090564042924,0
3.252951340230311,1
7.126213330985128,1
8.16779466505636,1
1.8161396775660266,0
3.7094100815776523,0
9.0194019674915,1
8.066935196947393,1
9.848584027624758,1
7.542482596820808,1
3.9319520102792227,0
5.906378339946378,1
6.610142542473203,1
0.7845581631712395,0
5.444969591038651,0
7.093208284726096,1
1.6732130400106038,0
7.806317174255572,1
5.8377278051411166,1
9.522217856975946,1
0.42422298206891695,0
2.6532613755546697,0
6.015538792998241,1
2.9655991220593068,0
7.144241640712422,1
7.59005282521931,1
1.0251596406647445,0
5.138544642067677,1
5.088905555910559,1
3.6928077021554104,0
9.32924862569672,1
8.275063198732212,1
6.972093819096368,1
7.143266357349976,1
4.617161438131191,1
9.209945210965758,1
6.945954272532854,1
7.289810616558165,1
8.616909037873452,1
2.74071589342191,0
8.07070903866703,1
1.9524060295649204,0
3.453419522448878,1
3.356104542698427,0
9.785254683891406,1
8.565372237479268,1
7.011698615902597,1
7.270567616153901,1
5.6207279440257105,1
9.47090667108519,1
4.962587528823615,1
3.8051770986989455,0
1.63035336931591,0
7.86205652261058,1
7.344439320755915,1
3.8435503852413486,1
0.2519341395922936,1
8.389973277180108,1
0.11417983454073632,0
7.0369977962905095,1
9.70257109726057,1
4.376613281482035,0
2.349734049959528,0
7.0487101004338175,1
8.171281420155852,1
5.464303160778473,1
9.670352752561461,1
0.516687216579611,0
5.047955983045282,1
7.184539473225501,1
8.626404711491789,1
1.7925561190779005,0
8.000034817636815,1
5.527070757185452,1
3.965536819899632,0
1.3171502857909356,0
8.652957589089125,1
1.5727320817971535,0
3.0978785920909924,1
2.9004553196243688,1
8.714140341908543,1
6.72702994208898,1
7.966813971913723,1
2.50467898792499,0
6.248740996069989,1
5.717459831437487,1
8.32830376788271,1
9.060870604812605,1
0.12156771477386807,0
6.740199190587926,1
0.5183579911972902,0
5.488586650773559,0
2.876327290436782,0
3.067765995221412,0
3.5295850345235658,1
6.212924490496102,1
3.340499656687692,0
7.326990505902804,1
4.045273855738697,1
0.6835320030995862,0
7.837598424841072,1
2.85758324592706,0
4.3276687959926265,1
6.8544388322190155,1
3.32456157148712,0
0.5658565614671562,0
3.739210470128136,1
9.444485826943033,1
6.417343972985582,1
6.71479148667207,1
6.322821536376399,1
1.989921389594368,0
4.183338641022801,1
7.509397983633183,1
1.0137289755315915,0
2.7785277608971226,0
2.763191084658536,0
4.32018927594506,0
9.803687409421851,1
0.6750254668382194,0
5.1870099438059505,0
1.7936468201221045,1
9.706765454097441,1
1.133035047274642,0
4.036010023615912,0
7.378849848346062,1
7.045544280274453,1
4.227286368939323,1
3.4652416795271823,0
3.9761237855287055,0
2.642762631586393,1
2.053329387067998,0
4.8303969755889,1
2.685337560676073,0
2.874616648972501,0
6.56756063474557,1
9.685373316998922,1
6.036372005593751,0
0.7697946706496628,0
0.7558361385406698,0
9.51423220845566,1
2.9729079030733363,0
0.9206698608247543,0
5.990445871503816,1
6.236487782902661,1
6.485048201186881,1
2.674020278575413,0
0.15110684214475034,0
9.650153694544718,1
2.508930456911025,1
6.760262880525475,1
7.0662986987870955,1
6.100074170794857,1
3.129073942136482,0
2.7109625376406576,0
5.976682827027031,1
8.660956336116914,1
9.467337289233956,1
1.0590580440375763,0
1.5482861259771985,0
9.447362587830796,1
7.365352283347926,1
8.829938248297731,1
2.026326341353432,1
5.875858711094018,1
7.011395944174737,1
6.801118854469727,1
4.081516908666981,1
0.15394891691308477,0
5.829260568042631,1
2.5310153917960876,0
4.502542461428903,0
9.575810150838173,1
3.990353176424347,0
8.398016066644267,1
1.8854060574925113,0
6.724604980250288,1
9.770069544389434,1
1.018931008729368,0
0.08319942227192012,0
4.335827926326143,1
0.926254830513672,0
7.483843496762313,1
9.14548663848559,1
4.340209727087588,1
2.5871164215544096,0
4.344033190066098,0
7.2344781785000105,1
0.09054161580370979,0
5.894539894846972,1
6.132916848873791,1
6.376882468959355,1
2.420220799808772,0
7.140527233781268,1
0.9139148633177641,0
1.9927033646680081,1
8.77470046654482,1
7.387231507265664,1
0.1374555401134525,0
2.4837626036980023,0
2.1440648299316454,0
2.7080632803697258,0
2.475597702798864,0
0.6252629574284574,0
4.589405165968204,1
7.327334747861651,1
6.067317247174364,1
6.728716685980798,1
0.8114917853623915,0
9.514907101767871,1
8.384918338430248,1
8.050903184956628,1
8.229838050417674,1
9.327105081327613,1
5.442539661136977,1
2.002820178676259,1
6.167836078525411,1
7.42881493667939,1
7.379173933540254,1
5.214490241668801,1
0.6845871933357806,0
3.7111293843012785,0
9.207666084633573,1
5.84448909757426,1
5.383319432557134,0
2.688535143821935,1
3.684489199165789,0
8.953460891531693,1
6.664630475268357,1
7.873870267523328,1
4.543454230676551,1
6.302472194561579,1
2.483836087432075,0
7.054608302834863,1
4.276013337033373,1
4.4254551481474556,0
6.493223245768816,1
9.362806214689266,1
0.6400634660862092,0
8.247432373470076,1
2.9238311041219314,0
4.439194545063778,0
0.21913328775008956,0
3.0104607783431305,1
5.026312426301304,1
0.5617607734743901,0
4.910957293831651,0
9.271106288584273,1
1.0539321810780522,0
7.644407280755043,1
4.096710533759927,0
6.55173714524338,1
2.6023659798522933,0
1.5949226254135829,0
1.6046261427122643,0
0.7049194564314465,0
1.8564670490124302,0
6.642193849889683,1
8.81690611843508,1
8.141256855911617,1
6.851343098744841,1
1.1043186341110267,0
2.8918744629594983,0
3.0980687532246898,0
2.4995694639762123,0
5.150056597097231,1
5.355538148796725,1
3.568859751711102,1
3.53789158736436,0
8.285555979060813,1
7.892928483196856,1
3.0779583168074565,1
9.137884438732593,1
9.52815017002506,1
3.267425420300408,0
3.5442494879305486,0
5.056341534219588,1
9.411208125336735,1
8.763194331423115,1
1.025679625835898,0
3.927307432714162,0
5.533711897497718,1
5.0313247255154,1
1.9386306793689267,1
8.588167711681546,1
6.769407829968373,1
8.379083748518037,1
8.587642793494721,1
7.483558536657398,1
4.392106012497173,1
6.105467550154246,1
1.6036540611974315,0
6.736454174749077,1
1.7925325573928075,0
6.939495905101568,1
2.2959816075396864,0
1.1755130015021997,0
1.6528449014295743,0
0.01992135219070268,0
7.187396178535303,1
7.324010490583791,1
5.149333499132594,1
1.613628010553837,0
0.8355433751068975,0
0.1912896643728701,0
1.657481769652207,0
8.908555349831467,1
2.4153684170168175,0
3.542713272172157,0
1.0534548448133318,0
2.223613047481703,0
5.192245707802051,1
6.077526830956526,1
2.4535231416621106,0
0.5773215922511721,0
3.9103286912739863,1
2.342033709263341,0
2.195539232298019,0
9.598628027134552,1
6.16300485925724,1
5.5687844317209585,1
4.157751035233219,0
4.289443334301443,1
5.4090500383808084,1
6.964298070361073,0
7.021460961818295,1
1.7169390770544957,0
5.0011275207662695,1
4.119580950341019,1
8.705269662693842,1
6.314189212183764,1
5.325040664159818,0
1.1539464217891737,0
6.056378893234115,0
1.1720390568023342,0
3.3720657556575206,0
1.4284196481433187,0
6.920736470243689,1
2.062521138361526,0
3.91859373188026,0
8.956747776187786,1
2.043163833989703,1
5.078050639587791,1
4.19271661166022,1
0.18124041045729733,0
7.927581135728127,1
0.6904590631459973,0
4.7425502097695365,1
5.606782949389499,1
6.284264566145871,1
6.886316293078756,1
2.532723835227151,0
0.09978776658449373,0
7.2344366235491195,1
5.356565993475786,0
8.361177032072488,1
8.213883629006943,1
8.433261677878832,1
4.850946599795401,0
3.3362839583686563,0
7.9155820259137,1
4.51294113029255,1
1.834421964034345,0
8.549740195614744,1
8.825598767723474,1
4.663097561401701,0
0.7569972730978747,0
3.8782608991693124,0
8.035376594626033,1
9.017740285462287,1
2.0347274249759586,0
0.6697361202527152,0
8.773504531328387,1
3.894049389788753,1
5.417609642675632,0
9.680658120507589,1
0.6656472791422285,0
6.483180074520956,1
0.7410542257486707,0
3.7546892846650035,0
8.038145451934467,1
4.334722327556344,1
9.971823539029504,1
5.590592849466022,1
3.2116215263595347,1
2.2011132590475313,0
3.5052053428616183,0
3.725332737595508,1
0.6871367772396098,0
3.6957419942677316,0
4.642385197392249,1
7.227377522388046,1
6.56729484721608,1
7.087656552291542,1
0.08363681876857099,0
2.1766739958053605,0
6.616842883998565,1
4.839893681797472,1
0.05313475668345946,0
8.044946424318223,1
7.728095732903374,1
5.484191629935626,1
0.6646332577627212,0
7.665150495325847,1
5.8371358773136395,1
7.8195997715795915,1
7.517469923958404,1
8.03002071957837,1
5.1800806640462485,1
1.40324518193515,0
6.711574733796887,1
6.204737850519706,1
7.422531871990872,1
1.698810060507353,0
1.9497519990028922,0
8.904095172193285,1
7.499777984520708,1
9.08228488700323,1
7.587153211639207,1
5.971553059903019,1
6.5413273702787365,1
8.891279239400099,1
5.7880675451194055,1
6.323913243283874,1
1.5647671600360058,0
4.739212201161028,0
7.16397111958099,1
2.709426983163654,0
2.022541805245349,0
3.1382680822441555,0
2.4150062799283347,0
2.1491263703639585,0
4.24850842868087,1
9.07838513883534,1
5.070596467387183,1
1.8792038081532303,0
0.7697166938087407,0
6.961561451379252,1
3.827987644363878,0
8.218309465853594,1
6.595107686407702,0
7.962414505413685,1
2.7194603941844875,0
6.9235892246105815,1
2.640619846937188,1
9.390684794502915,1
6.363742815333744,1
3.245118001753421,0
2.6951186229227266,0
1.909265850716435,0
6.946409588937278,1
2.187156129979273,0
5.953032659274891,0
2.646350269253573,0
6.619689447938686,1
8.149397285405392,1
7.780252431446532,1
7.608513309307817,1
1.8772240569225207,0
0.8838494698451871,0
6.989488284873856,1
3.683472137943513,1
4.3234622640334734,1
0.31149092793391064,0
2.595764492750492,1
0.3367640387446402,0
8.791857726012477,1
2.4339668321853045,0
5.5733716957300805,0
0.3897932066113041,0
6.66847391305658,1
3.230273457540939,1
8.979191869576658,1
8.881181889340358,1
3.252906183617478,1
9.009608956904678,1
9.961576734987789,1
8.254156641239481,1
8.448713477552289,1
2.4900873610908993,0
5.767023988577563,1
0.6725591396736785,0
0.9491793682166971,0
9.988926120332906,1
3.2663924942591094,1
7.481839120488464,1
8.066650530268165,1
8.580232710072291,1
9.976282974021565,1
2.414964852568678,0
0.40350826859699707,0
4.11191517994586,1
1.3008066982894695,0
0.22425889162055124,0
3.604268271414861,1
7.837382510752365,1
5.661806912250709,1
3.1277798921035407,1
6.543420054927197,0
2.320181803088107,0
0.14381446072085025,0
7.643533864364274,1
6.237430848640091,1
7.6230262450096,1
0.3893801668766561,0
8.371196278306522,1
6.195262000363034,1
5.633953507126401,1
6.246140481145316,1
8.644332468683642,1
5.86936506558907,1
5.809503798881793,0
9.906791570657658,1
7.56730167068568,1
4.422938054511353,1
7.073970000329277,1
3.892304716917885,1
2.28875462483499,0
5.968518768877594,1
9.281820981139514,1
9.291395200154627,1
3.419052781054903,1
5.276774662216949,0
2.116358985698612,1
9.956311094988834,1
9.811179078679357,1
6.495089297074474,1
8.044140596774733,1
7.151001612837,1
5.931582190394682,1
0.533479969888977,0
4.54764342552661,1
6.747863021674105,0
6.775316138836846,1
3.7312261842238357,1
9.416919866580306,1
1.67357032236781,0
5.003594462155606,1
6.908839765508228,1
6.971358058918092,1
6.486389567688155,1
2.7528821345186016,1
1.5620656868662197,0
6.3594032682671084,1
5.993021161394378,1
1.7935601028924097,0
7.051391455705634,1
4.551719917336564,0
6.6776059160315295,1
8.373670797701507,1
1.6972842857692316,0
0.1914486799683668,0
7.791025863957868,1
6.096974251526159,1
6.996395696221217,1
8.381549749886425,1
8.028109348245005,1
9.609201469288246,1
5.359350788521182,1
4.884956326599053,1
4.018871998907301,0
1.5369104284420454,0
5.726072328820225,1
2.7701252432597876,0
9.213075122129755,1
5.8319080427709755,1
5.928401805081101,1
3.5492466087701002,0
0.5198935197770749,0
0.3174376537298862,0
4.233351441531975,0
0.8456537809723785,0
6.068469555401391,1
8.809730056396575,1
8.829148165187222,1
6.590454101322324,0
2.1123183147293103,0
8.629968313588721,1
8.860934353132082,1
1.966535849529587,0
7.374260857706773,1
2.8651954892712297,1
8.026403123529297,1
9.972378999036026,1
0.30026005329392813,0
8.973658657909318,1
6.226305335986581,1
9.733826191648213,1
4.650095175264276,0
8.473879305713737,1
0.6239406859827723,0
3.352790500782957,0
0.6701653775120997,0
9.753431334790704,1
8.169739072718368,1
8.525474212459706,1
9.379652314338943,1
0.8510348611978535,0
3.8559759251333334,0
0.7103488904400213,0
2.107931015500286,1
2.293657770376724,0
4.691072110475787,0
2.685621674536426,1
1.009781068177611,0
1.674910890941077,0
1.4727556355209093,0
9.730767979122984,1
7.592925069184736,1
9.67761465269562,1
4.397404865079086,0
2.783684816626566,0
7.982931972091867,1
3.262539180411468,0
2.9938337370534827,1
2.325059922078312,0
1.2967897822423535,0
2.5646306101676597,0
3.553197484738877,1
6.739942081457304,1
0.6256484221945158,0
2.1050693966534295,1
8.090236402916764,1
1.4692192358377076,0
3.4264514652252154,1
8.6465892185814,1
1.5492531114344266,0
0.827368356181899,0
4.845379950800108,0
3.024195112785364,1
5.634083644838541,1
8.038048904834751,1
1.3714848815274316,0
5.80699084554285,1
5.055087603898639,1
1.4407878601319957,0
6.2399848552898245,1
2.7364041786077165,0
4.878343185440125,1
0.8227232427706188,0
4.595840572136231,1
3.0646346804282034,1
8.223812111853544,1
0.5697872699736828,0
4.1860727491833,0
4.58431424131438,1
7.250060762991187,1
5.74287575090211,0
6.672123371941811,1
7.770492856517562,1
8.622029736581888,1
3.1387549672247053,0
5.38022705363903,1
8.401080784391999,1
9.894511309650564,1
8.895193110437631,1
3.714672626243768,1
1.9516651721865041,0
4.893925374065887,1
7.416414518360423,1
4.925690707532976,1
4.831808633136685,1
8.382304210818006,0
3.6140377906718637,1
8.597946748116456,1
4.068048009517236,0
3.282331056783394,0
4.53989911199699,1
7.624469586748685,1
1.2600202786399428,0
1.9641921587201738,0
9.514448256630919,1
1.7549162738135737,0
5.6772731793105455,1
5.793144666619378,1
4.896244620502448,1
6.447452485768186,1
2.2982672579761845,0
5.526622677767482,1
3.7217325524689713,0
6.61667259629189,1
1.4122354337314946,0
5.708774168394762,1
1.852703553833237,0
2.786430631150364,1
2.1870980032358323,0
1.828377798688171,0
8.25710951560667,1
2.857075676608903,0
9.271237818644494,1
9.699265253451909,1
5.712604699370973,1
1.430011226657264,0
3.7454824337958126,1
7.9773226334821405,1
3.673907286970705,0
0.8701721830278875,0
5.567849109281879,1
8.451208514960348,1
7.959263871435024,1
1.7512314013035324,0
6.727646144124667,1
2.205042634356471,0
2.1820753455217226,0
8.740717733051852,1
2.4966895274023013,0
2.632473465180112,0
0.006533907612995549,0
8.706690341255177,1
7.925948132091348,1
6.27328935090678,1
7.502657639388422,1
1.520485674244918,0
4.583235945875755,1
3.512193873487809,0
0.9377652625701649,0
4.861304852149241,1
9.207396503426354,1
0.4005911905069448,0
2.9146091349379386,0
2.0754093620570346,0
2.381466536656963,0
9.084345518793754,1
4.6806905423429015,1
4.662994129398188,1
7.605756424552823,0
1.544922040049258,0
4.872653541000508,0
4.2998521412105974,1
5.969106905466561,1
9.995577032504386,1
7.694488940820471,1
3.978657030174272,0
8.27553052274047,1
1.7070836331248018,0
0.30463686308960125,0
2.0444837246427303,0
3.4041155611425964,0
5.105807574595599,1
6.151291405411998,1
9.106057172144217,1
5.0985400955045765,1
5.012756446257294,1
0.5024300982298213,0
0.3491155265622381,0
5.511599619163721,1
4.381786132483445,0
8.391803949802986,1
1.6067958471184518,0
0.24971662117049598,0
4.490387679301259,0
2.374785567522575,0
0.4961437333883745,0
7.24598286847629,1
1.1159299995724747,1
6.083195000077717,1
2.8104975016688916,0
1.7349605035502202,0
3.7975152291931744,0
8.014457762229537,1
3.9209357690457267,0
7.507696492110557,0
1.2548629679915069,1
7.727714196650791,1
2.3693332490664867,0
6.773931298888728,1
5.657815548409964,1
9.291447172116873,1
3.87322517975314,0
0.6616518883444045,0
0.19155485551252904,0
8.26858560972753,1
5.247356376614322,1
7.752440518349493,1
2.3442560001151467,1
3.450837455132337,1
0.3010387221131894,0
9.614923245741121,1
6.678679067008134,1
9.332050877593062,1
2.6549640742907235,0
6.114636112256608,1
6.784999682926378,1
3.1754970025758844,1
8.4810923501563,1
9.471614629002477,1
8.848551176960044,1
7.390669759393726,1
2.7746467972495403,1
2.8161604210563174,0
9.633603204460378,1
0.10284495935692028,0
7.160499732421445,0
7.062461625552622,1
6.226895409497974,1
9.901088460868658,1
3.1187943576372525,1
3.399718637932482,1
0.7893940294655555,0
4.4279813654373745,1
2.610485262348481,0
3.433867021776442,1
8.345717902556277,1
9.354845135274957,1
1.8573307200518563,0
3.7250893155346585,0
9.286305621153941,1
0.6180846068922263,0
0.9236052811137851,0
1.6279098920622936,0
5.952128341268748,1
1.5047227100599747,0
9.680763814507335,1
4.467145272585204,1
5.015179603501664,0
2.466586158054065,0
4.709602524347335,0
6.619136326370115,0
7.511771369540428,1
7.53868082709913,1
5.7789111269408835,1
9.043597749938572,1
8.174078473061094,1
7.570481146986254,1
0.5560552168046062,0
0.06877962219649314,0
2.1244727719547294,0
6.635235939134523,1
4.111974888825458,0
4.0240625929931175,0
8.845868882296138,1
8.955628481318387,1
9.091752640535857,1
3.138780765150273,1
6.910558127392617,1
2.7163318127436966,0
1.9060983307444979,0
1.8463245734736922,0
3.4210762086359403,0
4.299576197798217,1
8.309491710550684,1
1.198910934727121,0
7.349258473948942,1
5.314549141893053,0
2.879453426759925,0
4.928195845328246,1
2.9994206977702262,0
5.96081955238306,1
4.338439228552442,1
1.6440552907887873,0
1.1658307455569672,0
5.466956820721301,1
9.024130332861034,1
3.4395768655768553,0
7.330001072226232,1
6.586613549397669,1
9.31554914309481,1
8.209810172991409,1
5.66605258905463,1
6.570304982341073,1
8.983864665840349,1
3.995187845869348,1
3.2679470585777737,0
0.10811083635196339,0
8.265510741914643,1
8.009807004033648,1
1.0445451810015138,1
5.768573811327002,1
4.639816981668874,1
1.1870909550911146,0
9.805682270607235,1
2.1469588746335546,0
0.6723418009056115,0
5.948473795019096,1
7.3886667713303265,1
0.32443446047186963,0
6.587176387270222,1
5.322918759514544,1
1.0326500887504841,0
1.7252387694636206,0
5.679742973160805,1
2.9635761351328838,0
9.38315728651316,1
8.187402294840508,1
9.835672065136631,1
2.5967083895041396,0
9.69723632797977,1
4.312338697915578,0
3.4751879531375462,0
0.5034952696935324,0
0.5276525785960262,0
6.920112559466547,1
4.579289944340279,1
2.265216260361057,0
6.139703063252327,1
2.528581182501112,0
5.776317543444226,0
3.5920874698269034,0
8.23552226611819,1
8.206961607667793,1
4.773503981224013,0
3.508191093350156,0
3.6255979655909454,1
8.05714525668218,1
3.28179482797612,1
2.09059373706846,0
0.8468834187530683,0
4.666931208844084,0
4.821320989198419,1
8.409087104029071,1
2.2123869644606398,1
3.809912736683999,0
8.084057388936909,1
8.236236107489734,1
3.846110759787682,0
4.591240232866809,1
3.0328589084928295,0
9.32554878419312,1
1.186437657415803,0
9.3374942300147,1
6.838664518353433,1
5.315721526867312,0
0.32659060784495875,0
4.755961918220083,0
4.077481050027323,0
1.6121881197512256,0
6.564096035006569,1
9.711509073682858,1
5.621888110645251,1
7.147532764439458,1
0.6845045256601678,0
4.176669958169947,0
1.1635848516449587,0
6.127958355365104,1
9.384821582141546,0
6.617777324716386,1
0.7680304831442153,0
3.5466620498508283,1
5.506633794408515,0
4.032077561332522,1
8.336440104751723,1
8.146710047099893,1
6.118310201032214,1
3.7345794513270523,1
2.5533637376324414,0
1.0587431821312931,0
3.5489768348655404,0
4.1317251720771955,1
6.758229251040736,1
6.581598242975735,1
0.7010813964125695,0
3.952593154311578,0
1.8177886721736192,0
1.568127053168057,0
8.27302149737246,1
0.4191521671625753,0
4.191828759021213,0
1.682036557665182,0
8.79330215678474,1
5.570405132750351,1
2.3138063637684803,0
5.024272871663764,1
7.314863597031158,1
9.581180089194337,1
2.2044600424541896,1
8.861817721293452,1
9.343041141674902,1
9.164205445320663,1
6.354143568619098,1
6.298206544347077,1
4.032106331838228,1
7.523978823037879,1
5.312940183509319,1
6.7743807122829445,1
4.284579038487955,1
7.31496464043139,1
8.24471517604549,1
1.4643625660281612,0
8.32929715574228,1
5.402965317903073,1
8.446659090902243,1
4.313017063410146,0
3.79040485383035,1
9.150607325172224,1
2.5116926754840128,0
8.442123252861432,1
4.840205725094041,1
5.140954425512597,1
3.0846828148948404,0
5.730422006190157,1
3.252111962762113,1
0.3926941424165231,0
2.7199860534435603,1
0.06379043406590679,0
9.783547870568567,1
9.657472098197475,1
3.9515529747230502,0
7.28370854339646,1
3.45806098410425,0
6.710931570859761,1
8.05430043045979,1
9.467562446922408,1
4.00212275849672,1
7.832979829560477,1
2.659284506321188,1
9.903323037936483,1
0.2576959876435114,0
6.035288065011209,1
6.595059816513271,1
6.880455570741288,1
1.2038757878908901,0
9.385297834731304,1
1.811832790500828,0
6.2275340323984105,1
2.2267607912308494,0
3.0721641702127087,0
5.464585417281244,1
4.171934185645765,0
1.6022560097650629,0
1.7093640242084829,0
4.181447881627997,1
7.572829782755007,1
8.979646468477885,1
0.8412766225938284,0
3.9310390755940103,0
1.0024556372287663,0
0.16592480632597884,0
6.617186826439566,1
6.024494419665878,1
1.630191138148862,0
2.3381283309306413,1
0.2370775364451838,0
8.349472056944037,1
9.746905960485515,1
1.354595367946908,0
2.314752137652981,0
8.68409523946934,1
9.264637979561849,1
4.196273828068104,1
0.5062247226907413,0
0.393918336928194,0
5.739498660690105,1
3.9289510889317905,0
0.28652427577654516,0
5.832523923125567,1
0.11302536589022472,0
7.87371958149273,1
3.064328227033716,0
0.402580030092321,0
5.883522209831533,1
3.976844144330547,0
9.738004133571495,1
5.441986625037022,1
2.752391810370083,0
7.094388646339747,1
2.714920025427113,0
9.04243291407565,1
3.747219705073764,0
5.498685627762052,0
0.5057310382422886,0
4.261212379522307,0
8.32363539660995,1
8.05648805363342,1
2.2431855885352627,0
2.260790710105627,0
8.173053122132368,1
9.303984201693256,1
0.9536092127300355,0
4.500586394262252,1
3.3745427896422897,0
8.706884554574394,1
0.8352491468001877,0
2.111259425580374,0
7.524683375864943,1
0.5129384898121558,0
4.925353807142892,1
4.4210703467972,0
3.3440117898874866,0
3.945723153189238,0
5.29940586930233,1
1.6136735838838312,0
5.719958782835928,1
8.054323292999863,1
7.60160929790159,1
1.5389990469377368,0
1.492494697414739,1
2.6817436774491332,0
3.610747263410372,1
4.084555814084826,1
6.796972168333452,1
0.566804321658354,0
0.34672704226066386,0
3.9191056294390902,1
6.971636921379805,1
1.9343534295648257,0
6.415044812562517,1
2.5982813794029944,0
8.860861088135163,1
8.956899442666165,1
2.9728720428132647,0
2.2999375396324053,0
4.113039720662313,1
2.405315851801487,0
6.723838432917036,1
8.260646845482855,1
6.73092130911217,1
8.243504472493495,1
3.9699216220747413,1
1.5631697070886086,0
7.379509473975921,1
3.604745051415539,1
6.712708252291325,0
2.7064394198176567,0
0.8122963480667267,0
9.925817954877633,1
1.5620150793059928,0
9.884209939634811,1
9.772799325664472,1
7.938181039080396,1
6.594229620819975,1
5.778070502510847,0
8.661015453778347,1
2.894395216194879,0
4.67681212484877,0
6.193899693665019,1
4.1119047586949105,1
4.27486454090268,1
3.3028466750208443,0
5.64231816684536,1
8.50574528015116,1
2.0152837800631285,0
9.344330387534415,1
6.8908765374822964,1
8.232732126800302,1
5.561906926300116,1
7.795167014240635,1
0.1620039733946721,0
8.183804247795353,1
0.4013885908536652,0
8.899133763628624,1
9.919627472386432,1
2.940674621767778,0
2.1031855628579366,0
7.653633638580407,1
2.530263409202532,0
8.655623831722036,1
1.028425921574767,0
1.2595519637935826,0
9.791515551006157,1
6.738388982700046,0
8.468872244289528,1
3.2432937735151803,1
6.764837495206044,1
5.942418273085972,1
6.03150120122947,1
6.825324595377216,1
5.753591731290985,1
4.290623693026659,1
2.7592269438054684,0
7.68581330913202,1
2.262724300031862,0
6.923543061544142,1
2.3333282264932667,0
6.253301699544539,1
7.470782671290289,1
2.187138889065392,1
0.5994330086130828,0
1.3097374299417408,0
6.059969672710254,1
8.494464062257356,1
0.44996821235424367,0
7.341512590416462,1
3.4131864595005212,0
4.785283699195225,1
9.288595498455656,1
3.3197150473584545,1
4.65336933939486,0
0.13682414760681105,0
0.8159872000483837,0
2.5859159113478403,0
0.27852240821074403,0
6.3137532604825095,1
4.263983568016226,0
5.48145202728022,1
1.7464718589632955,0
2.959320294366161,0
6.638244748527251,1
9.653027236303998,1
0.504167736022092,0
8.903843208552662,1
5.768812013112084,1
5.639195667556237,1
5.002785352077604,1
0.6939408590418339,0
0.8987685173616067,1
6.009120056590861,1
3.409585714355583,0
9.172680665776806,1
4.065905373594722,0
1.4328145870264108,1
7.14718833502036,1
2.9335342144100984,0
5.2547030735589315,1
6.978327855051701,1
9.002641112020704,1
7.921911948016761,1
6.763610678727241,1
6.796331823951435,1
9.459246440320864,1
2.9582409749653604,0
0.011120941961874076,1
2.719545593981987,0
2.17891379626744,1
6.618345851139981,1
6.337115997655291,1
5.934613827047238,1
0.162434432094537,0
7.287780544506475,1
3.235304124854915,0
6.650559890066311,1
5.565784285021533,1
3.4273092542790717,0
1.3457626710410775,0
0.9441889766048095,0
8.315183331122235,1
9.18397542081558,1
6.497880467642996,1
1.0343411486048337,0
4.020272168882407,1
7.2893920010515725,1
7.798208840100681,1
1.182186222910886,0
0.0003071884538241587,0
7.12137045880605,1
3.5659617598620565,0
2.5448133161826023,0
0.1289746978952544,0
5.402994067614997,1
8.511507354259818,1
9.57631646272588,1
5.657449506132892,1
5.144613277398942,0
0.850563854892411,1
5.488728015425997,1
3.7997907896539465,0
6.071352808835769,1
3.887263478765467,0
2.4029912345036673,1
0.949652752283765,0
3.1491844458889573,1
0.9664483428775228,0
1.7689695082398393,0
9.87336158579546,1
4.4410355690661865,1
5.3187176650501655,1
8.736185287372153,1
9.955689004906878,1
5.8271444934468155,1
8.124738210441716,1
3.2694102433667527,1
3.057439574472911,0
4.027037209945602,1
6.725072626736491,1
6.821916892550988,1
3.152394346494508,0
1.3320992413662869,0
6.323962564655085,0
1.2832586218876452,0
5.7849250822933005,1
6.93422128056309,1
7.006114963944516,1
7.534721106595967,1
8.728594215656646,1
4.999589919647884,1
7.302491895295712,1
6.191727353658367,0
1.8663993979768256,0
0.2568964486940817,0
2.845413856769338,0
4.430337063376194,1
6.171059444286563,0
8.499593305032054,1
1.9624571670616564,0
1.255497898984771,1
9.634799474743275,1
1.0804455937640711,0
4.784910701071892,1
5.8556372879330185,1
5.413744209074382,1
0.860321570329432,0
0.5702691400361937,0
1.0548342746103567,0
5.855876838726125,0
5.443448876343211,1
2.3374079203674425,0
6.377741418455916,1
8.200675020556494,1
0.41578959846593766,0
4.981299435480424,1
6.893104121026903,1
2.5231192706968706,1
3.0777090529314908,1
6.136379029893838,0
8.979352934437369,1
8.099244203028993,1
5.831302190995835,1
7.3022171775724924,1
3.6482247020779868,1
6.409655280987577,1
4.6618159112755695,1
1.8993613645756091,0
7.017382738772572,1
5.56464637348822,1
3.586215819535914,0
9.113391900786308,1
0.20934117826733267,0
3.1577315124949603,1
0.5688139777764656,0
7.6652731622162715,1
7.021074541137926,1
3.31352218736317,0
6.75662902207073,1
3.9593722619594987,0
7.562537914224343,1
4.5418366273670605,1
4.122797278316655,1
9.347299154883009,1
2.5087909989070023,0
1.2044733999656543,0
5.845431132594582,1
9.693218122841788,1
3.7783921372718665,1
0.6203676362878152,0
3.3930526730956743,0
5.059316543195584,0
1.619230066322137,0
6.58102218056492,1
9.977493890102005,1
4.517394759814438,1
3.5472855673021266,1
4.007041668344666,1
1.1514617839520114,0
8.832736014262238,1
4.1482565552135195,1
3.8727441142484134,1
6.596902729304743,1
4.420334209311235,1
6.482334688078461,0
0.6144629013078751,0
8.137233437222275,1
9.405039528794026,1
6.487653861593859,1
9.545659288588107,1
1.514323143699633,0
4.774161894803537,1
6.018067339454473,1
5.817366474211867,1
4.014617790890433,1
3.380844093662614,0
1.268240225504188,0
3.917424505622782,0
1.6266081510548513,0
7.3436567649221836,1
2.0883093549459,0
0.5856530528453385,0
5.523661378172343,1
5.952297327194016,1
8.719130612805055,1
5.769816124176819,1
3.4548085372344572,0
8.030118815263204,1
5.402788931874211,1
0.7928028463119174,0
5.6585056031324665,1
9.080185454216624,1
3.9631262549822055,0
2.9632580189980007,0
1.4346945701802005,0
1.5144552193535732,0
4.327714843418189,0
5.956798241615296,1
0.8061540516960175,1
9.395685890251658,1
7.55133617445196,1
5.866239182836627,1
8.284386709389908,1
0.8018675681211329,0
4.768388777331244,1
6.300931268616634,1
8.286529061182893,1
7.834695600492677,1
2.7706924971339966,0
9.408801695592043,1
1.2434584143087035,0
8.751336186211521,1
9.709402496046186,1
1.7715352322262556,0
7.220660642037853,1
0.40285518777998464,0
4.0542282513915495,1
5.162832991976741,1
5.806452259096341,1
9.359372482485595,1
6.722506872941947,1
4.81277951219237,1
8.096750362658893,1
9.50532820954409,1
0.22066148682290843,0
9.825212722560387,1
0.8613213906368034,0
8.143867792687614,1
2.803347525514125,0
1.3217965775387175,0
4.398556397138349,0
6.4395657944761355,1
3.80951845023475,1
0.5456540828269896,0
5.994611396587166,1
9.024032761106747,1
3.832153659472517,1
2.1633277763082703,0
4.425773459328154,0
0.4836271104878087,0
8.204875844802748,1
8.263408109501867,1
5.880004634296284,1
3.5310288893838946,0
7.997833644457834,1
5.546870247883672,1
8.259323085500162,1
6.314587925830207,1
7.844054732127973,1
5.985629932177599,1
4.141410682156662,0
9.579458599261375,1
5.411138248788447,1
6.050895185405384,0
2.2048763941474925,0
6.256507894272765,1
5.716076494829439,1
1.8483839794702495,0
0.5958709735314371,0
6.043593197147711,1
7.636922693503205,1
5.234013709220083,1
2.2677262531964573,0
6.665219766930349,1
0.8010572660960225,0
4.418337048019546,0
1.6336675839842019,0
1.8445905105988336,0
2.0229394915820365,0
3.867070570439779,0
0.5115020562039763,0
3.977934409290982,1
5.117074471147008,0
4.832942849663252,0
3.8278410040304056,1
8.391466080707525,1
1.453266924205041,0
5.056967437813739,1
0.620414169565543,0
0.7115567887790974,0
5.738658496770963,1
5.66018424887821,1
8.78033512844457,1
5.5787367566007315,1
9.597910204048501,1
0.4869484839992977,0
0.9800768478074107,1
0.4406586157038139,0
1.8527685033354002,0
5.412701109416781,1
6.4557218142742805,1
0.455851579486688,0
9.459708898455993,1
8.42165376650381,1
2.966124821570931,0
0.7718753022646796,0
1.6988707321905727,0
1.2694441375497267,0
1.2328377929894685,0
5.185616886657339,1
2.458474424934003,0
3.5813971652914445,1
9.895053333843224,1
6.843142489253448,0
9.489806670470013,0
1.425565550331156,1
3.8213947483256927,0
5.547318032823543,1
0.7675806188873802,0
0.04187443627957865,0
6.704343337969175,1
6.418195168014353,1
4.107888099996117,0
4.896440760320326,1
4.154430005920896,1
0.24005044844888856,0
3.353716062174624,1
1.7708225539728983,0
0.9842418910136874,0
9.567204338893498,1
5.993597250421656,1
7.286562842366027,1
3.153637432661175,0
3.931471294940152,0
2.369239938967235,0
0.9696567096542474,0
1.790316374415838,0
7.975140452964858,1
6.7754580518377585,1
5.469288759854769,1
4.75089872866768,1
9.224342836561245,1
0.727349477786684,0
2.8060081323791595,0
3.4993785357071405,0
7.824258122127878,1
9.925146201619713,1
2.4067051475715306,0
8.743073341370806,1
8.306227604317913,1
2.2465739764176664,0
3.993325801992226,0
4.096728692925192,1
9.782206685265583,1
1.8089190137889832,0
7.99157971104782,1
3.341927141731099,0
7.308703457761604,1
4.200110042956629,0
5.7835976311654,1
8.326117733261311,1
8.041655649838841,1
8.664231835397002,1
0.5961732534465902,0
6.920505530397448,1
1.3998737672176287,0
4.1581856801841095,1
5.485884150546885,1
4.027394847468307,0
5.196116758030075,1
9.965263087986191,1
1.3521731371285473,0
6.754560453364256,1
3.960009663856152,1
1.3300979890732878,0
1.5873676337430953,0
9.49273106245617,1
8.796014967117621,1
9.070419604150219,1
9.915327758273865,1
2.0831539000851795,0
3.5543933736406172,0
6.692190299248667,1
4.838025398606472,1
4.183895333783335,0
3.5781124933559303,1
5.937806319434522,1
5.75593428640082,1
1.6145783406424008,0
4.71739837518439,1
5.534717762098499,1
5.702869387313905,1
2.101071929123518,0
7.422713922522868,1
0.25199094821069634,0
3.5483185554316266,1
7.802126485356336,1
5.638929210554023,0
2.611624325108602,0
6.949531193430477,1
5.673909441560734,1
7.962436094563872,1
7.350251861898234,1
6.1010792203623465,1
4.88177675310814,1
1.331821256675234,1
2.613330178853838,0
4.1909947291708525,0
5.992992870063887,1
5.137078552153048,0
2.881845259595295,0
0.06464357789710551,0
4.962392219008139,0
2.856259885622431,0
7.346083007105351,1
0.2394626527048349,0
5.8482781130579085,0
9.414742375060655,1
1.744092671114995,0
4.716494907505954,1
0.9142199181713817,0
6.256819122613527,1
5.505316805962256,1
4.073655242128323,1
5.213770214737412,1
8.965746584690102,1
1.9629430231106704,0
0.22564511705347234,0
8.61664884699101,1
5.771170823879065,1
8.906584554618425,1
5.969452234131726,0
8.101610899597025,1
4.296733633551479,0
7.498599312882687,1
9.13041466889856,1
5.721229637222063,1
1.8078515056237954,1
2.6879761503019814,0
1.9864457689740578,0
2.468570275957329,0
3.0641544935103635,0
5.551337867531885,1
5.879916294638328,1
4.264997472418611,1
6.154207798208354,1
0.8157492561136592,0
0.8778823705815997,0
1.7182946035765845,0
5.180774980403448,0
2.1399467869831357,0
2.832844034925773,0
4.0031283617299405,1
8.118661240103798,1
0.13862135912860118,0
6.493788202366224,1
6.688765310406853,1
7.986557803566365,1
9.327529390603132,1
0.20137848949289827,0
1.5378370551321618,0
8.861712940559931,1
4.585185621870154,1
5.645906389334635,1
6.630272037231474,1
6.790666044956374,1
9.317404033165083,1
9.969494174116697,1
7.201574609309402,1
2.872212092051508,1
8.797524022943437,1
0.49220914540761607,0
2.3108085287449622,1
8.973857174637148,1
2.5619151443935495,0
2.206510596217485,1
1.3812529314024724,1
8.591117576469165,1
5.000582591910867,1
6.748932030541548,1
2.390663840750297,0
7.580404210112165,1
7.600055449620985,1
3.1259802490830015,1
4.1068263301028285,1
2.0969027743020083,0
9.765610233229044,1
6.456025770584116,1
9.345438807155155,1
3.033855436291332,0
7.8189091299688975,1
7.65858643884742,1
6.916556518665415,1
9.656389752668005,1
3.9355533610631555,0
1.307173235897573,0
6.717088592440607,1
7.2930980047720615,1
5.750605734588147,1
2.0681789313339625,0
5.044559416693554,0
3.121897365691294,1
4.27466528166689,1
6.452185758446639,1
7.452147426908345,1
2.3222469090134314,0
4.053253606469534,1
2.6916157099162916,0
1.9863161386186912,0
7.833872199958384,1
9.092526944369924,1
3.702321856845767,1
7.512789243737669,1
8.96995289364411,1
8.461242105302315,1
1.828133885392259,0
9.562918815133614,1
3.7667644042946247,1
3.3924066117383633,1
0.6243132727778034,0
4.86173654104883,1
1.090136156409287,0
2.48539820927426,0
3.1694262176728136,0
8.088263234916841,1
8.754886503958964,1
3.024663174614697,0
8.586981212445739,1
8.57230937369791,1
7.646509503848735,1
1.4669511401518154,0
6.90322846900729,1
9.450240645805687,1
6.82540478767157,1
3.3161684910783396,0
5.005793174308312,1
6.457250433510536,0
5.105704087285035,1
1.1995294173096982,0
3.1206404465202064,1
8.023960305536326,1
8.614180460955174,1
1.3730003271557023,0
9.523867523987246,1
3.2882261784860933,0
6.6231373873071995,1
7.5182514595668115,1
8.119462346378834,1
9.457497022259302,1
3.1291954802882262,0
8.585064545515545,1
1.3168690343620704,0
7.050409063535927,1
7.419777295139859,1
6.777232412013205,1
2.52314736135153,0
8.730431470152034,1
1.68858463370395,0
0.5363479152083084,0
7.174649906119122,1
4.754757152327337,1
8.49098019958676,1
3.8339714105825893,1
1.6827858850771282,0
8.364421924698696,0
5.489096316400717,1
1.8919579239035489,0
7.203839985864457,1
5.111136384895005,1
6.043129822403198,0
4.608983382065819,1
8.287089838180064,1
8.295627156830498,1
7.093888218243862,1
1.0540137739646227,0
8.388538619040688,1
6.710129805329098,1
6.970241660042995,1
3.629828404038716,0
8.792795561570067,1
7.2537160023485745,1
1.1259046652919447,0
4.077780344061627,1
8.863803619601416,1
0.47196701697378995,0
9.614166196420495,1
6.791625683195628,1
6.313759776433766,1
2.7055925648799137,0
2.4879178873917707,1
9.420582194885954,1
2.982724542341227,0
7.755052967189994,1
3.9312179820707915,0
1.3925407078470398,0
0.1071529769535895,0
5.442573370152508,1
9.757788185489327,1
3.6913619380920446,0
3.571923339930448,0
3.4409161784944207,0
5.205438373048584,1
4.406648834242936,0
8.799146267270144,1
5.0552079172349025,1
5.077578381885688,1
1.383715947205566,0
9.82739540910386,1
2.499728908688297,0
0.7336406745960267,1
6.631462489752088,1
5.953663701568726,1
4.151456539927457,0
4.221922338806781,1
7.850639210464312,1
1.9571264009964906,0
8.202533189448896,1
6.487471138950181,1
4.189697737795244,1
4.580286165838686,1
2.566472071860958,0
7.521143326969748,1
5.128747423052678,1
3.2085454274984357,0
5.960501157609502,1
9.95734452051323,1
4.352622796565538,1
9.206914007786196,1
3.450168399245661,0
0.5473270692498589,0
2.042421063684289,0
4.1869514332768425,1
2.19634928594569,1
0.002270382182555375,0
9.150015377475272,1
8.43879411230929,1
7.422922314869471,1
1.6781459564602863,0
1.2036357620998606,0
0.6760474947238315,0
7.240291887729212,1
9.288079606878853,1
4.30535820913037,0
1.1914067199604816,0
5.1239282073210655,1
3.4883190745863013,0
3.748249243499977,1
6.213306241557072,1
7.187181132622023,1
1.1060359887316085,0
0.35590230806476386,0
9.943303026857148,1
2.3272834891555183,0
0.5383052490845908,0
1.8987532909591998,0
0.3895784634846422,0
3.9181089461717167,1
8.024017844513242,1
3.412444497577206,0
4.441834068783665,1
6.7558677356743875,1
5.088940700698802,1
8.614456860213242,1
8.660356750457565,1
0.09910695491153643,0
7.7804630648319915,1
4.607336002416739,1
9.888405413036631,1
4.832320758754351,1
9.868959453882976,1
7.545693612057366,1
2.4860488461330634,0
5.3839497928695765,1
9.921356394785828,1
8.575306077519237,1
0.973668937912211,0
7.063719968099961,1
3.4557958587081306,1
0.06982261880348117,0
4.034809690269996,1
2.347544217249713,0
8.188692705204716,1
3.373306088457655,0
8.275236939538171,1
0.005979388347953085,0
3.0781915002611915,0
2.411652143077619,0
2.3356736106861096,0
0.681866197654627,0
1.8712427041050173,0
5.555495698856198,1
2.913610728377445,0
4.1739478232914795,1
3.7686688034718854,0
8.759049249998945,1
9.052989990105155,1
4.929569716558601,1
3.301559503156044,0
1.0680070400236363,0
9.53402879382095,1
0.6022694490029745,0
2.976502775682804,0
2.9806620117000415,0
3.2040128614021492,0
1.6428684327240928,0
7.831614309236972,0
1.2249786196598922,0
6.349066591531628,1
1.2384602670581746,0
0.7053563759295656,0
9.094295036858766,1
1.9012876631870568,1
8.212501545597043,1
5.446308711071358,1
0.778565196087696,0
9.554481914380675,1
2.4696116699189252,0
8.596453453526065,1
1.6881000578456418,0
8.539428821418529,1
0.13228812905293985,0
5.117804565694807,1
7.694425794215568,1
9.347955174927833,1
9.09202136206487,1
8.196248695476449,1
8.881913496613041,1
1.992196858370765,0
2.8418429571172874,0
2.889685249210585,0
3.7705393100169884,0
3.933206703851887,0
5.445553246546755,1
1.5987976336644139,0
6.912466637859893,1
1.675665393045065,0
3.103084821045475,1
5.03345130606154,1
7.964405615234773,1
7.394692332387272,1
6.455343564105222,1
1.5577326058017016,0
5.470453456155777,1
0.8744650179988545,0
3.7736317679665077,1
4.135165302899591,0
0.39811439445753827,0
2.7398809946997185,1
9.556494672664893,1
9.536326078296895,1
3.5232705425253927,1
0.43100108948324056,0
1.7909493932818155,0
3.9221779343354015,0
9.477796979692299,1
1.4119906353718492,0
7.635158436682122,1
1.0868253937469208,0
9.81257577391277,1
3.81616499109135,1
7.752345388990561,1
3.425910828111318,0
6.276688771588087,1
1.9201608474003673,0
1.4602101929696254,0
9.380641395681312,1
9.176472779044335,1
8.874689402128823,1
6.254334501665935,1
8.082682112162782,1
0.6903693691137491,0
3.3478904189067915,1
3.1370312475715623,0
6.3564532195261325,1
3.559577734706405,0
1.485067816436808,1
5.964670754135437,1
8.143839206690815,0
3.821234944599732,1
1.322687150984817,0
1.9668819731282305,0
2.37483305169384,0
2.998975929945362,0
6.4279507050630915,1
6.00945484537719,0
6.960798615670392,1
3.6250198453151317,0
8.239976518799782,1
2.0408766115576027,0
4.690407475181539,1
8.009387215414304,1
1.8015864773261925,0
1.0986311374078295,0
8.836839676879897,1
3.4292966275919587,0
6.83870124909032,1
0.2534860426393848,0
6.900468884094496,1
3.1610131154697054,1
0.5574085358744174,0
6.09812761548117,1
2.4080381607317323,0
3.8680724205188,0
0.8058081228651359,0
1.4716325109494532,0
2.9797723549584374,0
0.8975950056015713,0
9.108262646863153,1
0.06047043183978418,0
4.838602188643114,0
1.2324745813255145,0
3.076790894779485,0
9.260595598182654,1
1.6169455327398685,0
9.658323197183327,1
2.057943769894217,0
7.4156610846682955,1
5.466772648973118,1
8.844787275967592,1
5.539932555031309,1
5.345592191563087,1
1.9545800036839989,0
1.6622936205165872,0
9.164891511155142,1
3.2783819885003407,0
3.7208225496289593,1
7.5982365842838835,1
3.3882348242280735,0
9.520624466390027,1
7.379277689988003,1
5.9742924257342,1
8.808951605447525,0
0.4960590834948275,0
2.5706269218920874,0
4.6503633422091,1
2.2697853947152105,0
7.439051873021519,1
9.192080310537252,1
4.2377011993092335,1
3.4213260011189495,1
9.615507321375663,1
4.448524328275409,1
4.890484004492832,1
3.516498723419054,1
9.095484730121385,1
5.689554832818508,0
7.621745871816446,1
8.118067183508863,1
3.418490419172582,0
4.3369433132038,1
8.484717744062646,1
3.6325535167581027,1
7.939351334518513,1
9.409923225744372,1
6.23210373068007,1
7.416272874518889,1
8.05097312041135,1
8.450396488966426,1
3.9505333785679597,0
0.5126345917599817,0
4.018762712367395,1
6.737562297840897,1
4.503503857807928,1
7.489631508603986,1
3.5698242946866388,1
6.347441411040295,0
1.8641980485397458,0
7.493694366449569,1
5.456959688130258,1
2.0406438854660056,0
2.9191117349780726,0
7.4860870858183235,1
4.826012356615207,1
2.1603144039307223,0
9.672711903702977,1
7.15125019816888,1
9.571348325397961,1
4.271050453603432,1
4.751003406917205,1
8.979552161850192,1
5.250493402453847,0
7.072789119056671,1
2.5217287749552995,1
4.467264687026406,1
1.234498658103551,0
2.0598003587696168,0
0.00943415267631087,0
0.3926505164866023,0
9.772838231769294,1
2.4235369513676233,0
6.633107095040019,1
8.390996987996115,1
5.506604592365642,1
1.531445000839562,0
7.281164373361664,1
6.00251410099583,1
7.312505893473751,1
7.697466228570872,1
9.754103676847452,1
5.7356328002670995,1
3.4164111269060182,1
6.484645569002371,1
0.6844070924262613,0
8.973973183215863,1
1.1938101133819679,0
3.2784283788581825,1
8.15745380626121,1
5.973123783307118,0
3.936355202774421,0
4.734356593750214,1
8.545473932021803,1
3.400043860598921,1
8.696496848121713,1
0.8813443097669149,0
7.767984372086307,1
8.475476330547364,1
1.8181765283733875,0
4.303465323722005,1
1.6549977466365562,0
7.066041289942177,1
5.353477680616567,1
6.353233467083211,1
1.9648696695621115,0
2.117458620524195,0
0.4149732550990637,0
3.220675351957297,0
5.59744661333675,0
8.579349139973289,1
6.669274474586807,1
4.353963233997514,1
9.531201143941377,1
7.192452005758319,1
9.301652028625501,1
5.2758797327216564,1
2.589042747931396,0
0.5282668636472199,0
7.260848514838505,1
1.2130299800553412,0
3.027751282719672,0
5.324709078838974,1
5.644165877797477,1
6.005831969871361,0
1.6625533034970064,0
3.7973740482164873,1
6.171942271169667,1
9.698188646337847,1
7.276311376996887,1
9.226037570939578,1
7.62212058314177,1
5.917169688924004,1
1.9202336913634455,0
6.6668565189251305,1
6.233795659599071,1
6.024691704572664,1
4.8978586798824075,1
5.286566039892756,1
3.3444252711810405,0
5.193126926423032,1
1.9755590567847825,0
8.051743973603768,1
1.857769546987078,0
0.8496628988946642,0
4.362460263571574,0
6.583074395060619,1
4.377168249335414,0
2.767541319513086,0
5.581711838904408,1
3.4700233541219996,0
9.32867690126633,1
9.22645139603572,1
5.023718199720955,0
3.278839940182585,0
7.371324139566391,1
0.3671294348306664,0
4.747690060436512,1
3.363233942703335,1
9.205358851025547,1
0.12003027272682543,0
5.528148757183491,1
7.40663581066626,1
4.850179875240412,0
0.8540303016272166,0
9.724613900279023,1
5.180104313760979,1
6.141862443190114,0
2.366097827075073,0
4.834980851068038,1
4.291494919583219,0
0.7489584200198374,0
1.0616035354746722,1
8.374725196187745,1
2.3981995220659025,0
1.9495827149863054,0
5.049114512501393,0
7.68747131362513,1
0.6194651857898792,0
5.768079196382558,1
1.1921044284057336,0
0.3646105082561846,0
0.5274395216221739,0
8.341641082084413,1
1.1797248362806156,0
0.4515136441229195,0
4.378998871429123,1
8.439934719420247,1
2.6240837648930193,1
4.217126175259164,0
0.39922532563751223,0
4.490785141348759,1
5.776130806371337,0
5.709070537521448,1
3.324266921743652,0
3.155331806631355,0
1.0662361893659789,1
3.667983206462684,0
0.9949466887296465,0
7.665959447120516,1
9.662742977481859,1
9.700744566667069,1
8.650710993753938,1
6.007921493396191,1
7.008656972438799,1
2.8520580268041407,0
6.307704201726207,1
4.556495494398774,1
4.8201733977693255,1
7.57776560375158,1
2.8191835559725167,0
3.180396116945199,0
9.246417911286366,1
0.5622429485097225,0
4.856342984133404,0
9.128008004078618,1
6.10363007818157,1
5.46407074212132,0
2.497441792293552,0
3.4327548906444827,0
8.52048415804693,1
5.592181317684581,1
5.147421937567799,0
0.9957971354002892,0
0.16028156455123121,0
9.636851886870492,1
3.7698616728684167,0
6.032130620995043,1
0.7971507318728499,0
6.831142857230466,1
9.325667087059609,1
5.756652529974197,1
1.2611532237541057,0
5.817215274734767,1
7.6634721310465235,1
4.064165365740187,1
8.798377479414679,1
6.486829533573645,1
8.992489182892026,1
6.235053112473372,1
1.3128797200482423,0
3.096917111051891,0
2.0179494825245694,0
9.088264977168624,1
7.604000672874827,1
6.76398368910006,1
3.009663196316217,1
1.8404477205021352,0
7.564510879889118,1
4.741579458790797,0
2.257895521506291,0
6.166219781652751,1
0.40333852138451975,0
3.261702541282535,0
4.685569945911347,1
1.4795833410940584,0
9.846544775908395,1
2.0909736458961428,0
1.3035313004326554,0
2.035348738868964,1
7.690611331597243,1
4.255056592718428,1
5.65415939752538,1
0.21009156986360744,0
0.34431308573314556,0
4.458255498270161,0
8.166552432016235,1
8.852388787075652,1
0.8670656759564022,0
5.383631021010228,1
9.132296862792705,1
3.8797275439788637,1
8.295658314283687,1
1.336956543994362,0
9.353944896677987,1
7.514233175313026,1
9.413343927869017,1
6.766172335525065,1
3.6340393199942698,1
9.381811725247225,1
2.7556677630917847,0
3.321725220617325,1
7.008084180017403,0
7.6531629952538625,1
9.294034838491537,1
2.048024090562095,0
7.979980352192239,1
7.385460533969635,1
0.6379455625359787,0
3.8722314121020696,1
2.827654570600986,1
3.044904243540304,0
9.829468795547008,1
6.427774134799279,1
7.176761577934996,1
9.766176373150092,1
3.7720178245763867,0
8.01840168452806,1
4.345309633044954,1
8.695336718149797,1
1.8065754131130318,0
9.476861770642795,1
2.1877170841087965,0
3.2622050698093155,0
7.561922341067805,1
3.9375514156540667,0
6.082113767664467,1
4.4457350106942854,0
7.423699370897818,1
2.2833125236861083,0
0.5845798723687701,0
2.999293974730662,1
4.743086648684303,0
1.6802005219267857,0
3.547972896563887,1
3.9998301829356855,1
0.5739184368827355,1
5.833072481842045,1
8.843434279712875,1
1.5174291295305242,0
5.978080134015141,1
6.647392049108463,1
4.193346804192883,1
7.0109758736427,1
4.10731543491012,1
5.046372879774349,0
0.0735304455442698,0
6.917201141346888,1
6.613426789447244,1
0.3840087732634456,0
3.6825010739513306,0
9.790318407916674,1
4.207365625686168,0
5.019454051318418,1
9.099301581597185,1
7.172618758657564,1
5.820701311242235,1
7.978046813410725,1
8.643662664559733,1
4.568880717372669,1
4.751083649318354,1
3.860509356518358,1
9.667061400184606,1
6.971662542903504,1
0.8322306620807229,0
8.629596233130185,1
4.8055994083626805,0
0.6875390642248747,0
5.497172551633111,1
4.171642789757021,1
8.777494048626249,1
2.0399460360938737,0
8.26464609492183,1
5.576886911854527,1
0.5461030321346905,0
9.718453013254846,1
5.126152441032,1
2.908768542315825,0
4.694068419892581,1
8.57857783517489,1
3.049031243850635,0
1.9267639648670032,0
1.2907124693088146,0
2.9785939839021127,0
7.800480870400435,1
4.716263651952617,1
2.2748160369354,1
1.661849996097492,0
3.327294765103791,1
9.399243728857089,1
3.4302671259002437,0
9.881240759546353,1
4.852304557653562,1
1.7916391829015088,0
8.911400917935094,1
4.603553731348269,1
7.0967134350452445,1
9.837115832091518,1
0.50175350319974,0
0.9669455978756714,0
7.204567414627562,1
2.8182500329547198,0
1.8430139695009906,0
0.39361879819729495,0
0.21846711986201806,0
7.744856031197909,1
1.3443342736955,0
4.677206159711509,0
6.05896815179483,1
4.283518005688462,1
0.27106652336233106,0
7.8350150258790885,1
0.10513224541653488,0
7.61889894377484,1
8.933044937881228,1
4.328399210571723,0
5.355424730977982,1
4.7698339261765375,1
3.892086186234388,1
8.874245353703603,1
8.939335106699906,1
3.3581636464153455,1
6.15069754014698,1
9.269075621458642,1
9.620584989413516,1
5.089590404220475,1
4.528248052843268,1
2.786943159285258,0
9.5887187319041,1
1.4281430447286736,0
5.7982957604772505,1
2.8255026751863888,0
2.790082903477966,0
4.049685873761884,1
9.987929358156546,1
0.5496630683982207,0
5.785418182035315,1
0.8257215803527718,0
1.5452082999051897,0
4.395629417728987,1
5.104601313464413,1
2.58792408364524,0
3.164571308744162,1
0.8696702025593306,0
3.0321978384425052,1
9.66558439380544,1
9.447073816724817,1
3.34878290136985,1
5.708539362787616,1
9.095953911109444,1
0.061838226408966745,0
8.106835703375918,1
9.48369552788919,1
0.9132573433355706,0
1.6144768603292103,0
9.607463027713553,1
5.375401436403463,1
0.14196634471723701,0
2.5763199876352916,0
4.499436742688596,1
6.929089110247677,1
7.3316037813679955,1
9.95421512925456,1
2.8751119938375904,0
5.382201018684753,0
5.33323547859605,1
4.0564525944723755,1
1.691618938424202,0
9.774565631838426,1
8.53317186666586,1
4.983330282942372,1
6.032454226840298,1
2.2726105355966233,0
5.4378707039174685,1
6.949701331214758,1
5.151670283865888,1
9.902851705849413,1
6.113416562477262,0
3.7097371259216905,0
7.721520276158381,1
1.7046251158164205,0
3.8451581370626653,1
3.4695895037758584,1
4.318070951077773,1
7.8177982592872635,1
4.841730321634074,1
7.940144502659628,0
5.764889031398659,1
3.4206943465755533,1
8.099787436834724,1
2.382896705530916,0
2.2438297979979547,0
5.045029240548358,0
2.608492459620889,0
0.09087034951216322,0
6.482975272988015,1
5.11093821472398,1
4.455178144931612,0
9.669685146183154,1
5.711991839629137,1
8.634315777893844,1
1.3945023620516017,0
5.692064631294277,1
8.67979626730903,1
5.83105757279898,0
7.180141781270015,1
3.7204356781220738,0
0.9244951703706661,0
4.579002951270715,1
3.9447939083885752,1
8.670601823789474,1
2.4399530235247227,0
9.66734227535108,1
9.581381198044962,1
2.476316430714387,0
3.480519554773205,1
8.95555740873885,1
9.666222208961075,1
4.434391028360441,0
3.2099704564089784,0
5.260940132515421,1
6.8776920636573475,1
2.734745153749798,0
7.364731746190728,1
0.5165735711464103,0
0.4929449276441644,0
3.8628770514554525,0
3.534731920607206,0
3.1563321536715225,1
4.9101976266891,1
3.207335823115712,1
1.9225791846809193,1
3.094695490886009,1
9.74904272810235,1
4.111134169948486,1
4.447127768583358,0
5.7654498995114,1
9.833407684142266,1
2.41601276435763,0
6.812821105324338,1
7.159846935417241,1
6.0732441679306595,1
0.8857833963664408,0
6.768722758275764,1
0.6409471103617548,0
5.961426495498969,1
7.395811772217426,1
2.109698906199504,0
8.416220075427741,1
0.30353805533004263,0
8.43812863658306,1
4.603290506427651,1
2.175879399316445,0
1.33778144993968,0
9.533071675823725,1
0.7266558758115671,1
1.9909341993592566,0
3.4782234743304596,1
6.202348489611205,1
5.448010852760984,1
1.2564349241231398,1
2.897279837382146,1
2.387517710860241,0
2.135428544903414,0
4.111443364799871,0
7.040314525916569,1
2.1745293221723596,0
3.666788797029814,1
3.909174268411623,1
9.764565294354101,1
9.546663568790688,1
8.001375827520759,1
2.4165892081918514,0
0.6803731409166969,0
3.1690413772062476,0
2.6679454943383085,0
5.059258001463939,0
7.777279100677931,1
8.583229388788581,1
8.448640854105085,1
3.5967556122306776,1
6.8723434346068295,1
3.1283419752422006,0
0.6090554323518271,0
7.015652656029423,1
0.09827552569787845,0
4.0918258745848854,0
3.293792693020757,0
6.933775385188524,1
7.662454727603789,1
3.040946359712838,0
8.116270144448535,1
2.9391676050493376,0
4.463263599865613,1
7.270185270141339,1
6.9292022922478855,1
9.873684723122,1
2.2516102421593187,0
6.623179135395824,1
6.096819082757774,1
9.150984544900298,1
1.5636214164487505,0
7.517981635869329,1
5.682686162687683,0
2.746658697879054,0
4.744349141471741,1
3.337765970697978,0
5.793134027884609,1
8.89000610814666,1
5.6930498441220205,1
6.31722418326584,1
5.187478471147094,1
0.5116550644547591,0
2.3285855687609427,1
4.920017294320828,1
3.1023528374470475,0
1.8176359776119422,0
5.041328419184383,0
3.2280979344785035,0
2.5810764317341475,0
4.639854174403808,0
1.3328425808217315,0
9.277457330754073,1
8.67702097919239,1
7.076205857405354,1
1.062138275884562,0
7.75877254469693,1
8.07957328109019,1
7.677646177143377,1
1.1396588711924116,0
6.439079570677647,1
8.343247957493986,1
5.773534012196677,1
6.46407375228089,1
4.5836347942630615,1
5.287073198840526,0
0.34376858351725215,0
6.389630219732846,1
0.8144721289115919,0
4.350145943402234,1
2.9265509766740783,0
5.454279502117131,1
1.3341633552320709,0
6.916434019733182,1
7.9501153692847035,1
1.633544497431565,0
1.0431308735188216,0
1.4551548278735915,0
8.771275618985017,1
5.281892617563562,1
4.672609960075026,1
1.0671181910235428,0
6.495560067569618,1
8.6799959189509,1
8.281858693234529,1
6.2605470898080124,1
0.7527871665167363,0
1.1239702717601296,0
0.49308987109824676,0
2.574792164924693,0
1.3566146716037775,0
2.600480402524339,0
3.850580557189617,0
9.429827840711356,1
6.103760597816921,0
8.349737856829623,1
7.103515007123322,1
1.1250313052663174,0
7.359204063739488,1
2.7509888155912443,0
6.391078469947064,1
3.4096197364298853,1
9.976722632646592,1
2.6355147949677784,0
2.7913047077426967,0
9.306722555623983,1
0.2464440463632267,0
6.966889878731969,1
7.2532639073587815,1
8.363785774103993,1
9.744393106384754,1
9.756019191566525,1
0.6527675756646389,0
8.218393227529026,1
6.463099336573813,1
6.473421343730912,1
1.283499266146948,0
6.501871664456534,1
9.824825806012479,1
9.11818569539447,1
4.391306608048505,0
0.3994797328609434,0
3.6229349000020483,1
8.263903116005553,1
7.0149910146516605,1
4.593436555939564,1
0.5510153515883109,0
4.268947278233027,1
4.690249397178835,1
9.28555532894136,1
6.410861035821594,1
3.116529166546489,1
5.253182644507214,0
0.6605530782216007,0
9.725682356497368,1
3.60059901930726,1
4.7786735491313586,1
3.552839742369226,0
6.825117301162002,1
6.62232158329593,1
7.153223105291357,1
2.6814322961192083,0
3.15668481164066,0
1.2525123109620795,0
6.5550997184611255,1
0.3979712733565255,0
5.976823355234591,1
8.696958848516338,1
8.908321482896335,1
4.490377603699617,0
4.593036882130738,0
0.7696918300801736,0
6.707650254430357,1
8.212594203728456,1
2.4465505460471304,0
4.213008816333646,1
8.388393367652704,1
8.77120467662288,1
2.431799802642259,0
5.505706345413643,1
1.9249315063582706,0
1.0187876413955654,0
9.111205013919575,1
8.205075042321091,1
7.600349018031739,1
0.4876631881314042,0
8.437287927102574,1
4.380440759053838,0
3.423951232958596,0
5.4647636102537644,1
0.9135324272355583,0
7.566465493523989,1
5.824350768882959,1
1.8659009687316752,0
1.882321997690456,0
1.8424865157267423,0
0.5700238755193399,1
5.877984493716848,1
8.403481775885082,1
0.174982139873886,0
0.4900464497127355,0
5.727702766869458,1
8.194956853860523,1
3.267388905686336,0
3.496143988077222,1
5.963464974967759,1
2.74212889124147,1
0.2660836607768413,0
7.352285181015961,1
6.256499129414531,1
5.807559990556591,1
7.416841289918231,1
6.752308375620375,1
2.0588198817832115,0
3.524810469433511,1
1.26110141678625,0
1.2985701341788103,0
6.761957463565392,0
8.586001069824983,1
9.627325838611391,1
6.283471175494444,1
1.8410132336095697,0
1.056503454489307,0
8.128509715367578,1
5.787564763599993,1
6.1828502101371985,0
7.814620887547092,1
7.032772277324516,1
8.344582528560966,1
0.5621390545987848,0
7.475206367465049,1
8.508527573220954,1
2.8613504245831436,0
6.404472739932529,1
3.141620638369721,0
9.57971066482454,1
0.33423572435503757,0
5.79792843832955,1
1.6650354704951509,0
7.122202051771587,1
1.7589028341866209,1
2.3538326189835757,0
4.943708110457581,1
9.14834949996878,1
2.1171437214797084,0
1.4424002111810352,0
7.589768318540306,1
5.00619532333931,1
9.117851123817713,1
1.4661455715984228,0
6.4592789302303935,1
2.3287914615181506,1
1.567604286516393,0
6.834294151572705,0
5.9368461990873325,1
7.5482745836233125,1
3.0946257644618234,0
4.479716563821899,0
4.054716763304185,0
9.840894639665143,1
2.922489567393879,1
2.9481723834676687,0
3.545482088286074,0
5.645940812903215,1
2.5232274426374524,0
9.15289940379274,1
2.656855648662635,0
8.958157315601946,1
1.0347506364658465,0
6.565627023996523,1
9.069855184382437,1
1.6874943839822953,0
9.68326960099255,1
4.528833604155117,1
9.457151084410246,1
6.76820043630047,1
3.0158686987355154,1
1.8830252491710642,0
3.037350462250994,0
0.9301740926267499,0
1.4386796634332977,0
1.0466044034648114,0
4.229435437415577,1
7.955783762575864,1
1.413835542163402,1
1.3032043317233588,0
6.434289495173307,1
1.9718298196806627,0
0.976100381089916,0
1.6684857820557764,0
9.23731395876776,1
8.214712527761908,1
3.540645623550941,1
6.5582076732739285,1
5.372756736680381,1
6.771242634825639,1
6.826711524627593,1
6.287340150599929,1
2.661013685373086,0
0.3900642076281813,0
4.555667819901088,0
8.909738846907038,1
5.694972585185759,0
8.323910417019079,1
9.916243429612281,1
1.6361620413827627,0
6.917776391419823,1
6.742935737000247,1
9.799554473582784,1
9.856007339528004,1
6.866786117241295,1
2.4361479198219427,1
7.9855583813059905,1
1.070291342110381,0
7.806993041716287,1
9.101961241446965,1
3.8283339476843525,0
6.306352949830805,1
4.301427320968263,0
4.3776505498812845,1
3.1037088910812005,0
7.621296204503246,1
9.361765641665052,1
9.40750859234461,1
1.7478128487493383,0
8.74743649656566,1
7.374314414271222,1
2.528374006902893,0
0.6728461292151455,0
2.6799726688437797,0
9.122082367815256,1
6.331786748957723,1
7.210546608978719,1
2.5715235110909584,0
7.193881555748202,1
0.2812150627792376,0
3.753213457730138,0
6.2675334854233125,1
1.4609656554132022,0
8.230035744469347,1
2.350312988119186,0
6.522811128184463,1
4.051971425753297,1
5.960435954776472,1
1.0745055262890812,0
0.16912799921607324,0
9.095644273803012,1
2.696300087671828,0
8.196770027804591,1
9.993503004722001,1
2.114312579989112,0
2.6517074118335557,1
6.628597876346657,1
9.654486346006212,1
9.15814348190744,1
5.028755200655849,1
7.951102825267247,1
1.3574585309990106,0
9.774381842040123,1
9.643532340359865,1
1.6372895787917097,0
2.994231248031066,1
1.0015499750676693,0
2.717175988981797,0
8.159557894152066,1
3.783156071652595,0
0.8839696714675838,0
3.4222552477890456,1
9.813833342412801,1
6.296835952592029,1
4.161609464061577,0
1.6653851349727,0
9.861767972836947,1
8.208490092631287,1
2.814773024509194,0
0.7006869572118946,0
0.5662555737755803,0
1.2037814950553383,0
5.807685836144216,1
9.287634212054924,1
4.9674342800598446,1
8.429454824561972,1
4.458866198598078,1
7.085835457678252,1
7.318727372865008,1
1.7396370590333865,0
3.6121605897581177,0
6.373021565380239,1
0.7069660818436618,0
3.6154018776295658,0
5.347994662811924,1
9.962244930446387,1
4.745335626224407,1
8.160567571143236,1
4.320672850666178,1
7.9639072261970885,1
5.954148016201084,1
8.865954415023984,1
4.109425523501099,1
6.043044198214789,1
6.3001868061882735,1
4.173829418004733,0
1.4431204368748152,0
0.9355940691233555,0
0.166715505996331,0
8.735342642452146,1
2.3647491223869457,0
2.1150674928176807,0
7.360354004260655,1
3.2001611308739175,1
5.060446924118366,1
1.625110652974563,0
9.597457214619693,1
8.515814000172373,1
8.637896229650032,1
4.067737485720052,1
7.623612137071728,1
1.4387615538978016,0
0.08619002591780278,0
0.19972932578028124,0
5.8660173740456045,1
4.553949052479408,1
5.180153489085198,1
0.07463140417219405,0
4.226866196574257,1
7.180681612008608,1
4.426937019674359,1
7.322192063122222,1
2.330189643968348,0
8.131420044817254,1
5.884312404534523,0
2.107630994299062,0
2.367204758538329,0
6.28030464569537,0
8.299395932124433,1
4.156277820291551,0
2.5830042912759223,0
8.670116069106005,1
6.692682917508349,1
4.480854872830765,1
4.879001952793018,1
2.042564679363964,0
6.268026300648439,1
3.5874251054288866,1
9.956451766743493,1
4.801835152618878,1
4.858856061896132,1
5.658517874106719,1
9.167560031187467,1
8.008180998597503,1
4.511300697978414,1
7.186992659727959,0
5.862354987807617,1
4.923670487012489,1
1.9231577278435052,0
4.63936263454891,1
2.4581858702257464,1
9.148421498516546,1
3.3540681349634696,1
9.522640145333723,1
5.3305529009471115,1
6.315443786761604,1
5.429404444893278,1
1.293806169667009,0
3.7582121900794094,0
0.9914611227762393,0
6.229540441833818,1
4.46874195200439,0
7.779849715709368,1
2.2047048099936983,0
1.6456605842933492,0
4.0633223096376785,0
9.265853832183812,1
7.104218150124117,1
4.189236247929187,0
5.172721697543105,0
0.8421301117709834,0
9.845758963761131,1
6.66407304694919,1
2.854040684634225,1
5.858083942152444,1
1.0948236606899397,0
9.658366688075835,1
1.7478498788336594,0
6.480303180552141,1
2.454544625389304,0
7.175613826485358,1
7.76821367240281,1
6.734197289114326,1
6.144994602551925,1
8.924690939520117,1
0.7862671098975804,0
3.309147657801952,0
2.48287479630846,0
9.880139620654216,1
3.893897796668735,1
7.326126992403987,1
6.847251638810046,1
2.1208123747737773,0
2.3899768021155134,0
2.812845635530341,0
4.111272782593792,1
2.343250656505268,0
0.19651482746847804,1
8.793930568071955,1
9.65609831380884,1
3.4157038703156797,1
3.3850687942547286,1
0.07091812774370987,0
6.8025068833037405,1
8.254398957486288,1
1.4660830036000316,0
1.5966634936715074,0
7.900832499714378,1
6.162907483541447,1
0.4486055762771701,0
6.225469904622817,1
3.0891772284376606,0
3.6872515547084594,0
7.697314182968801,1
8.109351926726106,1
4.003566268398306,0
9.471529360063547,1
4.0646271795207225,1
7.718360352301099,1
4.838772645642591,1
8.97532326522084,1
9.077612436501786,1
0.8741680787108386,0
9.364933313102258,1
8.255348415204157,1
7.913107143126669,1
2.0091133968552244,0
8.05119208754665,1
8.501327346850369,1
2.8915033445415093,0
9.522600783623238,0
0.4986014639916425,0
1.4990925324713966,1
5.3758113805151435,1
5.757924711223097,1
6.4515008330090335,1
0.16969129315466458,0
9.603667746221303,1
0.4458809273414399,0
1.4306195272340239,1
0.1401451752605698,0
5.668584332940947,1
9.322668839209722,1
6.659471660804642,0
8.226574684804273,1
0.13281203458580082,0
5.4201529847972605,1
4.595629775055219,1
4.9896794422079305,0
0.7221318533518795,0
6.844353610693075,1
5.032204148586344,0
7.65148849861264,1
4.852906340617153,0
1.4938163622643208,0
6.48256954077822,1
1.7238636210516622,0
8.72394563354815,1
6.131162390692415,1
1.5720388355695425,0
9.623380574812067,1
5.183654633353206,1
0.72898451871655,0
6.268329044150672,1
2.5319890701281023,0
8.036934518773025,1
8.178220735661906,1
9.789473558546618,1
5.018695310245037,1
4.549568797277371,0
7.534756054464806,1
1.3247065634192656,0
5.469155137931242,0
5.462476001308509,1
0.8947312281038722,0
4.179840855069136,0
8.532847985672019,1
8.561536219946603,1
0.99237664919681,0
0.9072088274783086,0
2.6269547700193527,0
8.747660625539934,1
1.2890258507349894,0
7.199968026274463,1
1.0116561961310322,0
6.231378537478253,1
3.5606729911914483,1
7.88913962965867,1
2.3369044882536363,0
6.392018293899598,1
2.3568253457588497,0
7.136602831121538,1
8.736780345607487,1
1.2680179912676004,0
8.665956885955035,1
5.9357525441429795,1
1.2711049086702397,0
4.27541855359712,1
1.608602934850979,0
7.003478888665695,1
7.588681344179497,1
1.0579652027279896,0
5.061398526946443,1
8.146250560259173,1
9.361630415509964,1
5.1351786674177005,1
9.50279223611407,1
5.356889704560298,1
3.9419049459990796,0
8.482031285528954,1
4.929827104580891,1
4.719025105645231,1
4.9031248940982834,1
8.467850018697455,1
8.31941541688052,1
4.035199924402112,1
3.33299859870525,0
4.919280240391293,1
5.72772509737109,0
2.3833721062799693,1
7.939550847155906,1
4.864827657324229,0
3.340455484199596,0
1.0682099296399061,0
2.388451604036069,1
9.492811717559837,1
3.050996868195266,1
1.6885928936703531,0
4.606727916549932,1
3.0708774336024867,1
0.35159250271194153,0
3.2314521727941727,1
5.441086239394686,1
5.5171237201996695,1
3.565589211768887,1
4.473027562526006,1
9.655179182347664,1
3.7734847723031164,0
2.58226813259983,1
2.434670440667601,0
4.5776461270413416,1
7.59520148716944,1
2.059881841884732,0
7.092961271407681,1
0.21149823349416286,0
4.18932977983946,1
7.758650652027868,1
3.387329557744314,0
5.637371014453994,0
2.049792328259108,0
7.419953911261723,1
0.5227910326875962,0
8.525426448755004,1
1.9819638642166815,0
8.743980317083308,1
3.5252924130051735,0
7.226835744744866,1
3.1922529778618847,0
9.059116712346476,1
1.2663712551837436,0
1.785197892725987,0
4.930301251588023,1
0.8193843903814613,0
1.9598018470176193,0
9.437663822120143,1
9.764896611478871,1
3.7625932933042194,1
9.232860210139357,1
5.448246756734317,1
2.6974246587376705,0
7.023987210805986,1
6.589018065748572,1
9.891253191087333,1
2.650472874092833,0
6.720595026617354,1
0.5202375502944689,0
1.136460386967194,0
0.03918374951093262,0
9.994606810596732,1
8.022736971474778,1
7.867230147335408,1
5.097260752881797,1
3.0006708290543993,0
1.5126428446267592,0
2.8467473884646366,1
3.759712219291391,0
7.5631009698029406,1
5.396617889031524,0
0.7748362655548269,0
0.1802900895891224,0
1.0233217953406315,0
4.104987136973794,0
9.331929170490183,1
6.374024812092216,1
8.018258998755151,1
4.663745945045486,1
3.616660831950428,0
1.0840037271662273,0
8.759330221862049,1
7.831600290279028,1
1.6811809759772511,0
5.1226056387626056,1
4.873748079212449,1
6.2509155268652865,1
9.461868939912613,1
5.797714417624796,0
5.402172667786186,1
0.5032293293466394,0
0.6290747601802393,0
1.8734679132678889,0
0.3247077169174828,0
7.433528955700124,1
7.233303039939631,1
1.3605623443164294,1
8.360789007952809,1
1.5478603484611198,0
3.0117558699735882,0
2.48976899161365,0
3.7230709857304776,0
2.546637658899619,0
4.889509264384521,1
4.074078813546854,0
9.865694907793266,1
0.5592635012822567,0
1.4218137638735162,0
0.5282589390860248,0
6.258411949823758,1
0.5450927741371958,0
8.364397373761234,1
5.119386306819278,1
5.270076245815337,0
5.615945077121943,1
1.7081370630621073,0
1.9769030311448754,0
3.188173228730047,1
5.934964158218515,1
2.1011777594021455,0
1.1633172713326123,0
9.701168864184321,1
0.21981814809622913,0
8.026974053360217,1
7.8803514957502205,1
2.9721411384509597,0
1.356266160073134,0
1.4562864670542341,0
6.974316172371925,1
6.428065910861736,1
7.827456742513867,1
9.374811723991046,1
6.91927363266592,1
1.5585153655144346,0
2.434426167654107,0
8.421937308731145,1
2.0930607583420855,1
0.7252231695448141,0
7.032800540422505,1
4.025263554901421,0
9.200400525459036,1
6.502550710936616,1
0.9041897779166075,0
9.478565672536607,1
2.5855726364024587,0
3.372124904062858,1
4.022604136835421,1
0.5122429640431325,0
4.965154222306048,0
1.2331849107529225,0
4.009703266883518,1
3.5070978799208428,0
7.728400834265034,1
8.031705116327311,1
1.5341288238908801,0
3.665511873792262,0
3.733531610318317,0
1.5141044393608505,0
7.984535050511905,1
7.072283283354233,1
1.9038178629703473,0
3.6672190859379903,1
1.0580502485651422,0
6.282065970930439,1
1.2137192454861967,0
9.859341686249177,1
7.806820746878623,1
3.9023854958399506,0
5.7856393227935445,1
9.113418162164088,1
5.540992803958261,0
1.7449848639795518,1
3.7870335558115933,1
8.431448650297455,1
6.442130159896179,1
6.507243843338003,1
8.668214856884891,1
8.939730574625047,1
9.197925717794362,1
0.948491932531561,0
5.4412600196310095,1
7.405095212183186,1
7.569268451270138,1
6.067162019700039,1
1.6678733518367417,0
7.974205539416643,1
7.201113335149457,1
0.8613577154903629,0
4.638098246743763,1
1.7397739952180358,0
3.374770457129719,1
0.18081092205685434,0
4.003298684107582,1
5.498769211562104,1
6.195825928270868,0
6.634903451287101,1
8.3629131310246,1
2.1546290727573005,0
1.2048182243846794,0
8.515371718979257,1
1.5661281489264989,0
9.747600813361952,1
8.42538229398637,1
5.008766058895992,1
9.814214249220253,1
0.9737672910800421,0
3.0306576117510167,0
6.382244150406114,1
3.5000686847317874,0
9.283725519807918,1
0.6562608817781757,0
5.494118320609646,1
5.908662673951145,1
6.527281237772241,1
2.5566622333181446,0
3.6456642751986443,1
8.436805296649776,1
1.9494276897015983,0
8.26867847173362,1
5.626554229027424,1
7.621875111940821,1
7.136073662634716,1
2.0751149538487903,0
5.688127364338729,0
8.677231528050925,1
4.321162368019293,1
9.665907702233167,1
4.52215100101718,0
1.4278563666788469,0
3.8943468007767326,0
9.517024063905371,1
3.1972084933985423,1
8.680981598670629,1
8.812506816818898,1
3.5018652433196107,0
0.8325765805063212,0
7.245579091588183,1
3.1151229901398603,0
7.8292361425757235,1
4.426548482604331,0
4.852667423426215,1
7.779094067485368,1
3.823633310616279,0
4.431273453229146,1
3.761904687696221,0
3.6734051527727996,1
5.259465769014594,1
8.087994445011507,1
3.6176831192256587,0
5.242547205377367,1
6.707273254426008,0
2.6943944630365504,0
2.7752280490239256,1
9.334131270234549,0
7.235345733310886,1
5.771866762233088,1
6.47720054420612,1
0.29299443103418366,0
6.181029655616968,1
5.095088732242019,1
5.457496797794357,1
3.594238268308171,0
0.8147389771294189,0
1.9333923361205219,0
9.507447132126718,1
4.08699562270934,0
4.666831558308642,1
0.5270978985343899,0
0.3756622954398059,0
7.171814470467577,1
5.380946641211112,1
5.087059842162667,1
2.431245304226687,0
7.447507316299222,1
1.6823657910849188,0
1.8993474366102003,0
4.607121713482755,1
2.862798621119409,1
2.4746298123314636,0
6.452376445533316,0
6.509717452185445,1
8.245170697999292,1
4.177085669729759,1
0.7308509102615024,0
2.736663849214577,0
9.80005463196817,1
5.962585752327021,0
7.097370848010202,1
0.07357829625414536,0
5.182057321825209,1
0.3752865753180312,0
5.69230212091448,1
9.207708496360754,1
9.684191305004079,1
5.405526753889242,1
4.582048052522159,1
9.45017094248494,1
6.736098319966951,1
0.6489927953840946,0
4.657255776674976,1
2.402450184643039,0
4.698043214486816,1
4.554655720063617,1
5.821448028147421,1
3.5677049034925123,1
1.6427044945592806,0
5.037194345899563,1
8.30202884345762,1
6.640122280676023,1
3.3836786592521584,0
9.355230227588573,1
9.12207571249182,1
2.0934839938409877,0
0.39417585120362975,0
7.413087083507622,1
8.276102613491533,1
9.678645659513553,1
8.898363940883108,1
6.005347682064148,1
5.300523392123808,1
0.2784105126258629,0
2.4665644684477783,0
4.596147517329264,1
6.2850390008356785,1
5.572518333184107,1
7.426359896816905,1
2.7976693088704083,1
5.649526076524732,1
0.8814224339079213,1
4.13665523583207,0
7.50160832954601,1
6.93400853429044,1
9.90642737172179,1
2.7789112598775603,0
4.981892991739791,1
3.295304137739967,0
4.406031140591748,0
8.569501298693881,1
6.842090751884866,1
8.824411913475817,1
2.0351110833188644,0
8.73361117841438,1
0.5976227417838442,0
8.885992804371524,1
3.290737794607279,0
3.145876334140665,1
5.120885766986639,1
9.406901877232318,1
0.4778136468140537,0
3.522309750707453,0
8.565719886833357,0
3.960544774354667,0
1.99156897597067,0
4.247941813314117,1
3.855525014916693,0
9.154162014667035,1
7.619343757430971,1
5.0511555574400635,0
9.883705667215711,1
4.652775312759233,1
0.5823783082027523,0
2.622743218149849,0
4.360704802193126,0
1.569026241461201,0
9.47565126324043,1
7.668488978177731,1
2.6828720042777263,0
5.908045335179159,1
7.214491571095721,1
9.41278928906798,1
8.816353491754107,1
5.151922261382137,1
7.746526197930176,1
5.62144753827585,1
5.527038900455401,1
1.147419583381919,0
1.2613765801615207,0
5.295336150224575,1
2.688615449790066,1
0.21036902460468632,0
7.228392039002123,1
0.3248659669016496,0
5.952768411040545,0
5.391937941273143,0
9.688146905778044,1
4.842131393476416,1
0.6360143637779736,0
5.516879678064617,0
8.410961706161014,1
9.968492842814399,1
4.303431736890725,0
3.202987424967425,0
9.06653296951999,1
1.9124212907612137,0
6.154289150329266,1
4.057144241809477,1
0.41082364955555284,0
3.4728847430569774,0
2.6522852250267457,0
6.860911539434868,1
9.487904976919182,1
2.6804718737863773,0
8.114659391516817,1
0.5535981693840952,0
5.381210100398132,1
0.7055006370989458,1
9.340329911306393,1
7.663512805573902,1
6.579499112045923,1
8.238963816246642,1
6.475197955701631,1
9.68944397174291,1
7.139579478647715,1
9.246586095822467,1
5.17131892010638,1
1.1706441298186265,0
5.281777214230171,1
1.268728280630933,0
5.92493479176405,0
4.824930605276629,1
6.225753978327817,1
0.10046981054831594,0
1.948404916553641,0
4.913304319121309,1
9.505035615891348,1
3.836090403551584,0
4.243720260536347,1
7.146960890066222,1
6.0379275728611805,1
2.989261500983332,0
4.108163955674278,1
2.1769979885723245,0
9.660214591302086,1
1.3063438155735974,0
3.7183678456641944,0
0.2583897222001119,0
2.2177949193354642,0
7.804711383801549,1
2.0117523228887944,0
0.800634025289656,0
4.744531798445233,1
0.09969234734518495,0
0.8476615442633317,0
8.07625869562975,1
7.714733448596064,1
9.15138820404896,1
8.545154359107496,1
6.831755632398181,1
0.5233285730066284,0
7.828486179866575,1
8.455108108405604,1
7.990821457719544,1
5.084790353080261,1
2.3290183864948166,0
8.453299756887267,1
7.2716280974013845,0
9.807611743888515,1
1.5569259775593292,0
2.256645830520551,0
2.117981498815027,0
7.925397676213367,1
1.8690729645011817,0
0.6665982982330609,0
9.985608065856287,1
0.24817211445149145,0
8.352440601588656,1
3.653668415506528,0
8.416154597578153,1
5.54620491211145,1
9.016312294863601,1
9.261929864146266,1
0.09098181280775997,0
0.7541217599278827,0
2.503587295708555,0
6.6931541636350165,1
8.88272196511506,1
4.599419512939628,1
6.069731162742654,1
1.8849985279556114,0
8.049668338816854,1
9.673281113534697,1
2.6859893291459747,0
4.948259516005463,1
0.861161105063738,0
5.591366564629684,0
5.027834418466806,0
1.444364841550776,0
4.42066213118075,1
3.341046520865633,1
5.218308753051893,1
5.856543354287992,1
0.08495578607209509,0
7.610059829495554,1
7.130142918617408,1
3.662863862065222,1
0.5293593556881826,0
7.549325397850504,1
9.551751604781325,1
2.401515960220142,0
3.235246137370379,0
1.8381288948181496,0
5.769361233448397,0
1.5484139464745494,0
3.5619394346137945,1
6.970130139342629,1
5.601159830093484,1
3.8646256432793527,0
4.2024960180754185,0
5.621108826232295,1
0.05864727887161303,0
0.7850986845360985,0
8.812580677630116,1
0.7787898909129076,1
7.068035962105052,1
9.200381641090527,1
2.706836043017311,0
3.7049143705951426,1
5.689214058447163,1
8.817089696385846,1
9.419055872604202,1
7.39563248111268,1
0.8661976085469403,0
6.691541555348508,1
4.10303721872662,1
4.7070099949106154,0
0.4914839034517704,0
1.9106213934635818,1
7.905136075336477,1
4.5395883304785976,0
3.0166224163114883,0
3.8401907396495814,1
8.543995133256802,1
7.489990174049569,1
2.7231539718108277,0
1.175018402123733,0
2.519982216440717,0
9.207564510547337,1
5.8158883784975535,1
5.334802087447828,0
5.963935996924615,1
3.6602826574651526,1
8.071070203195127,1
5.232862493002498,0
1.1674790276879554,0
1.2906512482906296,0
5.368591465026183,1
9.365702180708391,1
3.083521216761987,0
8.695411688592182,1
7.6409558657887935,1
2.4781244290690685,0
0.36340748316242455,0
1.0184726514238274,0
7.284939338474402,1
1.996697380406467,0
3.7127092050539376,0
5.016991660064249,0
7.254681684501628,1
1.1323122325912538,0
4.063664052774615,1
4.850729091426954,0
5.408270639715397,1
8.183606413952166,1
1.716781950432169,0
8.078314518266223,1
6.928784276966522,1
5.558708141989594,1
6.995278704025719,1
4.120177389516564,1
1.3839758596812457,0
6.657652402653673,1
5.246723066856223,1
6.393748005427755,0
3.3799878102849004,1
9.068665773398358,1
5.87369868575577,1
0.8540248429087383,0
4.498039907044287,1
7.563560547436343,1
7.941345617322724,1
4.945970527637588,0
8.94747570831301,1
2.676684371942976,0
4.105986972382666,1
8.985969105689701,1
8.96256716471579,1
6.857127688246809,1
8.589805471222201,1
0.8877326695623267,0
8.649949762077764,1
3.2061990655022674,0
1.7833151242821632,0
2.393698363420463,0
4.179685080138871,1
2.511920046044672,0
3.20567586016499,1
1.349784860716421,0
2.961767655589985,0
5.7228381454200115,0
4.41853708091064,1
3.467187612359112,0
7.46452128857114,1
8.935099713933178,1
7.56789222902397,1
3.320007021176792,1
7.444421678375537,1
1.519801824740512,0
1.3031798809129091,0
3.4562703703615894,0
8.07702369044057,1
2.463482472423019,1
0.6325340889867959,0
1.3170953520635509,1
8.587449685295802,1
6.3378328474728765,1
2.5320116336997667,0
5.552958253281814,1
5.275796224253504,1
6.554359784406612,1
2.331875544216163,0
8.644029871943976,1
3.0936856208001284,0
6.941316539762369,1
0.1612464637221489,0
3.7265712989414723,1
3.517098179588083,0
5.434844285830145,1
0.727362617771965,0
7.901313737261083,1
2.1778080176756855,0
6.770378148820102,1
8.032121232440932,1
5.618769562415132,1
7.408832067219855,1
6.618603122150056,1
3.5552979715200763,0
8.088585390335654,1
2.9470136988552795,0
5.7121291775151715,1
7.453977391415395,1
3.7895590981250757,1
3.0276760761742505,0
4.593460101728227,1
8.179634943491536,1
9.299217631456647,1
5.450834128598902,1
6.614662053236518,1
9.032736222389142,1
0.9854685141294239,0
2.3207857786616506,1
7.089000062515824,1
8.237444619122996,1
8.570290283305779,1
4.1510717685493255,0
0.8933990229186684,0
4.377814772996199,1
2.307345902070538,0
2.9119645499662417,0
7.722675568375058,1
0.7552708602588687,0
8.27581217480702,1
4.2766908582416905,1
5.96063931100595,1
0.89652231235679,0
3.373590783572796,0
0.8970091901484578,0
9.615437228811096,1
8.072616493262505,1
4.596327543564602,1
2.236025483236711,0
9.334551052498522,1
3.445965957269718,1
1.6098443168737475,0
5.631643884539549,1
9.43774120344816,1
0.03830290500322575,0
2.381248432539987,0
9.384476404104076,1
1.7108596685716204,0
1.1324345163981986,0
5.701872157998045,1
8.618438232948298,1
4.771098176939262,1
9.945642566845248,1
6.791716995379929,1
0.7407490721044774,1
9.928321316819753,1
4.078942367801904,1
2.8740253384548256,0
5.578791835778856,1
3.0430759182086433,0
0.8645750712015232,0
0.014283430791767193,0
4.495833529202623,1
8.368634222265923,1
5.723151856300765,1
9.992072989434408,1
2.8684664564719995,0
2.8045506476005535,0
1.597494602339442,0
1.6406358826533518,0
2.8518659601004783,1
7.928400452735271,1
9.05756790636448,1
9.750871697076812,1
2.3228965409645266,0
8.812975456140917,1
3.2825508927733704,0
1.1284054451688441,0
8.700249255201657,1
6.361056346436186,0
1.6473089608106173,0
4.2983125751300255,1
2.8725769487706767,0
7.36794568710197,1
4.53416230624268,0
9.89279945106385,1
0.5474498225959512,0
3.5501526613624668,0
4.819001671099774,1
5.031335547483198,1
3.1593582238563678,0
7.292402490975681,1
8.747470734889747,1
9.38719301977863,1
8.050933767995263,1
8.505801973065994,1
5.505453006199955,1
8.258882264268145,1
3.035039091479522,0
3.984787621092144,0
3.169130138185443,0
4.673873354479254,1
2.8557961623863637,0
9.616114422544468,1
3.1284462800566812,0
0.9804453811093983,1
5.268171660504134,1
0.5709907844517637,0
1.1054316630858052,0
2.193893891962463,1
4.643502498821417,1
4.332509323090279,0
7.996918620027912,1
7.394746538841134,1
4.263182939907013,1
3.3370420757562993,0
3.164687840614986,0
7.73995087294009,1
0.5207240622126974,0
0.12821649510605826,0
7.9554439192664805,1
4.7714637598904925,0
1.3088113855357597,0
2.3556593459450124,0
9.325039530973825,1
8.59502975624898,1
7.097850502239726,1
4.822252303373266,1
5.203236261913857,1
9.752445352839587,1
9.65770443884287,1
2.152690457858343,0
8.111045663053181,1
1.972426661670168,0
2.135374778839514,0
6.760930341645768,0
4.050010985875484,1
9.315444071065201,1
0.8900973489600883,1
5.115256408094931,1
9.185215304431212,1
9.041136604795051,1
1.5652921341574122,0
3.6663770009645646,0
6.191214000466962,1
1.5939488477140218,0
9.680221720457387,1
9.147493287276603,1
1.6695017903446918,0
1.2115546126098542,0
0.854084828082653,0
9.094436640366311,1
1.9362380979546079,0
4.1628492854435475,0
4.4885136565200305,0
5.990110442135675,1
0.7173534374742496,0
2.2675861740051593,0
9.31490386918926,1
9.084101072685694,1
7.812906474056922,1
0.19401245618215435,0
3.2700676849610213,0
6.279587353429078,1
2.751902117734757,0
9.095866950537774,1
6.338894618324419,1
0.719067173164456,0
9.09005588835703,1
9.577666581762225,1
0.7771241839172549,0
5.323602348613149,0
3.0336428221417044,1
3.928390764814024,1
1.796512179553419,0
5.780721020124125,1
9.579793532488907,1
5.03072600271609,1
0.8291458139448116,0
6.200013334774084,1
3.4022299445125705,1
8.559251895912979,1
4.346781483164702,0
1.928396089422456,0
1.9110562269114495,0
7.6876418072116035,1
2.655875983073599,0
7.67233394159223,1
2.0588731076659936,0
3.216863687013094,0
4.654869724396994,1
9.431958496934508,1
9.317314247538246,1
2.068718754222878,0
3.582190412430728,0
1.4939938845377232,0
5.099850793134971,1
4.605825506946665,1
9.007601624507323,1
9.300053777910726,1
3.835673910072921,1
4.917379430189895,1
8.962362491461331,1
8.067078077450615,1
0.03656311344649277,0
3.2005956418358252,0
4.217742419361259,1
2.2971628368323174,0
1.9957161589593875,0
0.3778450659567967,0
6.433697250697605,1
2.6251029048316568,0
0.5234717843131309,0
2.3097931052806366,0
8.019139528361265,1
8.514891816465466,1
4.830662451933026,0
4.160706704086862,0
9.778536935017817,1
2.005646595880699,0
2.153592828546085,0
2.9186717703639973,0
1.7275731828108731,0
3.793655982041866,0
9.108342269897538,1
6.153478406285743,1
4.119465486122636,0
9.344107945712148,1
0.4846423247582232,0
2.1027617790186137,0
5.65888605101759,1
6.155526231931791,1
0.39557506562613143,0
4.030387579071322,1
6.491539648308727,1
6.980705464034016,1
6.381399025162693,1
3.2056322436092453,1
0.9352012359790951,0
4.271124464193341,1
1.2875443736805547,0
9.47623658520667,1
4.751708660226282,0
3.1725917435686757,1
7.663040711189001,1
4.9794859258226385,1
3.100340240124501,1
8.119677423908017,1
8.67152151001122,1
6.73008166288677,1
0.46964422407667294,0
5.663228801665321,1
7.632949119972816,1
1.3650301208358218,0
2.2867075138460335,0
8.824951050681364,1
0.20121721853074037,0
7.52727137825976,1
4.737732925144229,0
4.467721588396069,1
0.07096532494887176,0
8.193982309664928,1
3.5982490063656645,1
5.407656313005429,1
6.773006863356594,1
7.026295764379158,1
9.559800588260723,1
5.313399532366091,0
3.9971955097442757,1
9.537036264917079,1
6.421102350255211,1
2.981503562765556,0
1.2646424540357115,0
8.425545014651814,1
3.6218160279415157,1
6.604697213644312,1
4.708164193658981,1
1.9892977979503834,0
6.016866086204651,1
0.6068306895068232,0
4.1334245987119225,0
5.466149396636711,1
4.36046974118579,0
7.486721752509908,1
8.279249545453125,1
7.71243074033178,1
0.3881294781180211,0
1.941287704459722,0
5.366075092637743,1
9.348220404438013,1
8.34956775052117,1
8.425345083518017,1
3.032081937596749,1
4.294478970787026,0
4.707059473159374,1
1.5737158334991042,0
0.31068130244456316,0
9.469028994605168,1
2.4071258566350675,0
2.399489037236313,1
0.8337905376875954,0
9.285077519437785,1
5.79737114939772,1
6.6703685712535385,1
9.115768872630525,1
3.4562016890078953,0
6.215073111380841,1
0.3879945472888746,0
1.8677252823112933,0
8.312458050899425,1
7.667683563383357,1
3.5064269145714686,0
3.768106277742125,0
5.335544335535794,0
0.002410046851345493,0
2.4124433603802786,1
2.0823180860821444,0
2.5048294674976344,0
8.059058425334413,1
2.7967385654644317,0
1.9152132205014816,0
5.0426346079303155,0
8.65645036372732,1
2.4134970383749987,0
0.7853624279279869,0
3.564047358496647,0
7.476518245649778,1
5.506905446947946,1
8.167933695743475,1
9.59592147609234,1
7.92662476751617,1
6.038030788437534,1
4.933415880523805,0
0.4006908634826667,0
9.843219788140413,1
3.834811225750425,1
1.522282139168668,0
6.667088553964567,1
2.842882890954593,0
5.857782709310476,1
5.867679078445912,1
4.457298209028692,1
8.361186155450426,1
2.64967061555443,0
4.486325916177342,1
5.376921285909715,1
6.636247207672996,0
7.839718505055895,1
3.9480728287825606,0
6.46046944096596,1
1.5061095306851913,0
9.326481005424785,1
3.830588064210035,1
7.295214219764384,1
0.20341081882177647,0
2.05187142904807,0
4.8708254432357805,0
8.782524677323465,1
5.272551499506771,1
9.29870482293879,1
4.837968965827963,1
4.904490967359499,0
1.1974678850053189,0
8.026562441522199,1
2.469654124670625,0
8.99612489372315,1
9.108242203303961,1
9.433101118741497,1
5.2023048910309,1
6.770937847836444,1
7.785158800616635,1
1.310146186504656,0
6.009571949974973,1
0.34297901303311673,0
4.975660833887259,1
1.548426816202274,0
1.829229259620847,0
3.650475666926015,1
4.32437166716503,1
6.231724245321873,1
0.7442841843851566,0
5.036917612374446,1
1.8262513025310112,0
5.739751750317419,1
6.374046122611835,1
5.567092565528538,1
7.382955104783076,1
3.3560924424090133,1
7.651065916331309,1
4.327670817081937,1
4.841844983225968,1
6.481021272610715,1
0.1835838399922396,0
6.539942214202483,1
6.185851490721154,1
3.098471167532799,0
0.8579428489948948,0
0.9093544991304114,0
9.232237469852286,1
6.892793212258371,1
1.271026137707404,0
3.5672316930890635,0
5.924829939015964,1
8.355717050906486,1
0.4366092871300853,0
2.366331314700089,0
8.8974899029538,1
0.09165550183816484,0
2.013991027938874,0
9.59024175972966,1
6.134018465221711,1
2.6167136663750643,0
0.6699109439584761,0
0.2819134044722216,0
2.4474507963692727,0
8.814858195889105,1
4.159136542975094,0
7.20333369165993,1
9.182850353799578,1
4.080404616028166,0
1.9127737103739706,0
5.171179308569195,0
9.080836870598544,1
8.043744141377006,1
0.6582984336315378,0
6.925728000775818,1
5.7189752245895376,1
9.074631763464255,1
1.2248141685029723,0
5.340361132046566,1
8.794626935118924,1
4.10023786741743,1
4.81994917732867,1
0.7046067766695829,0
2.7814364044891082,0
3.2450664916894736,1
9.451224487448869,1
2.8266736054115906,1
4.60868735269652,1
6.713044235642798,1
1.621833724078774,0
4.864423871418745,1
7.385390394759076,1
8.66855213027066,1
6.262592746624267,1
6.690535153169479,1
1.2628347258456896,0
9.457764972463472,1
1.3257407748448236,0
7.746729371817983,1
2.648163217783188,0
9.335931437012515,1
7.199595393694795,1
7.538137129783689,1
2.1905917305988334,0
4.430399766351608,0
6.178131945892864,1
7.699736182066009,1
1.0395937591238957,0
9.623653164545283,1
8.90220670554556,1
2.7034859049558433,0
8.22760243032332,1
5.183239230398234,1
4.618064815620187,0
3.144341058114054,1
5.809685866315925,1
7.298891177035978,1
4.109329049627583,0
6.292191930082921,1
6.993129211553038,1
7.111218170152859,1
0.5196609813118025,1
8.597478056850669,1
4.582533147650479,1
2.6241608169621444,0
2.417645074796816,0
4.830141128439505,1
8.868315394689592,1
3.7834758168264693,0
7.497257467835433,1
0.968187309872186,0
4.760567021510617,1
9.916861403927356,1
7.70437802792337,1
2.10528488440613,0
5.0144147369791074,0
2.3362476364856652,1
4.095609272625093,0
7.8008402373496475,1
7.712248152904037,1
2.2810037790238513,0
9.222233181548601,1
5.925681827648268,1
3.799242909620145,1
5.019355807808607,1
6.050712534377437,0
5.598905318457854,1
4.8640503553617815,1
5.049328040894001,0
1.7641191042788618,0
8.127329043046794,1
5.417603199410154,1
1.310798617047031,0
7.661571015827779,1
9.324439783773508,1
9.47306899236962,1
3.6901773241117275,0
1.3551687356075404,0
5.183996266330651,1
1.1260922934922069,0
9.339874185126172,1
1.83579627355146,0
2.527658599511641,1
4.0663652688497045,1
3.831644685591258,1
7.94662892397889,1
4.563168205509624,1
1.707682600033369,0
2.672098954860741,0
5.09113385187522,0
1.474539174261349,0
6.116556756460141,1
5.657473065511459,1
7.147023163822577,1
9.377046153793676,1
9.122545611011557,1
9.460756180688314,1
2.4471559702370094,0
1.3156530663935462,0
3.022767004964485,0
8.950851727663146,1
9.720534746234883,1
8.59324951070476,1
1.100177211275436,0
9.474279980597931,1
4.23358027350786,0
0.09310290762353679,0
4.423937407481936,1
0.4606916967546759,0
5.438779211611175,1
3.385540274370513,0
4.734349335940488,1
6.13170360743117,0
8.688010958178204,1
6.619015764719286,1
4.340488684781807,1
8.194278536703651,1
9.055821375731322,1
1.1975996643219722,0
5.3193297755279145,0
2.8451195974244414,0
0.470611978769474,0
6.685466951139853,0
8.627707774592256,1
1.6290265447739405,0
8.124136576239005,1
8.533957335369417,1
9.143404426664835,1
2.652850890860524,0
9.039530651898893,1
3.2066275473643224,0
5.523380134555028,0
0.5050747083228213,0
0.43881088368743604,0
7.203732127322029,1
4.44479977977791,1
2.562923753692176,0
1.904134960249102,0
6.699534908592181,1
0.004015440253398728,0
8.058911691968543,1
0.7924960612992882,0
1.9148961490811944,0
3.862363952990896,1
4.848587397161036,1
3.549951158139418,0
3.207121649842939,0
9.639160120731884,1
6.415796812433943,0
0.23432955367388209,0
4.301759084443132,1
8.750086997439702,1
3.0145618641066796,0
0.9455634477438823,0
7.583847715899178,1
6.060138319360813,1
5.703125078265039,1
0.5357655960740793,0
1.4049900979551733,0
6.225493962131138,1
2.078238414588358,0
5.040700797484243,0
5.448816860293935,1
2.835071902709394,0
9.484251555414929,1
8.42464106835575,1
7.223735076327985,1
0.7799386640940908,0
1.0613001930901944,1
4.927813458649557,0
1.6071334919098568,0
9.78265463529474,1
1.5852023402740945,0
4.87467835463974,1
3.641210568415054,1
6.393864214540979,1
1.2903640888942491,0
4.303164280423909,0
2.7470503280714365,1
8.87751524671688,1
0.40585712134695084,0
9.137274940064593,1
8.329941385530004,1
2.9757071644081545,1
7.892906546771047,1
0.3121356033874756,0
9.668655502933936,1
5.265949425897894,1
3.0328102606544527,0
3.6258321259467707,0
0.6640535346049736,0
9.893495140420391,1
0.39291945150692453,0
6.549071231478591,1
4.427359277064583,1
9.489162181887151,1
2.459997403067952,0
5.320868239380113,1
4.82356208582753,0
7.0286644405010135,1
0.6801023195242051,0
1.9378913002335485,0
2.1456482009284983,0
7.381507548416897,1
1.8913869632674007,0
5.734917638909767,0
2.152438205009537,0
8.616249500839784,1
9.421854544896386,1
5.1849297494224045,0
3.5230888420917825,0
2.340577750174991,0
0.49781001523043766,0
2.685000761974954,0
6.542357799453179,1
5.336169313092109,0
9.440412782809274,1
3.962772624917006,0
6.938633423283945,1
4.893227474751214,0
5.125762159242116,1
2.677743146041175,0
4.549507768419997,1
4.707849970127072,1
7.066425217489339,1
9.40639999186114,1
3.293212774825043,0
0.42200468581298445,0
4.962951255006397,1
5.444613321491686,1
1.6844055113191525,0
7.604646062760667,1
9.849291084414917,1
9.457747170084609,1
1.9710603882365219,0
8.753632399007607,1
7.044936364116847,1
4.538465638069116,1
5.406109943247291,1
8.49600174982458,1
4.801349396383731,0
3.7320736910512684,1
4.932474930259858,1
5.791298040350491,0
1.8907765377834884,0
9.009077302669906,1
6.741869488296138,1
6.332689173374889,1
0.9949622618063814,0
6.041739381725918,1
1.2096066223849233,0
0.7869767519539905,0
5.273108956423933,1
4.027855340464949,1
5.888102701562232,1
0.8922216805723859,0
4.309830628472584,0
1.7478671504515797,0
9.871000859241166,1
5.611502124351744,1
6.874368609408673,1
3.254182806826078,0
0.9473891477934415,0
9.758708627835366,1
2.8625903538318322,0
4.238081851735743,1
6.49863921702575,1
0.24697297686111286,0
8.102591305172869,1
5.365781900286203,0
2.7821718706882215,0
0.6160798529246925,0
1.6249841547444144,0
8.950338588534368,1
6.86024223935891,1
2.499017216368898,0
0.6560076494502953,0
6.906153123866363,1
5.724077259677651,1
4.0451952445823505,1
3.6361144919006385,0
2.168142759291083,1
6.696112565375176,1
9.706680277938705,1
1.7571524583682585,0
5.971166200155034,1
4.241850557459762,0
4.466887217446649,1
2.541472801278144,0
8.25134875661419,1
4.852556041472411,0
5.4340585219826405,1
3.0476091279732573,1
1.8180846566694975,0
0.8591038820282049,0
7.141191409249159,0
1.9623428168785562,0
6.900753541887977,1
3.9037644604695387,0
4.1577480098965145,1
4.691774960927717,1
3.6770850812754317,0
1.0061997722259008,0
3.0963181000284576,0
6.6373436069393845,1
6.65784401468871,1
2.8622430723999437,0
4.60102626557688,0
1.9344722801193748,0
2.1037208152983577,0
0.23047088406607408,0
8.967465499077447,1
2.1070666507490623,0
2.275338769364633,0
2.796014326451318,0
1.27408071695429,0
6.392628831813628,1
0.7514295317758657,0
1.3420242632635027,1
6.447567265900929,1
3.3966062048144274,0
7.079478267011891,1
5.5742474467014205,0
2.560211730615131,0
6.508279504893281,1
1.1627368029288065,0
5.364103830800304,1
4.371481050450346,1
2.678735828174408,1
6.040049977395001,1
8.713335923402825,1
9.989046997630767,1
6.077627687434245,1
4.047058743291702,0
2.2520710021620163,0
2.5709608939511175,1
4.794549781497657,1
3.6727770128070922,0
9.138145226249442,1
3.6829546765570953,1
3.7344459114543547,1
3.83534512433977,0
8.366202103676581,1
6.507883208469019,1
6.141688503188927,1
3.3414302238386218,0
8.179041768324394,1
0.38363861355701134,1
8.707971723381132,1
5.127498997939296,1
3.982502348634128,0
4.971672807176857,1
6.674155305338311,1
0.1276542651789736,0
8.715518564582478,1
4.467395253113928,0
3.429665197000782,0
1.382455656340571,0
4.3946537435844215,1
4.963227712843788,1
4.036466944934778,0
6.786600938268971,1
4.20896528759226,0
9.614175778465734,1
5.992775178235918,1
8.07477935651909,1
1.0935590310947885,0
3.9729129294590573,1
3.368477014471527,0
5.694823881365918,1
8.611135200614257,1
0.7833821776200667,0
0.7257479804471079,0
8.50317708157599,1
2.128500860383574,1
6.687532544498137,1
5.428781323608051,0
8.328935948872294,1
1.2508890983640353,0
1.2978296572261128,0
5.568183602783075,1
9.46378653358371,1
4.1499775837075425,1
3.2694210025469497,0
6.066893231978858,1
9.304486005450311,1
8.369278328446237,1
9.954836107332198,1
0.2256858320237709,0
1.1285814471276223,0
6.09467763366622,1
8.205764393338498,1
2.8524434230676654,0
2.3921108803421873,1
7.869757993812009,1
0.5638185385323158,0
3.693826475825851,0
5.058092225923297,0
5.603486743503234,1
7.286151567927769,1
3.548457234306582,0
6.126843446746072,0
5.853754227909564,1
5.476161006537471,1
6.404832931422122,1
2.594491710680763,0
0.8464875358462898,0
1.1927167203974343,0
2.2458238265390107,1
5.001979355227853,1
8.404427505460202,1
7.012933420883841,1
7.890406042020471,1
3.5097562392609136,0
4.046537416485502,1
3.9368188599061282,0
1.9187318440450152,0
0.6121665814357202,0
5.909160928272268,1
9.892166834205861,1
1.6682970495026284,0
0.46684819899273755,0
7.795316818239329,1
2.525860066847242,0
8.296438053529284,1
7.039366670345154,1
9.456735370508046,1
4.0892723575667205,1
6.619698394506342,1
4.648547808132707,1
6.305886973085435,1
4.495989060077373,1
1.8863224642407483,0
5.078974160033809,1
5.285842014374423,1
8.10603848260161,1
7.355207057935812,1
6.637916239414441,1
1.1338709555257254,0
7.20616290663715,1
5.003051563545148,1
8.940995361061592,1
9.198709341305428,1
0.5515659060178546,0
8.206415603544787,1
0.3769739042267062,0
3.6716962569502263,0
5.422999756210791,1
1.4810079862712744,0
7.463138125690768,1
0.08354704172138572,0
1.6859904843403684,0
5.807968298534757,0
7.143875620372924,1
9.166431026939161,1
7.054966519346238,1
6.7177927025486595,1
3.943411463506643,1
0.012844255268014138,0
1.2015925873562194,0
5.345545447560392,1
6.751298858444197,1
4.174482838964625,0
7.306790115283902,1
5.218622953321788,0
0.7417619559431221,0
1.9201625096794883,1
8.399982232439429,1
7.249127466244395,1
8.94761987012495,1
1.1755724912093657,0
9.90222534615074,1
2.094067139499336,0
0.1177987628664201,0
9.974229390535541,1
2.8107388544511314,0
6.680194525125599,1
1.766823141763052,0
5.802285321991417,1
9.040349864545593,1
3.201811674284386,1
6.702539760443592,1
1.879035887984165,0
6.247953987187253,1
3.3645035181751015,0
2.1120825858795165,0
3.1318205070363514,1
1.7884106850779935,0
9.019161078378827,1
3.9718688631712884,1
2.4527930497436734,0
4.484078410159329,1
3.2053616680649553,0
7.44419253813326,1
9.712199118854944,1
4.380336566976468,1
8.610333999722403,1
5.658630735596195,1
1.5723566509423348,0
6.906227420813416,1
5.134344971258201,1
6.506065232521035,1
8.89687412571665,1
4.404345706560461,0
9.011776232173556,1
7.506690142816549,1
4.886049258779847,1
6.032221356579637,1
3.2558113251901144,1
9.835972997387742,1
6.67351163050396,1
0.43846852496629896,0
3.266219057480088,0
6.233144337590575,1
0.563332777992398,0
0.23884191319142767,0
4.5002423952780255,1
3.3269017969267,0
4.3829860803316585,0
2.626933098800052,0
1.6471774694298091,0
6.891433569803377,1
5.145711162678005,1
2.0015421124936683,0
3.195894262599983,0
5.918079076633259,1
0.7222934827247784,0
1.4745300926617955,0
0.7324560410739012,0
8.123173327141188,1
7.524092332120093,1
7.533129318792571,1
7.16325343476028,1
6.693854236698692,1
4.76991915378175,0
6.42278163507115,1
0.3836155478797465,0
6.214644226567846,1
7.778777055368772,1
5.003583603843902,1
3.5751332842723693,0
2.7742673480097912,0
6.428020501620825,1
6.928011986299087,1
8.709675998625425,1
3.423340824609907,0
7.6977230738558555,1
5.613558241893379,1
8.828364906780791,1
5.278121082956208,1
5.176298283979673,0
5.778770814409091,1
7.493153551424344,1
9.646904788284608,1
0.7356335421576565,0
0.5343460239101716,0
9.375503374073386,1
5.298756255182061,1
6.149030145669361,1
4.824236015947289,0
0.9365745260747449,0
7.680893784186665,1
7.472246450885869,1
3.11703321492812,0
3.062392452284004,0
8.378413809055186,1
0.7235725774132662,0
8.811051483565658,1
2.5666168989591442,0
5.929847477554939,1
9.359941790017777,1
6.781225015366465,1
4.144298124670366,0
6.895342089054152,1
3.439796363163702,0
2.772584163491861,0
9.966832779346797,1
7.507902311797877,0
6.447199773818176,1
3.5528964321931875,0
0.4916082915504816,0
0.3105687603515561,0
5.541812554487988,1
7.620327210390511,1
5.3737919044385505,1
8.407850719391146,1
0.33426533093221633,0
3.667520764259401,1
2.3707039117417805,0
4.47272968157122,1
0.7237639319412248,0
9.541316415710725,1
2.232554010693609,0
9.223077754835847,1
4.2589315503668175,1
9.85524133255218,1
5.540583834602107,1
9.308328641758074,1
0.05348988694222845,0
7.482388061809001,1
9.030506531025154,1
1.3972056697895407,0
0.9612585173215149,0
4.245726071859556,1
9.336789061329352,1
5.423865601904387,1
5.274564637217321,1
1.4112611829932187,0
0.007895110932187865,0
8.101400907454613,1
0.8757456298623822,0
6.33849818735324,1
9.146164545151915,1
2.08651913158431,0
6.652728362369108,1
0.7869857670750946,0
6.03755143837613,0
1.6393172095320274,0
7.35953560515178,1
3.012312947939082,1
4.633910088046463,1
5.994305420276217,1
1.7127341066623958,0
7.416378186176209,1
3.0264034063681455,1
6.623718599127535,1
1.5828305069937365,0
6.881176592063502,1
1.2818807281046174,0
4.253564962699836,0
2.472060737388768,0
7.483752494281825,1
2.6203500450687454,0
8.817173063953962,1
8.918202114066128,1
1.9644131522278585,0
6.138459450077242,1
0.8771764171996432,0
3.915370996016292,0
7.133217295012723,1
6.594232468499163,1
6.24700669406608,1
2.8254086366244358,0
3.7802494943440204,0
1.0294614470028618,0
7.19022820433601,1
5.038887967912736,1
7.087656323456546,1
2.4894352479687276,0
3.244382286350662,1
3.3421533726011465,0
0.257424097472162,0
3.410478728306235,0
8.033045735180336,1
8.972984957497385,1
5.182183156359274,1
4.555016952192203,0
0.30824618699370254,0
8.792043375853826,1
0.1301021342587272,0
9.447500802102118,1
4.892162486880906,0
3.419344935747266,0
9.242184348426601,1
0.24390993110096737,0
5.814248948690871,1
5.489325244993376,1
2.1932040121138208,1
4.288874313502106,1
6.522640059437702,1
7.271311968819275,1
0.007168587065797816,0
9.368534300910152,1
1.645253723928124,0
2.335804342223592,0
2.6347344569384825,0
0.3782013655203531,0
1.2305212359032491,0
9.86349922944162,1
3.1521673737728606,0
1.1530109033904934,0
1.0699126117462332,0
7.194599676699719,1
8.545686640326409,1
2.5695229950846987,0
0.2090951233523497,0
2.2309001844535583,0
0.5651569079675733,0
1.0339493663004151,0
4.315081198476424,0
2.299183708616326,0
5.159458785254234,1
2.5349375325719037,0
9.405373011029477,1
9.059439679262645,1
5.66806105010466,1
3.5442399198738617,1
3.811468820347356,1
4.118522831444969,1
7.27579322134944,1
4.516389955188379,0
8.567299465058975,1
9.440947859303645,1
3.3594615337893385,0
5.606944813756801,1
0.9505653683256443,0
2.0046904776635897,0
4.134657667101601,1
2.0620271590177888,0
8.765604907887175,1
1.5828625605909807,0
4.55660821553092,0
6.056992404598756,1
6.918639081608444,1
3.830693697265067,1
8.690990687247286,1
5.683191510779255,1
4.395077804475518,0
0.6724063405203662,0
4.6468946844516505,0
8.207358408157303,1
6.145410182213155,1
8.321624537291184,1
4.940116705993056,1
1.1846170509448184,0
0.1363984583588107,0
3.032195467185912,0
6.979904714977925,1
7.902599039416938,1
2.9575283462032944,1
4.956539208832471,0
4.211189044340816,0
4.105227843514278,0
2.313487132001505,0
1.3637110502945837,0
1.9668855823121312,0
0.553323871633461,0
1.9813074182357704,0
0.09200897625379456,0
6.272584006359782,1
3.163754073876829,0
9.731447114269086,1
1.9371705077629786,0
3.458285703095939,0
3.5784115864153323,0
0.0845149606246054,0
8.39207953039459,1
0.3199446014432472,0
9.401798347292413,1
8.920743510936207,1
5.355219160859636,0
5.435955749112921,1
6.537779229561563,0
3.8705001193488697,0
6.472222833978555,1
0.4476838868848687,0
0.5404762734972657,0
4.572304196195444,1
5.49622301106035,0
8.87817640335819,1
1.0466063390789626,0
8.226479271938894,1
2.100473372920696,0
3.9408364851003186,0
3.166024348274129,0
4.00155272865399,1
1.5049549807258555,0
5.03570074403555,0
8.016425898313672,1
4.415340103788969,1
4.906135758981991,1
8.487675852813142,1
7.060581146380308,1
4.9045440851978475,1
2.5769564818917967,0
8.849267468449666,1
5.770204016905583,1
2.2114761011069337,0
2.691197526380104,0
8.03133088936246,1
0.4414556208745546,0
9.9209218702882,1
1.3035167971479178,0
7.960685253969374,1
3.9477531677168285,1
4.922161832874669,0
8.806505774645778,1
4.129111895892132,1
5.374937536732345,1
0.4929966240916994,0
0.023474738674531537,0
2.447998730017259,0
6.805830929187673,1
1.212648933591367,0
1.1376195880454942,0
4.109606080359033,1
6.478370386082265,1
7.120719922479305,1
1.7845067409837478,0
0.7958814737204245,0
9.403970339455443,1
2.606663825621017,0
8.533464976087238,1
8.634914504628183,1
7.725225917625444,1
1.6883360665257008,0
8.218014592542003,1
7.692505592415867,1
5.967229901062171,1
3.3720203516895273,1
2.625086042665441,0
1.2188921208035897,0
5.097570669008714,0
5.852608755098466,1
3.5933899051578724,1
4.7535906768086855,1
3.635144573692667,0
6.410060573207012,1
9.012592077965634,1
1.6392026204694488,0
3.8140880990312342,0
1.4086860395086132,0
6.2494377040783196,1
7.288705094885958,1
9.31912732597456,1
2.788719262609649,0
9.502112058654301,1
0.632626718206748,0
6.0301386336458815,1
0.5713271934332997,0
8.937741877619448,1
5.298090570700541,1
6.693483507627961,1
8.315739259104525,1
1.5031062248396876,0
0.38591561938133845,0
8.788811459128521,1
3.149332274589325,0
1.2897890792716526,0
4.684612370870865,1
5.983060756960188,1
0.30970603422510123,0
2.7489565825708775,0
0.3279987427689601,0
4.20335389195499,0
8.951000290662442,1
9.826524114935692,1
6.370475535036276,1
1.616376937845918,0
9.058493899993058,1
5.162478232000605,1
1.537493121029181,0
9.217266694516614,1
7.57469050723103,1
7.317052727231515,1
7.091807037944047,1
2.0033982109644235,0
2.110066917075261,0
6.88292998427255,1
2.197227501103969,0
4.3867169680304885,1
7.820018255939414,1
7.839525180978409,1
4.532617725258596,0
7.921899382752451,1
8.386217961980568,1
6.547757512842603,1
2.2842585230842016,0
2.740117803855475,0
3.1484115540873536,0
1.16804107733952,0
2.731596203699451,0
2.095192243125321,0
4.553287498086021,1
9.084375478722649,1
1.0448031675395808,0
7.202679239473956,1
6.872830044131277,1
0.9575419866335766,0
9.225724049058,1
5.684722021568196,1
3.6372552113568424,0
7.565385834953067,1
2.5736545840163405,1
6.935098370463204,1
0.3971120757224722,0
8.39408037609272,1
4.481708470213185,0
6.3669291435794175,1
2.212378198066837,1
6.770737126584479,1
7.722402758932766,1
4.732131868843988,1
6.177269240617943,1
4.563259238223986,0
8.940913692578455,1
4.978691805143192,1
8.41808709028819,1
8.013520582702485,1
4.105048213483565,1
2.30084491857475,1
4.0608213255977095,0
8.262173757752201,1
2.2763253581939233,0
5.244363458577493,1
8.060967479607475,1
3.5347747512837877,1
6.422096370026974,1
2.4563157404881455,0
1.0927944536815992,0
7.943842250928563,1
0.9896862340870682,0
2.7138139507958456,0
8.5510942199744,1
3.464692870786672,0
9.73045349514161,1
9.797343347738597,1
2.682760204535567,0
0.4097822224989045,0
7.050632842053791,1
4.509865026483437,0
1.0075284395957629,0
7.075228189780428,1
0.31174909111921223,0
8.701966904922422,1
1.3865252911330372,0
1.27311878746725,0
1.7567229796858452,0
9.602663584920666,1
6.93169360253846,1
8.013715354636368,1
3.97634985732753,0
3.3631272750495556,0
2.3448400678316994,0
4.806480283124089,1
5.518287335341685,1
6.317748436527554,1
2.571185039986945,0
9.486540809029906,1
1.6975849820713584,0
9.656531747664124,1
0.14856122507503788,0
4.811256918168456,1
3.333678381165628,0
4.491234139302508,1
5.70664578980789,1
4.35589158012709,1
4.14846850301595,0
7.327234154133065,1
6.8587627508646465,1
8.332712820358479,1
2.4995898123949556,0
6.095285097540636,1
5.851947853928539,1
3.6973781087268875,0
4.860575419026809,0
3.1378214330572876,0
1.418443976169852,0
2.138012106627328,0
1.0551364640120109,0
6.830695751901241,1
6.607273931091515,1
9.506063715798728,1
7.296784136472413,1
0.5204583875613145,0
8.842451739289542,1
8.626751629457258,1
4.4332032077269865,1
5.858630505279216,1
9.760783324725189,1
5.323043638481662,1
9.053218283760899,1
0.8303875781018644,0
1.9105186870868285,0
4.407549434413179,1
5.847568083373047,1
8.162278518628002,1
9.882621151431868,1
3.888514964741164,0
0.47415636140084927,0
8.011715032953248,1
6.0438071908280815,1
1.9854285886820167,0
4.948284566214202,1
7.4231024553372436,1
7.704117870686438,1
4.99618411998762,0
3.0521453012885913,0
9.737425820384935,1
6.633626109564928,0
4.082375193462987,0
2.804632242046524,0
7.311029830035621,1
2.421834455937677,1
1.7170998897368817,0
5.298338889620703,1
2.8998739264414186,0
6.28905144923615,1
1.1793867487423348,0
6.5494110456732155,1
2.832965279977022,0
0.0024293443451273156,0
1.2693605767417637,0
9.33615377835094,1
8.673546391153579,1
2.336090320362368,0
7.783719045454912,1
6.085715931739743,1
9.709047114498695,1
3.736056595340591,1
6.8146061251717125,1
0.6353572242391858,0
3.9624734681640597,1
9.638176611881805,1
5.389808744501206,1
2.878795033348446,0
1.2027096312860686,0
7.035283401815304,1
6.448560434297268,1
3.739387136037746,0
9.509413518658343,1
0.22202812987850318,0
3.037238516318258,1
9.210694862995814,1
3.2093543831944036,0
2.522528338551704,1
5.3422040993124735,1
8.238017499205379,1
1.0314676087836105,0
9.430207096457362,1
7.95072881181164,1
1.8125025555155194,0
7.120079611981627,1
3.8495872263755713,1
4.022946780763187,1
7.832900924388664,1
9.627848079807322,1
1.2665587284719393,0
4.206302368788194,1
4.809416080843035,1
3.7631181695499762,1
3.6318912371622503,0
0.5226866756159654,0
6.855386205626233,0
4.362144171200454,0
1.9479380264392676,0
8.160335023020684,1
8.025607481516278,1
4.8639162808889385,0
2.984506611477605,1
6.380927257964524,1
2.8815213577740306,0
2.3600793032371206,1
7.305146540263267,1
0.403252397209507,0
0.9476847103459396,0
0.06788174023589777,0
1.5294318647542615,0
0.6899000871045946,0
9.958023677799186,1
2.888099699540896,0
1.4926801266924727,0
2.4099625799591795,0
9.361255715401347,1
5.201602230243957,1
3.648180963078569,1
8.733914579092193,1
3.9499027054903246,0
3.350085699576958,1
2.072825225497356,0
3.7779682390941147,0
3.1668435601692604,0
6.7730395929814105,1
2.895827046707271,0
5.771997464225614,1
0.658921650319727,0
1.9128915669651436,0
4.074052716113488,1
9.369492539086954,1
3.7725198571569543,1
6.640741211998341,1
2.5508722242139816,1
1.2703357597323173,0
0.5853660008005013,0
3.0541349854275133,0
1.5766102679690797,1
1.740104480161242,0
7.6075930838695,1
0.15838070944874216,0
5.578101257354344,1
3.794613805934648,0
5.065499999085472,1
5.628302372146029,1
3.133676944572782,0
2.951088601842853,0
7.334018493349057,1
8.712769881211571,1
1.9258163245852788,0
0.9761876053514895,0
8.977958063920259,1
3.4989546364739867,0
5.5131739066281416,1
3.5954314452000347,0
1.2580233634605131,0
5.893316449477281,1
5.251408517696296,1
2.029935591911972,0
4.518690446522778,1
7.969475040156459,1
5.904261031078914,1
0.9691732706699485,0
5.480214972291351,1
7.027382992895869,0
7.927034057807514,1
6.291175786342667,1
1.5265816454078374,0
7.101732665901607,1
6.773418460815163,1
0.2442688294063322,0
4.117476675902432,1
3.329502469623733,1
6.694120642536435,0
2.161358123109207,0
5.9087192297425855,1
9.132059618141724,1
7.9780237220860775,1
9.214577362165304,1
9.7850596693269,1
0.10670127006162766,0
6.227412763774776,1
4.128393977589065,1
8.598544903351218,1
2.518147020091317,0
9.810294891150761,1
6.137079695437473,1
7.935374022288309,1
0.8559955282276832,0
1.8345788475886504,0
7.5840367303420315,1
0.21986522039323608,0
8.168779858937828,1
0.13949018691911452,0
6.5711883906127335,1
3.6509392023180585,0
6.1149485271919914,1
6.960314069891137,1
3.4247521918630417,0
1.0796244811083555,0
0.6964586774826564,0
5.889360225625478,1
5.206553537341115,1
7.422010091211325,1
5.097355100039371,1
4.224457900308791,1
3.9808717823623088,0
0.26446902597667465,0
3.3555720169665717,0
9.760201575244942,1
8.735555762270888,1
3.293780670342177,0
5.877954050663722,1
8.47296745535494,1
4.412743367500687,0
0.1795786375015096,0
0.7451046181864007,0
5.103927213487066,1
9.694393756758783,1
6.932095422188677,1
0.7091619143856953,0
1.8936087579186278,0
7.7132314321685005,1
8.414397599562447,1
6.176945861885908,1
6.444231696298166,1
0.28337450383384644,0
8.285302595815086,1
7.882752081708296,1
2.5903514410334716,1
7.086767199655069,1
2.148546064249981,0
0.4033016105151299,0
2.0113654259037728,1
1.786288767542995,0
3.3774799673484726,0
4.184494971754581,0
5.085388914977079,0
4.767538755083281,1
2.7067460596528936,0
0.29170668574074465,0
6.051016222371507,1
3.957448298473544,1
2.986721573875497,0
8.669410428305124,1
7.467433077981598,1
8.577655483724422,1
4.94982794712461,1
1.3093125212677748,0
6.962214361212724,0
2.0607377993717524,0
4.412296690917168,1
0.650007889488885,1
8.253084024229825,1
1.2594064104750058,1
9.030975070493097,1
8.642306022615571,1
4.645827644392461,1
7.443682043039907,1
6.194450738181533,1
8.030756423377449,1
4.31805100785912,1
7.8580848424435,1
4.62456817065148,1
9.409657878427938,1
4.863721008251476,1
4.626192719337295,1
7.850718615635127,1
8.21577691760838,1
5.544891143211707,1
1.797978134950754,0
4.677582309575795,0
9.680725029096784,1
7.529861930391851,1
8.111626038791321,1
0.3282549881924013,0
4.678594626341599,1
6.466211336575554,1
8.300326836280746,1
0.4927365358277147,0
8.524388856418732,1
5.484009367419117,1
1.9731397057605993,0
3.172552164497,0
2.8192955175156076,0
5.308590342884758,1
0.5168567991113182,0
1.5853615849992353,1
8.126930433757824,1
1.3260399074681106,0
2.3339626945812695,1
4.533706056041574,1
5.171208881133305,1
7.636104796141586,1
4.473324266661878,1
7.898646210355388,1
6.183463070454574,1
1.1309973942382245,0
1.5633143839283858,0
4.370337254497708,1
3.968893930890396,0
7.435442696372946,1
5.807371397973519,1
3.881330810022493,0
1.7076028345038563,1
2.2683710232549514,1
5.75501018469059,1
4.234388048997925,0
5.1492750886067205,0
1.7067743530223367,0
6.629062523445658,1
8.52538740855967,1
2.579395067869006,0
4.915142258318266,1
9.755273290209018,1
3.332417405507276,0
5.950463449237612,1
0.9019570020024437,0
6.0601500247944315,1
0.8963177330461791,0
9.592354353238221,1
7.156626520723114,1
7.881597881357064,1
7.041043607716368,1
5.897290360764657,1
4.499127810855054,0
8.583733797610623,1
9.56835667543063,1
4.9903617290408135,1
9.31535049155262,1
5.833329099885175,1
5.383841868964332,1
4.544827329553566,1
2.0928776153011985,0
0.037196608180591895,0
2.4150622685606127,0
5.097231716035652,1
3.7995995225975254,1
4.484852280026338,0
9.806482195640495,1
3.502723706693276,1
4.521829393601079,0
1.3351555135281956,0
0.47957732436987643,0
7.754095145924946,1
5.706831750719786,1
7.6070480604389505,1
1.4986279888655163,0
5.7182877118269095,1
2.5364247434137557,0
2.280618169000199,0
0.11526014052985256,0
1.303407235690719,0
3.0926811149969535,1
1.1687876059093905,0
9.858584404109376,1
3.086326485239507,0
1.3032394670232816,0
1.9908231282795774,0
5.877032283414765,1
0.6404352386478851,0
8.624341301411569,1
9.614996792371473,1
2.467474206673809,1
4.500952685908594,1
0.2213445102949707,0
6.407102247272215,1
4.139260580525889,0
2.700584661015557,1
2.0683711061660848,0
6.540230776587604,1
4.162170310323145,0
1.7965928902991202,1
6.891090814868241,1
5.650722830366936,1
8.586720549294961,1
1.174758988764929,0
7.856666019444561,1
6.73516786817259,1
1.1501093682809782,0
6.948207298717207,1
4.415472888798304,1
9.449847855558431,1
1.4161135061789931,0
6.42833390815738,1
3.8198004546294593,0
9.568146705908777,1
3.299748952902765,0
9.621859094918001,1
9.01485851100749,1
2.7038323531065633,0
8.035417768264278,1
9.95604201803506,1
2.5266300217128235,0
4.3677716932331965,1
5.201807365667596,0
2.949311358038643,1
0.1526483964602976,0
2.2012924419752666,0
2.8193688434175845,0
4.435997013181872,0
1.7110247841340187,0
8.732543566916727,1
7.049111327313361,1
0.8520047755966198,0
6.500924511399314,1
6.536564764056204,1
9.562211736436277,1
0.030208713561612477,0
2.479324498058072,1
9.277914793753155,1
9.32133915398283,1
7.205864193706374,1
7.6576332104753995,1
0.9148295792964711,0
5.138758347782336,1
2.3158299128899937,0
1.8121804361361726,0
8.103032991233325,1
1.3503813668054743,0
4.686516369963853,1
9.38578239586033,1
1.8583205556534255,0
9.779934237382346,1
9.94287985761059,1
5.556171546824029,1
1.7014274017715791,0
3.1610488794089564,0
4.2449283267653515,1
3.093242243582229,0
2.806355798765158,0
9.722297092163576,1
1.5336482741574564,0
7.333279087168623,1
0.004102894391748713,0
5.9618266940237685,1
9.159430039540524,1
2.87934094093219,1
1.855259752577192,0
6.516797948784269,1
7.126014072983931,1
6.880305189519813,1
3.1931688002137406,0
2.5220240215933085,0
9.559187999620441,1
9.232995082699295,1
4.573166098928203,1
8.461938661543734,1
4.52323477634296,0
4.243890180725104,0
1.5676294759929466,0
4.2640605649197285,1
5.37416938599807,1
0.22504327428686466,0
4.441130051754064,1
7.813562183952003,1
6.800460563742698,1
6.35156988863935,1
9.095554284372025,1
0.1803200982523001,0
5.570475861922342,0
7.873488484097071,1
5.413353827012672,1
3.2389555258037914,0
1.3625056509197786,0
8.875630718161913,1
4.70762392387603,1
8.781151969857014,1
5.8585212243316835,1
6.741921166150008,1
8.042611543784501,1
6.591555446001344,1
3.980548406789377,0
5.13633383928651,1
8.030455246758798,1
3.736502963729842,1
3.881214567684971,1
0.9569011605800115,0
9.145844352217477,1
0.9103631494544173,0
6.482091774485559,1
4.131944788027977,1
4.056193902554424,0
6.795518365726839,1
0.6709373262987872,0
5.937057829514346,1
7.720317859723548,1
8.282127578865943,1
1.705303893937753,0
8.974190500781736,1
6.561460918474422,1
8.818548008206829,1
4.852807171101983,1
5.42033345097202,0
9.19038277028671,1
8.999095433546717,1
4.48160873369002,1
2.7441263163568177,0
3.9317043456426415,0
3.8776432852974976,1
2.8686687498279397,0
2.685796043329666,0
8.610629364797195,1
0.6986192068466168,0
6.776111820995942,1
1.728200514564523,0
3.4450589339406323,0
0.6154303413483686,0
2.6997363685546203,0
7.684210711172421,1
8.850153245472587,1
2.2152715190236707,0
4.635478392589219,1
4.703240479372064,1
8.735753057597343,1
7.627990528758054,1
5.130772183680499,1
6.707472004717734,1
8.473550539093669,1
0.09538954025544943,0
4.028900310500486,1
9.072431672770787,1
7.403130308439514,1
5.428413743340746,1
5.2964452703513345,1
3.477700976044378,1
5.205205336415145,0
6.553831994634533,1
4.18363038428793,0
7.14153146392174,1
8.612322272603858,1
1.5468484818486117,0
4.5154702281742445,0
4.080200912850811,0
6.874648040497281,1
2.4986746525792936,0
6.402509149522762,1
8.77489241731488,1
4.181315997936227,1
9.110156999792201,1
9.931637389334785,1
1.0609204994795207,0
2.3305318798485866,0
9.503797514820931,1
9.583276864813868,1
0.977072753867585,0
0.1499850037713668,0
1.6110002325642225,0
9.960127833822483,1
1.7999961661068686,0
5.025476067220231,0
8.48417726430511,1
0.2040161068820634,0
6.044889822584595,1
2.770254488696243,0
8.623349164397316,1
2.834611492640792,1
6.867557202819089,1
6.742196324473969,1
2.2149354885964003,0
0.34799199868350117,0
4.092495737853973,1
2.891931519658697,0
8.089777496137087,1
8.003641884553453,1
4.570239521926255,1
6.06512225323219,1
6.0425951598692516,1
8.271581484276233,1
4.250024141231975,0
2.7544667979050907,1
2.650349181405475,0
5.361922792822042,1
4.491482027322125,1
4.401207709849362,0
0.9113733908970723,0
7.186037406901956,1
2.137366879819107,0
1.9695363020872136,0
4.127583202773934,0
2.277783416178014,0
5.838582673080154,1
3.714633393344715,1
4.489117225927901,0
5.371693216040288,1
2.0353552248180486,0
1.557516228655298,0
8.804219028736048,1
4.3372370283142105,0
4.120936096325392,1
0.3561215027284148,0
4.9797630258739325,0
5.541697216110001,1
5.588408709546665,1
7.0703116932288435,1
1.7748183499101178,1
2.5222313423061884,0
8.107304652304126,1
9.47170616843394,1
1.3593274736732064,0
4.976495545052182,0
2.1417625273958683,0
0.6007316835498244,1
3.255033381261354,0
1.4368762518421274,0
7.0993307343424625,1
5.337254136714444,0
1.4383447099031088,0
0.09241588405514367,0
8.081570490242127,1
1.7619440616424753,0
6.06216642220766,1
3.3692191307674557,1
5.854859383150356,1
3.15653626982324,0
0.8693956069225417,0
2.229500085577536,0
1.880585664790756,0
4.280193524396438,1
6.582837834261573,1
2.6380607494635755,0
0.12069935300617951,0
5.189373642647569,1
6.05759489358972,1
9.628704940018096,1
5.894708030932469,0
4.711725593781418,0
5.7340162589770385,1
9.27900629862027,1
8.283781456016463,1
3.22978733363808,1
2.372543636571373,0
2.626336123660736,0
5.04421039715213,1
7.4404945122857775,1
5.032192071829621,0
0.6779639582811259,0
7.235807004399809,1
8.059701286709538,1
2.8949786511971967,0
6.641257392833504,1
4.265919010543934,1
8.891193557274429,1
8.452255581607398,1
5.254319983096423,1
6.915055458135945,0
8.83349701022104,1
4.957170100782755,1
3.1325074048882193,0
7.536661379095813,1
2.2006625478469175,0
3.8853114800604205,1
8.657272371067936,1
7.244223402693151,1
4.038110052474993,0
2.147445024083574,0
3.5596839083223655,0
2.84104149227433,0
1.7608928794385392,0
7.4333291356565665,1
2.5206988685017153,0
4.541674701677638,1
3.8585944683610904,0
9.820773786356309,1
3.9109224414822052,1
0.799824827967548,0
0.8982575257208403,0
5.907537213530648,1
5.993635517382656,1
4.18758990482655,1
4.318436923120297,0
0.5393258284087121,0
5.165465103892623,1
5.047394753803517,1
1.4954931855694453,0
1.0383938611092758,0
1.235724905994905,0
1.0102824649125852,0
6.097081955367598,1
1.9648265240291862,0
2.5143015218746347,1
1.7357214415143973,0
9.57835304448503,1
8.546174631518355,1
2.3049483735152085,0
3.27566293922126,0
2.098928423049972,0
4.918759594608238,1
0.19610532474253595,0
6.713680088967957,1
5.231581498176416,0
8.986389283011032,1
1.6439268432841414,0
8.041092460611317,1
7.919610144667157,1
1.2718118921688693,0
3.985592241441276,1
1.701526411445169,0
2.5472050045754893,1
2.6324617483054435,0
5.562363940257727,1
4.114109317604655,1
9.477328040063053,1
1.2637014194700513,0
9.736921348501987,1
2.3063864021426395,0
7.728739363818531,1
3.389699261728214,1
1.430813954173139,0
8.5788918524624,1
3.088608992364632,0
6.588554042268422,1
5.664436850866266,1
4.717563093908743,1
4.958194726485391,1
7.322379140922876,1
0.8777291412344057,0
6.681806619579051,1
8.958121013985787,1
0.5778819701986415,0
1.4065333923366674,0
7.166319367020314,1
4.372816482446176,0
4.035486208136883,1
1.3696663454423585,0
5.067700407177881,0
1.2654531119637724,0
4.766204563105404,1
7.636152989616567,1
2.582643578871635,0
4.807861681797273,0
9.920159693968357,1
6.866504233540373,1
8.413567713051986,1
4.148476065605458,0
7.678609231258553,1
0.40509172941321836,1
1.2291118254224498,1
2.0307059292006215,0
4.019519246152195,1
8.457448783257632,1
3.462660507879305,1
6.546211935154629,1
7.093142948034834,1
5.861823540883414,1
3.572419681701362,1
5.770533417135443,1
3.422655927897462,0
0.8387373855201208,0
9.928039781860145,1
1.271824536325109,0
0.7234838383605735,0
8.78530749207156,1
3.018346608928951,0
6.502969740735076,1
3.2900572966223285,1
3.9145427079447117,0
2.621129720167965,0
3.430440057930102,1
4.107004005865431,1
7.204160690923429,1
5.115361942347918,1
9.43565217156977,1
0.4188039383877551,0
5.030683226320281,1
5.842247888317181,1
9.20196986074274,1
0.49158523621427586,0
5.73499584935216,1
8.53629928527957,1
2.4192772811923655,0
8.762923485239375,1
0.19043409274291823,0
7.324546291337297,1
9.33113221168653,1
6.571976616400622,1
4.39029243980448,1
0.44881016472718027,0
9.201138133226287,1
4.702962226915748,1
0.2899674433594801,0
6.898210713287619,1
4.818372535762582,1
1.2434531744241073,0
2.1427180931025958,0
0.6449068045584627,0
5.742935397085736,1
6.220294792520092,1
5.057422983554444,1
8.17102133002615,1
8.610088213080136,1
6.1562439668312665,1
0.12756479707430546,0
6.952296557477356,1
4.179992169203516,1
5.65557483226387,0
6.490806020188844,1
3.5023661432707676,1
9.170985051717942,1
1.339748667497812,0
6.715118072810374,1
0.04359579956580428,0
9.246511054051808,1
1.125041332380915,0
0.9488423014757463,0
3.3300763305224423,1
3.735662860390806,0
2.143000723228786,0
5.851216609271247,1
4.4291409804196356,0
0.3417558904108742,0
3.196520622553006,1
8.104329135731705,1
6.897015348618686,1
7.248708535798805,1
6.981169240835236,1
3.109730213830333,1
0.9966392207677588,0
2.72467184033096,0
8.317853001851592,1
9.804707977830711,1
4.938470147415614,1
0.0970035492304222,0
1.4004481213422904,0
3.220805753162658,0
5.785853485929497,1
0.7509364580531397,0
9.433572987098817,1
3.6508367328440072,0
9.125842179248231,1
7.805218027570218,1
7.554372725155812,1
6.06719579782232,1
6.267838170518446,1
6.380032352162481,0
6.287213870255821,1
5.537282313983613,1
9.864140184828889,1
7.322905674256961,1
7.769463883925212,1
8.724628150836741,1
2.1563976272584915,0
0.8380415909506078,0
4.828944365985986,1
5.140806956192732,1
8.291817799499178,1
4.437835792823357,1
5.708530255443128,1
5.270709385134583,1
0.38202783757391057,0
6.15214896596914,1
8.280432857742522,1
1.5750054807580383,0
5.943317339265958,1
5.936105444464143,1
1.6418496405635874,0
1.2346357373073602,0
9.800519429764847,1
3.9371916965303755,0
2.2742172872352926,0
1.7132454445437495,0
6.676017135832351,1
6.094452973272788,1
6.435521229874174,1
0.8800602751145226,0
8.93534583498437,1
3.892663968090483,0
3.1336940643035796,0
4.623614472477392,1
3.9006606574762825,0
8.63577003139146,1
9.29260975197892,1
3.034532164496062,0
8.639358074599548,1
7.815231295330671,1
9.308076723447618,1
2.4575031218588785,0
5.769591501209791,0
2.7454458474044463,0
8.240944904843742,1
0.05324190571064258,0
5.648191628863961,1
3.39203431271918,0
3.2268370707782026,0
6.4490632386491695,1
8.51484449313994,1
6.091953913933263,1
8.531729786467224,1
2.6459711188102997,0
5.195018547649811,1
4.50536539067076,0
0.11644899503096218,0
5.568121431407401,1
6.615243241461749,1
5.9191440441907,1
7.362798987834215,0
5.713395284530771,1
0.6675025485075692,0
1.1644552408471143,0
5.964745775439524,1
2.749791919736402,0
0.7964512903476584,0
4.296027434485468,1
5.543225980836554,1
3.2874598834960658,0
7.204337022257779,1
6.437706081012447,1
3.3281836109167195,1
7.548725289085606,1
6.486950425330354,1
6.374453787179021,1
5.53427700787068,1
0.11389668088552796,0
6.965071834768891,1
3.7604179110915648,1
9.426097101586556,1
8.179847710772053,1
5.876944695313123,1
2.5218198181926943,0
2.037173932776666,1
3.4038483767754912,0
4.765679435800186,1
2.960655100389471,0
5.149294953924828,1
1.6537042551318593,0
9.777128128254999,1
1.0792455496499387,0
9.31944139654372,1
9.135780114026948,1
5.25360481819498,1
7.249102718360843,1
4.360482979725878,1
6.300345775424382,1
3.405759374211187,1
3.0115901978544537,0
5.782297861695137,1
4.981296741839803,1
5.79536369149981,1
2.8666058128702296,1
3.6695783181699526,1
0.8389796062890931,0
0.5227637227220572,0
2.534571296730163,0
0.7424685933054576,0
1.037747086347407,0
8.12928405393937,1
0.388736970166893,0
6.589427939347427,1
2.725577488154005,0
8.715456807081264,1
4.849922845774995,1
3.0557645932782576,1
5.1763893568943455,1
3.8195801904526885,0
5.643010646698302,0
1.1453286832634824,0
9.969905028125511,1
4.255558776967176,1
3.4823063970736867,1
7.102098483162649,1
3.638994064953325,0
8.332743050287576,1
4.542707243604252,1
7.195584132654349,1
1.0745321644188655,0
8.461191855551117,1
7.357179867781099,1
2.1171677846196566,0
1.4528600974578665,0
3.162923487256244,0
9.760705860319042,1
2.5683157456705863,1
4.561272089466333,1
0.30020225717336313,0
3.9722752956623255,0
5.713200154331028,1
9.531246125079651,1
5.167360449400644,1
8.191073261776879,1
5.471276425689005,1
0.407850134355181,0
3.1500827518977403,1
5.755495078311032,1
9.505939659311244,1
8.591303597512333,1
2.2835561417884764,0
2.201098300191635,0
2.0117296711390074,0
9.224988963025032,1
8.526661531017206,1
7.748834322529488,1
3.9273511422422756,0
5.043807042987668,1
4.643317447951528,1
2.5339810755937267,0
5.050280461487669,0
0.30496547852754463,0
1.3181037349745917,0
8.865895961689464,1
7.516797670314233,1
4.228684090590871,1
5.171503622838772,1
3.6999888595997743,1
7.407798671606725,1
7.841871792320796,1
7.632851902031591,1
7.2261172483444955,1
2.0450433869279583,1
3.3796997924047876,0
4.69845434983675,1
3.3079299142765564,1
7.54940200158329,1
3.293535242499547,0
1.3823208678533716,0
3.9904045204830405,1
9.799144327823804,1
2.258814129335759,0
6.12158658943229,1
4.329730498397063,0
0.7102456764932663,0
4.878766059980595,1
7.021643286483124,1
5.132199758278188,1
8.721060637465811,1
2.8893701665758265,1
0.8624917130396492,0
9.36565611658006,1
3.78196349528219,0
5.7640555145363335,1
7.9200312613019594,1
3.243136638755806,1
7.161645381776111,1
1.3541884981782804,0
2.9129374720550527,0
1.447106361365199,0
8.112305584013578,1
2.2264923522678535,0
7.174035554052103,1
9.432983972456526,1
5.27772209068877,1
5.400291922606877,1
4.61033568097812,1
3.2589014339364275,0
4.756550309249171,1
6.028075322667594,1
9.859915721706594,1
9.377645593182242,1
8.621529582931217,1
8.891305357048584,1
4.67849183292043,1
6.574443271774648,1
8.950667229362141,1
3.9295076499135306,0
9.617624783454687,1
4.15786062069183,1
6.010826653932156,1
7.098047132723719,1
9.505920130759383,1
2.4461627405226603,1
7.461309782386422,0
5.208155861440822,0
2.6855714062064107,1
7.766068397963906,1
5.522222801738465,1
6.609738206496758,1
3.22901068577901,0
4.81273951827605,1
6.17354250988067,1
4.04910814269844,0
1.9837253984770131,0
9.61640492315304,1
5.114675400426174,1
7.339203702877005,1
4.110471935560581,0
3.5513176402571633,0
4.07164298467125,0
4.091966437856498,1
5.441801159419536,1
5.434698699813632,0
4.971538158828716,1
1.347857849174381,0
4.960754785005311,1
1.6910390042065149,0
1.2613578629576516,0
9.326457173411677,1
6.049500131477043,0
6.5949005812458426,1
4.017936703333637,1
9.089808919148641,1
6.379304895796655,1
7.691698695235875,1
3.6856246902771383,1
9.600118808191255,1
8.20461290158315,1
8.539484630145436,1
1.7219426742575428,0
2.709632078712195,0
2.856265996835771,0
2.709092232468712,0
8.55408162104288,1
0.3188479520859211,0
0.760999889807743,0
2.739148706299037,0
1.9987297464944365,0
2.3185961388284837,0
7.979431892533,1
5.631265938920469,1
0.057706612929679935,0
4.293227657041952,1
4.078849268503589,0
1.1394526944454353,0
6.761417886014572,1
7.02097188379491,1
7.208932190520977,1
7.28470945558592,1
0.0005282693229680113,0
9.539208038467223,1
8.14208767054663,1
9.039816965892854,1
0.15643295307434135,0
9.338587957857394,1
8.097885286881047,1
8.372191429586985,1
0.9328738472196851,0
7.387780289185977,1
9.59916689642091,1
6.785473414181606,1
5.7056140462460645,1
9.45629677748997,1
4.42937121734436,0
5.992935663104787,1
4.763382934943662,1
9.328462213602991,1
0.7608472676550726,0
5.011197008253482,1
6.869524413854383,1
7.919065384222369,1
5.830186474441364,1
9.08917744121454,1
9.419914468838718,1
0.6431922319358352,0
4.023705395413744,0
0.23459021721154438,0
3.2941665737444294,0
5.368682179706021,1
9.107949305099488,1
8.465543224654029,1
1.2749972667198572,0
0.930303747408957,0
5.892673387566671,1
5.321179724587827,1
2.6637764143002385,0
8.994530845538351,1
9.273664094615535,1
4.026114383401627,0
8.903025571135203,1
3.8394889426297265,0
7.368168318297002,1
4.7594221754772414,1
1.2258315650718299,0
9.279342012370215,1
4.540965933775366,0
7.344870403224037,1
3.6717381443129216,0
0.1888087857623466,0
1.005303586918359,0
4.9621947948992435,1
6.899643571263624,1
3.3473532657927905,0
6.954884591776503,1
6.98635589431956,1
7.039359073278309,1
4.925218540205084,1
9.14886150121504,1
4.891965179806156,1
4.502651934966382,1
1.9938081901062699,0
3.076550873563365,0
0.42334492518303346,0
6.335352936161702,1
2.4853574392709286,0
3.041552544854651,0
7.708145216643212,1
3.2722118316145385,1
2.4219589201314218,0
1.6905774913370575,0
7.748584021819559,1
1.2970625799002689,0
4.537537602503535,0
5.0693011607719445,1
6.873899126857146,1
6.3328348233299545,1
8.107206729451748,1
0.4475143392623815,0
2.964407247793972,1
2.8013411877537973,0
1.4601690559210823,0
2.8917825385644313,1
3.097653141429034,0
5.218844619274783,1
6.637044789262561,1
3.8110051361181405,1
7.194702313133812,1
3.3616533857957998,1
2.9028367731476035,0
5.411880558570243,1
0.23716360305790607,0
0.7978912363400037,0
4.179695435865271,1
9.429127113917565,1
7.215117798434236,1
0.8812656950055775,0
8.463180127808737,1
7.32300770608181,1
6.109465257026532,1
8.202929606091773,1
4.041098477429571,0
2.215010508538527,0
5.120233891087594,1
5.488417555934738,1
5.383263720099121,0
5.650737914801053,0
9.487049182391807,1
9.022456230962314,1
8.757170365589394,1
8.014168109086272,1
9.434281072652853,1
0.9849464167940325,0
2.651232614457395,0
4.950559456545848,1
8.465344931234052,1
5.051657115227325,1
7.480347393415887,1
1.3895990524891622,0
2.5241381297656016,0
7.317760950376724,1
1.6473400888772405,0
3.5135593465492674,0
2.6486625781357143,0
3.4986169422247846,1
7.083240490779703,1
3.67847181142801,0
5.5526332260794025,1
0.9993187705440965,0
8.050176932346279,1
3.6988862564812486,0
6.485341590333425,1
7.253896016618326,1
2.0966092211170038,0
8.846749849533499,1
6.162242516069529,1
4.287251417514815,0
1.8233518357821954,0
9.423009379012067,1
7.550682041316251,1
2.0802456273324887,0
3.377107747242245,1
8.096742580880733,1
6.95677663215339,1
7.657842927157244,1
4.412011022129324,1
7.164762626421669,1
3.8649372286391372,1
2.1126291693819645,0
6.3267703484136,1
9.760139255987943,1
3.106009713953296,1
4.609695922125397,0
6.740013710698536,1
5.415062821224879,0
8.434277957090492,1
7.617427064695159,1
0.5829720386235704,0
9.98421233923774,1
7.524024537194673,1
8.639033162941132,1
6.511977120953464,1
8.562851280467623,1
1.1238297492870941,0
3.4773783555931557,1
8.764209436044927,1
2.016552112668922,0
0.7824209858002273,0
7.8811893994521895,1
8.354861556432962,1
1.626522181899006,0
8.543459827827155,1
6.867677955971696,1
5.2008268321658395,1
8.30250192781385,1
4.192492493189658,1
1.9399395622339721,1
2.8485267661061364,0
5.0516401829331485,1
5.313307926731757,1
8.055808264412336,1
7.913527236523344,1
5.813665572045749,1
7.807854833654764,1
1.9177345829367098,0
0.5006452709329434,0
8.736338226347002,1
0.7555449376276957,0
2.466884297439973,0
6.953189496243846,1
4.0944793762730916,0
8.763139699155088,1
2.9797979466226954,1
0.11871346669359295,0
3.006556405607441,0
5.780750491848316,0
3.7593837540329336,1
5.348727557587552,1
8.765981188350187,1
9.124850542303685,1
2.6597406465411213,0
4.621404732699007,1
5.491440152414512,0
9.491124568882471,1
9.986173191643847,1
2.3540724884152664,0
7.2697987134581545,1
3.7803106223319514,0
0.08108196886213226,0
0.09252522435902355,0
4.605660075622557,1
4.883349130043346,1
0.22569696573442655,0
6.869274167743025,1
2.940033885949531,0
5.598931015359494,0
3.0091907316541877,1
1.6713431486930719,0
4.071737385988753,1
2.3227336479050074,0
5.34800976919168,0
1.9882853028647995,0
5.084059766446271,1
1.5737851486886756,0
6.70974709485785,1
7.539376844414241,1
1.1039423424993378,0
4.678024120373392,1
0.7087170065487358,0
5.981824455420024,1
2.6440429792964535,1
5.276244568387078,1
5.174610093842912,1
9.243543461938003,1
5.490832225687229,0
5.829984797183156,1
4.016531257643803,0
9.490796031828168,1
7.771859094396096,1
2.854052903028416,0
8.44209585776232,1
4.3239636018509,1
8.28667143533594,1
8.22888068293502,1
1.8887018676285439,1
7.011411313835769,1
2.906429693065311,1
2.974926699926682,0
2.963480768805807,1
7.255682475599482,1
2.298260417925361,0
0.009058352460902253,0
7.152368534826331,1
1.7118474383512527,0
1.0448239530783465,0
2.3751612059406013,0
3.7990052232270397,1
4.759063274732007,0
0.4457004071263082,0
9.705733326273604,1
7.160630534195581,1
3.2319406532433614,0
3.186972572853973,0
4.485425493684594,1
6.26244822763033,1
1.4637306658896776,0
1.8892981376495233,0
8.59434582833551,1
2.5625492388907256,0
3.8019499797517753,0
8.71271850950117,1
6.631478293998225,1
3.4171187934168836,0
6.836995457246208,1
0.1968321538141371,0
7.356426600113652,1
4.870160405162395,1
8.131821472844612,1
9.546376520064683,1
9.257885494945683,1
9.092650434553407,1
5.121699559338872,1
3.6014211413893804,0
4.650353247306728,1
6.898960033133608,1
8.839977768711867,1
2.0698630300011955,0
9.18193158461703,1
8.151802319698891,1
9.788560151782345,1
8.802517732816872,1
2.7993732969190663,0
1.059559113440477,0
1.1224107199158861,0
2.9122331857827612,0
6.141837239845392,1
8.043203260971726,1
8.992503069815648,1
6.2375338436923276,1
0.056313127480537295,0
1.8631677651853351,0
0.9972620385336795,0
3.6332447556901,0
5.013509936337459,0
0.43397178578560847,0
3.484779757956553,0
1.7917967462532258,0
6.4707016625887395,1
4.642723693243401,1
4.953176469339088,1
4.276917880334611,1
9.56019710486567,1
2.1473512512156323,0
5.166642598438743,0
7.360173683653359,1
5.568444131345625,1
9.290208857168011,1
3.7796835564128415,0
4.636758057731781,1
0.8852231521472842,0
6.089991110519285,1
2.8821196844810606,1
1.6030903951556885,0
5.44531292904508,1
5.323102633799106,1
0.7587164122404755,0
6.982154534944728,0
6.237721906508529,1
1.890172827464972,0
4.694348621540438,1
7.2032291647856,1
5.294357405412765,0
3.954890761835702,1
3.2233845808094364,0
6.103938666440536,1
9.391086983102406,1
6.717448404774834,1
0.747459036363155,0
4.6068497348213375,1
8.908241315106276,1
0.9446242580108688,0
9.888757121375434,1
9.490693936454214,1
0.7827448072987586,0
9.334133204495549,1
3.631325902594622,0
8.447091670758626,1
4.183833377132715,1
4.4085511270251585,0
6.342430909775426,1
7.7447741927598335,1
0.33789150948248636,0
5.931559955271343,1
1.8673299409737099,0
3.4594951786320296,0
3.479686661552165,1
4.690603402211536,1
3.341364118761734,0
1.0736111845066776,0
1.4562873852545144,0
0.3343798556109767,0
4.702490853287543,1
9.544476948529885,1
1.1567522364811655,0
9.46264493003082,1
7.333615147320936,1
6.3749880293416314,0
6.452777553235629,1
8.26727648396282,1
1.0691986437982137,0
5.047543235655417,1
6.970911382607586,1
5.868204450735637,1
8.327790710232946,1
0.7227170901135149,0
6.9070103949916595,1
5.340277303847177,0
3.791608639799434,1
3.4027498223403088,0
6.208326327741929,1
8.909953746442648,1
4.961759261011153,1
8.2472316407692,1
4.021563818439676,1
1.0239446279317654,1
0.6150573645863855,0
0.5133437132367757,0
3.8015014195766996,0
3.3723775083584204,1
7.1793702362256955,1
7.428215015848658,1
0.5085396883373983,0
2.2112326288901496,0
2.7426185015889972,1
5.476119841428094,1
1.4451522390695026,0
1.3394121940000037,0
9.437888892079581,1
8.04202907297781,1
1.806549020911703,0
4.065678079054909,1
3.5562199925756555,0
7.910040740654073,1
5.10212916478122,1
1.2784973699346702,0
7.389920631562439,1
3.9688797822491892,1
2.629242476321471,1
3.7549862202072015,0
4.977565636068963,1
3.4311551641700944,0
2.419057725917578,0
3.985020288039803,0
0.19172910749898242,0
7.724978460963139,1
1.709448935675858,0
0.43904613630637246,0
6.5369869290507925,1
7.739361288236722,1
8.138291315928432,1
4.9350918266059995,1
2.053681846899853,0
7.372276772498267,1
6.997130771543372,1
2.4627073410317326,0
9.03407755862793,1
1.04371458082829,0
9.826882395913257,1
8.602478109774646,1
6.878986454790752,1
9.38749888279833,1
7.223111683237078,1
1.9045699703004593,0
4.421561381128117,1
0.7150302433163536,0
3.8965742228811537,0
7.416030197372087,1
3.864433509308174,1
3.302941754681341,0
5.953557225103118,1
8.72204528998895,1
0.4758319254611243,0
3.8547043469973543,1
1.582407418152627,0
6.953542507318696,1
1.0572456043113487,0
6.6480775858024455,1
2.8618087079790735,0
1.989168137372247,1
9.363525578249854,1
0.18524576745955867,0
4.37777271889569,1
0.21626992461793781,0
4.83593048104329,1
5.010473777944182,0
3.2166247139474704,0
1.3216177752502367,0
3.7638753773447533,0
6.72262939932566,1
7.823958086444591,1
5.307506023881423,1
5.898343944397556,1
2.006163711246527,1
2.8733033322764943,0
1.6189561005235842,0
2.4929535000461134,0
2.248867802255318,0
5.194487863912376,1
5.626887557907294,1
9.449474208215046,1
1.9557064710152305,0
6.41675710161496,1
8.172592689875229,1
5.602414637830525,1
2.550036525010757,0
2.625502300200002,1
0.3925305307099991,0
3.054442265484817,0
7.446036790033801,1
0.4751775720711038,0
2.1929528250483066,1
7.06232498531782,1
7.8265156282287665,1
4.553184100619284,0
6.980743384786488,1
3.8795216865489204,0
1.5991324502412751,0
3.9814949352290654,0
5.799678202031428,1
9.480532818528904,1
0.6875095208867732,0
5.073940938449606,0
3.2891977821072436,0
5.083116942766946,1
0.23975447376531678,0
3.1302535470158133,0
8.19868147527005,1
5.539417338546375,1
4.505824928161174,1
2.855250717153396,0
2.980425227913559,1
3.8310143359058446,0
8.355707099645604,1
9.672132068082684,1
4.386553813503745,0
3.9335283874776183,1
8.465507758198628,1
4.269053206363036,1
5.5201817229565115,1
2.3094166459874446,0
7.435025357790752,1
5.319883182707819,0
8.090345502403416,1
7.807327300286698,1
2.1500476827002855,0
7.156355505577624,1
8.000544079513714,1
3.4610724078239508,0
1.7260911290227454,0
0.0263215557958818,0
4.509036530931482,0
3.524327315388416,1
5.5490983382540895,1
1.8804109258878576,0
8.596655476664752,1
2.5775521562810964,1
2.2642960508764998,0
4.807140564843559,0
4.988510237442743,0
2.1508522878509284,0
2.7186072672591575,0
1.6970523915524494,0
7.184601783231668,1
7.700890312540819,1
4.623284974592826,1
7.140870226850175,1
7.359353919374455,1
1.382755276778086,0
9.661780248345368,1
8.21031947096431,1
2.044834611958235,0
1.8616503574607024,0
1.2566114557958274,0
1.3837856254191838,1
7.481617990286962,1
4.696542569516236,1
7.829341727398672,1
7.462548943502054,1
6.046127135052216,1
6.863666065786795,1
0.1835572437914179,0
3.1177764680502196,0
6.378221792594102,1
0.09344953486244201,0
0.32976943682593407,0
8.518879824703832,1
6.840248616920718,1
2.6536973312034395,1
6.87962840118709,1
7.9245666913926325,1
3.0679428311010124,0
0.3603737749918745,0
9.327791246877345,1
3.451798382956305,1
1.0648176328470638,0
4.9185687139314735,0
7.684677956641338,1
2.2164731461755913,0
2.694900501333634,0
2.4271498679858317,1
9.916730528316782,1
1.9740373373054254,0
5.75520216966124,1
9.252646416569643,1
1.4689656887777924,0
9.708541978677003,1
9.474772343956246,1
8.845719870582625,1
2.1455652133000225,0
6.3405505601098335,1
7.608914729612401,1
9.860279281964297,1
1.8042382208137042,0
7.660258995192964,1
3.3880116992711296,0
1.7562646556800232,0
4.213769412138549,1
7.9383591214861635,1
4.648498037040522,0
5.375231002030485,1
9.951594102001213,1
3.9910929955742604,1
6.154007547092398,1
3.6524420161537186,1
3.9278564632870494,1
6.956407534454081,1
9.378869760948835,1
5.423589504923214,1
7.683999289487798,1
0.8920655881696382,0
2.11158037431927,0
5.021316409195324,1
0.2001172362877479,0
2.528549787625588,1
5.174012898249662,1
0.14961198256300712,0
2.645462862260417,0
5.140308194758695,0
5.731492479812457,1
9.257516930553054,1
6.4534562325060785,1
4.147358025299938,0
9.303511771330678,1
7.848829833877943,1
2.000089211127476,0
1.3084236134881977,0
6.75811635742733,1
5.598831655769838,1
7.896736137927557,1
7.388050500786864,1
6.25211533857515,1
9.863821716288921,1
5.335897301104087,1
1.1310575650171983,0
8.282735648159884,1
2.51853362345709,1
7.773021481439183,1
9.571070960000513,1
6.967955139643412,1
5.960301609498011,1
4.603861756750406,1
3.6440986599540324,0
3.5300475097183623,0
6.363727057095906,1
7.512731169377459,1
6.785170694844144,1
1.9841010119356273,0
4.9398718014349114,1
7.91640072183063,1
4.757040781890563,1
5.366232797354939,1
7.711360481708222,1
6.6126530626509155,1
4.093449208823926,1
8.954127111942189,1
1.6256706866347859,0
9.955164485903246,1
1.188525784762372,0
0.14949971104238902,0
8.900189011487647,1
2.449535083659561,0
7.296996274467209,1
8.110153749320693,1
8.589863910321169,1
9.915942356641667,1
2.9403971003999905,0
7.102433419272591,1
1.1539985828082822,0
4.068092913568494,1
8.479716933125903,1
3.6765804605910835,0
5.91095380535614,1
5.037734437246341,1
6.459515311120451,1
9.728943893876949,1
0.5573552650140212,0
5.739615175016297,1
8.630287792502848,1
4.813827117484275,1
0.7852718594157282,0
5.605393524167709,1
3.320738908238204,1
1.549417853379359,0
8.49034513283473,1
5.215995129911216,1
9.332764123790668,1
8.06016504603069,1
6.929717937736673,0
0.05025503365311934,0
4.278234566382499,1
1.974862816520323,0
9.107979110488678,1
1.7458398467636027,0
2.860600516592855,0
5.168367677344992,1
2.6336361899807925,0
2.098646772791212,0
5.990993251027525,1
0.8892952275502386,1
0.5816775872092472,0
3.7224529518607143,1
7.206644545078623,1
5.548067582739479,1
4.228764684667788,0
5.657515642245824,0
3.654514846532736,0
9.36146335432113,1
0.5490489091077433,0
6.733914790298352,1
8.912826648277505,1
8.038847087352535,1
1.8404103482144674,0
2.9592634898028836,0
7.1704793870710475,1
0.8427055918076554,0
8.118616998325841,1
7.189069446047903,1
7.296066492353425,1
1.002413702675914,0
7.177605448162309,1
6.7981812521997,1
8.309224908218505,1
0.415959562564695,0
0.23110668467792195,0
3.7300709987856076,1
1.4878828384915288,0
5.583844775702219,1
9.173489015067489,1
3.9147973033401575,0
8.449503772726041,1
0.0024087451786647396,0
1.685146434591842,0
0.3042353965408562,0
3.2814718051506864,0
9.081895956965027,1
0.9695212359898775,0
6.064097767438003,1
4.5149593911944415,0
9.384682123658125,1
1.2251914253709384,0
2.1202785050222897,0
0.29541968611493274,0
4.3393524963137375,1
2.778328995646543,0
8.69905933890321,1
6.04940813197755,1
6.140907379757017,1
5.319106968813024,1
0.91850337229201,0
4.450186837253552,1
9.995051897085165,1
8.352292908460148,1
8.93459054167116,1
8.232263592464994,1
1.0304169343098268,1
2.2744825406479965,1
0.03121651356409627,0
3.035101248781115,0
1.0860740234649258,0
4.72793345301583,0
6.771274885739019,1
8.74505295038077,1
7.492171650908982,1
9.385855957785052,1
0.538982903937888,0
0.1217983541654144,0
6.613381138362127,1
2.8935241022224623,1
2.5350101610577314,0
3.3088708769379425,0
2.6979605789236416,0
5.114364063015873,0
4.401484472241325,1
5.124285513766563,1
6.727136115004361,1
3.871305089711483,0
2.5130768714215677,0
1.6620053680874547,0
3.494741195326255,1
7.418064752461721,1
7.567049101114696,1
6.669053866842103,1
2.340281753068746,0
5.880862458546977,1
5.70689661576848,1
4.842661981097255,1
5.499789863838642,1
4.917906326236681,1
5.654563660741082,1
7.155059546211287,1
1.0962819440343974,0
7.496257521490238,1
1.358861501275942,0
0.666279984103747,0
9.760796862214676,1
9.569917688704415,1
0.6043654494056405,1
4.432534414749622,1
1.8624493829977473,0
4.85344897134418,1
8.301772429995873,1
9.506117747428902,1
6.342526534515374,1
3.5390566721181704,0
6.033255656445984,1
3.1200130610845034,1
9.098236408320604,1
8.70400463105837,1
5.582317502796609,1
3.2479891538036054,0
2.9338967558297835,0
0.3341799470505946,0
8.158208510252953,1
4.50383213039008,1
3.251329284002644,1
4.711103549977539,1
8.18737990454652,1
1.2461420770752119,0
8.576559882418273,1
8.97508835108354,1
9.467079150338883,1
3.974879924226278,0
2.1714040403767187,0
3.7364081846669848,1
3.3291209623140325,0
1.7615391250286005,1
6.07266670101488,1
4.766241605086289,1
8.657009923240036,1
0.32109580482058253,0
6.438679275551263,1
7.629488785115611,1
7.59486569188307,1
8.860739670955251,1
7.290337428294941,1
9.278100616476962,1
3.3265659982089146,1
5.032094167515431,1
0.14079663282890675,0
0.06957587303291213,0
2.401266204515199,0
1.0080719713908526,0
2.602113679357536,0
1.770432945283974,1
0.2852002483864824,0
9.093041464060494,1
0.08223131388891525,0
7.360821443370854,1
1.5214788691951653,0
9.122296219996,1
8.927959395898858,1
6.539011463692574,1
6.722341498006052,1
0.053391419696885434,0
9.848715661136021,1
8.778326035758145,1
8.95106225730092,1
6.592445370508719,0
3.447869286545365,0
8.936486490904809,1
2.9151692815119237,0
5.627115433422029,1
0.997309723438824,0
9.219556301327502,1
1.4077045777121333,0
2.2489680573040727,0
5.58134158128215,1
7.640930002129815,1
6.1935130593629895,1
2.3213391280015614,0
0.009430425274903342,0
7.571505803074392,1
9.852073259110938,1
8.099131203060905,1
4.602066181566153,0
9.037672613991067,1
4.0984767311835,0
5.249340842434675,1
4.771297673956832,0
4.476238726655249,0
7.751907692939057,1
5.26768907269492,1
3.1671712202521607,1
2.581581676584783,0
0.37747316967433386,0
5.83195161883046,1
2.2996141540103423,0
1.481339220163831,0
6.538299638276777,1
6.812092578215489,1
7.52154892257666,1
5.035768963385915,1
8.940546052038865,1
9.363427533982279,1
8.073709397924894,1
6.355934820081872,1
3.0372095359118867,1
9.829449216202212,1
2.7413616719193836,0
2.0265692199043106,0
4.421541137865828,1
0.5684057071238846,0
9.784944646717907,1
5.884335564164248,1
5.5695209166417525,0
6.557962798997199,1
4.970236477772066,1
0.3206351709454158,0
6.123112888403968,1
7.161738769564306,1
4.1674906062405315,0
7.57295572071193,1
2.2700129933842064,0
2.2127659106618403,0
1.6141698768757395,0
3.7199475978916183,0
8.470120353890835,1
8.279120621490643,1
3.828242079635038,1
5.891187359802366,1
7.208163164749156,1
2.41206774628023,1
1.6814108589474708,0
9.72095993212311,1
6.175573132096185,1
9.81415721833664,1
3.377559871322291,0
7.030316999741315,1
2.2260363654123774,0
2.6120017127391293,0
5.119021212696239,1
3.1961812550807123,0
1.6762156384058446,0
2.62880701989326,0
0.3574839446586464,0
7.044236214774866,1
4.921166570858616,1
0.9424306640452562,0
1.716939931284912,0
1.0253453811264401,0
6.125928082758765,1
0.942103636124938,0
7.542823330352161,1
0.20510919320391174,0
2.4937578799589213,0
8.906666758919071,1
7.18531318122246,1
0.7296833292568772,0
8.211261044851797,1
4.930351215402048,0
8.467830271688292,1
6.007397744503934,1
6.818330320328587,1
9.935015603957082,1
2.3233554592401817,0
6.239455747613883,0
4.603213900573984,1
0.39451952922691436,0
0.14470641502865034,0
1.1922857781785867,0
6.490917405385481,1
5.671630879133922,0
5.534295611637274,1
0.31856762528260085,0
4.69302996360007,0
9.246228178425286,1
3.975918693106466,0
6.249224697884563,1
7.798186756231436,1
7.839252791418875,1
5.192800823952713,1
8.579519454023362,1
3.9137809336374696,0
8.886932147847983,1
2.402271663955453,0
2.8021640699057104,1
0.531206241990011,0
7.955818365422829,1
4.170552362327056,0
2.29116613911399,0
2.3179027761657967,0
9.013999412292332,1
8.33916600461037,1
5.535308853571833,1
6.161108004157211,1
4.74325570550291,0
3.9166654287880887,0
9.154768812183315,1
1.2561270352030207,1
4.184467897162279,0
3.445619079878753,1
4.981507202511484,0
4.576318745451751,1
5.1888953165108145,0
1.399189772269941,1
5.131415015132771,1
2.4241881388721085,0
1.8433134898819126,0
0.6483421878619122,0
7.626525587561409,1
4.274419208565599,0
6.2664368331175835,1
7.275933433047434,1
6.793166653135535,1
4.705007190896823,0
3.8789852895172983,0
3.759599096406637,0
6.400487969300563,1
4.947943549418734,1
8.491322479885106,1
8.747019843267122,1
1.7056037800651846,0
1.3623365154572564,0
6.3040092603599955,1
3.012257480622794,0
0.1857071876509886,0
8.88642669362955,1
2.2690076724380823,0
9.292806516858091,1
7.174344508782537,1
7.6265348991148425,1
2.014614957931604,1
2.341944256168129,0
5.212677538240658,0
1.7209985264986216,0
3.0543169268303227,1
3.2146247794780445,0
1.596299332527641,0
2.0518283339516072,0
7.885518420082565,1
1.6719585454726837,0
0.28457391843922486,0
6.293549426289385,1
9.7598311939245,1
3.312138146231214,0
1.186557031962523,0
5.703873253675308,1
9.063542110956462,1
7.8406177982847876,1
6.22515868412716,1
3.1505649660759936,0
5.4188017327622,1
0.9124484130425536,0
6.789454242806699,1
7.250960188976508,1
9.650316229099188,1
2.6039735874507164,0
0.18456419043022643,0
5.456084644271506,1
7.067905043968144,1
7.90407475882988,1
1.937389330248106,0
2.6175286903702366,0
5.1259092526729635,1
3.3060080997000183,0
8.60511486587445,1
4.737601537387203,1
7.99578644102003,1
5.806197604823538,1
7.73090141617112,1
3.326729865303238,0
8.314166219303111,1
2.7457231555102157,0
5.460988080032908,0
2.1400711317387424,0
4.755265216261933,0
3.1817520950870315,1
2.6670343063721424,1
9.669850180280374,1
1.6007410548673062,0
7.873258374573952,1
9.841649594832148,1
0.1990148374007783,0
6.99027414042095,1
2.529118055562871,0
0.40487824328304445,0
4.028895789566308,0
9.35217810170875,1
0.11765094366997686,0
5.878856919297817,1
5.0139647859532435,1
8.733841643710475,1
0.8400171452062566,0
6.815260298866503,1
6.801096984332773,1
6.6908001686228324,1
9.42334494935037,1
8.230875290068804,1
0.4197272624350601,0
4.7108285070451315,1
3.979530562013335,0
3.1014722109080206,1
4.513367251540973,1
3.8419418492597748,0
4.323338998786653,1
9.792618656086425,1
0.8863297474958076,0
9.222308698387298,1
4.802367134710267,0
6.237422454995412,1
8.301829666176939,1
3.6046302914925556,0
4.304219080879669,1
4.09518480278714,1
3.7473102253575985,1
9.25529321646895,1
8.289298911930121,1
1.089999898629761,0
1.0812335247709604,0
4.278695148529912,1
0.9865737673280905,0
6.190930952711197,1
1.4369160726173391,0
5.223732639668011,1
0.07219947003717753,0
3.1659634841264674,0
6.7719072367265545,1
4.840389402278484,0
9.782694859989881,1
8.741037960662108,1
3.5907077904315123,1
0.454865414722746,0
8.456263001150187,1
9.112343103146713,1
8.206273934190367,1
1.2794994091976486,0
9.979151344122878,1
2.5858422155277383,0
7.242049128083701,1
9.080348763357215,1
2.356871143307094,1
9.08258554677066,1
3.09481579194867,0
9.764132223840562,1
2.812600203804746,1
9.534358247578352,1
0.535446508926749,0
7.09272011669813,1
5.321111338370037,1
4.778770771227307,1
2.2349431425584,0
7.0559578977649196,1
1.908094914463071,1
5.528417959847682,1
2.5324536304025083,1
9.55621379781356,1
0.28631193835652824,0
1.9972828011123656,0
2.423106063874477,1
4.140678257678164,0
2.327302418700535,1
4.913490902687853,1
8.72465523258539,1
7.120634214091708,1
5.79961980535111,1
0.8900317798267965,0
6.939921083892756,1
1.6641428431093985,0
7.86367385961698,1
2.500567585101532,0
4.170487283209009,0
3.504702023179279,0
8.588139146748567,1
1.2654445871340814,0
5.656448823847886,0
1.4206160944306223,0
7.047958361321866,1
9.050781277944811,1
4.346076538672534,1
4.8809226026497585,1
9.274228364827623,1
5.209913886493571,1
4.875984380495609,1
5.783291027043042,1
6.8922973636295195,1
1.0688337508703138,0
8.211105277415161,1
4.3550502745325925,1
0.7234850989748554,1
7.861826691982131,1
3.769499716862721,0
1.0036749509505394,0
6.337790395432505,1
8.801313534336417,1
8.877535094139864,1
9.576634748089731,1
8.67705459766688,1
0.02140919345475223,0
3.8024116641339023,0
8.18542579905503,1
3.662530059984742,1
6.015485063797062,1
6.063169473745321,1
3.6502530403882307,1
9.044739272812876,1
5.032283453861176,0
4.647842059375008,1
9.97513745661896,1
4.935003640726166,0
1.7839825192858105,0
5.130694228634381,0
8.140167355199301,1
7.768603268982814,1
7.88581765108471,1
7.080237839979118,1
2.5421782906668824,1
8.620840858402314,0
8.93443465376265,1
1.9415269661854906,0
1.3045563655139392,0
9.75604968589112,1
8.683239636503679,1
8.932361472099467,1
8.863763846243952,1
5.416868240337283,0
6.4640173666579965,1
5.453628521336417,1
0.5120634919032907,0
7.4550308535277265,1
5.053320333358803,0
6.477090747902298,1
5.026398049755353,1
4.91811322322456,0
1.7178910947776682,1
2.7871371514114895,0
1.588526919439558,0
1.9566629562534243,0
9.729773804203049,1
1.5311344577219843,0
2.6927042430520762,0
5.90589657738585,1
6.1017857623664185,1
1.5397412974382907,0
7.937174257852123,1
7.85202867912825,1
2.373177042038911,0
2.8866630267546043,1
9.37987865459497,1
8.25671445979478,1
6.977970330625238,1
0.8223322151060053,0
4.182640809025758,0
5.593018720768271,1
1.8741128798377693,0
4.482265821082246,1
6.0102587748869,1
3.273766801153992,0
7.809448189504872,1
8.404495816388055,1
3.2360946943407076,1
8.386571544924571,1
1.0357656610301502,0
8.377290986226564,1
1.527504316676166,0
0.8292715250972604,0
6.417754044410112,1
4.719373657552943,1
9.078906004128328,1
3.631891960908492,1
2.8715226343762867,0
5.0073490614419836,0
4.559461857686613,1
3.4442804621718826,0
6.9374129869832855,1
7.595618339139083,1
8.529839690301365,1
9.728566047103428,1
2.6665619213250444,0
7.160934824899615,0
3.9425823549574526,1
6.770819719511081,1
4.7598169034922035,1
9.937731027679316,1
7.289021357907499,1
9.524913004343246,1
8.349695494811858,1
9.02901011163371,1
8.14419197214675,1
4.591591303759114,1
2.5178845334688438,0
3.703201754505222,0
0.20236232639950447,0
5.239931674646671,1
5.050578002704087,1
5.252504648304882,1
9.740312249720638,1
9.114540034548392,1
1.61712778330108,0
3.688825215558892,1
4.239561794632619,1
3.6053291785164774,0
7.984959636039131,1
5.2403766986758695,0
5.720998169716251,1
8.530135589879254,1
8.059281534153586,1
1.3221152282029969,0
7.139145840836343,1
4.354361289020355,0
2.9464890306250044,1
0.5001882090218635,0
4.87249560345451,1
3.554366807245314,1
2.5151303967640084,0
6.9467172959695755,1
7.69485387315587,1
2.447895190294248,1
0.49447436679347256,0
8.48752700565235,1
0.09959741204303318,0
9.37112493921472,1
6.276198739827059,1
3.218466352013203,0
2.464779095767362,0
0.09005664264475244,0
2.3547141701087715,0
1.377283015171411,0
6.121662207231457,1
1.665455885938013,0
5.286298375366193,1
5.901164223444708,1
2.980416983469145,0
0.35064949018718705,0
0.372538806141961,0
0.26347332193917605,0
7.3912466713654625,1
3.180097048142981,1
7.963001859676636,1
4.317328238428492,1
4.529981008299639,1
5.128826025095737,1
7.130314563751039,1
2.735028658297071,0
1.215873495335269,0
5.5605733519146145,1
3.2697762324273927,0
4.424913136680374,1
6.469467083373054,1
4.941257411412706,1
6.202788171008429,1
5.442000021136279,0
7.397963719360991,1
7.0593661771162,1
5.341898918086192,1
6.789030208597069,1
8.735596022726128,1
4.322712877881686,0
4.1276307274879365,1
7.642456208523801,1
5.82553837041994,1
0.7100678022258855,0
8.921120156910813,1
0.30783102237640136,0
7.483963562097431,1
7.587941427043129,1
9.531110852819305,1
0.5413440840232076,0
5.96856860784491,0
4.278405706270529,1
3.3063295485954205,0
0.9031856029907304,0
5.626541196713092,1
4.790407256746136,1
1.0455445815102427,0
6.124895070970834,1
7.379531202529384,1
7.672783010536483,1
9.053731882624273,1
4.094707418887772,1
9.53072768622137,1
8.654294050826861,1
2.96501571023939,0
1.5928303734945848,1
4.353893961280134,1
4.0189870795596665,0
5.757193053312043,1
5.83386232327748,1
7.499869843799752,1
5.098899482056102,1
1.0482264094076554,0
8.582913355531062,1
3.097645831851871,0
9.71297460306592,1
1.1786010867977015,0
9.582511722325032,1
0.9101180688251698,0
2.310361379470595,0
0.4657994208654159,0
7.05113146638995,1
8.502987365717917,1
4.340710818159804,1
9.285220750424298,1
5.902990717555996,1
6.300071354465232,1
8.4541920170077,1
2.968002050518389,0
3.542657213276258,0
9.059519191946443,1
9.009634960387638,1
9.764827762008709,1
9.018383164416711,1
1.273720360333609,0
8.237242861369873,1
4.098384781095941,1
9.908013559459379,1
4.722809643288011,0
5.538360825022206,0
5.297749152567985,0
3.217370298582778,0
0.7502208889291817,0
8.956512304019185,1
8.026758125262868,1
1.3952678055966927,0
7.7676827135007285,1
6.2584666605061,1
4.0914378791762225,1
2.5402114909556275,1
8.597287835022325,1
7.001882592940531,1
5.477399094691369,1
6.095685338984641,1
0.9106618208218098,0
4.739197609111919,1
1.93700292785702,0
2.0838367900882537,1
6.613039622868667,1
9.112561518342881,1
4.0375661047834654,1
2.0774927301219037,0
6.487469372366542,1
8.711870463503178,1
7.483188011224908,1
8.687572305365872,1
5.365546710107994,0
7.518762443691909,1
1.4006455935893647,0
3.482746153631915,1
3.895491644815224,1
5.112957462460345,1
9.290763602568237,1
8.742965602221743,1
1.3452549228918453,0
1.727896518824632,0
3.576405495889113,0
2.907438658906739,0
6.147709531562623,1
9.02776047764545,1
9.622915416725867,1
6.536029525352265,1
8.381592014010867,1
5.252022002307971,1
2.083269468600397,1
5.246884120934774,1
5.550826014376511,1
7.424575642135566,1
2.198829897073491,0
3.6831038208673172,1
3.6402746921456632,0
9.594395957411649,1
4.439449603267189,0
7.550939672981465,1
7.508113813744391,1
2.655441848032414,0
5.718696893717321,0
8.943028933186481,1
4.751977194569495,1
9.45117507342546,1
2.1445822932416156,0
0.7415910577403073,0
8.914538731447493,1
8.476811979622166,1
9.925898759338448,1
6.793934881124261,1
9.366879266671495,1
8.269490250841109,1
8.444263331200869,1
5.691415704542683,1
3.8236459791671082,0
9.345580725432818,1
4.321171756158945,1
5.388193672496691,1
4.461143071251877,0
5.648183139601971,1
4.705050789923272,0
0.4796755857947588,0
8.820481860076987,1
4.443938189157698,0
5.889436485073487,1
1.3918780275798703,0
0.03387847982639136,0
2.4529009364364294,0
7.045860321333502,1
0.991945301128786,0
9.08887440386468,1
2.150225693561846,0
2.045936142917758,0
1.8150796162149552,0
0.13981712971364746,0
7.718054684782346,1
8.750345312452586,1
6.141627026161989,1
1.881999816798623,0
2.8527799694087976,0
4.759266973649633,0
9.543459516233009,1
2.4735137181774283,1
7.316459039198881,1
4.394482232929203,1
2.978473483600218,1
4.5591593702211375,0
0.7120671754123253,0
7.986873709303625,1
2.4330192798296713,0
7.254121231929704,1
0.6834837144819472,0
9.55098556165686,1
1.9301498540569861,0
8.827420762070805,1
8.094732096154345,1
9.67859924081416,1
4.778906609457496,1
7.273972938459515,1
3.7071065703778405,1
1.8436823801969382,0
4.430759329334489,0
1.6574901538845488,0
9.82044622786384,1
0.9624649114071637,1
5.892117234526204,0
6.264638552540559,1
5.380795428740543,1
6.621858857118336,1
1.1618077501189095,0
5.550185242052911,0
2.8721257112736156,0
9.401760633010566,1
7.620716534397257,1
9.725144821597427,1
0.37556069740189546,0
2.851331751807087,0
1.95422586638349,0
0.111545873118305,0
2.423257302463214,0
6.787759835204289,1
2.3108892213456853,0
5.090034454826182,1
8.878181149649986,1
6.937579203490753,1
3.9462906990603197,0
3.724689389121083,1
4.5573581400848475,1
1.7704144105990638,0
6.340007674159881,1
3.641528191046055,0
8.523653492620436,1
7.565526600578163,1
6.1051316409216,1
3.6420222264951607,1
2.099318316734844,0
7.761518641056229,1
4.864090989910865,1
2.247500381773575,0
1.9517461504000622,0
1.6540090450135903,0
7.77161196205595,1
2.289871853003117,0
5.266422635251975,1
4.515463609730564,1
5.796108992282839,0
8.771549003711943,1
8.677473900817306,1
4.510760718248596,0
0.15366250734723308,0
4.264438057143032,1
6.061935374241404,1
5.577647590980618,1
6.513361058002055,1
1.5407573247308348,0
6.465350987807326,1
1.8265161874377223,0
7.50523980696749,0
3.3908761326267998,0
7.098954333814536,1
0.4786559890610709,0
4.078600255909134,1
7.050345222633327,1
2.2687051633149413,0
7.952870447972225,1
6.307797331049319,0
5.875617721497983,1
3.535488542043371,0
4.824514703811175,1
5.973493009778531,1
4.724621139148905,1
6.983133239405602,1
4.336969331069596,1
2.0227318174203033,0
2.1393378280104725,0
0.05803768842941093,0
3.0095771555867246,0
7.489176404785196,1
7.941627088376095,1
2.0246754209575,0
9.590439968714078,1
5.024027934801268,0
9.169787490185026,1
7.0676528186163114,1
7.224334230224131,1
0.8504362130607113,0
2.1999112689693066,0
0.08814833294472635,1
7.161276404767375,1
3.4443828842851,1
7.866525160763468,1
3.3893621993702627,1
8.19333752298861,1
1.30698253748313,0
1.733731567575082,0
3.4087653958393647,1
4.084873888822733,1
3.487028108429784,1
7.636470325232199,1
0.969513926267147,0
3.5121701963848806,1
8.372399995154593,1
0.6679707726217199,0
9.423435076713574,1
9.863168422720129,1
0.8856817382508009,0
2.91272522255737,0
3.7240066603535613,0
7.76391368652726,1
5.959268121167338,1
6.443657004925674,1
7.57509822818506,1
1.1797899943702572,0
8.332094569102624,1
7.056198041801441,0
5.773417251963703,1
8.897353347830567,1
7.003063538838071,1
2.016999626310254,0
4.297453810756667,1
4.940428669357333,1
0.5521762675040565,0
9.546375133600558,1
1.2857726079687848,0
6.974612672267268,1
5.062310360908802,1
0.25632249884422587,0
9.247474758643616,1
8.518368088189332,1
5.242579279038355,1
2.2894233613944523,1
1.2162289068009424,0
3.633924794321266,1
2.554282810460905,0
5.066912010062987,0
9.664092961234289,1
5.749534932296414,1
8.899310558900979,1
6.508788374957772,1
4.752465265872004,1
8.546075627333712,1
4.713681101729975,1
8.68628170510361,1
2.915767695757653,0
1.2881307376298812,0
8.553144643629384,1
5.874151637926667,1
8.890923982489602,1
9.378272069923831,1
0.5362839037144917,0
5.009693018588683,1
3.7496454907452925,0
6.258583970701172,1
7.935911972023235,1
2.8059021597436895,1
5.567983843731716,1
7.0872857990489955,1
1.3443108283573402,0
8.140669059512668,1
6.061095998529731,1
9.495374371136517,1
3.395289191306933,0
1.0814594233719865,0
5.065012010369253,1
0.8581077170943885,0
9.695265233240068,1
0.3868495825719154,0
7.5350390110730805,1
5.25102398142244,1
3.686206524982887,0
0.6584216450865465,0
6.221669241736078,1
5.852203293909552,1
2.8088327306759977,0
9.102217014103122,1
3.041100073428369,0
4.497254105921061,1
5.437624559186557,1
1.002318781762861,0
9.321617192136323,1
3.745361524510411,0
0.8077921387434361,1
3.8729117367532995,1
6.0020254709258065,1
5.136526718213296,1
6.94541974037274,1
0.5548394206791063,0
2.8454061027205615,1
8.192305768401022,1
0.7989368779136086,0
8.554859546959575,1
0.9189609207710625,0
8.344542148916963,1
3.6078840107872665,0
6.122090632572158,1
1.5288711564799817,0
0.6616872172518085,0
2.1593820402013506,0
1.2785381790869554,0
3.124058976796318,1
5.143832465110202,0
5.887594635650095,1
7.8986810737974285,1
6.562398932483586,1
6.08758325129553,0
4.117820274857746,0
4.738084349601387,1
4.145208293901811,0
8.421660300613832,1
2.3000045254839985,1
0.057209315419646245,0
6.513198972262392,1
2.024621836388314,0
8.901151363098093,1
8.590463297066561,1
0.7672737192820589,0
1.0638840541407735,0
4.951715922466663,1
6.092226627693547,1
2.7490833748224075,1
7.1679771669937065,1
5.949160209188715,1
3.248241097485547,0
0.25371488042315593,0
7.501502812985176,1
2.147536658250827,0
8.344737434626284,0
4.202902600542552,1
5.770774426317654,1
8.72948730409002,1
8.636230009199533,1
3.715195752435733,0
2.088888927148431,1
7.7514607772859465,1
4.3308020360213115,1
1.9204199355900409,0
9.044253423171503,1
1.9810419424108738,1
0.2580716819123108,0
0.20279973767419968,0
6.223153564542643,1
6.6167506071753035,1
3.110417050569839,0
3.2001098924706337,1
3.3949391505994275,1
6.801585467588787,1
0.5813379102682859,0
9.291163526913257,1
2.2252104417744647,0
9.996732052420922,1
1.7152269378718699,0
7.715464573123775,1
2.2341254492962506,0
0.8084680164325397,0
8.749333243506488,1
8.587512591908919,1
4.035703924496014,1
7.023961425404268,1
5.570659326839172,1
8.529561136737488,1
3.150559693186544,1
5.236723999989852,1
4.853723712045505,1
3.539058262568587,0
8.914550645563722,1
1.6587792466253548,0
1.4950863952069615,0
5.769095353227513,1
6.57494229984942,1
1.9461925432456517,0
3.907174422546241,1
9.465638429787438,1
2.46617422690674,0
6.683607021173941,1
7.401493936975908,1
4.481286994651596,0
9.37525986759583,1
7.366567352187905,1
4.579245798608978,1
5.69335201776094,1
6.926134434251007,1
5.921901804292182,0
8.786975838260759,1
3.568886622804012,0
2.998857400558049,0
2.138388894952643,0
0.37782968064595135,0
0.43013964380055336,0
8.700551931092829,1
6.783931464059073,1
6.605324154364861,1
6.14642818934886,0
8.49219144694105,1
4.802669256656275,0
8.704108285583004,1
3.5944502618223915,1
9.267075043390905,1
6.986569800812401,1
2.5717713602442727,0
5.640849216886251,0
5.330305614882556,1
1.3789882173033396,0
5.912429057506142,1
3.1478562371695795,0
0.5234876680960243,0
9.486561577065649,1
6.414903690642878,1
8.76918931870847,1
6.760560050132531,1
3.569836921401129,0
5.126880723288114,0
6.7574676034717704,1
9.602523252014375,1
2.536694591216965,0
8.749770586241176,1
9.240778052942694,1
6.7041551465895655,1
9.312666274013377,1
3.978785874773685,0
9.530161760404427,1
7.027828771659749,1
0.420057674188119,0
9.068728318190528,1
4.844728090331926,0
4.6032698477783285,0
5.6646660597963425,0
1.4938454677122792,0
4.691660485673986,0
8.311272167177457,1
0.15482459137515336,0
2.7291716032437128,0
0.0245458644384422,0
4.157113091498483,1
7.283155104937347,1
7.987718291146285,1
9.451897611270066,1
6.085046129707865,1
2.5462686665289547,0
9.24147949136699,1
7.753157538803761,1
5.744284830031445,1
6.95640215718936,1
9.243163550074291,1
7.123940284729216,1
3.68374507584734,0
7.130282022890967,1
0.4027816273538787,0
3.864155618305812,0
4.063230318455792,0
1.6683823442083467,0
0.23085480551770177,0
1.3338123663774282,0
6.546214957970551,0
8.022888163636875,1
9.882034927269741,1
3.4636350310849426,1
5.993792222611018,1
9.37144966815122,1
1.6704178133815262,0
7.176455863427426,1
7.549787331491632,1
0.8897553586933837,1
8.612493851830651,1
8.131050471108438,1
0.33403006577434446,0
0.9108441488005148,1
0.4912689389185232,0
3.3474353179936225,1
5.092889906799262,1
5.323477279546288,1
2.6766675976944265,0
9.115968865602742,1
3.682627898719132,0
0.455501559653525,0
3.0022711154138637,0
5.311094225441555,1
4.08221822588232,0
2.738425190992592,1
1.3132324976431742,0
8.191645000962298,1
9.961452421241919,1
3.295421335238821,0
3.816210441766039,0
6.180375246769571,1
7.184414747355413,1
3.9202953480359124,1
9.049295169818151,1
5.600039892289184,1
4.50390076405931,1
6.466727531599052,1
9.528038482491732,1
7.945522944217055,1
0.4001313053512434,0
3.3230991073995964,0
4.705446849512227,0
3.145175722091053,0
7.001875608304565,0
8.262691498625811,1
7.313450951852715,1
9.893332868282753,1
2.725476478930291,0
8.749894950244215,1
7.666226651744862,1
3.621787575581461,1
7.341245436569687,1
1.0407595641824696,0
7.893334823405524,0
5.323306025871027,1
2.9229017270925315,0
6.557773017841802,1
6.41619998714409,1
2.094862227195997,0
0.30397414811526136,0
4.336225869016738,0
5.695118693444212,1
8.766052783705984,1
9.282167956475945,1
5.288052181567664,0
7.538034837685449,1
4.393032723279969,1
7.46082156572893,1
2.0480152493916695,0
3.710647348035314,1
6.3422799881361485,1
0.1815796560707883,0
7.22461310338954,1
8.355355012681668,1
3.991416610939514,0
4.479424171771643,1
8.51282212216531,1
7.756546353260334,1
2.88149489033375,1
3.2397610656153897,0
6.788782323905966,0
5.631980924481612,1
1.6222957109649694,0
3.0992990922916643,0
8.999832768786542,1
6.881744367222634,1
9.859743176855195,1
7.670125299807694,1
9.419744321435902,1
2.161885738704754,1
7.714848748169257,1
0.2021752014779743,0
6.707600217115339,1
4.6928227812024135,0
3.4676007192006866,1
8.62404352293089,1
8.542676926575307,1
0.22301704898643582,0
6.09505122449431,1
3.678322243209564,0
4.156610015004492,1
8.320407392187759,1
3.098397715276783,0
9.4304881063762,1
1.7963382637214076,0
6.627224233681778,1
6.721050670137647,1
2.521951614279182,0
3.2475060896720196,0
8.347984925799404,1
7.618052549549525,1
3.2909588031475954,1
5.339565469349338,1
0.6168029625309546,0
2.0874588239862923,0
4.858205588603991,1
0.8597373527921159,0
8.433323548919375,1
7.180062101076478,0
9.436336706484948,1
6.934669059640272,1
9.404013722621855,1
5.5451255569096505,1
6.002186110619694,1
9.769710546262608,1
6.421291468642604,1
0.307865688607466,0
7.238027766305233,1
9.054686921374156,1
7.955802497943266,1
5.838332726254226,1
6.713035130935163,1
9.901917892516718,1
0.9066208850933832,0
6.672448286332395,0
2.8339769457059383,0
6.4009039658617,1
6.076235758839388,1
1.5345683210816208,0
2.0674664574023915,0
6.2162957804321355,1
1.2822994730377413,0
2.6518087513032285,0
8.352455477380024,1
3.270915060016386,1
4.880601562696629,1
9.411403351458404,1
2.271490888369463,0
3.896260173580104,0
6.064577755435456,0
7.553389295039722,1
9.016533867127052,1
9.154729875735152,1
7.76640074372623,1
2.283308365933104,0
0.24809330042565803,0
3.837739303556238,0
1.4154885098782333,0
7.1038764743829805,1
6.611305868257168,1
0.4397164162145484,0
8.365937791309511,1
2.4874326629118224,0
4.322270754910422,1
6.679337354557424,1
4.294187868522533,1
4.412878027999434,1
0.6562799533574037,0
4.014435492600038,1
7.6484789321998345,1
9.151763371865977,1
4.134971370633718,0
4.235858268790789,1
7.026271063236521,1
9.427720011052767,1
2.6706094023936022,1
4.401442065379369,1
7.959732435523011,1
6.096935693740385,1
1.1058634396395473,0
6.277327355622657,0
1.867462845973269,0
5.102159340784041,1
5.2910326766043845,1
8.762033622249849,1
4.624942740124381,1
2.794424222358942,0
2.3096634821603157,0
8.74251876684336,1
1.7101085441822839,0
4.2586856088314375,0
1.87173114926947,0
7.733040401143754,1
4.74372639974619,0
3.5114369055681207,0
3.6109964062646682,0
8.522142067229794,1
5.537739542944381,1
7.178678511312636,1
8.970385162506846,1
9.01741676040642,1
3.2850905433786313,0
9.524512631463853,1
0.24875882014605444,0
3.768355610161657,0
8.957988575088416,1
2.7463687981698293,0
2.7308145032131836,0
3.026222850818887,0
6.123133848469222,1
4.383327756143538,0
7.267348363533426,1
8.949106425646658,1
6.741993749428606,1
2.044667201975755,0
9.326819023605022,1
2.644928733474785,0
1.4989429532815812,0
0.899672788609609,0
5.633837406661656,1
1.137624624806518,0
1.3877588411263075,0
3.0003048059549666,1
2.8165300968446383,0
6.042395103321423,1
8.167452794726815,1
7.613496562028924,0
2.6248445471647672,0
2.4531049798597993,0
9.657915301069677,1
0.08236241591960125,0
8.797205330602157,1
1.9972851912240497,0
9.472843230897679,1
3.423072848275197,1
4.403517738932523,1
7.0712061394438095,1
5.876690514732603,1
3.179393297068228,1
5.538309158678235,0
7.307068843628862,1
0.42334945902492094,0
0.11199305255704117,0
4.580669390728913,1
1.318366178035142,0
6.643442914647144,1
2.140524562274342,0
4.328511067956709,1
1.9767093687426895,0
5.484835857491245,1
1.160534593845689,0
0.2310685278748026,0
0.5113163810669719,0
9.5425844151531,1
1.4228621861093582,0
7.084782531368353,1
0.6792620422282625,0
1.0816035223518217,0
5.088762514093347,0
4.648709301543437,1
9.515803094398695,1
9.448354530207373,1
7.796086425424651,1
6.0210183012734975,1
4.549603173930111,0
3.5617853432842104,0
9.470875469755555,1
6.029088114246855,1
5.790725276859945,1
2.3190112176891486,0
0.4669781788511307,0
9.451885797595445,1
3.1373525884465394,0
4.425890233244587,1
1.1463994358570684,0
8.36924329909292,1
0.27631832855930627,0
8.339907620990965,1
1.402850127879668,0
8.865641126311521,1
7.297726373361574,1
1.646702625073051,0
5.658179928594681,1
3.1265631435521946,0
1.7823309891158345,0
8.591821994111084,1
4.035227665072294,1
3.985437143653825,1
1.6988667480662,0
3.830656760857787,0
8.716168463288502,1
3.631287104896359,0
9.51603562499788,1
9.463088992083875,1
1.4489865930734602,0
1.7731125352264487,0
8.626740703318891,1
3.927609189247192,1
0.04373982283009337,0
2.73871819705371,0
5.976289931955599,1
7.99265965959968,1
1.3338861709325955,0
1.1054136441673534,0
9.220926535723317,1
7.511483678225827,1
5.8977960077807845,1
7.691867899959281,1
4.288543613066384,1
7.584557473091266,1
3.7180299127453575,1
2.4409457249260234,0
7.290134212929686,1
4.196722921572683,0
9.813771043261948,1
3.49485182308101,0
9.217274205310659,1
9.329625485670794,1
2.4185294706474614,1
7.982211815880134,1
4.330745051445652,1
9.17524727230348,1
4.5012427263523875,1
7.443037173373661,1
4.669674091637979,1
2.2780075571285616,0
1.993501289446863,0
4.254311942563456,0
7.55494657014215,1
6.050714851807668,1
6.886292899005433,1
2.8232635073194245,0
4.814353459576055,0
0.44395264969327,1
8.175324159581207,1
9.898921622398746,1
4.068790626246709,0
0.1096365313154335,0
1.6979263955094737,0
6.525268777504189,1
6.120793182038592,0
7.878647195855439,1
2.538840109610682,0
7.636319155471341,1
6.8798402152366975,1
3.2281449771384327,0
5.45488148056962,0
1.4727380849832672,0
4.5256450343558265,1
8.811973395556409,1
4.211913798253908,1
8.39566706475422,1
5.902533652596944,1
1.9187671310235677,0
5.811062446978964,1
5.0598332915706346,0
3.98641335196384,0
1.1963043951607033,0
4.167086638472298,1
0.7276237623962711,0
0.9876905139875125,0
4.15916532932716,0
3.053814819684637,0
9.255443258622234,1
3.757058053802705,1
7.578581220721001,1
5.302475263662427,1
7.040856686423354,1
2.6011598301539918,0
9.41904972838329,1
5.3008849691442395,0
8.313240712852497,1
3.650456934761135,0
1.0021134905052453,0
6.737116477208488,1
0.07759648337424485,0
4.752929765655082,1
1.9280190266645925,0
6.273755044353622,1
9.794198731378522,1
4.644029063206459,1
8.174982565256666,1
5.077841869511211,1
4.958400311040241,1
9.304234931787779,1
8.899658687466815,1
7.858004651879744,1
2.962557533167841,0
5.450084157239406,1
2.23897233305685,0
4.439166980465398,0
4.842130657597906,1
8.31640040169331,1
8.960283653249931,1
4.146200623964779,0
0.17704445073237207,0
8.617738397893547,1
1.742786785013607,0
6.218819638903935,0
0.24970900434131194,0
3.995064752605643,0
9.859603021153498,1
1.006936011038031,0
4.236931519996423,1
3.0714995018995217,0
9.050881233882643,1
8.693401079073551,1
2.3769876030622883,0
0.8118778705043117,0
6.271383940611175,1
3.3636871188370976,0
6.72084390606063,1
0.32119756067814476,0
1.3339923517748942,1
6.863722327726434,1
2.1237065530249777,0
8.575876757624016,1
0.5859088771013543,0
2.1548198278557464,0
9.985602484850686,1
4.330761025867926,0
7.029656635446435,1
1.8266304885701368,0
6.0986873498553775,1
7.2610606836941844,1
3.1447663586651053,0
8.288971119758777,1
6.034175784722833,1
3.891230096150302,1
5.5764239334315855,1
5.767608474359243,1
1.6553529269386602,0
4.027323698669662,1
3.4343058801949313,0
4.009027225791261,1
7.611105884852579,0
4.825384074666727,1
9.403161532392643,1
2.936764133584362,0
4.15703578284929,1
7.869568104790414,1
5.460245933207503,1
5.4702814642444775,1
0.5334016300518352,0
3.985996627184558,0
2.707337324217325,0
9.993351228311154,1
3.083550706323103,0
8.844965347938635,1
6.762337350404774,1
3.4091640919209043,0
5.435343783741237,0
8.405358799491937,1
8.833682980309119,1
1.6039387500614521,0
3.3957314120816964,1
3.3522318021357167,0
0.4204479607594469,0
5.9823775985189656,1
8.54820052992188,1
3.815743878255178,1
7.40035944984177,1
6.277004136007399,1
3.756487354930008,1
1.4105979949229708,0
7.093238527759674,1
8.545651689412404,1
6.858544924014919,1
0.17878484034818065,0
2.1623289439099125,0
0.6947998488353191,0
5.703860995762268,1
7.564776788404124,1
1.1057918706865943,0
8.383378205933852,1
5.555089783954832,1
6.899690121417249,1
9.714018486086463,1
0.8368098824769732,0
9.012240229777893,1
1.261026959874093,1
3.9295880663668226,1
8.514386963311143,1
9.062542367378683,1
5.063716735451454,0
5.9410463827542515,1
7.081473345985572,1
8.327586684527141,1
1.2151116953766616,0
8.100693082292276,1
4.812761505116168,0
4.50623425108169,1
4.238997519969983,1
5.0921158524604255,1
9.450505533946036,1
5.482037727921516,0
9.531775382631393,1
1.8029013061564059,0
7.241359788326331,1
8.122395386087472,1
6.791288313348619,1
6.069222802265404,1
5.648127810861823,1
8.60930482578696,1
8.216465971645,1
1.2228872118059952,0
8.48587657030878,1
4.140686194404425,1
2.536968299958108,0
8.697685680139259,1
4.320247996337416,0
8.083646901768166,1
2.634036119558445,0
0.03929321422217802,0
4.954591929029444,1
1.0022825664288426,1
7.543759555249096,1
2.760751360694104,1
4.436456466034787,1
0.8703356509155424,0
2.866592484472527,0
7.81490243258572,1
1.5158791190231946,0
6.471595611269574,0
9.174258528045012,1
6.798367597577203,1
8.110216892922269,1
1.089716293039158,0
2.5073182600205444,0
8.94538852240591,1
7.151056136180892,1
6.395538263773112,0
6.637667361217,1
4.142005543046434,0
0.4455663161765322,0
7.84441542070729,1
6.787132362153539,1
4.728044641127247,0
8.997596153682574,1
3.3615966498509886,1
2.943217442312359,1
8.727963250794428,1
7.9698765475898545,1
5.1497981064834475,1
1.3073473945784997,0
2.1507147146505243,0
6.562279904088067,1
3.8504123784041164,0
8.364731916659712,1
9.499550093322041,1
8.056369252749182,1
3.775454229955572,1
7.8868642923142405,1
3.5144167347068347,0
1.671000877656339,0
0.33393204865857395,0
3.8571671276102,0
9.035593036972818,1
2.389865877556765,0
2.06513164929784,0
9.698207852410404,1
0.2500411285059212,0
7.857821503937544,1
3.2136995574087033,0
0.37487956869659333,0
9.178025402095836,1
1.396423302095836,0
5.517792837256954,1
2.740542074295478,1
0.6519280218469103,0
0.4992248566337909,0
1.155566988363388,0
0.7136701388938005,0
7.605581155199229,1
4.8556620228342915,1
3.428920913489797,0
4.183689101320072,0
9.289467355726233,1
9.107518127381471,1
7.156764801225769,1
8.846823774216878,1
3.196480275876248,1
3.8110932600828287,1
6.137121818542281,1
6.236259472972642,1
4.81699838012341,0
4.006578484379533,1
9.861803116086952,1
8.211236261177245,1
4.349801978880452,1
7.272924772395685,1
2.6956169325245947,0
1.0016932623732988,0
3.524310255527406,0
4.029728001233942,0
0.16537124560670802,0
8.14792001635896,1
3.591934023891815,1
5.80418165780147,1
0.7396318727095597,0
1.7499682875058398,0
8.896937253275599,1
6.086875278828008,1
9.502840501704856,1
9.987500343913169,1
3.718601153330944,0
2.988030640832746,0
8.583560551590967,1
9.986114270374543,1
6.296412342324573,1
7.951407225115224,1
7.8174585881527445,1
3.5533970821954695,0
5.7427038025708725,1
8.330569412642136,1
6.881138762610554,1
0.2116381398203826,1
3.3670566889753353,0
1.4447569659460535,0
2.329722120780391,0
9.054894774913256,1
0.3689328891076815,0
2.1980071196192377,1
3.0956935223823145,0
6.168840719663948,0
5.341016900858655,1
2.1826948285338608,0
1.6424106722315446,0
2.367980345961188,0
5.0252962670165555,0
2.7117778571120343,0
9.476025016077221,1
4.638652214288475,1
0.5879601654463706,0
7.292664058366334,1
3.288452882089896,0
6.534889320582476,1
2.79594370523232,0
5.707437417333199,1
7.721525048074646,1
9.28008741774554,1
2.6112714443307707,0
3.3485695099898116,0
4.642664202859397,1
9.271748377359888,1
9.01386856810657,1
0.8987828010063803,0
1.3192982575381085,0
4.955091773306383,1
1.066192728054235,0
3.4558087334869745,0
1.4838537821747766,0
6.360403551318859,0
9.494954317391617,1
9.967337702943816,1
3.752411324969148,0
5.990126371146123,1
8.562676535240813,1
1.1746207279638399,0
6.895644110519649,1
4.088436617250682,0
2.061461602801641,0
4.0275361874744195,1
0.7596028696491686,0
6.954071485893057,1
2.527426687484531,0
3.11405645044878,0
1.2108129824146274,0
8.646591138898916,1
4.934442792827386,1
5.721468777864002,1
5.694326830948546,1
4.104931145413417,0
1.9252991543813947,0
7.451327484984,1
1.2705626535767434,1
1.038737902788105,0
7.101450375965034,1
2.0883702045198382,0
3.0677275135283235,0
4.752274670017402,0
4.493513167295462,0
7.085791250649992,1
6.2343179344336095,0
6.443961622818657,1
7.140543306554573,1
2.9261272742346534,1
3.2233331180047364,0
4.379977478955541,1
3.0746217303352608,0
9.849378689708635,1
8.140519264214296,1
1.6465468825602958,0
0.055941558818695114,0
0.4278326824726786,0
2.440634510429253,1
1.1429128583685655,1
5.333381148925721,1
8.579952227273587,1
7.367502209132274,1
2.156090630821904,0
3.992992560257859,0
5.078942095312776,1
8.102058495033354,1
8.391216031061647,1
9.09718311907776,1
5.092452505028752,0
6.9427474643586295,1
1.1180037123393716,1
5.6528895995398205,1
2.486918094711351,1
4.3171688502661105,0
6.340505083067194,1
2.569859378537811,0
0.5218505779676108,0
0.10233856408757513,0
0.22159535544521547,0
0.08349737513769662,0
1.1035505655787547,0
2.394887145701299,0
2.212215141822992,0
9.867965941798968,1
3.0600610520894325,0
1.274207833593991,0
5.455625441677579,1
8.579574553975084,1
6.780603767876752,1
2.960820891354503,0
5.61616159791455,1
7.148559742004092,1
7.281044923677423,1
6.665384552976889,1
8.70810424775618,1
8.701054583441044,1
5.789365594070032,1
4.298563691112123,0
6.415702955650998,1
8.182120013704631,1
0.05652104841184724,0
9.91997009014851,1
1.8289377232919923,0
4.702489856599762,1
8.720297348428668,1
2.2504039904419937,1
4.767952239003832,1
1.3258218018117918,0
3.950763253881926,1
1.7713545479300252,0
3.63627748771157,0
3.73464216792722,0
9.931707895983328,1
9.948130293037723,1
1.1478627866061242,0
7.259687793283472,1
0.5174547966910115,0
0.30192015337188627,0
1.053338942449643,0
9.654856570079339,1
9.408635478946973,1
1.9392782028068045,0
1.6167233555371152,0
2.40535086515947,0
5.155469940751422,1
5.697046320354099,1
2.2159343043944735,1
7.5662278808994525,1
3.0955316940265076,0
9.221313255294103,1
6.567227064567306,1
4.363511943036117,1
7.899120017028453,1
8.179146260466648,1
2.9048160560894365,0
3.3971454383608437,1
9.359551537286034,1
1.6474103836327192,0
0.421504169629342,0
4.540553226095492,1
8.012099002436289,1
7.716681063107458,1
9.195306289128325,1
5.332006643690402,1
1.0006467156653331,0
5.886889743360161,1
7.783956143532116,1
0.933281202698264,0
1.7265740109758976,0
0.12290661155670901,0
5.936525794468103,1
8.867343919459044,1
6.706633160020995,1
9.82040087590982,1
0.6303365249976156,0
9.030010851514962,1
8.140682873866806,1
3.142415204995049,0
9.735265518372518,1
2.87937748171415,1
8.893047238282184,1
8.807485770741895,1
7.576576166029724,1
5.6347047381285185,0
1.2000274961688806,0
5.319717344964983,1
3.567962556549346,1
7.9221703315535175,1
7.581292064968449,1
9.106125073726052,1
0.14830162431707872,0
8.091032168230461,1
9.384620531246687,1
7.893004491081501,1
1.301944598703667,0
0.8127910484088774,0
0.2084523980770081,0
6.287452258280711,1
6.296726518598873,1
9.869137142182122,1
3.9804317410409573,1
3.3190628489749674,1
6.244249271843925,1
8.256086725075939,1
9.367739495230019,1
8.031241661790386,1
4.266739806158047,1
6.349142353120642,1
8.56299326716117,1
4.906096883117394,1
2.166866437053927,0
1.6972343974787296,0
0.0015774457805672881,0
7.182379949812843,1
1.110972088459905,0
2.438390996959404,0
2.9787633152279334,0
5.603798601367683,1
3.9795727729576926,0
6.746739920231618,1
0.5563865932870271,0
1.2393919426443945,0
4.992115035332667,0
3.369647878468298,1
2.958133627513597,0
0.6702807903752273,0
8.957191747480014,1
6.918185861250508,1
1.2161815681964938,0
0.6504595773714061,0
9.74872533431243,1
6.811725504395048,1
4.174560710937415,0
7.017310407557849,1
7.563317864801591,1
7.799622023887793,1
4.778773056530577,1
4.29882758124848,1
0.1102808426890034,0
9.26557115141838,1
6.03307878388943,1
2.0315393718996813,0
9.196034194214366,1
9.149319017702965,1
9.891841643660959,1
8.740565631389789,1
9.977843878200648,1
2.446861881232726,0
8.422495851992341,1
8.230283087957645,1
2.3094035922073375,0
0.9843754900099078,0
9.794205136775997,1
2.9602455152061036,0
8.70891790467806,1
0.041271546746038945,0
0.21024807219602204,0
4.658713086963684,0
2.3871468393506357,0
6.898412834359643,1
5.655643255679543,1
0.7748579745049144,0
1.6262829631571707,0
3.880492700584143,1
1.8560406395543316,0
7.922223472439286,1
4.1607023555328,0
0.9343186684249927,0
4.843429022721248,0
0.9083818106141417,0
1.2893730541981718,1
2.3960983202820527,0
8.595277052474898,1
9.24612532332972,1
8.26257729332069,1
3.3407721741784724,0
2.7244644110883165,0
5.491556907902392,1
7.2185316053311235,1
9.933727881601747,1
1.3157071187892622,0
0.49291999023804434,0
6.94355888995271,1
8.322257835039055,1
8.463487798664232,1
6.784635490771606,1
9.540158041191871,1
5.110047635445869,1
9.138147983362124,1
9.67812136991523,1
8.471574570031077,1
3.097585632586206,1
1.9621565117029527,0
5.4812006498181844,1
4.530147503801885,1
8.77758342192733,1
1.0003167106715372,0
2.577400613115186,1
7.5179894451870855,1
0.9498664497731213,0
3.2076441402170017,0
3.8715539405398314,0
6.225937965626899,1
1.5813264571936458,0
8.606044903497095,1
4.475422354662743,1
9.170217118805565,1
4.678699136339316,1
2.750402589407334,1
1.4182882868767488,0
0.03745094711284813,0
5.321574849848356,0
1.0715669692692342,0
3.9172776363117823,1
5.892717612370867,1
2.756858969027003,1
1.7522429236611525,0
7.747216226093416,1
9.467911722816206,1
1.00440417861966,0
1.5559032438500786,0
9.600126572527186,1
0.37784221812246277,0
9.776323365504723,1
0.04644483084988771,0
8.736686556513312,1
3.0732518098774952,1
9.385888581772965,1
3.1694528863558546,0
6.54306321534056,1
0.8003256976593665,0
2.42329811453739,0
7.736793464792507,1
5.286858536788197,0
9.279690617870447,1
4.287514083413543,1
8.698123658139231,1
4.489554374782375,0
9.792482787019853,1
9.598343813988768,1
3.2913670555608032,0
8.859236704168032,1
8.476113742156492,1
2.1068039732756283,0
6.242904007832697,1
0.7268231558981486,0
8.367107205834616,1
1.7454588350349654,1
0.7081470138576451,0
4.002190955388112,1
5.769221385996435,1
8.54916958559771,1
9.742425255217364,1
4.394925125698636,1
0.6044692298527021,0
7.4911557902587065,1
5.651732562239374,1
4.478913448444631,0
3.0926887879218965,1
5.023985278435356,1
3.3867960445703096,1
7.570118677473603,1
5.438936964926411,1
8.768477741541119,1
5.435439146494421,1
2.3826241333993003,0
8.510918822321445,1
5.5721904493004395,1
2.0684103814356125,0
6.235078099562221,1
3.5771676494242755,1
8.444056122920658,1
4.5329973864654285,1
7.264413581074168,1
0.9553620763623716,0
3.9602434630234615,1
9.832414364723988,1
8.084602894771484,1
1.5994080236692865,0
2.777640494772551,0
3.2981580885636106,0
6.5036556049544565,1
7.569947594896556,1
7.495266088079098,1
5.098740563064029,1
8.108205378381513,1
4.370780827574751,1
1.238805652955619,0
5.644418416538133,1
9.523013846011066,1
7.929936513925114,1
5.787006476922424,1
6.468056603490969,1
9.305620270355726,1
4.283427944349604,1
3.3139413894263736,1
9.77241565000449,1
8.634431335103335,1
3.230435846186024,0
4.637805973609228,1
4.15078129007799,1
1.4909567867143392,0
9.578193238132592,1
4.0431243121975875,1
8.75329082637908,1
1.8935622768066507,0
5.478708106372197,0
0.23961385124269818,0
7.642204838423085,1
5.809138982462784,1
6.255895834697527,0
0.5172088255465346,0
2.110383302086154,0
0.7433087235358016,0
2.8891431580381175,0
6.2743900768215095,1
5.661859843173752,1
6.121498216133903,1
5.492512713778943,1
2.730287956758594,0
2.4450749734442523,1
1.3705968353658127,0
8.490708749034921,1
6.164793585412445,1
1.8651101250405977,0
1.7720937982123952,0
8.730356015261368,1
7.427308637633193,1
6.593990799053714,1
4.068641075392998,0
2.6197556427851754,0
9.794507631128237,1
7.972395750228002,1
3.0177922313627645,0
8.475647962784947,1
7.589319486146815,1
2.970805498779984,1
4.265528542416397,1
1.8595344539102665,0
1.1105244437810935,0
7.227620328396967,1
2.6751185735386662,0
8.200593657462536,1
9.95608711514426,1
0.7661981392964867,0
4.7303512508370025,1
8.020625593108031,1
7.889508965412335,1
7.599971583309685,1
3.4899493530191092,1
4.538532556850523,1
5.949683573414703,1
9.739405835732573,1
3.275472709384929,0
9.231438877168577,1
2.693569181804941,0
9.890744654737047,1
6.702636868275917,1
4.635114803585509,1
6.133904280636049,1
2.725311690402068,0
2.741738575114666,0
1.1355454384349384,0
1.1405029770539876,0
3.476717414689113,0
7.628554778963716,1
6.079711675981625,1
1.0258456033102081,1
8.52236524975911,1
6.013676269900664,1
9.608555767847797,1
6.7018546741120755,1
1.75174863704181,0
4.737833623078222,0
6.484975975472041,1
0.2826470104997769,1
0.14910264154807895,0
1.294030005985679,0
2.5166443504547074,0
4.295491235206756,1
4.874404737597883,1
1.3802760893789678,0
6.733915791158308,0
5.961380616965348,1
2.944640988411602,1
0.13659883435292008,0
0.7764791535329074,0
3.916947755108394,0
1.5397435116568392,0
3.768196061479708,0
6.281826045103552,1
5.472374278792835,1
2.3117588313739423,0
3.438224912587524,1
6.140311984486506,1
8.608550280434487,1
7.532134387388773,1
5.534000268334149,1
3.622929983164862,1
3.650512775418054,0
8.79417310264396,1
0.392435760405464,0
9.87982644420261,1
6.643754108515623,1
6.811376990723906,1
0.37997837304742155,0
6.055292748912722,1
4.8477806009044695,1
1.05778906894067,0
2.7792201076935905,0
8.903144562136513,1
5.49988415865953,1
4.134165751739087,1
0.7268215584081095,0
7.141215274023056,1
7.028508233960325,1
6.140436069725635,0
5.1026264622064925,1
4.337844022073726,0
5.9327109298799225,1
2.333954517284067,0
9.412590641776477,1
5.887945291802295,1
3.1119244435437654,0
4.4967985088515725,1
8.056847888768923,1
1.6161606073029744,0
2.928356224602604,0
6.795080227365554,1
3.154892064822239,1
7.92501681861466,1
1.3045348717736083,0
7.626861704546085,1
0.6835171485056624,0
0.12592612667494785,0
8.98223518832162,1
5.813392169322986,1
3.5182689708681147,0
2.325946369638504,0
6.168857832608161,1
5.0900218353673825,0
9.915977755299853,1
9.832159866537458,1
6.350245661416096,1
4.428705061058905,0
4.911409691346621,1
6.82479066236862,1
1.0157454423538137,0
3.283520738107182,0
0.7527224100360386,0
0.7336075951691956,0
1.9583924189423374,0
4.852532545932268,1
7.847743211627893,1
4.854958911658725,1
3.3547661056086975,0
0.8235299033675814,0
5.5029552318312955,1
2.7126858648317675,0
6.149341779171475,1
9.771877391324184,1
1.1131432147755016,0
2.121253987219399,0
4.730945380993747,1
9.686138153459295,1
7.718097762699956,1
8.982291931628302,1
3.337148484757929,0
9.920384737785945,1
1.028328160641574,0
0.5297290604610083,0
8.556026270540281,1
9.272648702069862,1
0.9058535754610175,0
1.134274267458415,0
0.33174157755773814,0
1.045075626427241,0
2.0941981680028086,0
9.70076618910001,1
6.678602222396805,1
7.785530255185421,1
7.761394036915221,1
5.350737497792146,1
7.974889777130172,1
5.958075323899696,1
3.145460976033576,1
5.611101087684007,1
5.335085861345135,1
8.234530537593207,1
9.81727217381659,1
4.110425654209306,1
7.633906784413597,1
0.9976300403813354,0
7.7683136944828854,1
3.714169119932321,0
0.39390162889686664,0
3.6324617856217722,1
6.106427509216448,1
1.1925016768146657,0
9.240344924302546,1
0.7767241327283858,0
9.300067198331663,1
7.071375179356865,1
3.297121754142036,0
3.9075034770909323,0
7.4080936473274415,1
6.014711008812074,1
6.716429214549452,1
3.8916461651347998,0
4.87813481807599,1
9.898674840378934,1
2.139228704997177,1
4.178561865221314,0
2.9182318757396732,0
7.651115104398498,1
7.640126256657207,1
2.924454609973959,0
0.8139031663298291,0
0.11432676672204045,1
4.274505332424855,0
4.103375943357709,1
9.88389878639863,1
4.698020756976796,0
2.564183695754206,0
8.912294410314674,1
4.910679496535785,1
5.991756352105778,1
0.9566871042821268,0
3.8291640732977408,0
9.442236744737867,1
5.895053841754255,1
3.4450185514246168,1
6.256671806315931,1
9.104110895781162,1
2.7399060047259005,0
5.051167184706744,1
9.586906539117553,1
1.7239614329845265,0
7.196639255967115,1
6.1448100820298235,1
6.796751311406348,1
3.5121963066756967,1
3.138793734837649,1
6.842096705883705,1
2.1554328510454535,0
4.196547448590051,1
1.88174646052918,0
0.08304841123329743,0
9.700573600380695,1
4.3170297865641905,0
9.693496144198253,1
1.4032351976782609,0
5.87366779457486,1
2.0097403279123958,0
7.900741269632747,1
7.837029887609752,1
1.126071490393118,0
9.120644528763892,1
1.9462964720322462,0
6.129773415893603,1
9.85633620087704,1
8.823965347663638,1
9.56563928561169,1
3.425987712181194,1
1.0557564221946336,1
1.883468732894501,0
5.004948950766138,0
7.932296782733221,1
1.5015364418387522,0
6.597315322607571,1
3.235776040395119,1
3.412020723921535,0
6.619177301579263,1
4.669994195332202,0
8.12033293025994,1
1.5591850966282705,0
7.8994826976703845,1
0.6423524805742087,0
1.94053880245605,0
6.5614971450316535,1
8.549256565110712,1
2.5267962773934904,0
3.271916058289129,0
5.3712074828673995,1
2.1157280648930232,0
8.111562615875057,1
7.7363664500576075,1
1.4529171196578161,0
4.638297318166321,0
7.748277666546214,1
3.373295311034148,0
6.331068227177317,1
0.5021312145757273,0
6.08688760529318,1
1.52652980000607,0
8.305833251144513,1
3.554494635804785,0
2.815538627281957,0
8.40888976711485,1
0.5014402307181021,0
3.966087993343448,1
3.700035405750314,1
2.8480037424955085,0
9.11754332001477,1
7.509283935167223,1
0.6392316419193877,0
7.146874494349541,1
5.2729913312879395,1
9.008678944015792,1
3.1294561734835846,0
5.741619996095829,1
5.007552747409861,1
4.8956090622760575,1
4.561053995172126,0
2.0562947553228126,0
7.5570992249239275,0
4.513360327392887,1
9.585162750026058,1
2.608084271927763,0
6.827438396270411,1
9.407170796391085,1
6.634583230160925,1
8.712729076173947,1
8.27480959757006,1
3.6011771548900384,0
6.001239399394965,1
1.562613398113556,0
5.355258826955995,1
2.304219718143372,0
7.437368149524456,1
5.280584218921246,1
4.112273626316605,1
2.687970961669776,0
9.986984818412868,1
0.7171052088493268,1
0.4356068057242002,0
2.1725740049386455,0
9.710724586278197,1
9.792381683199844,1
6.549277347721359,0
8.801066672064048,1
2.1396173084079537,0
9.720420941766236,1
1.4278485013956466,1
1.0112518818165828,0
1.122115392472729,0
5.7312792327256465,1
7.809744007180523,1
3.666671778746331,0
9.778959877861265,1
4.344201381183295,1
1.5044855077321628,0
4.6596674818613675,0
6.790371654224399,1
8.322257805043787,1
4.587682899565929,0
5.936068260491675,1
2.6734471215885334,1
6.45916526405514,1
9.859719439503436,1
0.4905357258779386,0
8.865306707051678,1
5.622825027675228,1
2.5209865956229995,0
9.54889710009258,1
4.83354303058899,1
3.3169025167338564,1
1.8149762827084115,1
2.444522102566621,0
8.328490415914425,1
6.144100093171659,1
9.132456194883162,1
2.3196845215778583,0
1.2113857384890148,0
0.06087530975590005,0
5.078620376159938,1
9.983069303819882,1
6.94965268818639,1
3.0839459196514607,1
8.768585830261717,1
7.817222659879597,1
0.15415166076539255,0
8.168604805410224,1
3.00526757238496,0
1.496734645836011,0
2.2633083973707455,0
4.68579804375139,0
4.24867927068011,0
2.8888729937422672,0
1.722183222070327,0
7.622307896421693,1
9.901097837349171,1
7.777915804196905,1
2.9593696767154123,0
2.4480896141213337,0
2.1766587606593824,0
1.3669507448903628,0
5.513305496923012,1
6.0540037195334415,1
7.0550266066313725,1
6.80213370933668,1
2.9233331128338245,0
3.3031100539684655,0
6.815145354423379,1
3.4944764078362835,0
2.12623189619313,0
3.7433615369673956,0
2.720841575779777,0
0.883127212185778,0
8.301389022766536,1
8.531113891570364,1
2.1975030016687946,0
0.6477219952520175,0
7.388274373511795,1
2.115286258634137,0
3.934354894368602,1
0.6413525223738326,0
2.262695847584352,0
7.929022783296357,1
8.04396446915202,1
2.070848248877104,1
3.3591384510668956,0
1.3423841909374357,0
0.7417263028492238,0
9.921717144484095,1
6.555939512448392,1
5.420965091983188,1
7.654985004052995,1
8.400771596877242,1
8.067147680447276,1
0.16539449289876607,0
1.8680789819049848,0
6.5490530211783105,1
3.757593478039629,1
9.82482651061107,1
6.654047926382541,1
9.565489087292065,1
2.014464816457938,0
8.639570281150231,1
3.213523058152253,0
9.895648082378068,1
1.576886720731473,0
5.163398188383265,1
7.928445338371219,1
4.326424806040359,0
4.680840601876467,1
9.863557955057411,1
4.253081503011533,0
6.040721005990636,1
0.545396606751507,0
8.4221008021026,1
6.481680489795435,1
4.040201028628135,0
0.16169539954519752,0
5.9166882059350385,1
0.12657828484162192,0
0.012036139090179088,0
6.160985621493547,1
1.8901706733455426,0
1.918875497180953,0
6.532715658327437,1
0.5369718793937428,0
3.1340556147455634,1
1.4943190214201907,0
5.801763697965338,1
6.617651547273958,1
7.211358535990435,1
2.5523121691856545,1
0.89249751636584,0
0.7868365694189783,0
4.261515484507238,1
9.45844409062715,1
2.177290342470246,0
2.5674160134154933,0
1.0088880210585893,0
6.055702738939303,1
6.798728739471748,1
6.4293120816076,1
8.611302430447813,1
4.864258350260718,1
1.3445704076706444,0
2.8940513070441263,0
6.624299734213518,1
6.131219737415599,1
5.310031297429624,0
6.829644186886872,1
6.373908503732993,1
8.813248894649517,1
5.860163774782966,1
7.786013587005565,1
2.4870715596646784,1
6.78182584589068,0
9.021941183826756,1
3.8573232789983325,1
7.791041873386466,1
7.247893011954353,1
0.5952619687182248,0
5.815083096240723,1
1.3018934920080238,1
9.673191722305912,1
8.114075027006562,1
1.0972380124712011,0
1.2175199764767841,0
5.944738549126189,1
3.448891741731833,0
0.3490585907310928,0
5.416415078330531,1
3.878450996858469,0
1.0107649237174265,0
8.019203922559827,1
9.15076765278806,1
7.5659393401413,1
8.224223100162773,1
2.164905672661174,0
2.6357295091860102,0
2.0852754029918774,0
7.65063431365564,1
9.47917078934497,1
7.1683720673390265,1
8.81466764879556,1
6.386990948831725,1
3.8765990055879906,1
4.257616149303052,1
0.7532143216740483,0
0.3145719524602608,0
6.954756041890774,0
4.384288920111806,0
5.522150680546295,1
5.576612476224163,1
2.773758133333014,1
4.758925108294907,1
4.707602216677023,1
3.88427221227857,0
8.206753834010705,1
4.511640036875959,1
6.036445245059879,1
8.955201203808262,1
8.662336228589226,1
8.904222037791651,1
2.7000499646501397,0
0.3498248830806283,0
2.610667998953292,0
2.7870734562070867,0
9.09360326724968,1
6.492427328379707,1
0.8170395960222876,0
1.3537859601110114,0
1.556761255419754,0
6.304217481689232,0
7.354140255070031,1
8.59643910565396,1
9.40636550806243,1
2.0170455738644177,1
3.0977248472404906,1
2.403228807448307,0
3.5876156746613774,1
9.146651074237495,1
5.751125669393615,1
7.381918973244991,1
4.90119236126782,1
0.2885791333612453,0
0.6419548599781433,0
5.379230312678858,1
7.1878903482002565,1
2.153305275287315,0
7.21909573992304,1
8.106657734835125,1
4.118974783621113,0
7.464192328441049,1
4.040299503284599,1
6.7835062945502,1
7.63997049319543,1
9.919266183081108,1
3.4539666206359607,0
4.110407805746115,0
1.6562005941017133,0
2.040730584018069,0
6.933950025983777,1
9.170455901544761,1
3.9460495166124057,0
1.7984444683554124,0
2.8509949938299406,0
4.550517048081386,1
2.906503293653684,0
2.3357908312186626,1
7.359844887570795,1
0.07844921240623193,0
5.392305273364832,1
7.937668070297539,1
2.662282863174682,0
6.032915106120173,1
6.689001056186178,1
6.5502469640509,1
4.458496341987177,1
3.4657798787577923,1
8.359240730278135,1
7.584459569998643,1
3.212551734139125,0
1.0301919444220609,0
0.7180754544546919,0
0.9427597789893605,0
5.8286936119204285,1
0.5166217582898969,0
3.369268749640384,0
7.531997019142294,1
2.943481665153781,0
7.633080771801298,1
7.454670382070553,1
2.458271326332163,0
7.288221800927454,1
7.477766382721008,1
3.9745392566702686,0
2.1042048374151823,0
5.212708068918691,1
9.213975880001964,1
6.396167324320619,1
1.729224976272612,0
6.827569247335199,1
4.272030272818346,0
5.91528797355373,1
7.340640350231079,1
5.149473515144448,0
8.139839745733086,1
7.221555793166278,1
6.150733400185107,1
1.507928158323515,0
8.359491109115684,1
9.35905585319816,1
1.3696512380929482,0
4.882411294334306,1
2.5888874197050447,0
7.545233074255647,1
7.216296360047,1
1.408851205703987,0
8.770272712616372,1
1.8097306397800228,1
7.972590256481075,1
4.569803596280049,1
3.2827229355815124,0
1.582392626742135,1
1.676142561466294,0
6.618905547009003,1
5.504303879471205,1
1.220854216512327,0
1.126978604383252,0
0.7231057477279146,0
7.437673473735441,1
7.118820852292892,1
0.5843099085457515,0
5.60270075596973,1
0.846761552426899,0
9.037457706089416,1
9.071174191801324,1
6.982329898131301,1
9.2618892143945,1
8.114530304136906,1
8.285385759270493,1
5.6970785056993325,1
3.0605919821617587,0
2.177991151164216,0
3.272000220389292,1
6.284954300890621,1
1.7265653583239893,0
2.586402366373216,0
4.680608627954644,0
2.3305009852461556,0
5.886436697160616,1
9.231760284563299,1
7.480893657031265,1
6.66426614148913,1
5.827214759837788,1
4.879479092570649,0
1.8656385963465971,0
8.947104554268655,1
2.485360020128363,0
0.9130887757816075,0
7.500151792286952,1
1.756155343311664,0
3.71895999541176,1
0.2828492829097973,0
1.3706794254044807,0
1.7320363075991208,0
0.5441012775017795,0
6.566569566228452,1
8.370077958031173,1
3.7331540636594096,1
8.745764767182006,1
2.1334657456012653,1
3.253904235612395,1
1.5073699303116839,0
6.205591954189986,1
4.198695908703068,1
6.132833468418987,1
7.616749053941836,1
5.457030160329484,1
6.276303549017879,0
9.352503143943329,1
2.990643096088431,1
3.5916393863395313,1
7.177033617093369,1
6.113055170553867,1
1.7853290453971482,0
3.7614731001049018,1
4.67838013124715,0
4.193898379683894,0
1.782748083220408,1
9.244300917842622,1
7.6231876169397585,1
4.813558321078522,0
6.800610283068366,1
8.972826721355219,1
1.3617414236157122,0
2.503730507069777,0
5.42701247256645,1
7.990103713523586,1
0.3625489544152738,0
9.840181501963606,1
4.5490660288239715,0
3.59231140621723,1
2.9272443783977184,0
1.7435670765087163,0
7.915739089300279,1
9.554141647460966,1
4.136447548453982,0
9.524206947534562,1
8.237976154350342,1
4.810511274763183,1
6.740261791261327,1
4.3498417917046295,1
5.587234082125524,1
0.5804633701850381,0
6.962634753005331,1
0.5282464448413671,0
8.170849469196495,1
8.249469294605575,1
2.370772875562146,0
3.2366278103580024,1
4.813103785582933,1
5.9666290693248145,1
2.8735366174199672,0
5.92486404631925,1
2.9778707322929887,0
0.5549072107106068,0
0.025275498319089484,0
1.011510579184286,0
7.922507001640183,1
9.614313123833371,1
4.269661992812193,0
5.126839534499428,1
1.4684816907342613,0
5.51031352680157,1
1.4465490200697684,0
6.112143311988301,1
9.332586675808539,1
1.956985393030396,0
7.64563718057102,1
0.23502422818324042,0
3.75497241321621,0
1.1074850783050905,0
3.5247544159569943,1
1.7353691963888351,0
3.733049901228874,0
4.175228061075304,0
3.0059112278091837,0
6.566219494731291,1
9.188520512589097,1
4.005953741052723,0
1.9234315647502143,0
2.7072275819598337,0
8.54000823496369,1
5.716397232701479,1
4.550110323069573,0
1.496367215089267,0
4.497273083237819,0
2.784920033573867,0
9.431631278533493,1
8.840701094157312,1
0.8390254182819801,0
5.166534892612429,1
2.250583455146721,0
4.107770895242906,1
8.768479982514565,1
5.275145198885448,0
3.3421529337075984,1
2.0788835410499704,1
8.003248594064893,0
6.245180153643472,1
4.680654604262312,1
2.1748435386297804,0
3.342463741571313,1
9.598434267385185,1
5.200899376058343,1
4.00699281243253,1
5.214220423483239,1
7.789885058996086,1
3.401089365028688,0
1.7870612093260885,0
5.849361183390478,1
6.652041034810672,0
7.127180029585496,1
8.819875907661297,1
3.7117412068911304,0
0.753548962288918,0
9.583485836309421,1
4.350119274374752,0
6.232575096731313,1
6.663053231282923,1
5.465137087012035,1
2.0525752973627007,0
7.5514305011614145,1
8.037519743040816,1
5.529755860174398,1
4.885611605848416,1
1.1393818312798532,0
0.8395166149978384,0
3.3956484556352873,1
3.1084615551739327,0
9.536564509632711,1
7.8362274244342975,1
6.5992429525906,1
5.176480890176051,1
1.6736753072665134,1
9.78456672184284,1
3.7504069824021,0
1.069256024472448,0
4.937988957157461,1
8.739980116130832,1
8.872910017773295,1
0.10965916056447256,0
8.862957447513997,1
2.7148421749985854,0
0.38972363968423074,0
8.477902703628743,1
8.638667559882084,1
5.9623107984235,1
5.744337572963584,1
8.131202726214195,1
7.863095527102798,1
8.90105473442704,1
5.5274744759670345,1
9.676470927328086,1
9.961468309333384,1
1.1654460999863259,0
8.49543759554122,1
4.99822257748589,1
3.8756633829983214,0
6.13072309882715,1
0.5596555726200703,0
5.064611187670799,1
8.708905700266667,1
2.134615161389688,0
4.263898947694251,1
9.394808877148755,1
4.285638378056973,1
3.5836763233239832,0
4.4053664812337825,0
5.194527665175563,1
6.3199134413146885,1
8.00692800916731,1
4.521022057643142,0
8.174809350901404,1
5.337206613520806,1
3.384805103679777,1
6.579508281194142,1
7.177222547434914,1
5.580489756294876,1
0.5661497313472341,0
1.698828751608249,1
2.8529772089022822,0
2.826256059514931,0
6.734208002468706,1
0.18348661673632582,0
7.556817770495199,1
2.653424748069332,0
3.100218462161024,1
5.279098279439243,0
2.1592560093895754,0
8.844713135755276,1
0.8536877932656528,0
4.4438236230106485,1
8.494222694548899,1
6.1584389442123575,0
2.9232951584263347,0
4.207602077764607,0
7.066943803425146,1
9.732607433638993,1
8.931387183794335,1
3.4243280838237675,0
9.981978792878575,1
0.03504663531058272,0
0.2762975580841509,0
8.238405151711937,1
1.9946268683305202,0
0.6076926839624086,1
2.371480732365022,0
4.261001539808602,0
7.305662704334049,1
6.243355265512055,0
2.3762121756042043,0
5.032704481005844,1
9.262141053985687,1
8.150077769837576,1
3.231897848317934,0
9.822645613556963,1
7.08620400435131,1
0.6244935566678178,0
0.3516071328863868,0
1.6840794901002998,0
7.278558680501468,1
1.837389258424279,0
5.114867692088335,1
0.9326012018083174,0
9.208861578301951,1
3.4396061358356755,1
9.081320565606308,1
9.448756419105443,1
0.061286473136807906,0
4.64135187198732,1
0.24656055706892888,0
9.086927663029059,1
5.184075447345759,0
0.7494401269849682,0
1.1027672827656687,0
3.8350902449273905,0
9.402341928728895,1
6.929091515680809,1
8.676188661891324,1
3.6645664633997965,1
0.4321369954999832,0
9.743176372044141,1
0.17172990662369547,0
9.47651653081089,1
3.686774238491447,0
0.10090405021881521,0
6.891572317245083,0
9.805403040313541,1
9.656257228375924,1
1.6093701120241843,0
1.8124780606615498,0
5.655389146196601,1
6.373048264283244,0
7.394179136658656,1
1.810503604721475,0
9.590070867644345,1
6.387392562892379,1
8.470469188705549,1
5.400657152841718,1
4.142768475898826,1
9.771829065949959,1
5.821213708198361,0
8.668735827991789,1
9.532923963662899,1
6.753546270086592,1
5.489386785186749,1
0.0351085091065062,0
0.4001964073900599,0
2.008512160511163,0
1.8600843185599525,0
2.5475879519984534,1
3.049346376976608,0
3.6006549355072828,1
4.205376900688766,0
0.9886633845601467,0
0.4236193195278204,0
6.739444490730234,1
5.373348248430777,1
4.441442022201196,1
6.344399411683524,1
8.276794072035404,1
4.276929091162046,0
6.411194650519794,1
9.535722238351587,1
8.396244958615608,1
4.260008105024094,0
6.447168378147429,1
1.7707092191593976,0
5.605221848950899,1
9.813282911384428,1
5.183151152025223,1
9.276382991901473,1
4.073349205032607,1
9.988448271846313,1
5.792200352275579,1
0.42268994235934554,0
5.867547966913881,1
2.7457269567959663,0
0.3248132203589471,0
8.208533046946634,1
2.757296369807559,0
7.965485540464985,1
2.88217582955867,0
1.9432635387377428,0
9.739355741044275,1
3.6164532775501956,1
6.0137621144316045,1
6.099814928144715,1
5.604734821735018,1
9.146957435212146,1
6.744410713668685,1
4.037330041049302,1
8.62380384524274,1
1.810628991159644,0
5.442367576104175,1
9.505503719437563,1
6.253976298804127,1
8.169684504748762,1
6.535607255451929,1
8.393708635378903,1
9.444878798452436,1
2.7292172753273682,0
1.6966108125671886,1
4.839907503325399,1
7.018624268242158,1
2.271912531822161,0
0.04101450430167075,0
3.4293511583670533,0
9.688593354677884,1
6.949674606058467,1
4.01325443941224,0
1.9257609734684034,1
3.56089673754747,0
1.6983943330124796,0
1.063058213129514,0
9.067423725725538,1
9.976503383754736,1
1.641144395957903,0
0.5452255887827973,0
3.2973110714621234,0
4.616591807614153,1
2.0482124707585445,0
3.0142491179855844,0
2.008707356916577,0
7.742605684324513,1
7.125779432472608,1
6.349515157609817,1
3.8721785707920473,0
9.09040941314236,1
9.6953254153502,1
1.73639312625412,1
2.2301264141187804,0
5.256310280003697,1
0.9125056928224529,0
4.364483988231128,0
5.817912647777101,1
5.220735711373331,1
3.3090858307802606,0
5.424458060772068,1
9.588009542588479,1
2.0601740429137605,0
6.548313583940036,1
0.4339669415605185,0
0.6641640448143493,0
5.51828224223585,1
1.0493918032794947,0
0.22346788426857334,0
1.715129976480222,0
5.648491709995744,1
7.033409545189324,1
2.0247856414138,0
6.682594372081745,1
1.8247633109922934,0
6.134574266312571,1
4.119596798957988,1
6.537995093336168,1
9.950527524792474,1
9.378169652325619,1
0.04281757836103628,0
8.854387643623058,1
0.6649079517476653,0
9.530465861598449,1
2.818256790996847,0
3.8203483041127093,1
0.9163820517572785,0
1.122727583289096,0
7.2674056522931965,1
9.443322357482916,1
6.107484949543095,0
7.1585001552681105,1
7.619697445971535,1
2.6281427455294173,0
0.45229630920214925,0
0.018727439191685846,0
3.5064928295401865,0
2.414642281992161,1
0.6231772504918565,0
1.7952829249366675,0
1.244988982679478,0
9.148783806173704,1
1.4026721345916893,0
5.376484639876792,1
5.9310595511216455,1
5.434894577086338,1
0.9905643421598798,0
3.187983617505512,0
0.5127033246315327,0
3.95669914096316,0
1.88598931271592,1
5.616325332843798,1
6.928083938491005,1
5.3211986020470645,0
4.342366966113957,0
3.8733342085669245,0
8.416917680970037,1
2.1936806506527007,0
7.342183395288688,1
7.57482324740119,1
4.192000072707344,1
2.973005992256393,1
4.7054148604597525,1
0.932139258926985,0
0.4593003222908998,0
1.1160319945189179,0
1.8714503146222616,0
5.04176820338043,1
8.49136636161122,0
2.35642331999687,0
9.351620107467781,1
9.549079089350034,1
9.589046048452053,1
8.375627346763238,1
3.638250407977206,1
0.7268391100262306,0
5.688187317664949,1
5.586814439372337,1
8.499757671095956,1
9.959910509461052,1
5.081573065601476,1
3.4520403103978428,0
1.85901711556267,1
0.04799824817370735,0
5.091136924888792,1
5.555186667025957,1
8.249384798173974,1
5.045769678928006,1
9.164683486660564,1
6.280834765714355,1
8.403362382210831,1
1.483017348077471,0
8.553361303023147,0
6.751438544438484,1
1.7023303243833054,0
1.8976355814601087,0
9.265006190442213,1
0.32215360450372876,0
4.625349432957061,0
3.1347528993410156,0
6.6507743999842805,1
8.39629387568992,1
3.6037812155656956,1
4.269020873228372,1
9.819177845014142,1
7.839165096792028,1
8.972041309317914,1
4.387622206516298,1
2.3407620398411524,0
4.118634653864516,1
7.160919178315135,1
1.0943040483597932,0
2.704691056165088,0
0.46635900461590385,0
4.323477383381316,0
8.274457359796132,1
0.246636882980108,0
6.75323526807166,1
9.324958745137396,1
2.369278615111823,0
6.936348407276482,1
9.751019011002004,1
9.622780601524632,1
2.349291930291433,0
1.003310532120687,0
1.4828253789591594,0
7.020356684821421,1
7.2575887545327555,1
6.74236561628199,1
3.3607838774223806,1
1.6977693975812214,0
5.807610919522531,1
4.8368044575786655,1
7.288341471223035,1
4.413600786856215,1
3.386396946864684,0
2.9347857735901437,0
2.1147032004974653,0
2.657463761866614,1
0.9483043884410136,1
3.4685701092888954,0
0.365698123629582,0
1.864138471663268,0
7.467704446194291,1
3.2546898867662266,1
6.682370169773439,1
7.168841755972774,1
5.811853427321135,1
9.586977413653985,1
0.21439866623113257,0
7.386526505881421,1
9.587866439404081,1
8.622717293529393,1
1.6789269180501332,0
3.268203062517321,0
1.724518398764654,0
6.013083638147041,1
7.121879819794923,1
3.170737693630582,1
5.395065739842955,0
6.90920570071195,1
4.213398166110483,0
8.540155304554593,1
7.7154993528781715,1
0.6466554385057066,1
6.2112529909082905,1
2.353255509597496,1
5.5751826466727525,1
9.568884426329662,1
8.790620045522502,1
4.045164031151317,1
2.915138583443534,0
2.34405744408259,0
5.325148697565201,0
1.1424845325805633,0
5.492750081282486,0
0.013336394907920157,0
3.2384963074584485,1
2.199343138305813,0
9.71218789960782,1
7.27242319569979,1
3.496533804622377,1
0.9284508653062051,0
5.16800594690624,1
2.134478813260423,0
5.364295458983578,1
8.353623541788926,1
6.157925521013854,1
6.337884195450022,1
5.410302890628115,0
9.272656326314092,1
9.319026844206032,1
5.127232010735522,1
3.057594871435044,1
4.595870058794439,1
1.8655791219561568,0
6.363443153180893,1
5.000923357822332,1
1.033004778132799,0
1.9764778111961534,0
4.7963195619952685,1
8.875889907188583,1
5.663907206310974,0
6.815350002084708,1
3.3902854974390975,0
5.714113930442343,1
4.473798226380675,1
6.591299126231607,1
0.5057556607901037,1
4.933002162389592,0
2.9599262514396694,0
3.2618506127790923,0
9.609174315580614,1
1.8269481271138277,0
3.112452525785969,0
5.098925757308717,0
8.630269481496237,1
4.166700832063705,0
7.43865280888171,1
8.563740982148024,1
3.1001635582184894,1
3.9275018353870994,0
3.5655622368835624,0
8.32855808617921,1
0.4434686195360116,0
3.0842108882868002,0
6.794085575951298,1
5.6544349956534266,1
4.362893592936943,0
5.399482272213843,1
1.9758458582831828,0
4.307166216080104,1
5.017029841763491,1
9.011891219546017,1
2.608351628039763,0
8.678285021649327,1
6.442414008259819,1
0.20340831067600984,0
7.2463133689939365,1
0.3555187754905509,0
9.973811268138132,1
8.726366876911978,1
2.9734374754004564,0
2.5741123019670544,0
3.814410821056089,1
3.5616696531444303,0
3.7233781838538107,1
3.182765461194804,0
6.211334068483314,1
1.6426366372062395,0
8.459812924460131,1
8.124024840313153,1
4.764832078552704,1
8.527299652785477,1
2.471450700302933,0
0.17565455703966948,0
6.19207925029823,1
4.579094069647153,1
5.671645462958707,0
8.99339409018403,1
9.699255735659435,1
6.344531397556031,1
7.640555898524384,1
0.8380843348716427,0
1.6071558489150561,0
7.3320480495297655,1
4.31365456388002,0
4.459652704044057,1
3.086076816354366,0
6.073563834777438,1
1.851650454162026,0
6.269162793138956,1
1.7379885713523968,0
0.638260347097136,0
3.3035768869906104,1
2.3114034200984768,0
8.889916385563323,1
0.549534538686266,0
1.7661369257412285,0
5.487196055830495,0
4.8106719084747365,1
0.4585201837470154,0
0.07252428015144474,0
9.880679419611498,1
6.588347003588382,1
3.6540613090155682,0
4.704322476632413,1
2.6655012045428697,0
3.4487378369320973,0
6.490444672682139,1
8.828117988673707,1
1.8413002308118487,1
8.403615053853187,1
1.2155662951826907,0
2.149922235883912,0
0.3717528804964598,0
1.4081186209299945,0
9.173031454640505,1
4.594387466183786,1
0.7766586177835355,0
9.597268380389613,1
8.7899230775865,1
7.546825208681413,1
9.33472791947558,1
2.2012942083576412,0
8.363692930100864,1
6.899911963543062,1
8.697592495676883,1
7.969115657426298,1
3.46495063176825,0
7.743985370172556,1
2.624563029848903,0
3.2859216302805483,1
1.0790571722297615,0
9.350766159804687,1
2.9100336340028155,1
5.2062246517145185,1
3.9133283646619264,1
9.599281205835016,1
3.350491709384824,0
7.785458214226891,0
8.5541615463118,1
4.356064974809659,1
3.7817181445293127,1
7.477458209326279,1
9.12895980306234,1
7.549317330722383,1
2.271263655918656,0
8.883077474377053,1
3.875816674368331,0
5.7622941177793425,1
8.31435619292711,1
1.8839476740049221,1
7.845101356775531,1
5.961627979106775,1
8.933416418276082,1
1.7197040184354295,0
4.206822370409284,1
8.328430928668375,1
0.19231703456760174,0
1.1220136676564285,0
9.905652127567347,1
2.8039417859035054,0
9.755431937239534,1
1.825315510086739,0
3.6109444300733564,1
7.528694445035706,1
6.577784072381785,1
5.811223999290556,1
5.298991758050075,1
8.434404436647402,1
2.349485628333927,0
4.424709269935184,1
1.5545229215645728,0
5.959415957307044,1
2.5054442427132018,1
3.3384206434338584,0
4.712507166235281,1
0.26770585703127847,0
0.9193793592083765,0
6.859292207082196,1
4.289699807175072,1
8.647902219998954,1
6.946720036441994,1
0.08100941647322446,0
6.167123307671348,1
0.9372486605971642,0
7.809331797904942,1
9.91507688278502,1
5.311987942415115,0
6.827795001941304,1
2.3731416089475155,0
4.375977437537935,1
8.560953322363837,1
1.6742294774625122,1
2.655356056137621,0
4.454336752860302,1
7.12248891844014,1
3.7588395479567382,0
9.277322797830038,1
0.9445705126871917,0
3.708041975448475,0
7.089541234284219,1
2.2598676566149245,0
6.564131342296729,1
1.6421695822734594,0
0.5598028486168638,0
1.2101571674864886,0
9.299847831341348,1
5.5175088293955135,1
7.96345775479649,1
3.326545009050512,0
5.926586478854467,1
4.949521337049916,1
9.45737959402294,1
7.475746360541104,1
7.305426314965791,1
0.4635326943427953,0
5.496696690036911,1
4.669914539018149,0
9.278422666061946,1
2.5734198818953224,0
2.698334532910943,1
4.113462488815004,0
2.4336971340637605,0
1.291839178087495,0
8.574148466508008,1
5.582765244039159,1
8.613627189565667,1
8.31134765403696,1
2.820423547896711,1
5.47737444324274,1
0.8321770274007045,0
9.152518840307584,1
4.042627150651531,1
3.936761838890214,1
3.027553706179532,0
4.606637447107039,1
2.5175938654544803,1
3.7485227279680453,0
7.999470485848819,1
8.342555035851719,1
3.0418247762851616,0
4.690144305527879,1
8.738197762800523,1
0.5267333182969713,0
8.891449619957854,1
2.191843456523317,0
6.785392442143758,1
5.8255169638460025,1
5.529407481892521,1
8.593602247528214,1
1.0157214364466127,0
3.4702802532563606,0
5.382527463447656,1
8.112888539460398,1
2.164430834116715,0
8.029298413742762,1
3.9963848249393576,0
1.889138564336954,0
7.5898644044348265,1
0.9089890147454782,1
5.1476737407544295,1
0.6387578386188841,0
3.564178551577876,1
6.010767990063926,1
5.561155414872131,1
4.046554179046665,0
4.290479939721157,1
2.2676955335076654,0
4.558825884241029,1
9.532548557208342,1
8.504529177837904,1
1.452328690763438,0
0.2978078732092093,0
9.335243127166306,1
5.267497498807476,1
5.378378231493077,1
7.807179957065223,1
3.1468897387132655,0
4.819075688360021,1
9.686629131467376,1
6.721486869324071,1
1.5374503199578593,0
1.332267479843533,0
2.042647583330054,0
7.667116744207175,1
2.9537700384061605,0
0.21388846675079787,0
9.441743635056618,1
1.6971341639491067,1
0.09558186148068581,0
2.37131602383323,0
2.3502878711813366,0
4.220052508457231,1
9.203898315000368,1
8.79184917779098,1
4.56894554982428,1
4.108999049918065,0
5.550090864748513,1
2.4345401197176573,0
0.5218499196636284,0
9.392241361712067,1
1.8669898487717274,1
1.984007292457164,1
4.724603288539476,0
4.916133448403307,1
0.18434209700741944,0
1.479547387739707,0
3.7815481856074173,1
6.83730693510539,1
2.2841845683193585,0
4.230144462417627,1
5.573450647164668,1
8.88592494623292,1
3.260705023271233,0
1.3355826586348352,0
4.892722258976082,0
7.467216016840621,1
1.0985975705273343,0
4.246834916969604,1
0.17785141262483428,0
0.33559181647251135,0
4.829533632166656,1
2.981972981509294,0
8.451072990054122,1
6.021543061264543,1
4.539329617429903,1
4.079353710542963,0
4.9724548018956325,1
0.4043883121266134,0
8.9279335642066,1
9.983031557339583,1
1.8148712485869867,0
1.2038296477461974,0
1.4357746344859523,0
6.610270582343672,1
6.6144083845077475,1
8.479241622784109,1
7.518263884262533,1
4.496896733693397,0
6.128553615653188,1
6.8828467036800784,1
5.127364702852252,1
4.7565098445163665,1
6.4509744564265326,1
5.574745489756538,1
6.4394230533591035,1
6.128547739633639,1
7.191965605136547,1
6.428035087828761,1
5.197424864372673,0
6.817968112843865,1
4.4948196518542805,1
2.4167122597260104,0
0.014182201339154599,0
5.5996414714584315,1
5.90655226608641,1
9.720489647757143,1
3.6147833409427554,0
3.9413324282831175,1
2.0179958134219023,0
0.7053429523732191,0
7.728044928617406,1
2.49681064339325,0
6.089048610300379,1
6.8777303554548155,1
4.712366872916477,1
8.763521130271917,1
4.437948409797288,1
2.849086230417651,0
8.960155229616223,1
8.615642842499565,1
1.64039947076413,0
0.2596101835392095,0
0.8998555634962069,0
2.865473985538171,0
9.722598017417107,1
5.58516153160825,0
3.7326173202926882,1
8.887160946127464,1
4.531363314784996,1
3.1523862840102113,0
9.412195287456575,1
8.49517666192678,1
8.436683754194409,1
5.122847430502131,0
7.89438398815455,1
1.7935335926455187,0
5.732229575562436,1
9.838459228475458,1
2.9095843051796164,1
7.943523292476752,1
4.904784072080672,0
0.3980568322208733,1
7.630193978156674,1
1.685691443921128,0
6.314735671327502,1
0.856641940469729,0
9.468673974959648,1
2.917238871803609,0
2.264646916773949,0
1.291364040663343,0
9.460021933390477,1
7.119037424413052,1
7.416608887180887,1
4.994045613802446,0
4.747277852704834,1
1.1002124299147664,0
5.598410955839918,1
2.4691649510879046,1
9.771453328004059,1
7.965809400151473,1
4.129920601928876,0
1.5134125869153303,0
7.853316911387839,1
1.22053767081316,0
1.893337534970705,0
2.115205177442274,0
5.568906382730944,1
7.870566539903663,1
3.143148787246922,0
0.8466981427528941,0
4.645384635244191,1
7.481102411599355,1
2.216638430873883,0
2.199245480393742,0
9.472270273467108,1
9.541537271191778,1
9.904657320615764,1
8.076596015747802,1
1.8818416916794556,0
2.1198152079926134,0
3.40225241522392,0
3.1813253133349084,0
9.56527749078009,1
7.890739828816936,1
7.2400879216155385,1
1.8596322405813182,0
9.095255593623296,1
8.278703795061737,1
1.636418413279237,0
8.711703319609725,1
2.7224753637047128,0
0.8086974583210604,1
6.5682230651421,1
6.5380465938433066,1
0.9493200956561809,0
3.188518089365824,0
9.928144622555386,1
6.784266670087369,1
7.300751666033292,1
2.1291728560430565,0
0.7878207100391432,0
2.7690168974093767,0
2.48898385193192,0
2.345441007480531,1
1.9275432188703956,0
5.747556906554044,1
3.2810347584182176,1
8.203450150475305,1
1.83947417847384,0
4.646270708685445,0
0.13657836426079983,0
4.8168232245519205,1
0.5583822087647439,0
9.777235118726436,1
7.905921286504128,1
4.901114766364554,1
0.8658735817935026,0
5.924454407904143,1
7.587637507018775,1
1.907172530047453,0
5.6820834078749085,1
8.14210898382868,1
7.6824777764631635,1
8.02992017867153,1
8.793234248697198,1
9.376821021594703,1
4.0552115520353595,0
5.687691025228773,1
7.9065952604561085,1
6.971398139457832,1
9.955202282643787,1
0.1367765110464414,0
3.5513321531579067,0
2.8102792627020245,0
2.623158501655346,0
2.225297824988858,0
7.09123840815229,0
0.8475947327532185,0
7.416088339433383,1
6.934258420162735,1
2.508041325008964,0
2.5283378316516125,0
6.288605853445022,1
7.621711054836778,1
8.764856130873655,1
8.521395638544757,1
9.648829941638532,1
5.813848953365111,1
9.086555613403597,1
8.085132732604109,1
8.946676243140136,1
0.11626601285366633,0
9.65902991865811,1
4.735301628464783,1
7.9818298957484295,1
1.2720411933778086,0
3.959410958139741,1
2.714606630209909,0
2.9165877050093703,0
1.2325561995088175,0
8.05763832543007,1
0.09242314581078159,0
3.1250545698520247,0
1.7441054321641503,0
5.890389406083405,1
2.5425240261454385,0
2.5899845452809966,0
4.883381439953187,1
6.526890393409257,1
1.2130470456516362,0
1.7551145246549615,0
2.471747445945176,0
9.737482141179605,1
3.9715249994292035,1
5.989900906310265,1
2.415428127159779,0
4.904595251574879,1
0.7411917438595805,0
0.3474214592232694,0
4.687335268214602,1
3.9865928751841206,0
1.3688031969182768,0
6.876014289207337,1
9.929034908992644,1
3.956468211967125,0
6.245586359173945,1
9.629759423644856,1
8.315349724468753,1
4.635522233026857,1
7.3748948445991935,1
1.2813504025052402,0
5.121038554637992,1
2.7906027717993656,0
1.611636878961611,0
4.262809062545348,1
1.3101455443361443,0
6.989851081744856,1
4.562400440533355,1
5.311446325646639,1
1.4637593866815701,1
1.3977166109349448,0
5.8341543526012405,0
9.850097478294463,1
0.9625058323772562,0
2.8573142856578126,0
8.694591165378876,1
0.7227201225523694,0
8.758857213669513,1
5.242859833747512,1
4.0826677392642585,0
3.096805643514559,0
2.971171581278419,0
3.0580258244947878,0
8.848030809601958,1
7.237952301747855,1
6.697230078311506,1
7.987491489520008,1
2.57114663004145,0
6.180428120817557,1
4.60066238957951,1
7.824416352001934,1
3.092561104732855,0
6.431786168698958,1
8.822124118173134,1
4.021504761949287,1
0.6662208736746145,0
5.160508223417928,0
3.4597248780702596,0
6.72225380547175,1
9.51032924748606,1
4.85608317996847,1
4.6619023015553385,1
6.545848001914603,1
1.0349750359356769,0
2.535061889250146,0
9.189793255003986,1
6.699426133637663,1
0.13444043983416254,0
2.046254725590199,0
6.8283726602889905,1
7.643992025625742,1
8.39859572674042,1
2.921768033820449,1
9.310285962775627,1
5.529468935778924,1
6.965390223878929,1
5.96738862779908,1
1.2274005467462046,0
9.631146593848799,1
1.2287557989415265,0
2.5488195641118363,0
8.136278802229802,1
6.185969615011015,0
8.38149165376357,1
5.157361883740449,0
3.7699323536663485,0
9.218454995477849,1
0.3625231751479485,0
8.56130220353046,1
2.308177851877816,0
8.487363277539679,1
1.391966134168856,0
5.802189636905405,1
8.88107919011472,1
4.735396468988905,1
7.46566673803393,1
8.046716178555585,1
7.364942087167792,1
9.253297368745983,1
4.468342305199286,1
1.7312543916515577,0
0.47811063702479784,0
2.464598696375051,0
1.431975038802421,0
5.579487414344805,1
1.84945337211732,0
0.3893370728937118,0
0.3598982886866786,0
8.315694983648616,1
5.914499314430248,1
3.580853018933782,0
8.94228042740247,1
0.701966114077136,1
9.803220727278259,1
6.16291790254461,1
1.8346425396884847,0
6.790690989769685,1
7.633812597835626,1
4.293427833707745,1
8.616326062455474,1
1.507324072964703,0
2.7883758357760833,1
0.9349236158398977,0
2.1087784060735215,0
2.3872881191114503,0
9.176331909217101,1
0.781096887511562,0
4.274151201877094,1
5.3239868722691295,1
8.986930538021609,1
9.976962186612134,1
7.533881149198358,1
9.707909905690295,1
7.8710113253587375,0
9.632026409714166,1
7.0727072594445515,1
0.7976342545107107,0
4.019201869926765,1
6.465972838024704,1
3.5071850945425096,0
2.7338391811377862,0
5.77399267133091,1
9.33501876702435,1
0.3498187351615356,0
7.692312035414377,1
7.227272780446271,1
9.639534253882871,1
9.307112223325436,1
7.622325620441929,1
5.204087646825987,1
2.0426755323351986,0
5.452357183255744,1
7.6535199391965385,1
8.95669212637893,1
7.8971200921054905,1
1.9526693519105398,1
5.996863142280594,1
3.32173459531357,0
0.09205667390642991,0
2.0022093578866604,0
1.1322064993344927,1
8.427191235394686,1
2.58506252147812,0
2.846979688875555,0
9.599365717988842,1
3.7908672304885216,1
0.09585640144394558,0
2.8384614834613653,1
1.1929958060181245,0
1.0280856173585395,0
0.7748729013574951,0
5.932594701753773,1
1.8934772362985863,0
3.6124279404101047,1
8.620177161300168,1
4.243381397962756,0
9.156913500516376,1
4.979380533956062,1
3.9883661483975574,1
7.503889270907016,1
0.731750987680021,0
0.8947838298241739,0
6.519737139229607,1
4.869407132392483,0
7.904152503192102,1
9.162708373435315,1
3.883668776715475,1
5.964100265846462,1
5.006966277953099,1
9.816106556424328,1
8.310844073565951,1
9.117377082773535,1
2.543400875776042,1
7.7252642316259434,1
2.6547322499764894,1
2.087425334283899,0
9.442661596555508,1
0.19304416717866646,0
9.653887036634297,1
1.492618969888062,0
8.194380817932682,1
2.759225530681031,0
3.507023274307274,0
2.1675771132198496,0
5.855140424810797,1
3.4809554750787406,0
6.573930394946633,1
0.15647317942065975,0
0.6437488351503962,0
0.9966115273124865,0
4.189936853102311,1
8.14796172659976,1
8.881779103783828,1
2.4481074006090076,0
5.74369724239014,1
7.683649926926005,1
2.8882942991960867,0
4.090077367362732,0
5.239742026857139,1
1.348748464080477,0
0.25982293725780314,0
1.5280580931828325,0
6.268536212535334,1
0.7361826153368167,0
1.896963648501283,1
3.3785388569530372,1
0.7787006430636634,0
1.9169927116163443,0
9.112697889835111,1
0.1929913222698476,0
6.5343192417436216,1
3.8440893091518493,1
6.726487394323711,1
5.886917203634045,0
2.234987543546443,0
8.472094875733886,1
4.919403826093567,1
8.225360189134717,1
4.060125361882192,0
9.84685553915239,1
7.704893585012963,1
9.659502051125735,1
5.1432647890985885,1
4.736911322907005,1
7.554538093252578,1
8.802912630134301,1
9.64145795865558,1
3.2455190603249973,1
7.9870457384263895,1
2.1064559763553667,0
5.455743467454452,0
1.7984814840919916,0
3.473973617503389,0
9.313583672064592,1
1.4609069977308609,0
6.324008951351965,1
5.929542729274033,1
1.2073835270898647,0
3.2597904376881215,0
5.629815045152657,1
1.8717860898849026,1
8.006236564128153,1
9.721565095347499,1
2.1475939996247204,1
1.8691196479057592,0
4.549350717974447,0
7.477652771400321,1
2.816006102352514,0
0.19879908697280402,0
5.41220628032894,1
9.566005677673076,1
3.912768554069456,0
4.201345541831004,0
9.68901717114038,1
6.9460761162672835,1
7.191719228421252,1
5.627020053710677,0
9.746092108632416,1
6.888664844255561,1
8.950327516051695,1
6.993788657332212,1
7.3511582484039595,1
2.9041092214224653,1
3.0347869801381897,1
7.829846495760292,1
2.967062891698996,1
5.6277007080153165,0
2.4935231090670196,0
8.169833808090694,1
1.1050135122769,0
8.294466397616645,1
6.027298005076018,1
1.8690953482707728,0
5.420353855061181,1
2.8249883684734045,0
3.234673347304966,0
3.515280415968803,1
0.6331924697232094,0
9.859616844014173,1
0.31534628131224096,0
6.624968731842785,1
3.7122764775743056,1
6.46010290946699,1
3.5624825308758377,0
6.737506462588588,1
7.292355094683608,1
6.905526403996448,0
1.1396198135815228,0
6.5689323465468465,1
2.799875494540973,0
0.2880137056933352,0
4.14830671888954,1
4.335431028038011,1
4.671741333524465,0
7.048241653907162,1
3.0884380914245915,0
3.1528051310392256,0
0.6055225624126059,0
6.86821215992296,1
5.67826091399584,1
3.494251126937881,0
7.051889789173547,1
5.373577492268772,1
4.692449458705397,1
5.1132454366112645,1
6.3634812526705655,1
6.600026045745995,1
2.8895781914071716,1
1.4074336339115323,1
1.5663418119051875,0
6.393908859030017,1
8.72873285767126,1
4.094962783455518,0
1.6952016032946238,0
7.566024982938546,1
8.324894744194486,1
8.805824431209665,1
6.068314289137332,1
8.607285593880846,1
0.15414958448407678,0
1.0723580176952352,0
0.9257606705209875,0
7.12604684254733,1
0.6958178354357902,0
4.96364372466307,1
4.727068986362891,1
3.1070352355824093,0
8.704051699420997,1
1.70433201879996,0
3.5246278439923984,0
7.741715000229291,1
0.30422314393284244,0
6.7295040024636865,1
8.163977263615706,1
9.322678388381672,1
8.762966404914849,1
3.193841168336852,1
5.863641413229526,1
0.7729349315046585,0
2.578700035480086,0
0.9422237874750738,0
3.1518729015396385,0
8.75187213458729,1
3.4716683967429263,0
5.618981030014264,1
4.333808481149408,0
4.589165242987353,1
9.695720518365583,1
2.9615446826385794,0
6.273244695231713,1
4.200626695794471,0
0.6114618104768621,0
4.89330831624236,1
8.133433290451084,1
0.9875296868168837,0
0.6959184739630897,0
1.5363152039326666,0
7.644001113893061,1
7.239953841447379,1
5.650177689061105,1
4.682264040926324,1
8.88325814702622,1
7.666978238334825,1
8.119422513018051,1
8.132623013506542,1
6.42717154745558,1
4.580146243159459,0
8.646777525856503,1
9.260074176032507,1
0.23806043258343013,0
0.515548732662513,0
9.587432969084373,1
2.771606138441948,1
8.733694396494187,1
3.887951189614026,1
1.191000576093556,0
0.8044320020933426,0
1.5650789908045648,0
2.498931948673647,0
4.885183539308262,1
7.014979005657835,1
9.863985764853,1
4.4150674328917106,1
5.181849423431099,1
5.218157013832556,0
5.39434355487936,1
5.177406571044623,0
0.08774755061917827,0
0.01724822109840707,0
0.9766631812612292,0
1.0155660342917883,0
7.048969089547961,1
2.0491603251599977,0
8.947141047556128,1
9.286063295770195,1
9.758933378958988,1
9.390813048870202,1
2.7188832191852463,0
5.097768447035125,1
1.75454970196941,0
8.06209655172433,1
8.884317051440961,1
8.51288839297515,1
4.333669486968349,1
7.58673884686781,0
0.9757916957626944,0
0.4024477061925069,0
7.532364143087609,1
4.253552743286837,0
9.955492647395692,1
0.972542158555324,0
8.556276815352337,1
4.7998306552899175,1
8.27150195503877,1
8.171272821701448,1
9.159920013620773,1
2.9785001128610276,0
9.497993534620031,1
1.5166696035762028,0
0.8196877759349053,0
4.316155173723492,1
8.283229686418426,1
4.734211306334456,1
8.292866775305141,1
7.296868057943052,1
2.0942838613893358,0
9.488816248994638,1
0.6078116862940341,0
8.982797075437949,1
3.04443448990374,0
5.001480831643993,1
4.223518727007345,1
1.7183455691691618,1
3.5814686640169313,1
1.9293443629279527,0
2.0388647546052385,0
1.8705683602638035,0
4.8901738034659425,1
7.979313675113156,1
5.68970033761241,1
8.932065885508418,1
6.365444885767242,1
6.893401156326044,1
6.676072297270031,1
4.4945919318374115,0
6.893388222000828,1
0.6970774646896116,0
8.598514719156631,1
7.778121434439173,1
2.452299582316788,0
7.6803245425408235,1
0.12642601400018494,0
2.172465724808804,0
0.6513723867089594,0
7.802269166178947,1
7.558741511783872,1
8.136360238018307,1
0.04481693325528835,0
5.01232726678408,1
7.048361975173365,1
1.5540112873901546,0
6.497907275126247,1
0.8411009930968572,0
1.8132585610431318,0
4.75796814994601,0
6.53565152681102,1
1.4586912695389609,0
1.852233308309379,0
2.04446367065663,0
2.3870080469897847,0
2.2655384852629123,0
3.951491084976367,1
6.537896508367229,1
4.380317831344697,0
7.759739087498882,1
7.1926850594861484,1
1.2652691404907568,0
0.4884162332074393,0
8.779415639996062,1
0.7983106656287342,0
1.4833918071971308,0
0.2213327555811806,0
6.283363652986537,1
5.823705631583485,1
9.869036664352556,1
8.86932396317172,1
4.108431774809097,0
3.71585840912535,1
2.9685203427998506,1
1.5240692003788137,0
1.3808365660200905,0
1.3228370800960543,0
1.1411475718677855,0
2.405120424055369,0
3.0666863031311644,0
9.615789710389159,1
5.784732510018857,1
9.87595774513281,1
3.7246694782567324,0
4.5762663258944105,0
3.2457865916527915,0
1.8288765089655268,0
1.4316470777757917,0
9.45079197807832,1
9.868106817987558,1
0.4490949650873155,0
1.5034587473176653,0
4.235240923010226,0
1.8633347634440733,0
3.638803936268833,0
1.2909634985963336,0
4.565117567217902,1
2.7169461616925927,0
3.519050557586608,0
0.9431265146274759,0
4.2812805071014175,0
9.832576109615697,1
3.2883304688119033,1
8.764292748424351,1
8.431991416236851,1
9.520584182972106,1
7.901095122670945,1
6.595968270588149,1
8.565844442274576,1
0.7564468065734964,0
4.628306571988078,1
9.892562386150589,1
7.696001512947323,1
9.620753780372231,1
7.7963435613347905,1
8.748819674421442,1
7.06529632303191,1
7.605020044172398,1
5.2317800983950065,1
9.242377008141329,1
8.250389106233616,1
8.438849656656322,1
6.730091009630524,1
3.04579947087249,0
0.3562979539013933,0
9.356551294095446,1
5.861203488054969,1
2.9814297114814026,1
1.491351078475378,0
8.295231655007546,1
8.365201944475789,1
8.145079681305315,1
6.450826919667863,1
3.660153875918759,0
3.04070284780257,1
0.08554770118170185,0
8.336075586882403,1
0.8743269749364246,0
6.307549980407677,1
5.040749468400883,1
5.266893589263511,1
9.267128453077733,1
0.3161501127124211,0
7.733922246287723,1
0.5205239836730713,0
0.381536059353772,0
4.298176981413819,1
0.6307517434296672,0
7.891439512929121,1
5.295630936483372,1
0.2903878265977444,0
0.4050068648191951,0
6.126685297394793,1
8.06111817658405,1
4.377995312747736,1
5.545806715356244,1
7.998294540499016,1
6.105061740418192,1
2.247602376588195,1
6.130520258694786,1
6.282794590652135,1
7.341069808811267,1
6.208741875568013,1
9.69242130458038,1
1.9728830871706848,0
9.510906795670763,1
5.383394903500163,0
6.71956140494912,1
0.9946159745218985,0
3.80575941378107,0
7.693791464631726,1
7.0691101509899035,1
0.40139388165410184,0
5.465942634972446,1
0.8827819296840944,0
9.958564291781624,1
8.972965885332947,1
0.21080660428536957,0
8.586495789026309,1
9.194296005584077,1
3.535482225634551,1
7.195016550477659,1
4.4210374620777895,0
6.552324845763441,1
3.403174042981915,1
3.2255923663326835,0
4.244338888575791,0
1.4556775865250116,0
8.311389644353826,1
3.4869789536163665,1
4.0014955390584515,0
8.940546127021445,1
4.966238140631713,1
5.442539093508629,1
9.564981247770985,1
8.867263831449891,1
1.694667088884395,0
4.7321502991810505,1
9.712962274285456,1
3.7236629822860268,0
3.715731085162001,1
1.9503023178915435,0
1.1432311411912521,0
7.4030479075598175,1
7.700304687015165,1
9.690129635029999,1
7.73418210905363,1
2.433524940335987,0
0.4011657828851545,0
9.854373843696603,1
3.4045069554360574,1
3.1197154243242076,0
9.059552097493825,1
5.850998985449861,1
2.148711738491346,0
8.890962427162396,1
9.933608550547433,1
0.8667856115083072,0
8.622516283024872,1
3.90515697684394,1
5.240724465067044,1
9.148159757649807,1
9.733791957751173,1
2.621639104087994,0
2.1285077095991376,0
0.8051655859151186,0
5.61797852662138,1
0.13604395450668272,0
4.118982976099366,0
0.7338401665200855,0
4.05225782929334,1
0.39932189265609264,0
8.352172606087688,1
2.0973899393856588,0
3.2830871035791196,0
8.700479966063918,1
7.4626606133220506,1
2.1903836164205845,0
0.7189941865749605,0
7.156737768553395,0
3.9070255068810935,1
7.660799991182213,1
4.4529477237521045,0
3.460024129722764,1
4.512054082123965,1
7.485589856706767,1
9.022202865403742,1
0.49767196588575535,0
5.241115412269552,1
0.328354290838776,0
4.684095450243587,0
8.852828290969004,1
3.6159026642030967,1
9.324504210806433,1
6.306084716506094,1
9.341553437930063,1
7.571666254125197,1
1.034351666487623,0
2.3115136756267707,0
3.941704545835062,1
1.7010688201207602,1
4.949116047766605,1
4.713681557014906,1
9.562591980273812,1
4.337278828959778,1
7.856268042879978,1
9.419105448514799,1
8.769888309739855,1
2.0866762451159184,0
4.9602989425354425,0
3.477397822959257,0
3.998586951372155,1
3.608068262457512,1
8.263592101750042,1
4.521390551224474,1
5.236943322446882,0
9.824473570470747,1
0.5997927219151644,0
4.879576397907488,1
7.740617069461161,1
1.5116195818822653,0
6.115315946147739,1
2.3946477953446674,0
8.674041132245677,1
3.270996654000793,1
3.2906281690090955,0
5.981938785178935,1
1.8356290811990872,1
2.8488863890306106,0
4.166318501194115,0
3.536378631401104,1
5.248772180055824,1
5.996401440689663,1
5.666674537501645,1
6.541683119919322,1
3.0774951660782026,0
1.2642622715502805,1
7.608075414310771,0
8.50780382630682,1
2.5700623222243224,0
4.070919561580197,1
4.985692169635553,1
5.333268427529364,1
6.594901710876519,1
0.41603233355321345,0
7.21477082734017,1
0.6197100697941027,0
4.682885676728679,0
8.27671135569194,1
4.512153132783963,1
1.4908974876824777,0
9.850338450059597,1
8.892854620742632,1
7.71313633225014,1
4.115116028992104,0
1.838457268892978,1
9.414111814185013,1
5.3235112651713905,0
8.523554603874851,1
3.4209500575942577,0
3.3528831707947058,1
9.855404806740392,1
5.218330484948498,1
1.406954238607463,0
2.196746779947074,0
4.819442793927208,0
0.4247091048841134,0
4.625339853783005,1
4.189408420801276,0
7.79336265319487,1
3.5494196448924176,0
9.825487615395993,1
1.8076991930090314,0
5.9098668496813485,1
0.8969929700825463,0
7.33863983993982,1
9.947536880619715,1
8.191386377516322,1
5.557035407203013,1
4.847413573996921,1
8.350299612668469,1
9.359740847107243,1
9.89206525798093,1
3.965392275644841,0
9.909174747945123,1
1.559262521738315,0
2.535497759319092,0
0.890161247338962,0
2.7173851648448166,0
7.679375516180111,1
8.529243581784497,1
7.788926451025717,1
6.310657781676962,1
5.139665125226456,0
7.0870428921364645,1
3.908335492672218,1
8.413083514997018,1
6.771900939767854,1
6.978046984944085,1
5.3593599312907125,0
8.852289842111725,1
2.520147336790525,0
3.811476533610507,0
7.776425696776891,1
4.927488961293377,0
8.892140134241908,1
3.463993197628523,0
3.6933016881964473,1
8.887357893866254,1
4.6437032018204105,1
5.161245842024868,1
3.327637153356794,0
2.766699421790819,0
6.55948710838392,1
1.1984066154120387,0
8.792726411829094,1
7.792031367651079,1
1.9074826370580278,1
6.940199458245654,1
6.026329212856348,1
1.8453505073664411,0
2.7320350605023247,0
4.089865037338344,0
6.9924273524547385,1
6.387234088170059,1
5.3223484767669795,0
7.684105431140342,1
7.579377396061659,1
6.178591540622559,1
7.869900833848252,1
3.342633747792092,0
8.812495283226056,1
6.149100858019407,1
8.223635138124305,1
5.46279104790284,1
2.1843824498868036,0
5.4241012867830865,1
3.711116637765881,0
6.9749903603709456,1
4.757937917347358,1
8.361128049276877,1
6.780725123219167,1
6.8454443303132395,1
2.1715533349106497,0
9.842497664912903,1
8.416752092714887,1
7.890048845606946,1
3.3021522516002744,0
5.356316528472319,1
1.3710318807432864,0
5.3847597666270595,1
1.4588924648328727,0
5.530378439896012,1
6.487218801549056,1
3.9019596724990233,1
4.985448783312933,1
8.75653387674586,1
1.0856314470280937,0
7.917328929996529,1
1.707545509961964,0
0.3670798280462839,0
1.8557460274504778,0
7.650431899704897,1
4.051260733368601,1
8.72520516846182,1
5.247075411822658,1
0.22250351926330958,0
7.167136096019267,1
1.102329087212327,0
7.893796334619244,1
1.6810254980518002,0
3.4544638580551346,0
7.612714296253603,1
9.542313574764217,1
3.7143395064673235,0
8.294002201989358,1
1.9079226547583872,0
8.071797702024911,1
6.574940592562511,1
1.9274350721236844,0
3.0250396035141156,0
1.31770888597036,0
3.829670110643133,1
2.036486411232774,0
6.439979536304735,0
9.945051042205588,1
0.1200916308426414,0
5.409198132872986,1
5.736665975490097,1
9.14208789680812,1
5.060053347669376,1
5.437014196449175,1
4.716528013283886,1
2.689043045614814,0
0.5602913324891368,0
4.086576822098361,0
0.5259147124067853,0
5.504924694659178,0
3.0729364324229316,0
5.336024015254278,1
1.3429696439518668,0
9.326299657393596,1
8.945212435499348,1
1.899965092022845,0
3.434442832940099,0
6.134927718519796,1
0.9568620730590627,0
3.5456782111615084,1
2.511122868190061,0
9.155167287166966,1
8.525106362892052,1
5.7983274126686375,1
5.203463368715742,1
9.307257945453971,1
9.324277829788153,1
9.693301253516605,1
1.2537888410818765,0
1.6055781076317022,0
6.767366986798866,1
5.4143447660984485,1
0.18465904893235963,0
0.6197503598951937,0
8.880803822588051,1
8.688707955393863,1
3.5727092199604513,0
8.910506169305346,1
5.936750743979018,0
8.059056470189018,1
4.274310711602142,1
1.1339832734490873,0
4.337270626460162,1
4.572997979968979,1
5.50944193840603,1
1.05582712904428,0
9.914018630496114,1
2.4413682080690635,0
1.9855240353709291,0
5.268029188559366,1
5.372081793948887,1
4.398207378332443,1
7.718921463252545,1
5.166544007286027,0
6.0969545514498416,1
7.2374638540778555,1
0.25025101563866614,0
5.706441825450447,1
8.841944712283693,1
0.1738874292543391,0
4.051821038009611,1
9.2622745020583,1
3.5315440228253783,0
4.587288242002408,1
9.815413930443128,1
1.993238589505738,0
0.6525518912500594,0
8.594225908613044,1
8.684653412123685,1
4.720778346800132,1
5.1420717447728626,1
8.35806369617836,1
7.3855949811579515,0
2.6514900221701065,0
0.16893355071518457,0
4.797001625335458,1
8.589123260956415,1
8.958346766901622,1
9.562261970761538,1
8.795632376127813,1
5.800435552980984,1
4.446055992361009,1
7.74849846534099,1
7.398216343655965,1
5.3814343008145435,1
0.8732737255846912,0
9.260813467869188,1
4.556025375016621,1
3.633337819162643,0
6.295673951687717,1
6.738379611669769,1
2.1068791703030145,0
8.369388448099562,1
2.8993709366237788,0
1.866839259143167,0
4.063998528544975,0
7.305600808974653,1
9.654581784398035,1
8.092812643714332,1
9.403483776701918,1
1.4060580407652679,0
0.7117679886367678,1
5.577047619066712,0
2.9029748304403435,0
8.280549729692728,1
6.7198787140232605,1
9.707281639857944,1
2.547923557313042,0
4.857841143552324,1
5.0124047742535325,1
2.391767948573762,1
5.900933994880077,1
4.432859860792395,1
4.467215559898737,0
3.627366479724836,0
0.1692935242553506,0
5.22095236914789,1
3.352478357003311,0
0.013198689843296751,0
3.07943707661932,0
2.78628333089757,0
3.934481532236358,0
1.3185198964339695,1
5.076838246350844,0
6.924403525181299,1
6.301855690545724,1
8.037549475691906,1
4.520082879870811,0
5.190917303397282,1
8.104019408589833,1
4.2770117081923855,1
7.01599349899597,1
4.346023687179919,1
4.177361945115626,1
7.602056245291603,1
1.7483691546621116,0
3.385859719415736,1
2.2417227674690174,0
3.591099429675971,0
2.3037482236602402,0
5.794056310866546,1
7.9817080261784525,1
7.866130612179019,1
3.6450096454879244,1
9.887604058942618,1
5.938543647058008,1
3.9940030177829478,1
8.355392792414255,1
7.2987401264264085,1
7.492753368241044,1
1.961393497338716,0
4.683243073685551,1
8.618281308246027,1
5.040380076287573,1
6.834527434210504,1
5.879337330342645,1
8.423567877183821,1
2.8456083976160262,1
5.754752778863649,0
1.2323466800980398,0
6.902107766994678,1
7.319678383527121,1
0.4283732118899841,0
6.757909636279851,1
4.146901541657863,1
1.2409687610968234,0
4.199075476984676,0
1.942329296955817,0
4.155595321233165,1
3.843390279585277,1
7.383916369360575,1
7.742155581663588,1
6.070286543845467,1
0.22686842182447542,0
9.31022279070994,1
6.862332800964477,1
0.34195449921188836,0
8.188328992141178,1
2.0026615471799616,1
5.792211895711068,1
4.666343699501871,0
4.198387823550767,0
8.897137201243975,1
4.373612915626147,0
0.7534411757315074,0
9.466387272149525,1
9.205352312396275,1
6.844326895815987,1
4.67892528132025,1
0.9285947294352126,0
7.907481185774762,1
0.7547791442402896,0
0.6860098489514566,0
5.373838424393681,1
1.6012824018464022,0
0.07730267340348984,0
4.231134309957863,1
1.3721723161006594,1
1.6051541528069124,0
0.7691063873533466,0
2.0509375372360994,1
7.154841797743893,0
8.089273072177914,1
4.525336440293007,0
5.065538158814177,1
0.32655034594202603,0
0.6931626137131686,0
2.575677256495169,0
5.438984207131475,1
7.395511487349929,1
6.050030613380331,1
3.921278549867883,1
1.1832407300313819,0
7.807732348871895,1
3.637860515990571,0
7.360540144827896,1
5.129788419143418,0
7.386620535618253,1
9.072895614525718,1
9.21029516053802,1
5.351067800006034,1
5.1150836476563875,1
2.6567846550283725,1
9.357998315292914,1
4.579191671996209,1
1.2759123928737715,0
4.327049146265499,0
1.2705325023800396,0
5.025316842570751,0
5.612755148562122,1
3.3775576149358533,1
0.7165061423148467,0
9.43503535633239,1
7.733531134834296,1
8.388810805051211,1
3.668683942862294,0
7.608310300194505,1
4.853728951691942,0
2.0108348840604595,0
1.2442337690721328,0
3.4505086932205686,1
1.3755211147513968,0
9.982689762040685,1
0.49188990232022056,0
4.411435993690765,1
4.520935223903841,0
3.0063192858167556,0
5.713515657069453,1
1.4997702415154468,0
7.839123805872337,1
3.3244771824763832,1
5.913425897986418,1
7.156392360669593,1
8.890421176901611,1
8.357874364522,1
6.083090281035596,1
3.8839318038388693,1
5.032046700749639,1
7.6873479337880255,1
8.77545542559473,1
1.0378192817667187,1
3.848562624930535,1
7.761165984135006,1
4.31651762593961,0
3.3222776406628385,1
4.113226968232696,0
6.028447467863508,1
9.998051441338015,1
4.929924291045317,1
2.0849447495426054,0
1.6284657527909474,0
0.4234974747641429,0
5.588172349183215,1
5.4457209148883425,0
2.0523392678030916,0
6.95329406452567,1
7.411070416296807,0
2.5909820538211124,0
3.440997640297365,0
9.904716723472566,1
3.742644678507342,0
7.608016717561018,1
4.5272542662993995,1
7.9334482786097595,1
7.690232387826478,1
6.677560251985356,1
8.547783462955792,1
9.392184948776851,1
5.799833204520839,1
2.374689072227457,0
3.98628961644075,0
7.583057135132933,1
6.508834851238695,1
1.7779833856524874,0
0.512395411464247,0
6.829615935420649,0
2.5107902402934537,1
4.996702437290534,1
7.4674677251259425,1
5.626667806563331,1
0.8330258311179639,0
1.855802367835554,0
2.1932818403091914,0
2.5786425364484487,1
5.654033919505043,0
5.039657798253935,1
2.0316003836420893,0
0.6755484345568707,0
1.7143220447471808,0
9.843813126186033,1
4.685469497914722,1
8.673455047021125,1
8.487524666688433,1
5.115195574628737,1
7.066877084605435,1
1.9275201041271228,0
6.883967049269083,1
2.723845792632895,0
8.320620967541508,1
0.8372413310890992,0
7.731386728852775,1
0.9993690656861953,0
8.81189236894309,1
3.042045181350037,0
6.543933648305748,1
4.875022786202798,0
3.6630314526233896,1
6.454418331834964,1
9.47522980551238,1
0.41269747374621857,0
9.188528558831043,1
6.0908165502101355,1
8.073143007690524,1
3.8387495343427758,0
4.7184297483761375,1
8.68850751801164,1
4.148479698098231,0
5.34659566749085,0
0.20194923084332905,0
1.5859800583804229,0
6.416865079747998,1
7.169769010638771,1
5.8260093678449945,1
1.4331003627561067,0
4.454054285778348,1
3.550947663631898,0
4.956613440350884,1
8.703290345540942,1
7.758614386586519,1
0.8398950138915895,0
8.903091977745643,1
4.717671511498236,1
7.438621448859984,1
1.4003923126435214,0
6.707195257070481,1
2.3632601760945793,0
4.383808971409316,1
0.1686287008210441,0
1.5161063793047602,0
0.9208049312361977,0
2.3974417293825843,0
1.0001809002432227,0
6.919100266195619,1
0.2903990220921937,0
6.1774050062499795,1
1.4070783082557425,0
9.451614571778968,1
9.330940731098543,1
2.255031025209626,0
6.144212982230295,1
0.28005319472458434,0
9.31788543051174,1
5.229873081917097,1
0.43223151417778993,0
3.424999930081374,0
0.768494618612342,0
3.9294443937335988,0
6.699263421613231,1
4.698899080414396,1
3.837221747194545,1
1.191570455404648,0
2.4493904569365634,0
1.0014328773835113,0
8.074987316566608,1
1.3523982798472256,0
5.953733665488935,0
3.427404135888459,0
2.259783846551835,0
6.394684394921038,1
4.570023093769406,0
4.0014546728455915,1
5.928520048922215,1
4.912676284900007,0
3.0348420855156077,0
5.590612877652516,1
6.694985765506946,1
0.2669315858685428,0
4.658717289076754,0
0.5768328458354377,0
1.8640541406811106,0
5.605087340779731,1
8.661889152655807,1
8.828056791884848,1
0.6994401013863127,1
4.191050862867066,0
5.8300648300455125,1
1.470699045503434,0
7.654322167447717,1
7.442352584372388,1
9.033410137067946,1
0.08486012083443017,0
2.1668424398900266,0
8.271867142453218,1
6.705800508269354,1
8.943898536984907,1
0.5717965453026652,0
5.969639657164429,1
5.690465748936742,1
0.3567441636053237,0
5.135220769124835,1
6.095203113099243,1
1.9129317420210723,0
2.7332958312466293,1
6.40347346297737,1
4.683009475999583,1
8.580136575683268,1
3.4238176600918835,0
2.6665965838820114,1
9.848659403448428,1
9.111357701300834,1
0.2899274499897986,0
7.707286153065659,1
1.1033477382520296,0
0.2748519482937095,0
2.7369551596634887,0
2.693458790611043,0
8.193187623469647,1
7.106672459428351,1
9.816094273320143,1
7.115129003118184,1
4.182555532560479,0
6.989276609452169,1
9.994590671864021,1
7.101418825625281,1
7.616813559803183,1
9.383650151902593,1
1.1365126131168335,0
7.047842934477268,1
8.50805957967449,1
9.54378600220893,1
2.109692897116994,0
5.039290077242442,1
6.805548476444818,1
2.4746772950133744,0
6.00472863250274,1
2.5757878249799937,0
3.3345702053164725,0
4.415186965108651,0
5.29190098746567,1
4.493658716251506,0
4.931955197879292,1
2.985887562882926,0
1.589650940226306,0
0.4734997732683943,0
1.959787224916677,0
5.81943641505783,1
7.861154478031324,1
1.6924759744289453,0
1.0855535777264846,0
7.4929036054925025,1
3.0515833053728967,0
9.514994392273525,1
7.14317970610373,1
3.2675604724303087,1
2.8954274779370492,0
5.236983862713091,1
0.7914466827820943,0
1.17676512645299,0
1.758578813161925,0
7.7472359330456015,1
5.138573592691225,0
0.10567122774442939,0
6.73516527472109,1
4.236901786604971,1
5.108523649637979,0
2.1411624341293556,0
5.517822283941037,1
9.791532397514885,1
0.7344469100576145,0
2.8391739966443064,0
2.4299759286082976,0
2.485493107511796,0
3.787063575653773,0
8.181097847441675,1
9.128586899643874,1
2.022150874589733,0
5.429499379481127,1
6.368989721654803,1
5.21827474363845,0
4.340763941969196,1
1.9197550585923784,0
4.882193591992385,1
4.012148277113289,1
7.955633625022696,1
7.636043591629952,1
1.339986812056707,0
0.8851905256306758,0
9.08153943227503,1
5.355083889644977,0
8.578009372825907,1
0.5815112056640115,0
5.265156165216302,1
5.394265145762364,0
8.6070203254215,1
0.9760999822970751,0
2.404455636759093,0
4.065383138870131,0
8.658414754199422,1
9.38883315070567,1
9.927246195936279,1
9.591934864585216,1
0.05941755844354413,0
0.4770834145387204,0
1.4760681915758866,1
3.4886209677027313,1
8.299180309869588,1
8.926561953354804,1
1.8683440629458303,0
6.1966415161970865,1
9.173619850652766,1
4.637317359313208,1
1.0354357195278396,0
4.57813650084625,1
3.757949022880572,1
5.77657996066007,1
4.3865868440710365,1
0.1734592685371794,0
9.939977334136712,1
5.435402377305709,1
4.736307554846095,0
9.54617371504054,1
1.558603675870771,0
1.8923760254524824,0
8.080147490627835,1
2.608310800250088,1
7.992271062915269,1
2.7153348290850254,0
0.33187630225001485,0
5.17014723886716,1
1.9668643412686138,0
7.5784629293247106,1
6.411996332321481,1
9.236026679779178,1
7.829883572657359,1
1.8077595484072684,0
8.001582366647963,1
6.4173704481402325,1
6.689516417606249,0
8.322628859701487,1
5.738240691889402,1
4.660035143530129,1
6.36641035358728,1
2.979574289583591,0
1.825971310870993,1
6.1658783807124635,1
2.338483690854777,0
0.7991510934660673,0
0.00554184585253914,0
6.0831940140006715,1
3.6214878348023682,0
7.52310970673456,1
3.7517639831310245,0
4.860034482382267,1
4.070849728153849,0
6.5057479110934615,1
3.5613916201496822,1
9.637676499423089,1
9.3614698659853,1
8.480279026572813,1
9.203002705727481,1
4.49139688459391,0
5.364303967894921,0
7.420925925582445,1
6.9614592493854115,1
8.906785956054708,1
7.163310272566953,1
9.978847082284606,1
3.4850579983159102,0
8.32997742239418,1
6.976348228326642,1
6.913864452150186,1
3.258355948449989,1
7.856017924230225,1
9.003760223475991,1
2.1854846152056293,1
6.254968371167041,1
3.921348291027752,0
9.89548119294877,1
4.788328158316816,0
2.283201737969427,0
3.8185762522183255,1
6.538383898166263,1
0.7608937134957627,0
6.036019202212376,0
9.31224759178898,1
8.503627876578504,1
0.6767353665798337,0
9.933898787390682,1
6.987269237038792,1
1.6228082431402369,0
0.12416089169423494,0
1.7128263629215135,0
8.381759206857385,1
0.2163932494516374,0
2.3314730361808653,0
7.573055953348754,1
5.8611053589813515,1
7.827357103601918,1
7.461505038267879,1
0.5060138712180473,0
8.925114190941516,1
2.270318342822687,0
5.533924402297638,1
6.442881565277788,1
1.6862821088509539,0
9.762312567009744,1
4.8815595608730895,0
0.5764269559739343,0
9.372620447778404,1
5.862678431932681,1
6.991931979813764,1
5.251757899342241,1
8.347379547769675,1
0.33133462193210894,0
2.683783652771478,0
4.696483564026922,1
0.7660361631371004,0
7.059066693266582,1
3.9366341405564076,1
2.7266799026814406,0
0.033788468084122725,0
7.198303117499537,1
8.338093088728618,1
3.9504053568149846,0
5.642179770333655,1
2.2768662592959843,0
6.221976462801331,1
0.12137458315200522,0
4.886438970987585,1
6.442054818406922,1
9.18191773229734,1
3.8133581712228426,1
7.651902029810298,1
5.976870299435007,1
9.270121129250805,1
3.983776756594306,1
3.1909533987298797,0
8.871419986941438,1
0.4924440140828912,0
1.363853929336768,0
0.8240443458404445,0
8.431099565764026,1
0.10607423370319391,0
8.61657155497048,1
4.512677953712668,1
0.040252788539707485,0
4.016451772120418,0
1.8680084104503558,0
6.244004874721631,1
6.793587899216465,1
4.875275704049998,1
0.4051952543966997,0
6.561288043672019,1
8.420387836055212,1
7.203242773264015,1
8.299579189553185,0
2.0050952355088745,0
8.888879396564827,1
3.221934506479628,1
0.13404814251991026,0
8.433916463290707,1
9.418212689647268,1
6.555581974173488,1
2.3143663046342464,0
2.517444642825304,0
4.665928734356195,1
8.978310796014195,1
1.4959765614755838,1
8.259736695834869,1
2.9130280870515035,1
8.08586169429098,1
9.202711976015387,1
4.2749387199432025,1
3.650506541055308,0
8.022213189713018,1
5.2948288237939405,1
6.8444904846319705,1
6.228292369611795,1
1.5288884564479632,0
8.447903602895616,1
1.957751114131362,0
9.322821440707807,1
2.5057129142214785,0
7.338809732737419,1
2.8465539349359203,1
3.177854085868639,0
3.100018527823053,0
7.478922540260832,1
5.568151179693931,1
8.829524558474972,1
3.0737271920404483,0
6.9199252205674435,1
7.529485996631107,1
1.5148211302995818,0
4.005893573198112,0
4.828174943504111,1
3.556873898943743,0
3.2211259596913813,1
6.864198939976419,1
2.1586639765948856,0
7.093907452511288,1
9.350441963907306,1
5.651975211777511,1
6.114342367394741,1
0.6893270212408908,0
8.644769036178282,1
2.854477871998655,0
6.150511655285649,0
9.791121697448023,1
5.955026005728078,0
7.247094874643776,1
4.453196182237519,1
0.6036584351505736,0
7.975993494897885,1
0.3499884126398567,0
7.006578288878541,1
0.22921573149636942,0
8.623052365766705,1
1.5763603583298058,0
5.142714954425511,1
5.9715070448314735,1
4.575454073734121,0
3.407634893488872,1
4.6781429618097174,1
3.114157538811587,0
4.3812234708086315,1
3.5891299099803065,1
5.6620482350714525,1
2.3792416224498347,0
9.886565549140125,1
5.008699533821655,1
1.9416207741450964,0
4.770667495672725,1
8.664151295248242,1
0.21806793124395596,0
6.795541191072888,1
5.47967796793928,1
1.6955799437013552,0
8.174764393049207,1
3.6888462237400566,1
2.9380202881550743,1
8.28125191856901,1
6.385250461916646,1
8.982590836748244,1
6.298837036711994,1
7.408176579321153,1
8.364458962596128,1
0.5473963590993691,0
7.760489588693803,1
6.137064818495768,1
0.6950779651519323,0
5.085779218687151,0
0.8245807798395388,0
7.359472017232224,1
5.465017138978831,0
9.535735374122973,1
1.8313537157176984,0
6.060334525203785,1
2.1158213457049135,0
6.140649847273983,1
7.226497023608564,1
7.223043293295386,1
8.150739906826098,1
8.535502279583167,1
0.7727172626717704,0
3.4326715707240405,1
6.8712252035980566,1
4.985862873912121,0
1.906759467547915,0
5.52709570166698,1
4.074356527661438,1
3.9003827765430508,0
8.097537174356638,1
4.075983338321812,1
0.2645450548042416,0
0.5806333889109128,0
8.562440416916203,1
9.606008100125212,1
6.884093364557076,1
3.643682941000802,1
9.386003157947275,1
6.628030863757358,1
8.443335491993377,1
7.658523040370094,1
3.791393157725924,0
4.787022008507855,1
1.861321543680995,0
2.9201410044073404,0
7.781256612865217,1
8.939783918831083,1
7.244604232514118,1
4.651736966566383,1
0.8650926893974753,0
0.5694794869844821,0
3.7432556461285382,1
4.638217187676631,1
6.091206222132969,1
0.0648952138699721,0
9.897228904663063,1
3.639388834040429,1
8.480946638011215,1
5.349667056654043,1
1.3043945453334649,0
7.975655525345219,1
7.098270749198761,1
5.27436084929228,1
5.1455309133378,1
0.8747960575092806,0
6.5584894857387415,1
9.112451557542997,1
0.9324491922135836,0
2.635114506489049,0
9.023079734420987,1
2.843439098197933,0
6.539436721799263,1
5.348181649431441,1
5.963276050038621,1
4.157889015772531,1
2.999914705537111,0
0.4853345072966897,0
7.4428093929416415,1
7.460934621942268,1
6.707257400787232,1
6.436337881196206,0
2.437171321675262,0
0.22344933766291208,0
8.087153968854397,1
4.911385356958268,1
3.0683813070261836,0
1.0193190678057007,0
0.627215909013884,0
3.488667217951773,0
8.047370647669405,1
9.187237493338305,1
8.967513646130648,1
9.20000834749655,1
9.077253431293427,1
5.272247516003958,1
2.1941563855690385,0
7.980465828368204,1
2.13712974852579,1
2.672072767565691,0
2.3325432182254846,1
5.149824036958059,1
3.2182750816907992,1
1.5415604962534146,0
4.531734118938823,0
8.73907238785167,1
5.705528549499722,1
8.78335605887587,1
1.958721850791374,0
1.66973873672554,0
5.755771256984202,1
4.63328901546273,0
6.601726416469569,1
7.9462679102678155,1
7.513072956521764,1
9.422611736585612,1
3.9825640915701155,0
2.063867422481808,0
5.509126399478857,0
1.107431201911856,0
2.888511233316314,1
2.0788805526314444,0
3.965637167970809,0
1.1121657500221538,0
0.3184174454809785,0
6.567940046300318,1
6.102489782898049,1
7.083589360386612,1
6.603864402713439,1
1.142946811423835,0
2.9107888137564633,0
1.2952660990035236,0
8.429724020485631,1
7.469036553555233,1
2.0152700291824246,1
3.413092404898934,0
9.666149922642141,1
5.941593578796515,1
8.011555973011573,1
2.645910347687291,0
2.1005292017930524,0
7.839169288465484,1
6.858724552314401,1
6.809779292117637,1
5.526345818291939,0
5.635783427765489,1
7.356975053062538,1
2.7000248112119527,0
3.527684658569558,0
8.71636770520055,1
3.0886520101215775,1
5.46309571379299,1
7.026394640066841,1
9.999248268331765,1
4.3529133149533195,1
4.2809287662494375,0
8.425883794336675,1
8.055031112598632,1
7.310758817345485,1
4.632296374090289,1
3.239391201607158,1
6.087304825848486,1
8.76223293131641,1
8.837774582085865,1
1.0849834507043843,0
4.283502838131507,1
4.6472195619874945,1
9.776153675237532,1
6.779980152425845,1
4.072464172620705,1
0.26057885985593,0
5.65385160099196,1
0.9607597563835613,0
8.34449957347763,1
7.525186605703621,1
4.605091599081788,0
4.292107795416998,0
8.973389655687686,1
2.884583504181284,0
2.490199621067708,0
9.391974328257621,1
8.092458367534826,1
8.206255930671947,1
1.9519381427592553,0
1.432959914309344,0
0.260295498171349,0
2.3704150891868006,0
7.7419049171432475,1
2.4003841876414977,0
7.291032835948762,1
2.5190826536742152,1
3.952924979506717,0
9.831622899114084,1
2.448117312841356,0
3.7637062729826765,0
3.0108718046521368,1
1.0962498633000228,0
4.898941421308249,1
3.7869066333300228,0
6.948870858072801,1
8.175945469515462,1
5.442497144956385,1
0.3219642208733686,0
6.189223562347216,1
0.5539073002093919,0
6.1635632359902495,1
6.850299492691885,1
1.9776762761751843,0
8.19346148721771,1
9.110851315740486,1
8.130869641138197,1
3.0510919021208216,0
5.866430124456344,1
9.148151491912277,1
3.206647262228499,0
8.20027822265425,1
0.09475131261696523,0
0.0364670278467627,0
7.597116603389674,1
7.614475821271212,1
7.889771878522938,1
9.300268378881624,1
1.1790631182028422,0
2.3198498498368836,0
9.037249203738076,1
1.7723619777235344,0
6.82229267576584,1
5.304630000408154,1
0.8319367685150725,0
2.8526366194153283,0
5.203722164409679,1
8.52350116683834,1
7.075384896146737,1
6.21883161454933,1
4.960328899414148,0
2.986839838141343,0
1.1924491131926118,0
4.090760345660955,0
0.28518493911292575,0
2.110558892668506,0
4.324833758726598,1
4.186051856719151,1
0.442954309969924,0
5.890601535252912,0
5.496842558532363,1
0.7810430402091284,0
9.431630524604394,1
0.9938277895086012,0
8.54834151237336,1
0.0030973191500593966,0
8.822810950453832,1
0.19719732204312557,0
7.57812031892116,1
3.6169081130025296,1
7.3821680013631985,1
4.017452054249785,1
0.7090792233184173,0
7.675066953953641,1
0.7125268532136497,0
9.22120435961218,1
0.5097403579166138,0
4.793252777715154,1
7.230344308507957,1
3.9324646479203773,0
2.172334745924347,0
7.590909613960271,1
7.8429470478872645,1
9.226949839543671,1
3.761651104310777,1
5.062517344973268,0
3.63128442846072,0
2.570818218513682,1
7.510329615376086,1
3.3965184501695544,0
4.28149441992352,0
4.036736576240278,0
7.1266122564674586,1
9.177956261106798,1
6.667560613073773,1
4.715825960942325,1
7.792051147388834,1
6.409713241221375,1
0.6061035711781348,0
0.9566358641884165,0
0.3791694407363333,0
4.568163262063198,0
8.258534343389648,1
3.1308316935135205,0
3.8416018309248168,1
9.094771083678907,1
8.369034453166549,1
6.6504811238256,1
2.668037820922513,0
1.170414826884435,0
0.16058822680113716,0
1.0701067260442088,0
2.9259644362394277,0
5.517900635794957,1
0.6400008275238689,0
1.36227778318449,0
1.8108070230794104,1
6.319820929833062,1
6.157897989801244,1
5.507657263721529,1
2.505014246959396,0
3.71119691218732,1
0.9668971633774304,1
2.264606037580549,0
8.977052264725804,1
9.796917464358284,1
6.476595856402946,1
9.168232920234201,1
6.427419004014251,1
0.3319648610546988,0
9.96762584986409,1
0.989523016865349,0
6.826418014450607,1
2.5283620307479007,1
3.9198111290696014,0
6.459341848009382,1
4.36487349307707,1
2.5054605893112827,1
3.344461868783247,0
3.4154811692317635,0
9.593239045082138,1
7.98613015923451,1
4.5854877147940005,1
1.9982092034136412,0
8.11016110262656,1
1.571824716083735,0
2.104622171420034,0
3.6601339184015114,1
8.803481958519901,1
1.3178666863411026,0
1.2223419285452608,0
4.939749883052659,1
2.7641054109367467,0
5.687279416481599,1
4.516366846832235,0
4.349591063512168,0
1.1197297048699328,0
1.4104969024984015,0
8.210785774468501,1
8.858827375717444,1
2.346835328852502,0
1.1346050152476905,0
0.5341667193451061,0
6.082976137418968,1
7.153532125002055,1
3.728099892032055,1
6.796758674906396,1
7.129588155595261,1
9.353422813969054,1
0.6487363783510725,0
1.922917232310798,0
0.6852598759698814,0
8.679939333361105,1
7.925871600335686,1
5.74642070621839,1
0.8366341005118316,0
2.733123586537196,1
2.9771984805851694,0
5.607431960154171,1
2.580438940367155,0
0.7295986391295484,0
7.307623018532993,1
2.9908021165541134,0
4.5237417702330065,0
1.2766663498230535,0
8.025483033945797,1
5.655318769240576,1
9.015856262098628,1
4.954715630653333,1
9.414256718178798,1
8.91868204381326,1
5.764598564592339,1
9.338934381498634,1
3.230887472945523,0
3.6564216270421133,0
0.45477951306036934,0
5.892009067638531,1
7.219239699289334,1
7.735191902421032,0
1.498162860461033,0
4.441590723125003,1
1.7686321209391564,0
6.621273488542489,1
1.5794637242176812,1
9.041636839560748,1
2.3063464566141336,1
2.9140226628824486,1
8.509063221509997,0
4.584676101457238,1
0.23995945800073026,0
4.945862512026458,0
0.8454333538012304,0
9.853447186873106,1
5.881115704556024,1
2.5653261761097843,0
5.637176795476178,1
0.7686710338175484,0
7.99891304268817,1
9.253280538641636,1
8.744443882061596,1
3.417576022985628,1
3.257681196433685,1
0.35087611216299996,0
6.514003587009167,1
5.349047841897949,1
4.5934637132734135,1
9.07630953334707,1
1.678789010828463,0
0.09666266690182335,1
0.7331645212076543,0
2.233714378273689,1
0.3328554926345695,0
5.028437106431355,1
3.1409045523357806,0
1.8048300806813267,0
7.500840749486621,0
2.0445132623253004,0
6.876051009937933,1
3.492649058476389,1
5.118277606625545,1
9.338670398513198,1
0.3735163481581283,0
5.002645074774619,1
8.544229603276182,1
5.879742483703485,1
2.7687051696515663,0
3.976811351450343,0
6.802656287285745,1
8.90811894313803,1
0.41066373746611595,0
0.7153882189037641,0
3.2505152360958753,0
2.32779684437479,0
2.64930886222406,0
2.2126999862588095,0
1.9582504885515772,0
1.3062396686929179,0
9.33954131795238,1
1.4418946390615306,0
2.044037747655362,1
2.4626572398078572,1
9.330148731304206,1
7.557141336010847,1
7.896994303155147,1
1.0475825953849804,0
8.363098750156716,1
4.08193081817418,1
2.6282302621238873,0
5.757500835203105,1
8.221829058167339,1
7.786521510749093,1
8.89997482581132,1
9.281321860154438,1
2.3812207142774957,0
4.238578941692717,1
0.14628539205070012,0
8.7932165926506,1
1.5457215147476755,0
8.614748123426942,1
3.2938732198659637,1
3.681335899811382,0
0.39132254483859374,0
3.268787897653196,0
8.88363682801264,1
0.2554740112160414,0
4.063274730467254,1
0.31399629812741137,0
3.7092342510906495,1
1.7264064078029118,0
2.5221839326837205,0
8.77598373161419,1
4.36049220621891,0
2.737979914019122,0
5.893383779505478,1
1.4210695983258237,0
2.5939160742085585,0
5.462479676028885,1
2.3752304184806885,0
6.791277374008732,1
4.9149130225952256,1
7.719890702546909,1
9.482445357224686,1
1.1580488934740774,0
3.3466500998454487,1
3.1954906287840656,1
1.5118291933725425,0
8.103031373334709,1
7.5987870403879,1
4.84425470834399,1
5.377707777946096,0
0.5954413800249625,0
5.5550735232704564,1
7.913415240196365,1
5.738275735838572,1
2.6530637012041893,0
6.6754827233433724,1
3.6148842996524766,0
5.4487328428573525,0
4.8756536327892475,0
3.811750009651801,1
7.188779803941351,1
8.838761119858818,1
0.05212518476924943,0
9.336165192303673,1
5.115151360832249,0
7.007318803632652,1
8.556245661758771,1
4.671036923142699,1
8.349740733648902,1
1.7761981945520222,1
1.5916753447981447,0
6.574713688561536,1
8.701430055517372,1
8.924261775360394,1
6.437404583772466,1
5.254892302093175,1
3.313930876965162,0
9.800004155993314,1
3.1969568666625046,1
7.441861072315932,1
5.319817999050008,1
6.085123425253467,0
3.9348055058862617,1
9.648231254722479,1
5.716823260992711,1
9.3778763045879,1
0.07591416173914123,0
5.726705831911209,1
7.171868897252715,1
7.45080171162218,1
9.049768817816814,1
0.044016090037862776,0
0.0033015925947643687,0
4.722634607952153,1
0.2929370500537065,0
9.745325536623746,1
2.2206517454139196,0
4.726647293648448,0
0.6113763001222361,0
5.2204841617125854,1
3.799561251474085,0
0.44660028877223756,0
3.3512426669622473,0
3.914360202228556,0
9.8992149127494,1
2.0788587191937546,1
5.447796153700997,1
9.873155491986287,1
7.920192079401351,1
9.93367500882089,1
9.682983146601693,1
4.895395420941543,1
6.9637584987056576,1
1.104431269411511,0
4.411488250468018,1
8.090185422666975,1
5.0533532097714335,1
7.026990328172319,0
7.45751329984277,1
2.5346914124289386,0
8.756993729425655,1
4.59822430909179,0
2.1018510362154377,0
8.654158817884438,1
4.178188061062537,0
7.503124383797197,1
5.480330722215929,1
3.818717522345004,0
8.098764150385694,1
5.84469931644613,1
3.9056210242703173,1
1.0959787033512702,0
8.954453137667079,1
0.35469585341666554,0
8.631873483680563,1
3.5996152488315545,0
6.393387635014058,1
9.221997238356852,1
1.5170661550389841,0
5.669504756388102,1
7.64432862370192,1
7.575838327190574,1
5.25631914599504,1
6.247394599064581,1
7.575269941328445,1
8.410276377574117,1
7.618130968758638,1
3.5400494318124265,1
9.967264010577331,1
4.345026937193044,1
0.2446470275893342,0
3.6261695158546203,1
1.2778295457384325,0
1.21442615728375,0
2.8153504010689434,0
0.5337549417726084,0
6.88512188409563,0
0.7398888420190508,0
2.0328955543595617,0
0.9289971449411938,0
0.6316773090303107,0
2.677516655395417,0
5.7189896766037,1
9.646855564468417,1
8.755566543496062,1
8.759339254453248,1
1.760670360376576,0
2.649071934978201,0
0.763933167953057,0
7.7846833991518505,1
0.6981630148556195,0
5.566956708208533,1
2.4787557232395074,0
2.4344563402874475,0
9.907250552476052,1
7.567798069785374,1
8.3693935829105,1
5.719826853440127,1
8.710142873937492,1
6.454905391663529,1
9.461737047963453,1
2.8133858604563677,0
5.953195457828951,1
6.9013134793689215,1
3.9293730502780666,0
8.797079824040532,1
9.798031631041544,1
4.937694913726616,1
3.9064065480433907,0
4.719379285564587,1
8.527367457319317,1
6.454684255181676,1
0.4477237251809507,0
5.421699104457148,0
0.17300122740969814,0
7.785353710034054,1
3.2831227354246373,0
4.720074821173293,0
7.9867810590763195,1
0.46448817285761557,0
1.5854153559161044,0
3.9796037644511486,0
2.299251635455606,1
3.3790142577506312,0
9.98174737892465,1
8.254144375738107,1
8.839018149601085,1
9.370546335657753,1
3.4093588031419566,0
2.970769577964727,0
2.340624925720749,1
8.301169113081226,1
6.79551862285185,1
2.361719824828773,1
3.769938292104549,1
5.067117639327982,1
5.281400572737537,0
8.887277285517147,1
3.805661329472163,0
9.085240305005124,1
4.4136756031978965,1
7.463726747923538,1
9.302543199850561,1
9.075757039632663,1
0.5695286729568116,0
2.057042949765698,0
4.769054255322751,1
4.3155428995310725,0
6.40891664837207,1
9.447090508254123,1
1.1240471127794882,0
4.518586651342405,1
1.9241103788713931,0
8.941075983979475,1
9.645801858016528,1
4.787016818903501,1
1.0401029772814074,0
7.852946667226732,1
6.97141350492399,1
3.5467082661031046,1
8.874074739689634,1
9.758318897827072,1
5.578538491301954,1
5.6572791134429234,1
2.9751350511377783,0
5.845060359833142,1
4.396423205248466,1
3.021910269280519,0
0.6718519652390131,0
2.527078597091249,0
1.9785464967766442,0
5.420419845539489,0
6.016700217635939,1
6.085717243060165,1
3.8818100104567907,1
4.212297336854959,1
8.3423842964064,1
4.762328135171624,0
9.877733321371224,1
4.396172300088649,1
6.49580944617839,1
0.503629989933958,0
6.533399244188108,1
8.514263944150061,1
9.424578385332962,1
9.973206116397705,1
2.8217864564923314,0
5.753700648257168,1
4.507179855321474,1
5.63817480575171,0
1.5745295718984664,0
8.561495725959414,1
9.095689433445877,1
4.496616631129226,1
2.8042986157357683,0
1.4083342765301232,0
6.837648247778044,1
3.122318396207352,1
9.095385699133887,1
6.710124748448701,1
6.456853251742407,1
5.594021158982408,1
0.4577633942872561,0
9.31922435685587,1
6.2793749329946005,1
9.940619833831104,1
5.373564047728871,1
7.101108919062131,1
0.5620955786622217,0
6.317361768234109,1
7.646496115903573,1
7.785142948525573,1
7.701116522302854,1
2.2628262729366764,0
9.75398477605226,1
9.951821206249388,1
0.7559587516160127,0
9.364464228117573,1
2.8944919430436933,0
6.892840817509648,1
3.3811092073613214,0
9.677543233731216,1
1.0150385830353548,0
4.97746816956376,1
4.280477919420747,0
3.2602345227798493,0
6.455339908801486,0
1.3105574342166748,0
7.166624181336969,1
9.805921238047873,1
8.045587144686301,1
8.600167529095454,1
3.596367431790025,1
3.248866064812187,0
5.170483546901332,1
0.4572661476227269,0
9.453581344565325,1
1.437851730161922,0
9.030130391680924,1
0.835822220003557,0
8.226249276785602,1
1.5196252587821513,1
0.381316140914727,0
7.194894502594087,1
2.8026530017442832,0
7.1449615278434955,1
5.550852504728198,1
1.0880739023006558,0
9.321300733011636,1
4.523141747634776,1
7.34447277798688,1
5.010205720156251,1
6.043614749612047,1
3.027735923566924,1
2.003603040034503,0
5.425702034080678,1
4.40218972971002,0
3.9011321343393313,1
6.72567195094623,1
6.905066320111359,1
0.4592005609126304,0
3.3874449424367215,1
4.117645502263773,0
0.968921611641681,0
2.3590086669828834,1
0.5164179722275664,0
9.962420986170207,1
7.365572029698445,1
0.8745015650275367,0
0.20249379790092115,0
7.192878001522802,1
4.3919216568266695,1
7.8679670906457595,1
9.234760378183838,1
5.993003890163725,1
1.8710842291725305,0
7.8219403604645255,1
9.558117431743744,1
5.802312870599559,1
6.819974472807335,1
3.3747469503667302,0
3.8152769466031122,1
7.346544978530639,1
9.277710984068191,1
6.289883872243522,1
7.8984790848534745,1
1.7163501741537301,0
2.1195909025797355,0
5.320346868333901,1
1.7655419224284052,0
6.349950702209236,0
2.9165318539469895,0
7.91532618666892,1
8.081103466143434,1
4.6378745575535305,1
1.8081063503763528,0
6.467749610819325,1
9.927870182635864,1
6.225908979425233,1
0.3577469071400785,0
0.1729397576708258,0
3.203619704923062,0
1.9578380686040486,0
8.130512071433081,1
8.448056670360005,1
2.5861877131047617,0
3.256447769498927,1
2.3624696771511466,0
9.08382547371264,1
5.026493346222822,1
6.561370440820199,1
4.154820866996033,1
6.310141935045311,0
3.858553767217361,0
3.3967843772922546,1
6.344800731734802,0
5.910620780489893,1
2.9352795416794963,0
1.4934845031947341,0
3.6857669383813763,0
4.151976391419092,1
6.286843334246049,1
9.145287636368638,1
0.3618479753292514,0
2.436610125418449,1
1.9371594227956035,0
5.022944086937836,1
4.297008070431598,1
7.290376238201884,1
2.4241591254486385,0
5.944983657497586,1
8.838572635999594,1
9.106777399183047,1
9.587846047250311,1
7.732611520799885,1
9.05987906258915,1
2.345308719852742,0
1.9758094435047702,0
0.06488083780526455,1
7.068443574290983,1
9.374671878137445,1
1.8693534504167642,0
6.369435754268789,1
7.464597592217776,1
9.276142351480566,1
6.468602240172217,1
9.702937327487524,1
3.4467314101254773,0
3.4992853377140767,0
5.430125100143456,1
3.8350188111590713,1
0.014257282875326238,0
7.317720250869874,1
7.517170414784834,1
7.469746046867705,1
3.450206666104666,0
5.222894733111719,1
3.5997351817666945,1
0.1603640003064577,0
5.624489412714188,1
1.2376066608401104,0
0.800413240914406,0
7.554990686967872,1
0.09506202418105625,0
9.590084436087261,1
5.152553641125769,1
9.830164307061484,1
0.5799757247270843,0
5.835295488659132,1
3.493270359759112,0
8.434824928142858,1
3.6122273523428627,1
2.604875790573491,0
8.575531270999132,1
3.7465309165326097,0
0.1683331986056147,0
3.902891008393338,1
6.545222690109419,1
2.5435953880638182,0
4.319875924251573,1
0.5671513828222552,0
5.880927915139572,1
7.562949238603938,1
4.133125614011103,0
4.202326328014601,0
0.8828249858491644,0
2.0194086451198254,0
1.5467530312791267,0
4.8168776866153795,1
5.292555409507501,1
9.4894013128426,1
0.732315042772339,0
5.998679731550471,1
5.264985273282413,0
5.162330979358291,1
8.731592873828264,1
2.0553847069548645,0
0.40773274341371457,0
6.722715076341926,1
3.4515746413598016,0
0.17589916212524592,0
2.513740072904138,0
3.093267742168119,0
6.16838376784242,0
1.725857940492721,0
4.13054347953398,0
4.824754444178325,0
4.592373913640909,1
9.739407666667818,1
0.4550423779029611,0
9.509681864523994,1
5.819372139940333,1
7.957277149698383,1
4.3039261801607545,1
4.538378812569804,1
8.793264990158235,1
8.95934496291902,1
2.386888814312976,0
1.9924187858461817,0
4.96235173869951,1
9.002770271276916,1
3.223550934061763,0
6.5201461533913125,1
7.0815168774060115,1
7.786746648941558,1
5.639244579209633,1
4.024551782789696,1
9.67015988798973,1
6.113307533028527,0
7.285652116332708,1
3.4498284569587834,0
6.699491810030801,0
2.577976621641259,0
2.4509691752863616,0
7.147222018094263,1
5.213947362629351,0
6.832766104223897,1
2.6943849074809165,0
5.987233410567304,0
4.4393364970311255,1
5.969602868455279,1
2.9087973224421937,1
7.154509636491238,1
8.059293661594655,1
2.5991647385772367,1
3.006205598556421,0
6.61154269719093,1
6.955851743035442,1
7.040996843974501,1
6.8269850477583685,1
3.928077169525388,0
3.9485367440367836,0
2.5481762364438145,0
1.5683369989636298,0
6.925773793969057,1
0.9318878597231284,0
9.377922867867817,1
8.266863036714513,1
8.575057399572561,1
9.066688146151902,1
4.086049707232401,1
8.46700723350401,1
1.5806130029164933,0
0.21641794608235676,0
7.848913946638501,1
0.747966479969393,0
9.885246673259216,1
6.747964296015559,1
7.534497102421055,1
2.4580385627786594,0
6.738653939196881,1
0.4321993725495721,0
8.378257199236009,1
1.6962409303157244,0
6.973580668337705,1
2.2448050123272836,0
0.6845316942604274,0
4.814936785493943,1
1.6928621027278945,0
7.294439883265498,1
2.3756584338348485,0
3.4247255623582884,0
5.674392512644729,1
2.8496827757731156,1
3.7798811620996164,1
8.156217710403867,1
1.792098495610257,0
0.8220158948193368,0
3.2835778513301928,0
4.243767670138782,0
5.426592821365677,1
3.72423696175007,1
7.899117002228051,1
0.39319487668473263,0
4.3176753819855795,1
3.8225591465640463,1
6.47578490806859,1
9.66276251897396,1
5.103754066288621,0
9.868768469417205,1
3.0224939491319747,0
0.30868132542461013,0
1.6566316747641274,0
3.9512488477456733,1
3.163339091885522,0
0.9705413098337767,0
4.326601076907169,1
3.3811577165956272,0
1.2261922045743845,0
2.9611713061190894,0
8.864360553553905,1
3.020488654893402,1
7.139554232420516,1
6.120470796577556,1
4.271811624083718,1
2.3902563680366917,0
3.6901469934594546,0
5.921072134710428,1
3.5075321474935492,1
2.1489643357423183,0
1.164627488916321,0
8.797669379095653,1
4.403129757519056,1
6.2520832174293,1
4.904103611368052,1
8.725665183579634,0
5.4693485244821085,1
4.8078141794911335,0
9.246009904217127,1
7.196895960453546,1
1.1154990734685732,0
1.7770446119681405,0
7.871228629394419,1
8.358513211799544,1
5.451908290902965,1
5.5445522786663926,1
6.319329628514446,1
4.391157742826395,1
6.80199123483904,1
1.084812575664157,0
9.612792423673863,1
7.501548237949217,1
6.311742040090069,1
3.163220570094807,0
1.6095548745672916,0
4.093429638289447,1
6.615767405740584,1
6.33709743423111,1
3.826411550655715,1
6.1328639383312975,1
8.137482955675475,1
0.26284772337607065,0
4.506210479302757,0
7.58555228466791,1
5.461444704633772,1
6.5147608792907,1
5.16676392605342,1
9.91874544682311,1
0.5462153648903822,0
4.910448217723773,1
0.9141654911451769,0
1.5978556211357042,0
3.8303835041826186,0
1.555400915004873,0
9.636871659566511,1
9.467897767251591,1
3.3610964622060377,1
6.397477120376795,1
5.337533205937861,1
8.155869805157685,1
6.274456098169422,1
0.00252454490562104,0
7.631743856097389,1
7.468481212961181,1
5.09722705566481,1
9.029189732330538,1
9.084462056904016,1
5.2391167670439724,1
6.079882311965377,0
9.965220719246723,1
2.988202348114175,0
3.246172423114774,0
1.8277390266349636,0
8.95866939157868,1
7.4448838994926625,1
1.056428488702419,0
9.817673511979656,1
7.309617081611161,1
8.505221096049745,1
0.48150789173200925,0
5.049609189421677,0
6.985982867270392,1
5.429465845718413,1
6.666474656992775,0
8.178740635904726,1
3.743370629601962,1
8.486686756187098,1
1.6291610476529073,1
2.7088605502637475,0
0.43345619927325774,1
3.644268113352511,0
3.799095448241203,0
8.05270597207251,1
6.5313067028965595,1
4.367225581556666,1
6.521139786237482,0
0.5278335051569116,0
1.8027153601837609,0
6.26947855241755,1
6.413668192253023,1
7.741346587074272,1
4.029997590536022,0
7.225540966161562,1
6.839803325601894,1
9.63393378369849,1
2.151302264246792,0
5.5167956375263945,1
6.017644421104693,1
9.986478849342207,1
2.0118414216665172,0
5.232180199672922,0
3.4618530771363885,0
5.258929685789998,1
2.3212860210310593,0
0.4761237842748811,0
5.7256545389768885,1
3.358543158608321,0
1.8194140174843365,1
3.2393556607803378,1
0.4928020144774492,0
9.504422340901034,1
5.811479149732604,1
8.147686813470248,1
4.231181975477304,0
9.033146675661857,1
4.833182215522534,1
5.739453222006694,1
4.917939800626568,1
7.332782958676516,1
5.666560776020624,1
2.715989235803977,0
1.455395313226463,0
6.061243888829777,1
4.8917996154703625,0
0.9597569669611294,0
3.956174657932684,1
5.147764220004536,1
8.2689323382559,1
0.7610105583336235,0
3.4849534824600292,1
8.226561227103854,1
6.4842393177157875,1
2.8995832180378676,1
8.453351220226423,1
4.932935805626924,1
4.983518913104605,1
9.765873392003844,1
9.471165032363784,1
3.585326833698439,0
1.405791286630823,0
3.256667322780941,0
0.3048326031138804,0
0.20767886710391203,0
3.955221362514192,1
9.41019822697234,1
8.713573412322077,1
5.11442833917623,1
5.652263811708307,1
0.05933496746056477,0
2.1550115583376552,0
0.24774126934383744,0
7.545395326953876,1
1.4564579602649774,0
8.690471024768168,1
6.433243136757882,1
2.2941867651571335,0
1.5772031708324974,0
6.276247009230531,1
9.008369802823236,1
7.183602189143816,1
3.4854665160337763,0
5.873835952686472,1
3.1076169537242135,0
9.99149566778659,1
7.488391884618512,1
6.143816397567536,1
4.232591427658292,1
6.181522902595573,1
3.416160624673348,1
0.28864839458030755,0
3.9508852235663285,1
9.30480819579867,1
6.263010947738659,1
0.8395570307090161,0
8.849936133950258,1
2.688748493415148,0
2.4376949308272744,0
2.970909687803208,0
5.772022361259575,1
5.446880934339767,1
4.914137546228817,0
7.17536863512627,1
3.16537731334959,0
7.820645215724311,1
1.7532167837859913,0
7.8262078907700925,1
6.638101052502829,1
6.8320830954758645,1
4.8155339712725995,0
6.670015326808647,1
0.7979704655945741,0
8.515511170493673,1
0.5554723348764601,0
1.4874150987149748,0
5.767897084972363,1
7.394114554566915,1
0.7625156434625346,0
9.207648141223197,1
9.736076488006987,1
6.059501730077111,1
4.812434553768366,1
7.413949722797497,1
3.283573523272054,1
4.9326443410510645,1
9.161510268144013,1
9.556554252415335,1
9.27069116051185,1
2.6244806696384018,1
2.324690402167634,1
2.9766450592931424,0
4.413111123884602,1
3.141674127919636,0
3.7421279573905797,0
6.206369521207595,1
7.6252567709397585,1
7.35558198267917,1
8.14423567079152,1
0.3218440321540217,0
0.4773378967875608,0
7.893829606886293,1
5.330788223246319,0
5.781406737621203,0
0.5258686021437708,0
2.5531380117127087,0
6.3835430488547775,1
8.59181890110676,1
9.169833971814025,1
5.004194958350817,1
5.454742327381976,1
8.33049631068991,1
5.376246007473546,0
5.1685852553731735,1
9.050840377609537,1
7.899327210558801,1
9.090725263612946,1
2.182470547811538,0
5.243754866553568,1
8.424721285933579,1
1.1114782746710894,0
7.946621542939618,1
1.8297338341486946,1
8.081187549853212,1
6.1200093755686815,1
1.9323599148486714,0
4.733541793328011,0
6.819051664607716,1
6.338529008835424,1
4.272471962317043,1
8.99366528920927,1
5.192634144878443,1
5.058672985286884,1
0.6225058994145427,0
9.221203897976372,1
1.77116568678373,0
5.283446934365542,1
8.035676014003101,1
2.1545327695564334,0
5.273732899708411,1
2.4068490922334087,0
7.596949977999118,1
5.643411678731507,1
8.559758603951435,1
8.94558002877383,1
6.487334824453981,1
7.253912461589445,1
5.492200998868637,1
3.844287330673829,1
6.481179230208346,1
9.082886234873289,1
4.166803804314379,1
3.144100263737953,0
3.884369385525741,0
4.353976302115996,1
0.7356102897771621,0
4.9844184043499435,1
4.943142480500597,1
5.884438276405231,1
3.6282003047133147,0
6.131075959555897,1
8.78216310274203,1
9.554709904951643,1
5.836122161410496,1
0.42590953970313095,0
9.69235997267109,1
7.0586206089625625,1
3.3596364855365213,0
1.4715770096372338,0
1.4341861223627494,0
1.6774440613960273,0
0.45572521613820305,0
9.021541886529116,1
5.4076823282733635,1
6.999594127138372,1
8.281085092683075,1
7.915410063332002,1
8.826056237288416,1
9.67254622524952,1
4.390706147419396,1
9.503354666683904,1
7.232899483428163,1
0.7066819030807847,0
6.817831212123454,1
6.867166596048486,1
9.058605637925272,1
3.7293213247009205,1
5.849115002718178,1
0.12187551011742515,0
3.32075242181336,0
0.6224372615878093,0
5.21872972764897,1
8.174476505069531,1
2.0644269212906896,0
5.274410455577785,1
2.040086365107671,0
1.2068846784624043,0
5.109967919343425,1
0.7914862094972763,0
5.873546311379894,0
0.3133746067672627,0
1.0671497186837553,0
5.499974854873578,1
5.914074128989139,1
0.2898693009375808,0
5.733767880015584,1
8.38502525323637,1
7.223161772939539,1
1.3118510392079863,0
5.924746475636149,0
6.722525000742134,1
0.37231201752291776,0
8.553476686836227,1
9.062673972898303,1
8.504522733622586,1
8.246314679891132,1
7.449651984608932,1
6.334320312819601,1
6.7862700498825195,1
8.06395293334983,1
6.624984583613046,1
3.27726956682071,1
3.759611021613539,1
8.970574683722921,1
0.171220857971619,1
6.98820581244282,1
9.547775524252154,1
7.062281699579737,1
9.93911988231782,1
6.875449055283308,1
0.34363029216861074,0
8.270098816469236,1
2.8462991193931906,0
4.46057225664441,1
3.1209191590708207,0
2.6855410620967946,1
4.314057036697854,1
3.7875144844067377,0
6.333385818425894,1
8.131512009875106,1
2.9708865318724076,0
2.137211528220174,0
6.668952708703423,1
6.703200658307816,1
9.011312392861718,1
0.15945686453310848,0
8.530406621165099,1
5.21002172948357,1
6.213020891720989,1
0.9137144056141477,0
4.326149328720456,1
2.2730240723852377,0
2.5422503008250907,1
5.040951146760274,1
8.124559504031124,1
7.437809301448562,1
5.909999590859538,1
5.39418192753467,0
4.2730604323448995,0
9.727099735613864,1
5.601925542342333,1
2.539663983122221,0
2.3009079204003955,0
6.113530307751418,0
5.228275273109287,1
0.07697802954712785,0
8.300653721957794,1
7.041223542324346,1
6.6182928967810355,1
0.6878065769765895,0
3.620558501724914,1
9.353822607327862,1
8.625892413413638,1
2.8554293786953346,1
1.570588840991387,0
4.49087957168577,1
3.5583037866766087,1
6.82226376705991,0
9.664348100843196,1
3.6300144998256147,0
0.62224172652242,0
8.976140083423852,1
0.37949730239870805,0
9.52765897153333,1
6.6457942800903975,1
9.41689208441949,1
1.9965968664897826,0
0.40699795253807625,0
4.882099782764918,1
4.506234145701252,1
3.3149227325488284,0
9.576564743886975,1
8.225837321614321,1
6.615820213755933,1
1.6285829163782772,0
7.343234082185247,1
7.2701245469972395,1
4.250681736160074,0
9.247859097140136,1
1.6697788222901044,1
2.673375624116643,0
0.6322433925063364,0
7.954509581775875,1
6.217593860953973,1
3.1494030568124955,1
1.6381366359431537,0
0.4014777002874037,0
1.667455686259366,0
4.532846463376582,1
2.4717696901060613,0
2.589821774319667,0
8.755763666677144,1
5.151376734611006,1
7.2925197312841465,1
0.3571094902814309,0
3.651633556780287,0
4.791693473954418,1
1.864168552101847,0
1.2019154144553867,0
8.703037784998426,1
9.394316270997965,1
0.7880669804540741,0
3.490187125424431,0
9.582856281444737,1
0.8316173313246489,1
6.4364137287872625,1
9.722213709670056,1
9.782236685813746,1
4.712233309037432,0
1.627491077823806,0
2.0208431497743886,0
8.896013951243946,1
9.116830043297359,1
6.078796438735548,1
7.661763994699113,1
7.399312514704082,1
6.61821597989107,1
8.27276954871939,1
6.854066230403211,1
5.340023057474993,1
2.3695636258815678,0
7.43888144118619,1
4.734378678382745,1
2.9479168400750932,0
8.019462757417754,1
6.967136003530284,1
9.373395631247,1
1.6544164001887773,1
6.491892846364932,0
2.44239468088176,0
9.035829853016416,1
0.9949941425661568,0
6.561618064448772,0
7.910857215280299,1
3.5491784036470717,1
9.541380793838092,1
8.507306845860374,1
2.946182996849034,0
0.07541092715998676,0
2.9665717611806084,1
2.8131047047074254,0
8.89964607500909,1
9.671211782547475,1
0.7043998597026035,0
4.712948285333168,1
5.483319985297958,0
0.929116613297033,0
3.7749770913752254,0
3.170824173929506,0
5.360563543270873,1
6.6119089973193805,1
7.034851104965666,0
1.3675502361338754,0
8.129477019446213,1
6.7854202979075895,1
8.890749167467195,1
4.493360594354341,0
8.938897627221916,1
8.657741223560754,1
4.384093323592696,0
3.8114331529297862,1
9.328120149702567,1
7.151647345384377,1
9.282453464380756,1
7.969747788958131,1
6.092974392914144,1
1.158527770037645,0
2.914806725790985,0
9.688424070983915,1
3.1942209871420446,0
0.9325486978537079,0
7.075533559193198,1
7.340042545436843,1
2.854577202871508,1
2.9767197934630376,1
4.688929855087839,1
0.21788949762255538,0
7.893230103611636,1
3.1708878727412557,0
8.537631020019775,1
8.026304216000337,1
6.614020331187831,0
3.248748670992887,0
5.1631656166117,1
4.44829257597959,1
3.388818862486742,1
8.481362893031783,1
4.835070745776653,0
8.327230977971464,1
1.0521847414182428,0
1.4102478860033574,0
9.773203051129768,1
5.877684626060896,0
5.09769673499049,0
5.231560631441116,0
2.152687740328598,0
7.1870394950197305,1
0.8478062372975437,0
5.733237131030232,1
5.707687965859014,1
9.14188424133511,1
5.261828101048604,1
1.3706269597417953,0
5.727532592481626,1
0.9132764436533236,0
2.037938352999217,1
0.31108584187416133,0
5.132935824594983,0
0.8453261529357237,0
4.693943785313291,0
9.329450353241441,1
7.197614130193321,0
0.7741167422529305,0
2.2420981220884317,0
6.736624198934342,1
8.947018610241837,1
0.3291858676395376,0
8.12451131720594,1
5.618138803383087,0
5.460913252963926,1
9.578131827533579,1
7.476446125967731,1
8.50118868056112,1
3.5399556954466673,0
5.543640408284098,1
6.1540567742777075,1
3.215839403624651,1
5.702481249473995,1
2.366553794797138,0
1.4337567106823956,0
3.7397025927733263,1
7.39289628746437,1
9.161871480738876,1
4.577140514982325,1
6.428236882754317,1
1.0303713097510048,0
9.044637585523287,1
5.686042135699344,1
7.803382476251571,1
7.944412009213938,1
2.564805263681059,0
5.2917445318184955,1
9.604797515609775,1
0.8963454482082778,0
6.8304989802956335,1
9.62264078035172,1
3.005771080540222,0
8.614479214043481,1
9.336575454082716,1
7.47086209394825,1
2.3132831230695827,0
3.340007188265939,1
0.3580929441773073,0
8.314532342453552,1
8.4961118651108,1
6.327103099661927,1
3.525278512638513,1
0.7681102763992054,0
7.530576099149094,1
7.265261936099229,1
9.12602521738901,1
7.305320210053622,1
8.286949422440019,1
7.459546179039995,1
6.306871883123164,1
4.269663941910093,1
9.021173086422777,1
6.509685719074698,1
3.9835532196590906,0
0.8346929518195723,0
2.907048559043821,0
5.437267348301647,1
2.756353700161945,0
2.212353479179021,0
5.273935140878471,1
1.6982034589573458,0
8.004100633251035,1
4.84368151342658,1
5.7386277396265015,1
1.4738326759734854,0
3.245763356293674,1
4.100896832611529,0
8.08212830516503,1
7.701595230861526,1
2.2297747478768137,0
6.161790816070077,1
2.4345635777199757,0
9.882471556902454,1
9.521238781308707,1
5.632647205206204,1
6.98902571894143,1
8.01430382208645,1
7.209984200449039,1
6.998286910824208,1
9.585540079495281,1
5.964561063072833,1
6.363026718190556,1
8.492687504381811,1
6.698908678584068,0
7.329326220175226,1
2.3416868619664246,1
3.712669241150709,1
1.4730134571189302,0
5.057654423348055,1
4.557274006802463,1
9.971628142794568,1
6.112086528155425,1
7.864448231944233,1
3.340146707576542,0
8.315453313427966,1
6.150849664876834,1
6.969923315984384,1
2.944307779494544,0
5.486383916955772,1
6.340369734136086,1
5.890946758165811,1
9.151937114245666,1
8.982726644925535,1
9.709840578768706,1
6.6742800600698935,0
9.719141301256846,1
8.32478000031909,1
2.7083214033995926,0
4.274356695512971,1
2.383924421890098,0
0.04197160830565205,0
1.880487531469086,0
0.04060586286875667,0
7.1983846135049,1
4.2553429772119955,0
3.1257472707785827,0
7.617208910951879,1
8.32486774619645,1
9.7529953864988,1
6.4201358467524114,1
4.615289585400517,0
3.052643016074359,0
2.223182092142263,0
2.1292595048260123,0
4.091893747197988,0
9.917863552879298,1
0.008536974374032669,0
1.972058972310008,0
1.8839298240357383,0
7.1711948553229234,1
3.524847275980618,0
4.572608045918206,1
1.4862413046990497,0
4.049970388769477,1
1.0319981190583605,0
5.330432878885832,0
0.9793836538285594,0
7.905083811731562,1
5.666017175404895,1
7.239678737735169,1
4.185163866526839,0
3.8149129324222733,0
0.982088890488636,0
5.238556070428226,0
5.1450216485709195,1
4.6810204444960535,0
7.405183646824493,1
8.325044000323544,1
7.507896749485081,1
1.4386574280684383,0
6.220595092821081,1
0.8032310568953338,0
6.946222874404765,1
3.818390965611267,1
1.324989562662866,0
8.620508569761277,1
6.140083390389374,1
3.547249679475275,0
0.30727179650499536,0
5.373102590036105,1
9.232258784862326,1
5.963798327023657,0
9.716506046194931,1
1.3645111827045853,0
5.6830510459483685,1
7.981250480064295,1
5.255407311257162,1
0.9106635598747259,0
5.828860015472177,1
6.117379058424717,1
7.287092484753526,1
7.61211515165474,1
7.707726882106072,1
6.63444393638966,1
2.1581118641865817,0
4.0423575583947935,0
7.761299726143987,0
9.534269834008132,1
0.78946964836622,0
5.355366777971948,1
3.1252227132430646,1
2.253938943168298,0
5.05810683519715,1
6.060893405565367,1
0.09772231419481248,0
7.80206572201191,1
8.198821312594477,1
9.65510824567933,1
1.8064373322469496,0
5.9455256236094804,0
4.266253734763945,0
3.3482785155535066,1
5.656334514375047,0
7.823830932235502,1
0.23052783445210112,0
9.694001125661867,1
8.098815857057108,1
7.511537036455785,1
7.603873821805035,1
3.8906070961865256,1
7.516205508448137,1
3.8677020860295763,0
8.987068295747932,1
1.7722238330646967,0
2.9234742421515145,0
5.513375426990761,1
3.192110358872725,0
4.2423724529527345,1
4.924226893985947,1
8.563533488135086,1
5.231922536086929,0
3.624598486145605,1
2.477361640351158,0
4.086759787921972,1
5.157361044143699,0
7.461148572032363,1
1.2104877617233867,0
2.216091882391509,0
3.796540158686732,1
3.603984051195146,1
3.9174808760521174,0
7.9352126464032455,1
3.241544029621731,0
5.018981804026646,0
6.239070328578965,1
2.321785501836051,0
7.186953871475389,1
5.4711131973828095,1
4.467811630313781,1
8.097840267383138,1
2.43495259185182,0
8.831759706143231,1
5.610487353667038,0
6.091748793796582,1
8.750589641689428,1
8.17582687849336,1
6.015620688219004,1
7.531877038481741,1
4.333194902328969,0
5.4737775349974624,1
0.6207013670851114,0
0.8985791800004683,0
8.29425404186332,1
0.5967165568249666,0
1.6939912563260728,0
7.9583265895044155,1
0.01145950628256287,0
2.8240432884586433,0
5.840386578266218,0
5.954499314692966,1
7.771529082294736,1
5.059262544921705,0
5.094018695309703,1
7.253105755407004,1
4.986244632662835,0
6.084910865636168,1
8.977740682550511,1
4.014510076123719,0
3.851250709192222,1
0.035489918647713115,0
6.134262615212319,1
0.2977190740713198,0
5.041484897283163,1
8.042337890322266,1
5.4992107051966315,1
2.69636165216676,0
7.861684214493713,1
2.6971700408253882,0
7.330317809458987,1
6.1025845519023125,1
1.699962967480012,0
9.051338748441857,1
2.006436829571957,0
9.895870741406698,1
0.07310488654940772,0
2.6348337714290304,0
1.9986029727419885,0
0.13993410170462628,0
7.323679001473156,1
6.934258020995962,0
7.923509643549305,1
2.5669854646456525,0
4.443351670829699,0
6.591135216215474,1
4.397685038881436,0
6.973257703179158,0
6.339734084404421,1
1.1464780302217648,0
7.81043121076968,1
7.206763590925183,1
6.558343876174053,1
1.5509360627100233,0
2.6799644879536366,1
3.9317703158760042,1
2.799296216564434,0
2.2781029067613146,0
8.053576701617757,1
6.382322463602024,1
5.654721315502504,1
2.259527108532539,0
9.180765622686414,1
1.9118303909731627,0
7.949509328246771,1
9.66672666705293,1
7.2709272922423605,1
9.928587751846297,1
6.510511169779467,1
2.17460343603895,0
2.0381949371651134,1
3.2456428425547634,0
0.07130020221006061,0
6.816984700828346,0
2.686677846278276,0
8.151832322927529,1
3.5917265055930025,0
4.799564934633127,1
9.656889165603692,1
2.421721230472771,0
7.212540974297395,1
7.551177893054172,1
2.209981575236352,0
5.0099683661219565,1
3.502019253129683,1
7.719062434000891,1
6.224833190290374,1
4.75983054860547,0
7.793632650477182,1
2.3515557000841705,0
7.536218805843591,1
8.653743120928244,1
8.786215968075725,1
7.836735930196038,1
4.080141669982687,0
9.81808022717827,1
3.7959364382243987,0
6.386253991024256,0
1.6107417806946867,0
9.804488986363927,1
7.039859218646632,1
7.533775452463684,1
0.6577670341114461,0
7.634178142206718,1
7.747234292206013,1
6.717727263622298,1
2.9190961379034364,1
4.896900421608815,0
1.1043437130871647,0
4.715870664591526,1
2.4382385260040484,0
3.4909698649408205,0
1.626004084036986,1
2.30054367746897,1
0.7656864182011625,0
9.199013664369213,1
5.304106879754034,0
3.9674197126273967,1
5.350292127687839,1
6.2829322848155265,1
9.218787933693491,1
1.7869295228631332,1
2.955524986352176,0
9.757893363441147,1
3.711929866485244,0
0.22561650757327634,0
1.4764349263715881,0
0.2633870174855202,0
9.899231424207285,1
2.7887084899122305,0
9.23542756936226,1
9.958862757597158,1
5.998412211431142,1
0.33196315065561754,0
0.8159163038692696,0
4.815890551078778,1
4.0617201291148595,1
6.0617730578176765,1
4.388478097113639,1
9.340768492714844,1
5.347397154135111,1
6.937260614624422,1
8.964852726424965,1
1.4687187583320738,0
2.2973465411852856,0
1.0731866047401506,0
1.3963839922991228,0
5.125839669342332,1
3.21179258967464,0
4.231728395267549,1
9.824898317940619,1
1.567043477959481,0
5.408120707980756,1
0.9887115505365096,0
3.184963132638786,1
5.2752592367459865,0
9.466317459653377,1
3.91228221283483,0
0.6490669621466982,0
3.8816144796031695,1
1.4574117587397772,0
2.299896132914453,0
6.180906231649904,1
0.6742386620368168,0
4.647237562500374,1
6.094615860107644,1
4.218583923674969,1
0.1912635062373036,0
9.855193569028653,1
3.671157673405353,0
7.785771869332669,1
3.2564649218745325,1
4.750167569934188,0
3.8846364261099655,1
3.425392295096077,0
0.21851377207778744,0
3.600209378545035,1
8.8948999039953,1
6.903933385936837,1
1.4542285909543984,0
5.911550046227392,1
8.922308599488716,1
7.000340409648555,1
1.4868439235669673,0
8.678324967344967,1
3.0154401328886538,0
4.540761443123418,1
5.261427596891464,0
8.505066043781952,1
9.31607495147661,1
9.29652877790556,1
0.0795418127854064,0
9.218884855854572,1
0.5438696600157233,0
2.6577365681743537,0
5.1498785472783295,1
4.7992568900439405,1
6.04709793887392,1
4.794462287370058,1
9.343756796404207,1
2.40548848214587,0
2.7402469403848584,0
9.207379356930561,1
0.7673951374525623,0
6.095608219048099,1
6.817359520656108,1
5.055417234297394,0
6.942318788231372,1
1.72754646011967,0
8.526322327715398,1
1.4002568946988558,0
4.008124443157497,0
0.752576013082058,0
5.452110788174002,1
6.697458074256391,1
9.412216350952905,1
7.393361958960009,1
5.411029164541511,1
9.326170171703337,1
4.7843683804087656,1
5.612056530988694,1
5.960985276700957,1
4.099797258865668,1
8.384826905658242,1
1.8517593884505912,0
5.54842190371608,1
7.222332561871941,1
9.039761718765773,1
8.839183964342784,1
5.08740289430142,1
6.431614511633416,1
3.94237736129301,0
4.681777628802003,1
9.062657925730495,1
9.30703993192474,1
8.954140580670197,1
1.3837086181363822,0
8.500840213306361,1
9.483637310214803,1
3.612496945736047,1
5.186462894216692,0
7.790952558129959,1
5.620781375656487,1
9.934835217062494,1
4.557133651568284,1
7.1394271120737764,0
7.9259114019654415,1
4.941004157584395,1
8.569838057113758,1
5.461545912071965,1
4.116507968016315,0
1.0782367385194702,0
3.9341357635042415,1
7.339364547332842,1
9.212864116801073,1
2.516794038603103,0
3.5523551733050263,0
1.539609941044262,0
6.907228942289688,1
9.601884300099252,1
6.409522198481755,1
6.170765300062263,1
5.534899305004339,1
0.8845574068553652,0
7.2950382642938365,1
6.020495435493508,1
6.61476768856287,0
8.988110930274216,1
7.839607870610179,1
7.80915252154526,1
9.271837688793475,1
9.899349514629996,1
5.812827319610596,1
1.0888161603116575,0
4.591299077754364,0
7.876011464616443,1
0.2772532476184919,0
0.5688743835614907,0
0.6715778238282133,0
7.310357583283108,1
5.011666285631721,0
3.688979435205936,1
1.0561704526173599,0
7.322402502058891,1
3.2101981055089968,0
2.6532407006466716,0
6.52319201553551,1
5.590108925968417,1
3.6241064181330165,1
6.414874708055881,1
2.7122152038411818,0
7.948302616043268,1
2.2931895030765395,0
1.5883769538201564,1
7.824394094988749,1
7.078920306979332,1
1.8263897570179843,0
1.1624575268993798,0
8.383990884866922,1
7.76598482196688,1
3.2725737369966423,0
6.581974082133667,1
1.241601865478108,0
5.0704765904767815,0
0.18730292060419873,0
3.9160188092155543,1
0.7484282147140509,0
4.751471801568825,1
4.216816468528943,1
4.44385026638056,0
0.4533130204799407,0
3.6161634128183238,0
7.564838490999165,1
3.689143733536201,0
7.151719526095807,1
3.6947872363373326,1
4.232394414901864,0
5.638921128292661,1
9.506819368070826,1
1.0886044664665517,0
0.3291376866117368,0
6.079571838100452,1
9.490970889284263,1
9.89723132554715,1
4.841642473920018,1
4.680816210850985,0
6.449637707451962,1
5.556347572049698,1
6.340880576141181,1
8.739994255378942,1
7.463061694876093,1
4.968773916867955,0
4.618644590001696,0
6.396017485131161,1
4.557062844202974,1
4.577793512656399,0
0.16305901786504817,0
1.7406413740730842,0
4.88513639995753,1
8.226534590503691,1
2.7872700672712414,0
5.2264343313114905,1
3.449620847592322,0
1.0480398953958903,0
9.582984830713006,1
8.546738702503017,1
0.7849242446690641,0
7.197872624682846,1
3.4757990435750017,0
9.948498070617926,1
3.023985198289777,0
2.387384453625999,0
5.678905483054052,1
8.351261633432042,1
1.9251887181979799,0
7.0940276971933125,0
0.6140658314112168,0
9.189347431104974,1
0.8107491614729878,0
9.142313763441624,1
4.908072494527028,0
4.480911127959199,0
9.733070795003766,1
9.90384177698219,1
6.501781259610119,0
1.271192918570485,0
5.061700856552025,1
5.291631009556625,1
5.144464281353097,1
5.694918385200097,1
0.18724713794390668,0
7.112272814705024,1
7.1239430195298805,1
1.1546977517788792,0
5.702394424458007,1
5.683611824357746,1
6.824504201904001,0
0.8539769213508108,0
6.265033072660964,1
2.807519507463412,1
5.07002990496172,0
7.733235527040767,1
7.056459363630133,1
1.1890301767799338,0
5.911847871160733,1
9.691165309407385,1
1.5676943733500226,0
8.52907087725415,1
7.02548080553777,1
7.740033129097597,1
2.8195832714264544,1
2.8788892937984247,1
9.06019455776488,1
3.5983203209255867,1
0.6301539069281048,0
6.005967035794501,1
1.2481766904184266,0
7.9659624140790815,1
6.417464425010574,1
8.747265052212082,1
7.848372497826352,1
1.1211364833819615,0
3.8107067643442227,1
7.745602499145873,1
4.173414732663257,0
9.723654847799782,1
7.357404498934493,1
0.15499916690321025,0
8.799856915608364,1
1.008047848685576,0
1.4052372418008585,0
7.344924006110509,1
8.649685594304803,1
5.36349627899556,1
2.8904973294577916,0
3.5131554525317554,0
3.42889329596056,0
3.2667810380951225,0
2.429096718216498,0
6.08867094629233,1
9.004053185650672,1
3.0708241308334117,0
1.8669429746141208,0
8.385776663714248,1
7.417833308897032,1
9.308370315599104,1
1.6551973560490962,0
1.4425131411659153,0
5.414293943049967,1
6.144336548350953,0
4.8017344185958954,1
5.989666363238754,1
1.8037976887507134,0
4.796137541640833,1
6.580925609396679,1
4.327064492487037,0
6.794473358165979,1
4.511912805538396,1
3.3359958084227728,0
3.0360504708709235,1
4.10902058988588,0
0.23089622682200828,0
6.685251384461138,1
8.451056409802618,1
3.5462709444311855,0
0.46033136141718556,0
9.867755973855576,1
2.6369825545106695,1
1.26621121690773,0
3.6975250797302794,1
7.3855704063355665,1
2.939165968905657,0
5.747032039194878,1
4.155599944371422,0
1.177639922766185,0
3.3028701249211023,0
7.248705057140667,1
6.120038973314457,1
1.19778379883561,0
1.6332240971430856,0
6.407333593074455,1
8.134154143208688,1
3.4947449595816926,1
5.953107518434502,1
1.7064358875210528,0
3.1137633690532383,0
0.202702056730526,0
7.6827594779952255,1
4.010098197729668,0
8.16125573653954,1
7.083729960227263,1
8.28744265728477,1
2.8565866958288275,0
1.8510873042784526,0
9.719056826516706,1
7.173277870408695,1
8.340422679266704,1
0.13133373709933727,0
3.5446162029588657,1
7.428166905773317,1
0.7798283298998332,0
5.673399295689356,1
4.290727674550032,1
0.17616507141107296,0
2.359755771194514,0
2.847919890667142,0
1.1185994634632246,0
6.315369097426604,1
2.42397876251889,0
2.7761949961938837,0
8.982385982001475,1
4.671230926931394,1
3.9212814696927234,1
7.238710383147172,1
9.09613796882912,1
0.25036336237443835,0
4.4823884655539645,1
6.107813560779473,1
3.185630981259896,0
7.724077221232417,1
9.714770702702738,1
9.434273662502832,1
2.6598253937994185,1
2.26338278437486,0
9.57490531021221,1
4.586284874314659,1
2.082977230846917,0
7.069969636304182,1
2.844203239037916,0
2.6724697507105235,1
8.792490430777848,1
1.6247915337690344,0
0.6439294646623639,0
2.6918644017168725,0
6.069454128382038,1
1.2308785340327055,0
4.715946722767938,0
6.273371104253198,1
8.48736992593174,1
2.2986959120225436,0
8.173463233827894,1
2.3490626113123856,0
6.767665412396405,1
4.306735714824551,0
1.1468124237867017,0
7.142634628218487,1
2.177626185490178,0
1.7662342602459147,0
3.583229285893832,0
6.532902447594835,1
2.339964787906278,0
1.8366153878188574,0
0.09953625713364334,0
4.716430971017235,1
4.286455693151828,0
2.3386774363737626,0
0.5365216400969075,0
4.292558745958369,0
7.882051110716313,1
7.15282131327177,1
8.607948898601702,1
0.09582687713155624,1
9.664193168045985,1
3.4141225262744834,0
9.903977960919647,1
2.5261946060177465,0
4.715363875782447,1
3.5392767657530366,0
3.557607149943026,1
8.422820987482158,1
7.464189397373388,1
9.92151435230048,1
6.1351468271751255,1
4.632566043945027,0
0.9007386294689113,0
9.965614195138567,1
5.515306529322829,1
7.004774696901418,1
4.067423871913114,0
5.477157081792359,1
9.425777318928873,1
1.6641943793160274,0
2.923725843302546,0
1.5205972777803234,0
7.922159038047747,1
0.6204526042182956,0
0.8163164985133831,0
2.984941127873687,1
5.141881809210113,1
4.062748005595865,1
0.4481631067080727,0
9.574915578709515,1
9.528695203580837,1
2.7935632324075987,0
7.315256152685815,1
5.785754113832238,1
2.374766950056241,0
2.6217155174161544,0
4.911531743104504,1
4.1923694149736015,0
2.9122932823126426,0
8.07511596305149,1
4.814629176373849,1
6.548480623891279,1
1.8927350016787547,0
5.335076625164867,1
3.179760494466215,0
5.264136103948783,1
7.808258334109281,1
7.689132100912617,1
3.5422067803427595,0
6.942771170796391,1
9.41289950394277,1
6.256693299249064,1
1.4841012338263715,0
6.797086292790952,1
1.0490438634931132,0
8.721104087930271,1
5.166604958019403,1
3.8514073631157952,0
0.5700659464969238,0
3.807837345921097,1
9.032066679157895,1
0.2098299628630318,0
4.746481577818049,1
9.311580911106223,1
3.9484099976502107,1
4.281756874621504,1
5.785600551991199,0
4.6293733357718345,1
1.6860169123755242,0
0.18555539069860405,0
6.098116579787016,1
9.208065870078121,1
1.0636413302716563,0
2.109527192527534,0
3.702294858249735,0
8.087422290211197,1
2.6926031647097757,0
8.820544042787684,1
0.5495787465006641,0
9.409566212589349,1
5.607470778737649,1
6.587776784877045,1
3.6768952253635314,1
7.819942855110603,1
1.6656625008440606,0
0.4891182527848703,0
3.9551694310755714,1
8.536957139810395,1
7.549268366376946,1
5.17155970488958,0
5.721377471653534,0
1.2989282629875543,0
8.406815086175822,1
7.869596829641969,1
6.564703938869427,1
4.661910363289384,1
9.644592682795125,1
8.79031971876471,1
6.444304935146185,1
3.718009977172879,1
6.180222786815124,1
5.754409265306654,1
3.9424198783491637,0
3.066739716880761,0
4.070107922373224,1
5.7391140603339785,1
4.281348447110944,1
2.6357448820138387,0
7.609633177608087,1
5.31467495957413,1
0.6767516322559997,0
3.683165056261255,0
8.849134572119935,1
7.5523653119995195,1
3.232467839440071,0
9.381831520445091,1
0.7660290835821015,0
9.61234703892189,1
2.4570509248467562,0
0.09094180302419264,0
4.338080365183268,0
3.5897042968700865,1
5.390890052067938,1
7.967728605698454,1
8.424308021504471,1
4.012299996116918,0
4.298457437063502,1
1.4817773032947368,1
0.47547608881163494,0
6.412149902350247,1
0.6443762555269228,0
7.3383011942145595,1
5.390901450222475,1
1.985829782260834,0
5.395229435126496,1
1.8299771660209885,0
4.38737207510412,1
7.995603162422289,1
4.619192934106374,1
1.4869931829754823,0
7.238286818229451,1
1.8676841627000884,0
7.385498743701095,1
4.793522892158332,0
4.537417590943016,1
8.514350378574747,1
7.086035243406688,1
0.3291079695493926,0
2.9617431460160235,0
8.709206608498986,1
0.1832616854519864,0
5.452534462619703,1
7.278256691739439,1
6.218560854845759,1
7.605322021044364,1
7.256918489147458,1
6.920306951531133,1
8.215398609256521,1
6.456906684495384,1
4.02418494256982,0
4.719091099145876,1
7.1672478268145055,1
8.76306029666794,1
2.7221880083977568,0
3.420767959710708,0
9.307393963624126,1
5.785117924094454,1
1.7896181713500103,0
6.636951389123827,1
9.907621555393796,1
8.234535644704001,1
7.4574113655140275,1
2.080466542662692,0
8.761397846840072,1
5.257888435355465,1
8.892900220719556,1
3.298278294248793,0
0.6205105263543276,0
4.759759686597461,1
2.6983760481787766,0
7.152292897762981,1
9.571065528560323,1
6.909741511515639,1
8.869339297092035,1
4.530240136012064,1
7.716407371953017,1
8.430434366717034,1
7.1087562758354235,1
5.077772860695646,1
6.258661096153681,1
7.0050699567888035,1
2.5308440322142687,0
8.095792609149848,1
9.503245389672733,1
4.65239315179936,0
7.010671831098774,1
7.37025905790354,1
6.622475475214803,1
5.4711510832863555,0
8.816479545748106,1
4.489267092688944,1
0.6110295648660358,0
8.445563757121603,1
6.739812723165507,1
8.492586264996465,1
1.385474424446943,0
0.3075294050971633,0
9.343745403825013,1
1.4772830585057428,0
8.096523320704518,1
8.232099421806359,1
7.08705200549003,1
1.3126221109287095,0
6.673986245608075,1
8.890865833268656,1
4.255316448008832,1
4.135168543785989,0
4.428583095794191,1
0.8227189067620644,0
8.920255690299735,1
8.691828639805104,1
9.979093217902863,1
5.851831414984135,1
7.511916364513858,1
2.026719063073047,0
6.675288182241696,1
6.497328487573907,1
9.012087358416125,1
8.307927228390742,1
9.384664626177631,1
8.688334727016075,1
8.68693894898852,1
0.6372332668871827,0
8.459619526959559,1
6.074783945031181,1
3.8044445176596122,1
0.5651462438806232,0
6.776737747680467,1
3.2820175053761744,1
4.677762649860347,1
6.817284370551343,1
9.11774547024143,1
8.254369156049984,1
4.505971291035999,1
3.877831574463789,1
2.3977973884404746,0
3.7242675117596824,1
1.110463872918983,0
9.711055083647546,1
5.739174439595789,0
1.278058427952129,0
3.5280600926590577,0
5.47039143620656,1
5.328856366408696,1
0.35503368718632355,0
9.508410342291114,1
2.7537568147494462,1
0.16184668931891188,0
0.7644400895028247,0
5.80194903247977,1
1.3778552067509686,0
0.4172479285350328,0
3.7962646641271136,0
6.227611923401886,1
1.1183980484161238,0
3.1332783215131554,0
4.177606716245422,1
1.5946009778676717,0
5.060738984667101,1
0.852140869017709,0
0.4651849634506866,0
5.198353671551348,1
2.4789697275087565,1
0.9537380789802752,0
4.239125874876323,0
9.151407395173948,1
7.241924466541549,1
8.156159153470275,1
8.719139887586365,1
9.726277413964189,1
7.63246573514173,1
6.084079219394797,1
3.654258803022472,0
1.8164323655771608,0
6.866598739832943,1
9.949499861219419,1
4.67358684618919,0
7.236793680928076,1
4.950924499931562,1
4.319334233634766,1
4.103056135599151,0
5.046246829316976,1
3.66895661865375,1
7.487733218218078,1
8.742720265915166,1
8.828853066451842,1
2.2769871342582593,0
8.959091387314908,1
3.4155123185510505,1
3.0930766548529762,0
7.267560573982359,1
3.0469634008628943,0
0.5296640560971011,0
3.73617772310308,1
7.21465600358349,1
3.269584202701765,1
6.295590559951465,1
6.601194442631304,1
7.337360117263562,1
8.971304663109365,1
4.325644992684314,1
1.6643207666245707,0
3.189257154318894,0
4.321672551739859,0
7.138914693281131,1
0.13122125561633502,0
3.1578538343987894,0
7.798425810193168,1
6.708577033306954,1
7.317399735856052,1
8.118107694391947,1
7.832357188779623,1
6.8218316615277805,1
4.396615323705905,0
9.83598328878154,1
5.690731955900738,1
2.0276920936883913,0
2.928128551047844,0
6.935624559704699,1
9.247395651994635,1
1.7872012920589753,0
0.8234649574578634,0
8.815310480420061,1
9.152779789128344,1
2.7637934531589945,1
3.772857243712399,1
6.6018799749785835,0
3.2993002084247482,0
8.77158708270053,1
1.0757870271386272,0
0.3798222096019521,0
2.084862067427895,0
2.8608777820496902,0
1.1292659128887506,0
0.6569042934064673,0
7.556077135017983,1
1.6427656590225737,0
9.13922199066304,1
3.6799966144809604,1
6.706058097213454,1
2.254021147688002,0
2.4032276849186687,1
5.747092028675754,1
5.606429251459861,1
7.687292280120813,1
7.57813305694266,1
6.706877646636611,1
4.49130565893491,0
8.906403862806172,1
6.225784902212988,1
9.901984904623571,1
8.193698179343587,1
0.44309811238326224,0
3.2059390708031774,0
5.718757164709517,0
7.214695378714872,1
5.503364977619415,1
7.861304224621818,1
2.8265565275734463,1
1.8391205123282506,0
0.539166837897701,0
5.73313744571522,1
6.885995206754952,1
3.261497171193616,0
6.1358418485587665,1
0.5215723085332924,0
0.9929334629680364,0
7.017547722584983,1
3.6806970521729876,0
6.713340311030056,1
8.31721120279918,1
8.526224374761169,1
1.7216764546445096,0
4.862855723513465,1
7.339267236324865,1
7.739805962669104,1
7.846759807288776,1
2.2816733438058447,0
1.9253481772377334,0
5.900124682736959,1
7.4108579773821965,1
3.191395155341933,1
1.0470515686242154,0
7.167463829100775,1
2.996978313800045,0
1.6636272431172183,0
1.4772352839713165,0
3.149095475267163,0
5.926780659137455,1
3.584022386938166,0
0.2066185159343159,0
0.9690843467781107,0
2.905032471986191,0
6.597044821470918,1
0.9851507346853383,0
5.606568535006819,0
1.1988587082400426,0
2.116153273493815,0
1.7218852755576275,0
0.6722863557081049,0
6.713298173865903,1
4.6340354738603455,1
8.310534408973382,1
0.9889083998231696,1
1.4473293333807224,0
3.0645773135045062,0
7.658659869388082,1
3.057588231556988,1
4.084187074986926,1
3.0160356629716456,1
0.8022429180102997,0
9.394336228961874,1
5.485389920711889,1
7.878331881854967,1
6.58357092185296,1
5.142542790619751,0
0.8967825665938012,0
6.427335452703043,1
1.5537035593683213,1
4.143831693562766,0
6.291131434804304,1
7.822290004721234,1
6.850451757086196,1
6.715335290546288,1
1.490422091752075,0
3.461285400715879,1
0.4291227266019415,0
7.194768931764646,1
9.525859813174192,1
2.641103901790758,1
0.8769670916230932,0
4.755700767536536,1
8.566982231275688,1
5.519741952717797,1
0.46777150190113304,0
9.74272240527946,1
8.286499099626006,1
1.3159407705151016,1
9.217977565035088,1
4.506882886051886,1
3.7189799057494124,0
4.610533305271883,0
8.345719568709471,1
6.594796782867858,1
0.5924845239972754,0
9.57604371116171,1
1.4778413347831776,0
7.455679517353511,1
6.3613653042813105,1
1.8752804794656086,0
1.7073207611304964,0
8.70327593704692,1
4.196949234995971,1
6.545765141741385,1
5.040710038566733,0
7.273535170759596,1
4.792423750393305,0
2.8737991525556836,0
3.6338337099649642,0
8.590776944503427,1
4.68034692922727,0
2.134493322446093,0
9.346053880772532,1
7.96600456498377,1
0.5566614605619913,0
9.989429619805177,1
6.949266964401023,1
1.6026659904058693,0
2.3716768129859647,0
6.924454812415469,1
7.79761055279122,1
2.3903594314980614,0
2.5696885389927084,0
3.0712069487206084,0
5.980183648366367,1
1.7181617830127693,0
1.042431988847775,0
6.7886408908551354,1
7.790979397931701,1
5.009294044165054,0
3.6383271026838537,1
4.320427135264763,0
3.884078338719519,1
9.599849082376753,1
7.6808990521914025,1
2.080872148501103,1
3.841891520539801,0
5.4401229136310985,1
6.129858620636885,1
4.681838960287671,0
8.101266350119591,1
7.676060194582317,1
5.051579186281668,1
8.544293867817304,1
7.510895304423859,1
7.785818487206432,1
9.564007794334167,1
2.6646694120920267,0
2.676481623668492,0
8.889522556906401,1
7.722263733856795,1
9.265455414356275,1
0.6313016032445307,0
6.277570772615966,1
1.4462833812344744,1
5.038971982925826,1
1.5574693185344424,0
1.2807850898487927,0
0.12168345382033152,0
6.302388123829044,1
3.5902261669008606,0
1.051882848789717,0
3.2283777773130984,0
1.6894409145158495,0
9.416948315016594,1
3.2000488576134813,0
3.3395352328938985,1
8.398580033995856,1
6.477557612860042,1
7.101716074030014,1
6.360018039889606,1
9.461962839485654,1
2.0700083155804516,0
9.890392417557957,1
8.309561775565133,1
5.889725888763422,1
6.623716243962489,1
6.48825876500614,1
0.583962240591539,0
2.180164985319386,0
9.614708845247492,1
5.343644288593793,1
3.7835360326191205,0
7.62038463389075,1
5.245189426558095,1
0.1316277143189759,0
7.362375967151179,1
7.322175600528613,1
1.651487121099744,0
9.566600884242133,1
2.239081315411143,0
4.5774936738219925,1
1.1473596126091468,0
6.032823194505884,1
3.754511200572125,1
3.531734622097055,1
8.269768772209472,1
0.09561712850478243,0
7.979467708924225,1
5.714485657480787,1
9.860985134801991,1
5.89443220604249,1
0.5537913414795792,0
0.5064532644372632,0
8.83152986371832,1
8.41214145511053,1
3.458900755820232,0
6.180324841811372,1
4.895913570556003,1
9.671640551360522,1
9.499609008768916,1
9.838390085407745,1
8.664487806342642,1
9.095515907751013,1
2.172787787671364,0
8.310067889897745,1
7.0885711320427465,1
9.627865088280702,1
5.712618284426194,0
0.8516716671055635,0
5.97398891187153,1
6.865809280212877,1
2.203210287124283,0
3.941133835127284,0
5.9850341405168,0
3.7410573731650554,1
3.7494771723866394,1
1.330866391727974,0
9.40746723077666,1
7.504943844950965,1
0.01243438866102009,0
7.656132840221652,1
7.397949926578588,1
0.09730960155522994,0
3.6960429761376457,1
6.067476903255306,1
4.527506518580359,0
7.779861187205073,1
4.25458332634434,0
1.5386296945383704,0
9.764156242738286,1
2.420399927760466,0
7.176923105413323,1
1.4315631166407194,1
3.2901261378393265,0
4.420276084304238,0
1.922320045270639,0
4.499595763686095,1
1.5716282299175,0
5.590065389858902,1
6.63713252520194,1
0.6243428402801077,0
8.71132121082168,1
1.8514088504203552,0
2.2536242532032382,0
6.61349840083063,1
4.687510604344141,0
4.993955991710656,1
1.2815498456313268,0
8.057358218764083,1
6.1705424610421,1
1.3538204330945602,1
3.73999367025596,0
8.104099327350301,1
5.683550459866207,1
1.0864877913293047,0
3.727770457892867,1
2.426943984557346,0
5.174655536537264,0
8.433611288719895,1
4.3626713480441985,1
4.333420303683231,0
9.053509023270369,1
5.761854125072724,1
5.661910873974069,1
2.6190989187538936,0
6.077227478371263,1
5.7591046741739635,1
3.9685147034186397,0
9.906955658991805,1
8.818909649480867,1
7.495862900768156,1
5.373455884130005,0
4.6205980189463025,0
1.8489739522319937,0
3.057374740146237,1
7.739607998232102,1
4.537489539375514,0
8.822695165695013,1
1.4791113634552877,0
5.083470960136365,1
6.469656840213087,0
5.16848456307926,0
8.892268915849872,1
9.895632818291398,1
1.1583465834136975,0
1.29954904076921,0
1.3032411356012108,0
6.811770960705275,1
3.726760954958379,0
7.3331466126590605,1
4.054714728869787,1
6.276067213320636,0
7.698580056788935,1
5.482159106549206,1
5.395035904500061,0
0.8823432528563446,0
4.107817429094348,1
5.457771532249376,1
4.6198082566641,1
9.007820001884255,1
9.065306321194894,1
8.219173805887618,1
3.7529807537312,0
7.172991516875343,1
3.952884610696098,0
2.3259359897575904,0
3.429026435508816,0
0.7096463328553548,0
3.3177750900464718,0
4.607422172611716,1
9.5548089478083,1
3.1341058621962494,0
9.024535392055206,1
2.2885827582349707,0
1.9096889775924941,1
5.189954564321649,1
6.72511369297406,1
0.44332250802281425,0
2.2106586504721673,0
4.556836665013164,1
3.3100433598318144,0
7.126210793483219,1
5.1116059604131685,0
1.603591056039002,0
8.944653793150906,1
2.9290567548335957,0
7.311311089644235,1
7.799157791054099,1
9.631577002561022,1
4.985074665241013,0
6.158355154644322,1
3.3487629347953374,0
6.781792934120665,1
4.633834858663198,0
4.376523647244222,0
8.554675291161054,1
0.5016884349868866,0
8.819624278318685,1
8.52069837828557,1
5.063662535617891,1
4.902028542056282,1
3.618073680354902,0
9.941737916817344,1
1.1116933275384122,0
5.90215235628607,1
6.81681590112417,1
9.343300082169444,1
7.8020349685676145,1
6.438472028115468,1
1.1681231681212267,1
3.737335168314674,1
1.3884164254798526,0
8.812127324655137,1
7.49621155563643,1
7.575367867972292,1
6.522565177735441,1
5.070435369367097,1
1.499710594634972,0
3.2969488670505176,0
1.3691579247689056,0
7.249131428523432,1
1.6022877602200503,0
7.021135501716856,1
6.922553895959047,1
4.593044789912889,1
1.352286541180523,0
3.148008261340367,0
3.2009310907555144,0
7.0038513314329345,1
1.1374301941372433,0
8.290686462160908,1
7.610072901859139,1
1.8630691817427392,1
7.191643817788894,1
6.685131814678218,1
7.4812080011092625,1
1.8892855544869447,0
1.5759032215646862,0
2.3648398592275424,0
3.658717031489757,0
7.936649810358012,1
7.3792393747885,1
9.25451592278533,1
0.5862955909861545,0
0.11556281014185599,0
6.991388297007991,0
2.792874957941657,0
3.3407889553381755,1
5.468020259145122,1
1.024131231267985,0
6.4269441654804975,0
3.251474462311502,0
6.327151243009917,1
8.340069130733859,1
1.7111133333742967,0
9.308730929145202,1
5.306881410624438,1
9.229277651739684,1
2.077300822017781,0
6.0456266460423755,1
4.038871173236047,0
7.742221911560132,1
6.059089432132963,1
4.945154569583185,1
9.129854064310086,1
3.771170641716802,1
2.199802048981815,0
6.081011868520917,1
6.240284371728137,1
4.390946215718754,1
4.866100436893824,1
9.595534142999,1
7.326856913968013,1
1.10601751482577,0
2.1213007087061095,0
9.755766344355589,1
7.264655537935313,1
9.150451261446532,1
3.0386146398872205,1
7.418668600865923,1
7.140027085235115,1
2.9468998543937506,1
5.508163254507053,1
6.274151112702953,1
4.811318108274651,1
8.271787066580128,1
8.328690417979894,1
8.506005483015567,1
8.034235690981628,1
4.880834771971446,1
3.814382981490072,0
8.313762837143706,1
4.902014585562668,0
2.4637139862798185,0
5.073435323222163,0
1.4184982191924211,0
6.916294905987988,1
3.3592128162390633,0
2.606587984474543,1
9.56508746234745,1
7.768809957583076,1
7.870695027239316,1
6.237219692791834,1
8.39172810510297,1
7.591624811633812,1
5.987737041336166,1
9.611244018517173,1
1.9159494968442303,1
9.43379718994751,1
4.014381619988649,0
5.283989834014866,1
1.2273931954430894,0
5.401074389217909,1
6.112067518581934,1
9.97701541808524,1
9.751924110715265,1
9.663972918742873,1
3.483880601020574,0
9.912664987450434,1
4.554781515951109,1
8.518362587619006,1
2.16319969018972,0
5.058331796566024,1
9.660120961276053,1
9.470313969234276,1
6.837348778214267,1
7.978143225530598,1
1.764266966024014,1
7.216585494841574,0
6.180508083353723,1
0.9155173575124609,0
1.1315900658967626,0
1.0844361775126188,0
7.243569348298356,1
1.4171520824757244,0
4.677322711144704,0
3.569818058777577,0
5.505041407702178,1
7.064764872194028,1
6.8472253722133205,1
5.155199159143766,1
4.643348736103855,1
3.978155951222587,1
8.619099483043794,1
3.30851804872645,0
2.5936582116749483,0
7.433154936552713,1
3.5976346169672646,0
8.469985997572685,1
3.2788871863714473,0
7.019448245745882,1
0.45109006285336095,0
3.8556288011032,0
3.432301749675515,0
8.166787392759234,1
9.6705540322831,1
4.608812766929614,1
8.24836277153758,1
6.996947009573651,1
9.673859876636932,1
8.111085143428248,1
0.7747806596373052,0
7.132817223822362,1
5.354997154223736,1
0.16436057932327164,0
2.513129587254437,0
9.21755245026893,1
9.26061372786753,1
7.988504602006344,1
9.817796032779894,1
8.06545224624205,1
0.10204187285245192,0
2.878343403015118,1
0.30624182237762865,0
0.9410796873755944,0
2.1884081695077606,0
5.035585463255225,1
8.475320034620177,1
8.619667561571081,1
6.162018585572965,0
9.28175939066235,1
5.000623265902081,1
8.890360441332016,1
4.540652563320121,1
2.7722500742188227,0
9.164129181004277,1
3.879350756788693,0
5.034041088444616,0
3.2886063253067723,0
6.628376002907298,1
9.950312250060355,1
0.2551354886476964,0
8.998480060071014,1
0.03926056989265403,0
3.642278811462111,1
1.686068062895143,0
7.573417806725513,1
0.5061084075717348,0
5.534849535843279,0
2.9492613384531263,1
1.3367024886470213,0
7.718182121026408,1
2.174168342552567,0
2.236752120549389,0
2.75076785137923,0
5.867667638280274,1
6.596659316907482,1
0.17602523701344963,0
2.4186963611379033,0
4.309708425052828,1
3.319769521612331,0
8.841706585108861,1
7.877087308864188,1
6.2589021553882755,1
3.3804241599703975,1
7.006723448461598,1
8.436380128457944,1
5.948303773589867,1
7.844614668933792,1
7.491049613997478,1
5.717373111603222,1
3.12183216821511,0
7.457821580012718,1
2.0679636635760645,0
7.794883464715338,1
8.04546692142533,1
8.221448795703731,1
4.729159709784576,1
1.9248076777042167,1
0.9972360006606873,0
7.4336125048792425,1
8.862613845298132,1
6.508383588369067,1
1.441600603883696,0
9.34896448517574,0
9.891020145393195,1
4.333786099349219,1
5.948252892737712,1
7.772285200016578,1
7.363897900500447,1
9.677871919334493,1
1.1488309107878891,0
5.807248661428057,1
6.919314196730921,1
8.900984241876701,1
8.741096277181507,1
9.779997935612899,1
5.120784539376791,0
8.307608668132266,1
4.272817081273277,0
4.2231387785603225,0
2.53348364472859,0
8.182372870192298,1
9.858151058135157,1
2.563417283472579,1
0.5613158802107232,0
8.155424374190073,1
6.202300525347562,1
9.596988005510044,1
2.5223921907695224,0
0.7102765800128108,0
4.924422608665015,1
0.8546602296514749,0
2.6179000110270745,0
1.2597786081916829,0
2.2413217966007872,0
1.0614465282139185,0
9.539059994272854,1
2.785627134497355,0
4.438975859925654,0
8.986118076342223,1
6.773215879614743,1
6.180374805617744,1
7.055631903608371,1
8.288222571053819,1
8.776692678517609,1
6.426396706650265,1
8.900072746940577,1
5.353975274254768,1
2.7729085626842345,0
8.800767088838445,1
5.414728274130871,1
9.061375875672343,1
0.4016781395058122,0
3.9751575154123553,0
9.478050183624681,1
2.4965009275830274,0
9.415362460384927,1
9.539024611292499,1
8.82142314225861,1
5.636680450932987,1
6.469394490806385,1
8.696169984498692,1
7.758970823891844,1
6.300938494554115,1
9.822594078707027,1
6.856766363336941,1
9.754819924477612,1
0.5738847460709073,0
1.3896037074221246,0
4.514588460004906,0
3.8487946088431513,1
7.827348413570277,1
1.6061402646920375,0
9.760951791114886,1
3.1506587526091403,0
4.289237077401594,1
2.747450324400229,0
5.793636173265472,1
0.5862870042258395,0
1.4967750557044879,0
7.457977034187242,1
1.865005834048039,0
2.3551445155666286,1
7.929822357248377,1
0.933011783572536,0
4.374738227708409,0
0.23063386997226987,0
3.468073993179038,0
6.9898140261075445,1
0.9010327971722831,0
8.883346267787601,1
9.09499042940716,1
1.049903751251351,0
9.907324363757766,1
2.975295533954889,0
0.8410167113160605,0
0.050671144972622706,0
4.085228957638626,0
6.298099857061176,1
3.3217924990331325,0
8.367173654746228,1
7.1660627556505005,1
3.501615319680327,1
7.343096666086046,1
9.404877369692498,1
0.9309599854301709,0
3.0610396015761685,0
4.633259391166932,0
4.979901277547686,1
5.421956448860737,1
3.006269065386485,1
6.672596459823491,1
6.450845035298297,1
5.778215062716139,1
1.1376172171087662,0
4.7696789109594455,1
3.562268874893756,1
4.910384698381226,1
9.21866435515026,1
4.805313431584083,0
0.1398079183951184,0
4.388367380841309,0
8.20648180049382,1
7.8006092321816825,1
5.13390073528181,1
2.497690128593153,0
4.650886629145451,0
5.637022194181917,1
9.998714382741339,1
6.4417809016937735,1
6.942649300626135,1
4.914541435680519,1
3.5448955078252986,0
8.12952983647206,1
4.949323243392362,1
9.946901299645251,1
4.571205742680441,1
0.6800028364757738,0
6.8257813709008275,1
0.4664145092581107,0
2.505015968847033,0
3.5373825277990334,1
7.394835856213277,1
4.942359264076128,1
0.2864593131025661,0
6.168498512759221,1
4.114362374266624,0
9.21834509967107,1
4.995623111402354,1
7.08975145939339,1
2.188684923295469,1
7.609735645316532,1
7.209553104836724,1
9.040817085413082,1
0.33821641719199214,0
4.4750069761745115,0
6.791554027396302,1
0.9516390008021502,0
4.106040671489124,1
9.421466030661954,1
4.359344908911282,0
9.854047834806314,1
0.5683906107981962,0
7.1782977614089125,1
5.810162362482695,1
5.005396771321254,1
9.708474014850093,1
1.2965040049112864,1
8.959989516809134,1
6.9124041113661026,1
2.5899607329963272,1
9.016691456322935,1
4.292949178610133,1
8.14227328073071,1
3.8883651704739997,1
8.50930827433241,1
6.366291184450486,1
1.4104663358372715,0
6.496631634695276,1
1.9134476270187262,0
4.1192262789416265,0
1.7029558425203373,1
0.22016115667118585,0
2.118865394499575,0
5.363720237241258,1
4.815609677773461,0
5.014970955360637,1
2.476868784466013,0
6.8516120061418615,1
7.042632868203458,1
3.5796782555966553,1
8.811700884741743,1
6.440232166355479,1
7.130392752586317,1
2.7733991793893944,1
0.006116351555870425,1
8.653756121021095,1
8.224243845798085,1
1.231918880428302,0
3.741051349563065,0
6.613393083885826,1
6.521108572187282,0
8.603503348085566,1
1.4026816163542855,0
4.299397477851188,0
0.9722441792642478,0
3.8959524843862816,0
0.15107445587704382,0
8.982730651101269,1
5.27043996828681,1
8.498022608023536,1
0.5990470100336376,0
2.274581104729206,1
2.593799952211806,0
3.8669149463878805,0
8.02866372397546,1
3.8655787373149266,0
2.04653529646327,0
0.6499026033876842,0
0.7949174835268746,0
7.600472059609774,1
4.44802991036633,1
7.261811220000153,1
6.822871217636975,1
1.353624617602578,0
1.428879341922672,0
7.553420154341339,1
7.212682934854172,1
3.7803076687431036,0
0.7742226333284008,0
0.120980216984522,0
2.8815694946174486,0
0.09222273587226937,0
2.300726211037034,1
4.195007402113386,0
1.214157653119542,0
1.0427775783154625,0
8.964374357187365,1
5.854700290228893,0
9.344556867627814,1
3.458261637856792,0
6.771449373291631,1
2.046916746217904,0
6.183403172799412,1
1.2958573000998441,1
0.02080639176285759,0
9.31531801409579,1
5.548943761752093,1
9.269406627820395,1
3.33831523702072,1
3.277860691617568,0
4.0065500177303175,1
7.060409839581682,1
5.658086341861742,1
9.253549070991179,1
0.25440901132439353,0
7.081959379725364,1
3.3032768936655432,1
1.8023365181846118,0
5.10395622520099,1
5.05063784179996,0
1.370110286884284,0
2.018960561328899,0
4.081646649015549,1
4.0881141239231535,0
3.175581396196847,1
1.4854515150998093,0
0.04373679100979522,0
9.702350624280205,1
9.434992297039269,1
4.836503791761352,1
9.950517532750057,1
6.736543307822433,1
0.6885753760754154,0
1.1771819908262737,0
9.161108438696377,1
6.300522021496285,1
8.431836266573512,1
8.982696496338443,1
4.479420112823861,1
0.4852595157669304,0
1.8828034889732204,0
0.665719473024351,0
1.8873984569850732,1
4.105329264558768,1
1.1819681051498543,0
1.6673324780534327,0
4.458217820716792,1
3.4017095038848955,0
4.67658124188041,1
4.2917202775906205,0
6.444780259798835,1
9.371895488758545,1
1.0786433844424248,0
0.9926014930919491,0
8.52806111090902,1
5.063967046524591,1
7.664050235684422,1
2.1542190360728144,0
8.288625731675518,1
9.23846624192696,1
6.3548301554648825,1
1.0587902147380224,0
8.952948141563388,1
7.924877273700713,1
7.508777765144899,1
0.3672818890591556,0
7.989625252569712,1
1.37951010468357,0
2.223861761968884,0
5.771348348692575,1
2.6498077291688302,0
6.613482063119197,0
6.080704476990816,1
1.0814959801326263,0
6.560145795915063,1
9.2395490982493,1
1.6110990518583312,0
5.9706202094288745,1
3.418653719366941,0
4.59611671773604,1
2.870001790789699,1
3.5413063634769526,0
0.2891182326655728,0
9.815517379172206,1
6.247999220727483,0
5.007055904938853,1
3.837153495003267,1
5.393745588240276,1
3.8010599871580397,0
3.5990792749367326,0
4.639465417220131,1
2.759830336711908,0
1.8004989996678544,0
5.566058981802935,1
8.427654361503011,1
1.528281777258923,0
0.3273434060421865,0
2.4681174515403614,0
9.797206434538108,1
8.287580737433393,1
5.958660535285966,1
9.29248915243136,1
4.452791168372446,0
9.83280602575174,1
2.9630204511928406,0
2.403057495159391,0
6.38048201147011,1
3.781539679503604,0
6.2636554197625784,1
3.049955183026858,0
6.179182568379911,1
2.757462605850364,0
0.5097206881888994,0
9.121359019231834,1
8.832052018734622,1
9.70798149272672,1
7.165271762214047,1
6.827211777353029,1
5.590030700748308,1
1.2594241635252268,0
1.8923531094927004,1
2.894696886725362,0
8.901563625733944,1
1.7296952460307513,0
9.228731744878907,1
5.227857330514172,1
7.155696354730722,1
1.1024448668056652,0
2.690335487759109,0
9.585186081814264,1
2.661499469297314,0
2.965217203911461,0
1.9759738484107947,0
1.290736653068295,0
2.3325764145399797,0
6.423268919507984,1
4.553677335035635,1
5.537558363378986,0
1.2236482876602428,0
8.021164471629001,1
7.84094700579848,1
0.2158991114267539,0
3.8351509451030497,0
0.6877060197114782,0
7.921057794149581,1
7.372696831257044,1
9.019880942931561,1
2.364039589531146,1
4.562958831277989,0
1.8448787716439774,0
3.712349344741195,1
5.2224325156688405,1
0.5333078983858897,0
7.148704106773852,1
5.432933603710753,0
8.289590172106733,1
2.717805011911972,0
9.033211052692545,1
9.986942530304434,1
9.192984383776745,1
7.7789247583315415,1
8.123688028737808,1
5.737442425445865,0
1.901538629126105,1
6.770406851477173,1
7.127530020599315,1
9.853851402679057,1
5.413013162563218,1
2.7136901502505637,0
6.836725217395068,1
9.793758196664546,1
1.77213908269094,0
3.259979185356027,0
5.418809537726811,1
1.7021463488200483,1
0.22220639519938357,0
3.369831224412506,1
8.653708015010581,1
0.43468399323714824,0
4.289290590169175,1
7.622007729260824,1
9.531825969108853,1
9.854753990044323,1
4.219693806087417,1
9.503842943791176,1
0.3541897328086374,0
7.459169379985563,1
6.4274603463361295,1
2.4952185758615233,0
5.073185006796489,1
1.2955373776049561,0
8.71597150951561,1
3.5789808554564795,0
6.260444704657165,1
1.5877628628726226,0
2.061648446312071,0
9.91956370803152,1
7.5308639444132925,1
9.619718697740709,1
2.9585116521204413,0
1.6456287661982039,0
5.03068463478831,1
4.946682822273434,1
1.7494651375798786,0
7.332195695814102,1
3.617775344387341,0
1.8636523093051727,0
3.319833945432884,0
5.636586996350151,1
7.264709321804432,1
4.818908860574846,0
5.255949898283735,1
1.389459359427484,0
9.146909247082322,1
9.287241979920445,1
6.834265904180037,1
0.17631408934024706,0
5.37074215903326,1
6.292189720886135,1
9.9465422295811,1
9.960669551947968,1
8.576112353255574,1
0.6383099202611353,0
9.532763907787299,1
6.126612471519991,1
8.008867704791795,1
4.071928496858535,0
3.1966947123458977,0
4.63244145483808,0
1.4687451296882692,0
3.5706613875330606,0
8.576174997682786,1
0.3795048626088149,0
1.5087804682460448,0
1.2511615964948553,0
4.030755427002281,0
9.969869008908617,1
1.7335793021138268,0
1.4548264959926016,0
9.150557297761544,1
8.820505169659658,1
0.3224036999655444,0
7.51705960179315,1
6.554657014764295,1
7.67740809852709,1
4.945024547959221,1
9.913792184482956,1
0.4384701871096319,0
2.3437158640380575,1
3.9654598697361507,0
4.497779415657032,1
9.213674026995186,1
5.600043640772588,1
0.4511099552039388,0
4.078629634256618,0
4.164904123690699,1
9.654909384377849,1
5.991970910211082,0
6.356510711589388,0
7.132530312512708,1
7.7003931568212325,1
6.350510702024891,1
2.3719435113393548,0
8.740459143411641,1
7.321198004106302,1
7.418704850969559,1
9.965567392347491,1
8.025265348633159,1
8.291514031551532,1
9.514055157101584,1
1.5113399984889386,0
4.977273764780678,1
5.805670235907876,1
3.292757292224576,1
8.394033438945055,1
7.624196216457234,1
7.20883074508124,1
9.971494397581669,1
2.593813734083905,0
7.354572516754213,1
5.514044749059006,0
3.1298918249387606,0
1.6058687072312583,0
8.95883837067547,1
5.954554827078454,1
8.249338376407946,1
5.453449840015448,1
2.1997708065401955,0
3.3754881310032525,1
3.815388424735465,0
9.729348125037022,1
0.056332783813825005,0
9.85666023024507,1
9.804616351098307,1
9.961507905301366,1
4.765881789196347,1
9.638089696209995,1
3.9559918184982736,1
0.2629444066838671,0
2.2434718637176454,0
9.452962449373846,1
0.1376469333539998,0
5.45994135422975,1
0.7560158889467905,0
2.863965784275785,1
0.8809285071188666,0
8.595286211130563,1
5.910707096477058,1
9.021064657183128,1
6.883531995402283,1
9.710291312450996,1
5.098776547604066,1
6.387105817628745,1
5.763088198890566,1
4.842604294466128,0
8.459593654230126,1
6.445251356703602,1
8.013122648554727,1
7.863639366024132,1
1.910451606552953,0
6.501635325176437,1
1.9964801918133412,0
5.833204782437709,1
6.774346844463005,1
9.97235071587587,1
0.3054197814973836,0
0.9124239411372093,0
0.770266963712315,0
3.9836128626674006,1
8.215883614858138,1
8.440563327871356,1
7.369795957211517,1
8.968782418299476,1
3.2285994416945254,0
0.8815464425229913,0
0.5815302798985011,0
8.521327196193862,0
7.304362943536913,1
6.986153060111208,1
3.396763385456688,0
3.799051886182262,1
9.581135288993192,1
0.6380474409793502,0
7.7373173693779265,1
3.0963332370839316,1
0.39054618412556086,0
7.42570110742456,1
3.309118856783746,0
7.221475187427966,1
7.076543831181201,1
5.3478687543311505,1
7.773731292105488,1
5.810383241712435,1
2.8663685284826066,0
7.34115301064419,1
5.8913981587772355,1
0.12727281689920544,0
9.016441777703093,1
5.4564361832431345,0
8.686272654795317,1
8.827368389822446,1
4.449666567350885,1
5.07659996451231,1
4.157543876756019,0
4.494367753080455,1
8.951471589717277,1
7.8814401396791105,1
1.2652567631557798,0
6.103077815400959,0
9.959066403863423,1
5.9555070123248575,1
7.858716255931055,1
7.690614733811709,1
3.5031752587232856,1
3.718493027039589,1
7.240764217904032,1
4.999835316048351,1
5.70570709130388,1
7.129057903648376,1
7.775750270390502,1
2.7151657773307134,0
1.4679375943696293,0
2.917946467237252,0
5.075383250920755,1
3.421413172970391,0
5.683627588475938,1
0.5346572412562844,0
5.097504116137673,1
3.679849069377079,0
5.346667548928824,1
4.225333548849768,1
2.8422585063754244,0
9.041079054576358,1
1.8476498842135691,0
6.813655755805597,1
9.24644712582414,1
5.3866995968543305,1
8.764084885794821,1
1.2485147843328437,0
4.9378877025640815,1
4.570252804809394,1
0.08118807036994857,0
4.432573413593345,0
3.690297563825978,0
6.6979872777461535,1
9.383297785765185,1
0.8579108826203652,0
3.274763867146231,0
4.440647373942519,1
4.5518537803438335,1
7.7480972084225375,1
4.433956658334408,0
0.27161301453653364,0
7.101040945928313,1
8.848296951456717,1
5.139047125496728,0
5.811085216985053,1
1.6293643896904608,0
2.2064594467895704,0
2.3517023912461177,0
4.307419748812952,0
9.281452208956422,1
5.2178476671488605,1
1.9209764520135264,0
2.660877358689496,0
3.8401502972718426,0
6.232589756927994,0
4.400331530040054,1
3.9244484417692496,1
5.647286003989947,1
2.4183499495446545,0
0.7890327258458218,0
0.24414314822222116,0
2.5125916346712707,0
0.915920341444687,0
3.363406385207668,0
7.729335403597556,1
7.162943304868383,1
6.109276227880288,1
8.525002438794788,1
2.820676245442767,1
8.850537530299658,1
3.992391696691792,1
4.008933182666265,1
4.053516136255215,0
0.9809436624098145,0
9.754904983310556,1
1.3850677782515919,0
3.4088572446918453,0
3.1930032032675717,0
0.7467943281670963,0
1.5226013011187667,0
0.44858336185385816,0
2.9240449356051346,0
8.666569240289064,1
3.394422057373845,1
1.2369183206737921,0
6.45693868383918,1
9.966009120549105,1
2.3232378953192754,0
2.7957100537056947,1
9.718470542807886,1
1.7877628755048713,0
5.112140674591639,1
2.396521330160949,0
9.323518979012439,1
9.81521014576294,1
8.146978461200154,1
3.1478381581281054,1
4.03487475280505,0
2.4230568366642133,0
8.907579670089914,1
9.14558277688158,1
4.188706622460472,1
6.565330699030019,1
1.6555317977469386,0
4.34935900363409,0
6.314991066734976,1
3.8540311851801956,1
3.575995256864599,0
0.009989922669426665,0
8.042934637771141,1
8.893376120214482,1
9.69463529545832,1
7.192713850692155,1
5.487923123698845,1
2.6928451980870936,0
9.992994759634984,1
5.897528545321055,1
6.8115407233044625,1
6.824061619553177,1
8.452517957571814,1
0.0967253884691921,0
2.2024694043137183,1
6.655340001700139,1
8.951457368245677,1
6.853387819213562,1
4.134912914936802,0
3.615554958702616,1
7.379480082833204,1
7.412376971371934,1
6.0705799250569035,0
2.9146702409733702,0
9.251548183905436,1
5.518799421186391,1
7.904923562483306,1
2.1430826216183165,0
3.4404078861472787,1
8.745795163873424,1
0.5010702993996841,0
5.123153112566621,1
4.81705479844009,1
7.512301889080821,1
2.8189377059933243,0
2.1906682185959947,0
9.261328387732338,1
5.717096519584648,1
1.046895682836545,0
1.9303616221432107,0
9.988260595142483,1
1.9560899625219241,0
6.104755113536787,1
4.201280789956181,1
8.855990948498354,1
7.551685922953277,1
5.969513962618159,0
0.10738981797982494,0
8.797952074934596,1
4.446674708387163,1
9.315776530185765,1
4.955390128542012,1
6.942244891827255,1
0.6929264946664215,0
7.451516535267858,1
3.379960313119229,1
3.5135901433178085,1
1.1865584470938995,0
1.4685714864020227,0
1.8575905620621014,0
3.2820616857142237,0
8.919699127756054,1
3.6826023823008045,0
7.243627065632184,1
0.827475038898714,0
5.910987992719926,1
4.818912312704395,0
9.779579469545045,1
8.46207769878963,1
4.548297724386497,0
7.751427640453388,1
1.9303874129377752,0
5.62336327391778,1
0.7461905556870818,0
3.4808903225168306,0
2.2586218162217033,0
7.189098153252109,1
4.900906912143615,1
7.510704788480105,1
5.152954376314456,1
0.8648444215163853,1
7.353676497325267,1
8.332292639878055,1
9.035312259127926,1
5.719919453067082,1
7.535853589994951,1
7.520443368826271,1
1.5574975979894434,0
1.6422068745957075,0
0.7088550580912611,0
3.1991363514030144,1
4.735085877410645,0
9.97897852754217,1
4.309933420681695,0
7.262425885073709,1
6.933970262725346,1
2.0448195025057956,0
0.5850715144943641,0
5.460067515335875,1
7.00305592314476,1
9.98251790186256,1
3.5861105228117074,1
8.963645620810967,1
3.8193245586918643,1
6.894117084305128,0
5.9825293051705195,1
0.5297879330259692,0
0.783884269702585,0
0.20764089724460977,0
3.7083408459398948,0
7.458010487660108,1
1.727553939907227,0
6.058529683838958,1
2.888277800310779,1
7.969926239790722,1
7.983961490029909,1
7.754145149664236,1
5.2483351380137675,1
2.845667100798517,0
8.094440438786346,1
1.8610056193924152,1
2.89759602028656,0
1.8394770616062162,1
6.742101603876477,1
6.862360281158181,1
6.52509992786753,1
4.156014668646678,1
1.0017100720143324,0
9.111695845150212,1
5.077309640122381,1
4.069721949110915,1
5.888248932482933,1
1.9279043581910582,0
1.325487791048744,0
4.055252214579435,1
2.272206940999105,0
2.4429029453716455,0
8.925114877785294,1
5.307591771858249,1
4.834690643233511,1
6.8947959372859735,1
9.515481136767397,1
1.1219856447056409,0
8.335345671092572,1
5.840191798678459,1
1.4616535381183726,0
2.9714931868899166,1
4.823614164647395,0
6.91177144577423,1
2.426070169534522,0
5.348788154675899,1
6.846716274158617,1
4.487407508475062,1
8.630259611201758,1
8.694591028404044,1
4.706912176404457,1
9.729257104088996,1
0.7558509240544731,0
0.03362378322936621,0
3.8066826380391907,1
6.0109706137250924,1
6.2920015744966085,0
4.764457362938286,1
1.2488331324064617,1
1.7049752178789424,1
8.521479838520092,1
8.679111317392612,1
6.738985378607202,1
6.642179722788823,1
5.976821280278076,1
2.029258857019882,0
4.282507002599032,0
6.958946514633787,1
5.372522720033387,1
0.1858033405509918,0
9.535568067200984,1
8.448160525721434,1
2.6054501410973785,0
6.164589351662961,1
9.232393837281878,1
0.9601101211365137,0
5.030294807967007,1
4.562430258462945,1
4.102050052835323,1
8.35588608892925,1
3.8064614669745733,0
0.6366333324100759,0
0.6583774216430249,0
0.42744606524608986,0
4.091454218740372,0
7.1840627769836,1
2.037224619305155,0
6.4646852043154945,1
6.870884721037042,1
2.5520212401559794,0
6.0055765606062925,1
6.848683400268474,1
4.666136228021257,1
3.367165972800951,1
6.191515515743273,1
9.778470873280568,1
4.268414093689781,1
3.91735096285121,0
4.642669024261133,1
0.7621839344504822,0
5.5316327967139,1
3.286973872172636,1
1.2142212233126248,0
4.662567411173733,1
0.033839865739774266,0
4.017852451627589,0
1.057352679264505,0
0.2429270339978029,1
8.24475046244502,1
9.162488032826348,1
2.0767464835910667,0
5.3929826383426125,1
2.7795815713098495,0
4.935774386721822,1
4.366313208941603,1
2.6905105508048566,0
7.003935796352977,0
1.2649095932025423,0
0.5307278217136713,0
7.676754330372791,1
6.659300312206798,1
4.98526124146398,1
4.6778977047254156,0
4.974113794914262,0
4.370240760986729,0
3.9289229583117913,1
4.996906028861203,1
5.285151711597605,1
6.9190231408362095,1
7.1120716073402255,1
3.776290801401446,1
4.135405227434887,1
3.7369716973622302,0
5.365357736257104,1
4.533535379141953,0
8.895964631361936,1
6.963612669164726,1
8.986563837544455,1
7.091369915594256,1
9.70992148523814,1
6.357367782552691,1
9.635501381630547,1
1.5816989040942608,0
0.5247768082940385,0
5.7912518520385925,1
9.834932057997749,1
4.176052473023968,1
2.120433621929596,0
5.21541449193514,1
6.4879862457888855,1
3.1517869551588893,0
7.147693584992595,1
9.751145070457257,1
8.96963121710617,1
2.915853735121953,0
3.267236831445983,1
3.715412244495886,0
3.9455277839364533,1
1.0031949919327943,0
7.619628388892893,1
3.6533926361070046,1
8.798199767054522,1
9.269406231201087,1
0.2443130930768811,0
9.885030699282062,1
7.100227315001845,1
5.203922259929623,1
3.895276083725533,0
5.185181326097129,1
3.246247239784444,0
6.226878136965483,1
0.9298027644479123,0
6.211226029118102,1
2.753448501384441,0
0.17634829052346368,0
5.527057661628776,1
5.784477558526964,1
4.26569004711536,0
0.7228623255031685,0
8.933429528041914,1
6.114308072278889,1
1.1571329956896959,0
5.1093057659414765,1
4.972543159484715,1
0.6040186879292697,0
6.068597036029475,1
8.083263989215645,1
7.490080542484781,1
2.0296941416418335,0
8.622925295542114,1
3.4254216565935094,1
9.465083782919413,1
0.7174796422571372,0
4.862086885198426,0
5.971243771775492,1
2.476500984746047,0
7.713801887202277,1
6.268956798107171,1
0.18109437287955554,0
6.083685906962359,1
4.914782344184464,1
1.9602920170350768,1
9.957482270595296,1
8.97162194827615,1
2.925076950290635,0
5.410709207986163,0
3.1650213991029075,1
7.754957516360781,1
9.30331433196455,1
3.5882860691438356,0
8.055842491436275,1
4.984075427132049,0
3.965785613115773,0
9.384218520987698,1
5.104046887190314,1
4.674105002574649,1
6.72434401962343,1
2.6123420101828443,0
3.2479287078831574,0
9.320458362386226,1
6.785298454369424,1
8.266371477710056,1
2.7111176193542965,0
5.437901899298721,1
9.713962669894983,1
3.187038990282176,0
1.6047647631704187,0
5.10886008224664,0
3.8782108872487617,0
1.5957723278671354,0
8.88551382703368,1
9.907239105537778,1
5.685821806899978,1
7.74676768373454,1
8.590383695462995,1
7.009820060218269,1
0.4415604911173121,0
1.5763423171681779,0
0.7098919115138647,0
0.0987960664205656,0
3.0599640875723653,0
3.9235596048155976,1
2.4102973233592575,0
0.6460464808632094,0
5.298630908366776,1
2.7331931995714163,0
7.960371548635623,1
0.08052621625281198,0
8.425270512876104,1
9.54753678945957,1
7.161350631535695,1
7.336440652625665,1
9.335623116027332,1
2.0907128530034913,0
9.945655682085766,1
7.734812033785419,1
7.2657070832779365,1
3.6109057899529273,1
5.4577748540561055,1
6.53917788273347,1
6.203428613172159,1
7.049846384775807,1
0.8238173907841062,0
3.5564843283169676,0
4.340000165954772,0
2.6062929787496647,0
1.7262727026922375,1
1.389274799128628,0
3.663833922565851,1
4.934417005625659,0
0.6297644014666071,0
9.464580945905496,1
7.652433228607584,1
7.308517731854666,1
1.7286052498872695,0
6.03800768012189,1
5.297249468086674,1
9.824688457866937,1
7.476717700801579,1
5.757618837162312,1
8.508126664701223,1
1.5509427086070948,0
0.15216529690977199,0
6.902333334145232,1
0.9831146023723747,0
1.154336399835092,0
7.446807264245305,1
2.7053484413398907,0
6.286312155688929,1
9.174069260927485,1
3.1647453163785833,1
2.171441578399188,1
1.0656288374105172,0
1.3046236141972611,0
0.6222269537884273,0
0.8764237882974013,0
4.320045888091539,0
3.2086504502396975,0
7.06560814322998,1
8.702416582470018,1
7.847732031423843,1
5.306372566656522,1
1.0244211623265342,0
7.0976728394155355,1
3.6282872472687355,0
0.8565039391541018,0
8.424664072126257,1
3.3821651718250556,1
2.1824883251157132,0
8.714520646188431,1
9.021338684470049,1
3.3897083719155985,0
3.548014192813734,1
5.7962852758314405,1
7.3344149381065815,1
0.6314920190686346,0
5.933436571884717,1
9.528200617835816,1
2.6209389717995366,0
9.088272140969337,1
9.501683407630937,1
2.6915364097108974,0
7.542018658853506,1
2.3877500831956002,1
7.376111617321327,1
7.974199712888259,1
2.4720570371064943,0
7.15869543583235,1
8.121045388640898,1
3.5857887210691173,0
1.6770277598972694,0
0.9196456731751357,0
5.753817036099419,1
9.780981193157132,1
8.229503200222162,1
4.358396389345528,1
5.366209028549585,1
2.795278854118189,0
1.6306586736006357,0
4.820811582322733,0
4.635015661671852,1
5.219299528037602,1
9.528045855639407,1
6.038953001447722,1
6.057718366223738,1
1.2802476286107678,0
9.964888661768205,1
7.728449442346685,1
8.772033440940048,1
4.143004118309941,1
5.0212809578562485,0
5.220838091622765,1
1.9409453928960518,0
6.894891563269572,1
9.029767236174566,1
1.63705818138419,0
0.863182734861645,0
7.382189055403422,1
2.7320183167298207,0
6.238625416173294,1
6.9575833799218065,1
3.219107635818218,1
8.151445974257843,1
5.499889821142169,1
8.689994079518028,1
7.632935525589475,1
8.685756320374537,1
0.2016138211789409,0
2.435062607385947,0
0.9000794044593863,1
4.420830171893492,1
8.899601216153183,1
4.675402622668692,1
8.497130445803942,1
3.271782380193179,0
3.395700728052524,0
8.955617303268776,1
4.258171465117016,1
7.897654877946664,1
2.3664354788190134,1
9.488008296776355,1
5.745782465305711,1
7.593235685784019,1
0.895156997948855,0
4.926642258305288,1
9.010384977340232,1
8.770386290433045,1
0.46813957234227543,0
3.036984691289467,0
4.433200064790801,1
1.7226481435578822,0
