Square_Feet,Price
1660,207615
4572,634568
3892,576941
1266,135825
4244,545590
3971,537062
3719,480325
930,114104
2485,375055
1569,208762
3191,381270
3233,468020
1984,299278
4185,615660
4917,608556
3704,460828
1274,145743
1882,251830
3358,491874
2847,394203
3547,554328
1775,179087
2606,344259
989,140907
3534,427142
3805,430068
2699,301997
2067,271946
2328,259613
4002,608686
4356,599926
4690,595577
1446,186234
3688,539292
3235,485617
1400,162387
3163,376405
2861,356595
1041,125576
2841,292420
3624,426823
3412,407538
2163,242251
2278,311184
3356,429946
1575,219333
4814,554709
834,116350
3952,522338
2755,335484
2385,367443
4743,624608
3873,472900
1821,244406
4261,493435
3413,434640
4643,744905
2300,237949
961,117315
2781,355373
1795,223484
4142,507354
4598,714522
2075,252480
1816,246889
1137,137362
1678,228187
1876,270209
4793,617742
1179,143157
1292,165566
2862,395030
4684,669797
864,115651
3368,433824
2827,421738
3495,421500
2295,284158
1191,186874
4361,560601
3078,430568
3899,455000
1000,145014
3904,440139
3254,363231
4445,637355
1604,199824
3531,446192
3573,487567
2370,297787
3490,398851
4640,563673
1828,210910
1302,191941
1670,247302
1006,118093
2284,311838
1663,209390
3590,545289
1363,225633
4991,703614
2557,312705
2478,279063
4042,540298
1859,237322
2522,273292
4114,539717
3957,639789
3425,486643
3529,397270
2397,310947
3860,523423
3493,479890
4427,466854
2163,277383
2781,372418
2463,313297
2329,235380
2838,362484
4102,581508
3037,368753
2106,258934
4829,729020
3475,441333
2082,274154
1509,153968
4548,519413
1463,238242
2798,433221
4245,581960
4543,434752
2295,252507
4104,449892
4563,499208
2653,329528
2091,296317
4381,528004
4257,533587
2436,305454
4496,645393
3799,544769
3952,523363
1498,223466
2960,367801
4897,764930
1654,199983
4274,429444
2507,278417
3577,392479
2533,301166
4310,633264
1002,123509
4055,444732
1566,169373
3127,403811
3731,570362
997,132915
2730,393551
4382,596072
1408,150800
4072,566090
1947,219844
4197,519371
3311,394538
2594,333188
1459,184228
3611,448812
2169,272994
2786,373368
946,119064
4019,512064
3711,593324
2534,368933
2643,323827
1288,169501
3776,492489
2759,361979
3185,413050
3719,488334
2602,328433
4861,587120
4169,517715
1062,110405
1423,199826
1816,249212
4443,711653
2849,319279
4523,560608
3908,576448
4890,662024
2856,441175
3970,604011
2482,232194
3055,408944
1954,261718
3991,517463
2496,308213
4791,735089
2448,317247
2245,186213
4999,616684
4723,760722
1053,119246
3983,590531
3357,488903
898,113293
3000,398509
3761,484999
4577,558806
3669,440177
4034,610384
4591,584882
1756,207945
4867,672802
960,130941
2100,226001
4787,576053
2327,243213
2018,339532
3904,486278
3535,423663
1754,214860
4246,503945
1845,234784
2493,370276
4236,556865
1362,148711
3285,370482
4154,550899
1025,120449
1759,223635
3867,656173
1615,185586
3920,424563
816,97019
2043,210454
3005,448621
3324,374317
1869,215664
4244,466833
3365,352063
1860,240269
3127,371276
4220,434362
1101,136982
1406,190491
3970,489779
1499,208344
1939,301471
990,140795
3100,413037
1780,253085
3775,616860
1984,215028
4127,575678
4194,482501
927,123871
2865,315633
2616,369741
1369,183718
2695,410967
3533,444913
4663,584989
4814,604654
3701,617760
2486,346803
3809,571997
954,134385
3337,477956
2209,238291
4857,590622
1584,191157
3975,520272
3606,463181
1337,141568
2641,345031
3255,324889
1324,187540
3750,493347
4931,733142
4915,654642
3168,389867
4647,494238
3501,434411
1771,209304
1966,266537
3574,442044
2782,386903
1653,248458
4946,538069
4536,589502
4569,590697
1374,185096
4061,569757
1948,299634
2515,285095
4654,495272
3291,437135
3460,473129
3924,552518
3851,456665
804,85491
1676,248524
1791,246597
4942,614387
1435,140354
2493,299069
2482,348549
919,125463
1630,178200
4475,623308
2169,279100
1540,229469
916,109490
3638,439271
1950,256866
2731,337920
1812,211818
2464,388379
1881,284622
1312,151668
3649,486429
1359,145440
4472,695478
4143,585829
4870,706417
2270,286534
1380,203716
3094,456860
3947,503361
2479,279544
4306,587890
3544,453993
4156,655767
4845,633529
2043,268852
3918,556766
2941,382474
3859,541862
3759,458276
3065,347024
3279,381385
2435,304236
2557,336959
2870,394583
3649,499309
4051,527242
4530,516187
3289,462046
2431,261283
3616,406750
1815,237180
2148,304901
3887,541885
3639,467593
1135,155121
1695,193260
4346,528356
1651,201092
2487,286942
2731,340311
4546,576740
3227,397132
2368,298720
4800,417972
3538,480408
4298,532590
4713,583948
1866,203721
3244,497191
4907,755555
4173,438046
4769,603121
3346,481545
1553,193537
2882,348456
3574,428643
3696,497816
4985,843616
1575,224309
2425,274926
3869,466472
1217,153322
914,107040
1416,161869
4774,674322
4067,498028
1625,220312
2316,363001
3946,481944
1212,162552
1528,175178
4148,565093
3608,539398
1475,219371
4265,557156
3304,403800
3767,503090
3586,468929
1922,263154
4879,587835
2371,293998
2943,372952
2487,348172
4932,700283
4651,574522
4240,477997
4566,618417
3126,440699
3714,475346
4752,566893
1395,171348
1528,236213
2165,288650
1498,217510
1195,140954
4971,736471
3302,473573
2619,336446
1517,211066
3582,535183
4377,496262
943,115153
3940,543170
3738,487075
4436,604047
4022,564376
1967,270421
3416,431124
1862,236922
2956,453243
3782,496550
4094,615450
1956,296084
1532,181213
1753,247230
3339,379967
4124,636157
4101,544729
2342,309378
1991,232993
3793,458566
3481,464340
2017,264962
2340,290682
4036,577854
3186,414062
4519,518962
2188,308082
2656,299094
2165,218986
1299,170743
2480,284058
1310,173799
2124,302129
1955,283020
2627,361119
3941,433939
4286,510881
2610,339512
3723,484832
3014,349236
4986,613594
1513,215081
4402,605522
4934,618591
4322,628612
2043,224939
4509,641779
1881,263845
1255,177206
1694,227753
2184,262519
2758,383030
3872,479220
2796,372087
1304,155282
2014,251400
2331,298021
4240,576622
1623,224798
1728,268592
933,123363
2905,336352
4427,628631
2652,358191
4975,632543
3733,462865
4084,493046
3611,434143
2050,228970
4312,623009
2056,280689
4176,548709
4286,517272
4384,641556
2196,238684
4437,568091
4130,597743
3503,350687
1270,168453
2153,258570
3583,472301
3631,451635
1157,160713
3819,567076
1467,246015
1945,249541
4985,703231
4519,610662
3545,482975
1339,203711
3579,428539
4936,615152
4575,582708
3308,381171
3579,465190
1724,241135
3756,534949
2381,302964
4124,606766
1055,104332
2638,434955
2744,380068
809,99946
3671,502675
1597,203949
1815,179071
2624,342966
3936,565495
2993,432359
1023,136852
4958,715769
4725,645111
4800,640025
2433,291145
2952,368385
1310,165262
1184,158990
1204,171024
2800,338194
3556,388043
2468,374139
2260,260963
4436,609290
3524,471503
4978,621428
2848,396190
4946,553385
1516,234162
2623,444659
2881,427723
4219,497203
2374,225802
1049,143881
1473,162912
2965,367074
1570,239962
4762,735039
2784,434234
1877,246780
1035,148469
1188,118952
3837,412526
2648,332792
3614,515426
4174,515922
4078,579238
2052,231253
4781,628847
2922,403961
2950,417015
2129,262349
2158,281467
3282,350809
2817,361769
2131,311605
2158,272030
3977,472392
2928,414960
2980,489548
937,152355
4272,572111
3632,514137
4379,676903
3831,511896
4964,679669
3393,424652
4618,764369
4938,695178
4623,582456
4842,587673
2706,276395
1560,165815
4245,505612
1699,244528
3747,505439
2519,280057
1080,125390
4066,545754
2687,416759
4066,461371
1466,200672
4988,615112
1471,182041
2769,311231
4956,690853
3922,481251
4700,586217
1323,191523
3193,464733
3917,466329
3393,456202
2768,397468
2553,324864
3096,433613
3061,383303
3086,385156
3678,426711
4943,769525
4444,545432
2855,336838
2076,237326
3566,468100
1102,126449
1438,171570
855,121396
1325,181168
4923,540645
2925,412051
4087,533320
1164,171174
2446,370006
1718,181884
3597,508865
2331,360191
4145,551884
2706,379714
3886,518293
2875,415987
1513,205393
1862,185575
2776,355833
2096,266638
925,130153
4396,649081
4083,516846
2403,268239
866,116557
1032,122148
2956,357407
1969,326325
2958,354469
2293,244266
4807,668430
3272,460062
3460,495398
3539,504653
2561,338523
4314,570921
2775,399859
3162,487355
1676,186185
4612,557478
4248,592251
2112,282634
2260,233099
3509,425996
3124,420303
2533,329768
2405,299701
3363,555436
4221,547154
4317,576171
3197,421986
4535,603948
3670,479176
1960,193578
1042,119983
3390,424689
1863,264901
3395,426109
1719,202032
805,116052
1267,190387
4970,531835
803,105557
1445,129974
917,114926
3728,590017
3351,440251
1646,179881
3562,390584
1941,225176
2610,313003
1523,154749
1024,138177
2848,393474
2373,296024
2628,422282
2717,335706
2826,418366
4544,496134
1701,228783
2839,388235
809,96546
1060,140458
2473,294753
3019,378344
2860,359663
4513,491549
2419,333443
1120,155545
2142,266464
3176,424410
3632,422051
3624,403043
2794,346458
3758,527492
2838,365728
4290,529483
4477,604550
1918,222990
2404,268301
4827,601971
1035,121352
2769,310562
2708,388758
1175,191577
4330,461927
3435,425121
2370,314302
3360,350081
4191,530826
3765,480972
4443,609576
4650,550601
1672,203201
2052,296661
2114,288119
3698,521120
877,90935
3421,410434
1400,213841
1865,240101
2936,376143
3249,418361
3143,482607
2663,316382
2118,296672
4397,589018
4562,499570
2990,375307
1792,210547
3512,389485
2992,442655
2048,228763
3854,544337
4833,565827
2797,420560
4487,555054
2951,398487
4818,585414
3910,381204
2770,290813
997,101224
3426,458424
2002,259399
2835,393838
1277,153000
2054,200122
1722,257488
1219,176571
3004,407368
3397,498214
1920,246674
3868,518225
1750,209029
3136,357314
3043,323622
3445,408951
2657,451502
2665,285677
3712,430351
3653,481085
4028,668494
4519,516316
4028,485658
3171,444170
3691,513876
4556,544816
894,105036
3474,474960
2755,345594
1593,213959
2634,335729
2916,394447
4906,671249
4125,415731
3719,457640
3397,458613
4005,569345
1614,201782
1145,117169
3149,468371
1162,165974
3243,426720
3065,377094
2988,415346
3805,468683
4081,584154
1784,280001
2439,299230
1627,230556
3530,424210
4331,629772
3735,471738
4676,709430
926,116523
3977,463456
3856,481941
1403,177695
4249,567433
4946,618581
4333,579245
4167,558156
4168,515116
4597,620255
2592,314166
3661,585749
4276,575065
4217,586942
2445,310685
2005,238978
3830,545928
3672,495530
3872,351581
2654,421680
4821,680085
3508,435988
4302,598341
2132,290644
1001,137566
4307,503669
1374,180086
1336,179733
2425,360060
2922,384357
1185,161714
4081,474807
1274,166905
1217,174038
4400,526844
1754,217809
2005,231660
4920,539570
2790,326677
4372,605237
4958,626236
3513,411507
3003,488547
3920,468335
1766,246124
4232,571297
1488,198979
4501,461518
1141,170068
2524,340215
2592,372689
2559,376378
4012,624688
1789,205779
3062,365046
3282,398007
1751,204876
1522,228033
4189,481534
2879,357891
3517,371140
3132,441551
4176,534884
2300,329474
1085,152458
4295,452600
2865,380397
1568,178186
3857,509574
2961,358899
4093,644664
1746,296735
4135,522367
4950,650847
2281,218346
2701,284511
4251,577256
4864,629958
854,116416
2623,309591
4262,573409
3879,357091
1632,197246
3606,494016
3290,511425
1127,144532
4110,570662
4100,491833
4475,611525
3854,472466
2943,468880
2111,264016
3991,508662
3338,472701
4783,657837
964,120035
1622,220831
1743,199012
1574,209963
2998,414440
3956,489198
4495,559408
4252,512609
1714,185903
2108,287168
4977,611534
1313,181649
2720,346157
4394,611741
2209,230390
3990,450109
2355,276409
1604,237321
2079,282841
4377,551709
3701,454616
2187,303865
3561,431461
3479,490657
2906,368436
3568,533042
4753,550542
3986,510528
4080,474160
3373,520868
3399,442933
4833,555262
1036,120661
2104,289743
4230,434515
2101,267513
3341,391610
2851,363802
1241,163214
2876,369632
3980,501510
3457,457996
4598,718430
1604,239169
874,109192
2975,419103
4724,662022
2889,359143
840,108799
2881,397758
2422,288326
1141,144212
4852,616372
2874,361994
1445,181151
1409,192515
1254,163518
3753,523881
2508,420847
4272,521075
3769,502277
3828,526842
3481,509545
4429,604633
3867,439319
2186,262459
4576,604932
3666,438589
4163,448994
4924,580560
948,111850
4650,534096
2858,479861
1936,260836
986,129889
3654,525418
2050,321797
2133,289661
4993,725299
4950,606225
3511,408699
2585,371303
1550,222193
2562,363658
4720,622491
1281,151551
953,117020
2324,342385
2920,353720
3143,417370
2040,241610
860,109333
1738,197770
2439,314340
4920,604357
4369,456131
2052,286915
971,135104
2258,295441
4349,492035
4997,566384
3122,515000
2436,220869
3915,444902
4890,793372
3804,635037
1129,175544
4440,612621
4694,565409
4907,514059
2141,291373
4463,529107
1015,154050
1138,116300
4862,646677
3508,504910
3952,573790
2550,363386
3221,435179
1509,199060
4526,650022
4442,600155
4793,649894
1288,168104
846,105093
4159,456454
1200,134806
4790,595166
3957,507257
1190,137426
4653,532135
1428,177830
3730,535370
2321,227917
1626,188494
2300,304575
4094,611235
3219,522805
1734,216519
3842,478899
2266,289899
4361,581786
1414,182867
1982,261125
4023,442347
3467,364278
930,130878
3783,480850
838,119417
4759,634644
4387,476008
1720,263673
3569,465648
4911,583383
1292,157607
1931,215943
4321,583294
1110,142448
1538,246509
4041,556846
1345,214353
3261,376910
2604,325598
4012,575127
4610,640023
1613,209311
4924,560611
2832,275626
1044,132275
1071,136382
4311,568710
2571,278479
2062,240863
3224,438070
1720,238694
4230,562650
3424,427320
4560,511604
2850,411278
4300,605889
1965,238527
1175,167435
2833,365354
945,113178
1231,177142
1504,197779
3432,424121
1763,195279
3034,340276
2841,405425
2628,359493
2908,327020
4868,546047
1738,280753
1606,219972
2263,335247
4215,642297
810,94022
2668,416585
1684,191694
4364,615053
2189,280761
4201,591720
1624,205987
3065,423691
1736,261143
3600,528461
3353,432776
4645,537409
2596,325893
853,116573
1526,213304
3536,516433
3970,472565
2713,314748
2396,274829
2714,344797
3266,435074
3537,479438
1649,179385
2909,336569
802,95808
4869,761336
1692,210287
2830,305212
3960,537460
3176,407705
2733,307124
2180,267911
4481,559584
2090,267839
2440,351236
3482,481936
1787,235661
2018,292189
2155,266903
4935,587872
2360,317729
2218,296043
1754,189188
1783,271726
1774,203511
4933,680468
4772,659926
1713,143379
836,111529
4187,647147
2511,299683
3820,387851
1595,204546
4836,662487
3911,503312
2124,245842
1117,127947
3196,337713
2962,301755
3545,442608
2391,326037
3911,517767
4730,632700
2796,389978
2112,316004
2085,271914
3183,430249
4039,546359
2939,388564
2504,326242
1162,152808
3404,522251
2516,381140
4538,473736
3269,435689
1356,176422
1625,241966
3608,467103
3519,470744
4308,518042
4541,645737
2374,264324
4798,601764
2929,334452
3203,401932
4129,502770
1388,197864
2812,356326
2347,357629
1094,138266
2785,316817
3917,494949
2490,341509
1936,300657
2864,344617
1807,279869
3314,421379
4326,533490
2047,289926
4702,711649
2235,309227
1371,149132
3182,429555
2045,332557
2884,276385
1077,146042
2687,337840
2065,239462
1840,267721
1717,178453
1685,210198
3552,515100
821,117650
3991,554537
3153,418061
1486,190416
1084,133274
4547,524861
1562,222114
3228,429854
3307,471723
828,97936
1706,201229
3904,536602
4799,459925
3794,349304
3306,480021
4409,526400
4353,578494
2253,305720
4156,604810
1315,162271
838,104096
4142,500224
1686,234887
3644,510095
3004,448117
1898,211252
2623,428877
4001,501378
3955,511281
3893,515633
4330,503744
4578,566874
3696,561455
4253,647063
4311,573693
1788,260434
4916,669375
4826,623242
4979,590975
2482,290588
4763,565056
1733,267268
4398,629347
4033,611462
2780,378066
2655,310084
3856,536176
1592,237281
1591,222097
2609,287637
3055,329592
4410,615397
2407,301626
1784,240279
4476,533304
4180,551346
1319,149700
1390,185852
1850,260711
4433,628405
1759,194193
1492,204455
4699,569453
3746,572781
1326,191396
4024,524680
3053,496815
4144,493486
4765,615376
2675,369470
2563,411405
1320,200579
1816,257919
916,107024
3233,377668
1383,194215
1194,132788
4588,618487
3568,506882
4967,535613
4660,651085
1073,153909
2813,350361
2189,279425
4366,450507
965,123862
2367,253542
1528,182826
2843,352436
4997,562973
4296,478124
1578,176786
1013,150238
4562,588266
2376,354012
3248,402515
3736,464194
3917,484324
1391,118611
3520,484345
1513,194263
1735,226887
801,79005
3648,472673
4844,597854
2749,362550
1717,221254
3974,487685
3041,421016
889,129234
2509,310822
2969,321467
3841,419675
905,123389
1686,251951
1227,126130
2695,309202
1116,139513
1434,142534
2725,350298
2856,386836
3944,541104
3070,380689
2239,279098
1352,155048
1515,156697
4711,599179
2513,342082
4189,545576
1907,279633
1050,141939
3230,451853
2854,378199
1258,198622
1007,123511
1699,238168
4261,569768
4185,590379
821,110837
1209,156401
1694,229830
1314,180741
4909,684826
2934,445819
4395,584118
3756,426453
2360,312626
2066,254791
2969,364935
4438,555543
1549,180395
4227,397375
2727,414853
4604,564782
4502,469482
3156,418744
3135,436500
1106,140825
4465,494145
2789,303347
1461,239931
1111,120926
3720,392701
1882,235943
3771,536717
1554,240679
4930,625126
1152,145835
1702,188480
4688,685965
958,123538
2777,359466
1756,239696
2871,386228
1203,153858
3579,536186
2187,231701
4253,566369
1755,238868
2512,311021
2073,288658
4611,645292
3425,502266
3182,408335
2241,284030
3779,521834
2597,329917
4809,515427
2194,313602
2069,212042
4514,614017
1329,223374
4423,610366
3758,449413
3714,457674
4391,595241
2947,382165
4169,589262
1739,263895
1325,198373
801,90242
1174,152901
3140,431410
4805,733983
3852,521513
3165,378991
2325,317422
2446,384729
813,102611
3078,367759
3955,512223
929,111700
4614,657055
4016,483309
3738,558412
4728,649765
2840,398892
827,116061
2913,415912
2052,257237
2846,328226
4823,592542
4174,600619
4266,441542
3881,388123
4578,610560
1429,203866
1069,154684
3439,398023
2793,313672
3691,441842
4232,525225
2080,259938
3160,416543
1375,207741
2107,271990
3992,575106
3978,556203
3534,421769
3012,420615
3152,436917
4368,567803
2455,325551
2379,307207
3003,341199
2190,362412
2542,370706
2725,375799
1419,175844
2074,266764
1756,197421
2739,375377
4753,641858
3181,403674
1768,230633
2116,265604
1843,225929
1081,127940
3644,417922
1858,221977
3332,401916
4628,677252
1808,218262
2029,201861
1835,246578
1075,149805
3540,511641
3089,409269
2039,230199
925,109164
4865,676246
4668,709001
2008,226616
4049,539240
1718,209039
4723,555608
2769,361423
3593,459887
1691,168475
2833,376856
2164,291969
928,131042
1814,220236
2599,275968
2318,286691
4981,700273
1998,257466
4673,667022
3274,361732
4285,609247
4849,648484
4519,563412
1102,160952
4752,634868
1786,205813
2663,385410
3872,489321
3924,512294
2127,248966
3208,414553
4473,518013
4091,521263
4833,630514
1503,209047
1374,149629
4032,584821
3432,499405
4628,588520
4030,531701
1288,173362
2147,281794
4481,623089
3973,493412
2467,292581
2437,332461
4914,526350
4353,606310
1800,253509
1650,195138
2188,331112
4512,562793
2167,267497
1621,194839
1254,171448
2424,300890
3572,387358
4526,611572
3947,495864
4889,715206
2990,402548
1716,229930
4786,695011
3675,486570
2240,317481
1535,184587
4368,675688
4138,555036
3815,427180
3689,487198
1761,233860
3789,499662
4648,443892
1826,222367
4665,509685
3663,401005
3301,437370
2747,334000
1977,246223
811,94543
4164,627471
3822,499146
4171,446931
3630,506968
842,105133
1743,257798
3190,414311
3345,399933
3211,391322
1804,223631
820,112624
1206,142577
1814,269660
2638,357524
3988,531863
1514,198478
4946,641488
4654,516394
940,126324
1763,280116
1172,164522
4435,605718
3341,357405
4410,645147
2492,353957
905,133497
2481,288892
4897,607237
4816,518748
3436,365759
2937,356393
4216,577661
4330,535853
2086,250242
3979,537529
4454,362411
3159,384967
1244,168032
835,103497
2275,340085
4757,571223
2598,314663
2645,304728
2208,261945
2508,336461
3738,531250
2100,340879
2043,283284
4776,536499
3897,579190
809,111081
3225,420638
2460,359183
3431,567896
1872,238053
4025,472959
2116,317212
4945,839881
4483,592532
4073,531378
945,125289
3840,525081
2262,246270
2384,320858
1282,171918
3979,530157
2049,271502
1430,187965
1461,143879
4303,512850
3652,521643
3266,478001
1787,220975
2346,271319
1449,203953
1768,237075
3437,440516
1900,271562
1240,139275
1569,231293
2143,230307
4529,532707
4706,538303
2377,288242
4808,647114
4151,581872
3149,405518
4402,487899
2041,204084
1925,274688
3401,478992
1990,290665
4931,631233
872,122099
2714,326784
3272,448947
3846,472307
1507,177503
2604,347581
4513,598859
3364,483319
3275,362645
4410,634628
3623,478048
2535,370159
2385,347886
866,80968
3861,562661
3228,472566
4953,550403
1141,121598
3574,506152
3617,476373
3461,416578
2032,308014
4674,628831
3201,315974
2294,263204
1461,212772
4683,611304
4419,526762
2668,364948
3134,378851
4174,464539
1816,263775
1007,148545
3465,475456
3293,352288
1432,225901
2902,456312
3759,560450
3883,522482
2731,358760
4519,617111
3362,379489
2479,302004
1036,125569
2340,325511
4743,634167
1163,134472
3168,336159
1085,146837
948,108121
4837,537736
2566,414273
1812,298337
3631,447572
3307,339459
2323,344182
3585,484123
3356,475042
4525,545166
2401,274735
3208,405518
1140,151180
3617,430525
3296,492586
2525,262445
2489,338849
4067,536412
1061,157327
2242,259199
1205,169407
2990,410098
1043,139409
4907,572654
1360,161028
4937,619866
3525,431671
1393,207420
2626,346719
4029,571801
4087,442346
4873,498851
933,118801
3938,436434
4719,616292
872,102332
3778,508491
2785,329346
1592,220357
894,104405
1933,197234
1037,148073
3746,443785
3330,501456
2760,332241
1848,217435
3329,418587
3764,457680
1763,232526
1336,181747
4479,619509
4987,641897
4524,486278
1342,209152
1645,204737
4403,544553
3836,493565
3294,415308
3519,365146
2684,372068
4938,581171
4001,500696
3510,548929
2753,396892
4650,716950
1489,178448
2750,387613
1256,170877
2930,378499
4776,567107
1979,289466
4365,533788
1682,222098
1199,172292
1408,162411
2438,277128
2948,494502
2182,255510
2203,339815
1619,209182
4092,505819
1619,202537
1219,157332
4102,615581
2308,326216
1567,198736
2844,290123
2939,382978
3829,505399
2349,349713
2564,276778
3445,422347
4516,551511
3093,399497
3508,460830
1700,232179
3884,394525
2809,372458
1041,139165
3185,417640
1471,187310
963,75790
1264,175092
3842,443374
3242,451304
3155,469313
3357,352009
1345,186617
4635,516646
1393,180204
4604,589822
2259,319301
4293,597237
3401,455501
3244,341754
3472,320388
816,117246
3991,563517
1192,137125
1224,165497
1371,173926
4431,648243
1920,252007
1041,149389
4697,567381
4895,657277
3079,381210
1588,191708
1514,143908
3649,524916
1575,246086
4826,526903
3047,427810
878,122725
4726,577900
1655,196841
2948,435441
1831,267557
4071,556800
4376,534749
4982,729075
4256,499872
4306,651538
1207,186461
3511,518652
3888,525432
2468,226535
947,120485
4697,734954
2750,396153
1165,159057
2474,296353
3346,486394
1362,144924
4362,555882
3289,513406
1572,185392
2837,394734
4223,437684
3367,404770
2373,314877
4494,608057
4091,658698
2046,250510
4519,627763
4639,642481
1159,140432
3176,458421
3809,533346
3793,477530
1762,234205
4432,512367
2627,306613
2413,312909
2440,344557
3016,376992
1177,142126
1169,147924
2996,426718
4547,498908
1451,207377
1569,216019
3221,353187
1580,199824
2516,351085
4783,484724
2111,241646
4159,445663
1322,160398
1321,192292
3120,442958
1735,212396
3030,440665
4840,677362
4497,670623
3637,467979
4883,674274
3261,588862
4043,506815
4159,536616
1485,189510
2960,380781
4788,662522
4866,636821
2367,259251
838,109166
3344,408320
2056,213972
3790,557795
2996,365578
4268,579383
3508,290077
1101,151369
1446,181182
2559,272987
1397,170044
1461,174889
2168,306251
3381,444115
4668,500235
4337,592336
1082,107051
4478,506568
2286,297682
4882,588942
4983,736864
1260,167000
3125,435591
4554,637564
3268,403117
2524,287783
2176,281249
3543,506678
1314,166232
1502,208574
2453,317887
2866,305809
822,88758
3260,500204
2104,236672
4100,493788
1161,166909
4527,507530
2084,249553
1314,166648
1248,155832
2655,306498
4362,554398
3320,465418
3881,497375
2228,267633
4767,687360
1722,267937
3937,568215
2959,334813
3347,380048
3779,516041
3081,408434
3449,385006
1113,149472
3413,448751
3883,590871
3056,377316
1837,277017
4289,649595
3434,411753
4783,647190
2578,326962
4695,592573
1924,257226
1497,176872
2979,315984
2204,268933
1843,272235
2729,346447
1813,235057
1026,145578
2628,278679
2823,385584
3252,504215
2885,379011
1880,190171
3120,402024
3990,555221
3430,451666
3363,450933
4092,556058
4386,508847
3747,441738
4759,592282
3613,490970
3383,379449
961,154572
1393,130452
4059,423756
4955,685301
3762,515443
4688,604350
4190,587199
1463,202648
1932,251162
1341,179725
3774,312820
1667,213380
2866,370529
1231,195350
2006,235935
3328,430849
1969,298017
1630,225594
2451,319555
1936,279625
3610,426374
1275,198746
3610,504091
2126,224528
1819,219956
2636,257371
3248,461009
2083,288396
1459,179596
2810,415895
1198,154238
2533,428965
2925,327624
2971,414826
874,108410
4271,511855
1636,208433
1299,176021
937,122629
2897,406058
4496,625414
2685,407506
3557,398319
4720,503341
2700,348255
3410,402707
4786,684920
2249,256346
1346,163883
2803,350416
2896,453174
1503,242906
3203,361551
2425,235380
4131,501463
3778,489047
3639,470803
4184,538635
3459,492003
2661,329852
3656,486980
1485,207410
2419,322431
2231,312642
1675,174838
3261,429530
2165,288912
2043,260515
962,116435
2774,379809
4091,539374
1069,138126
1431,178981
1705,214252
4271,506195
4053,497975
2814,326173
2441,303153
1004,136006
1381,196510
1640,211940
2519,324490
3443,455024
3097,448291
1674,211970
1489,203909
4800,650681
3941,475467
2222,312413
1471,145507
1971,287620
4526,507311
1743,222955
2249,320335
4537,560748
3339,445798
4759,679001
3161,498563
4452,577755
4470,593155
2553,333439
3152,399298
2738,300670
1170,132429
2731,354444
1224,165382
1694,252272
1397,177215
3862,590615
3136,351019
2487,331149
1372,172860
2890,318801
4469,467473
2433,300426
2317,288705
3457,403354
4448,629056
4388,543737
2337,269222
3937,497870
897,108116
4015,621139
4550,569984
3957,459937
1143,176795
1410,198634
2527,332539
3090,364792
2654,375535
3408,368230
2879,404208
3124,417840
1977,286370
1891,178875
3591,417241
2549,293145
3475,393477
1581,215609
3848,483195
2905,339681
4667,529491
2913,336691
4770,682046
2791,360037
1867,265992
2377,404018
1811,234944
3074,334280
2614,334447
3226,510309
3351,490255
4457,536219
807,101229
3355,475152
1275,174921
3011,426915
1284,162316
3085,419032
4325,542446
4139,624581
3622,387936
3724,399033
1058,126198
1082,129650
2698,288961
4935,515222
3776,551399
3067,391027
4000,505439
1412,184752
1487,228956
4490,591532
1412,181203
3107,374195
3813,529947
2581,333038
3391,524865
3496,446049
4758,690455
1374,163964
2710,322997
4404,451841
1469,208476
2083,269595
1723,240519
1925,299227
2329,273191
2394,275383
1046,123629
4511,444097
2360,299960
3200,458441
3043,397828
4664,496418
2739,341407
3869,510234
1026,148193
4347,617043
1064,132806
2195,273916
4357,605239
1445,174990
3790,541327
2699,324190
3304,506394
3572,476965
1954,196582
1387,193634
2621,350749
1785,245066
4879,799074
4148,522983
4631,494187
2041,304135
989,102170
1780,211471
2498,326317
2515,293044
3393,437844
4936,631625
1898,290464
3126,292824
4047,531412
1695,196940
2474,300744
3709,520006
1730,238342
1523,205821
3740,415637
1889,279180
1735,202758
3095,466713
955,114847
1870,272014
2758,362748
3301,346240
4630,577210
1654,257255
1439,204844
3038,375112
2402,359230
1241,166577
2136,330315
4500,579652
1748,219587
4173,604344
1259,168429
1192,164928
4738,554635
2587,381758
3057,442452
1938,291229
4608,505052
3254,366267
2266,269193
4474,565557
2177,239482
3397,474082
941,116143
3459,514836
1639,264671
4418,534972
4717,558920
1395,196986
2704,355453
1080,146388
1223,183377
2550,321108
2767,315476
4888,545221
4978,633899
3746,467208
2249,321546
3131,472427
3020,455501
4589,548311
3610,425804
2331,239623
3790,492872
1943,278375
1733,206919
2260,243622
3523,557646
3312,395527
1085,139221
1064,130875
3167,348366
4247,609564
2562,265847
3848,565137
3181,426319
3069,386601
840,106025
867,118617
1787,215079
4808,637787
3998,466476
3324,324870
1885,262495
3279,546142
2493,345257
3115,402734
1578,195752
2385,296982
2292,284321
1460,194157
2148,202350
2099,192261
4740,648279
2786,353858
2844,327667
4316,495482
1858,225996
1776,219735
1527,231111
3327,379108
3936,556783
1142,158571
2247,285051
3179,449748
4459,609211
1326,147394
2696,326485
2873,390201
1205,145841
2373,330229
4540,669367
2646,342902
2278,275437
3195,380862
1571,195644
1378,170164
3701,529096
993,120354
2807,357509
1985,281265
3194,399410
3798,468433
2592,370837
1910,281534
4805,627415
3061,474181
4536,600957
4593,657465
2736,435913
1529,184351
4251,519387
2940,417454
2444,311832
3600,417189
941,117401
2255,245295
2896,377549
2125,281448
2013,294449
1959,289358
1140,142775
4628,747949
2768,315253
1503,163825
3229,359606
2600,292320
1655,233969
2612,405467
3666,571340
4442,451889
982,140280
3912,598168
2317,335893
2156,259796
2974,394132
4429,512556
4428,625284
4896,528993
4039,566593
4491,535995
818,110796
4203,530408
3804,473959
1932,278597
4139,632841
4111,481092
4172,554039
1787,203187
4121,507264
973,115881
4541,504562
3852,561963
1526,200748
4560,555408
2675,345414
4833,715017
1789,260147
4544,628774
3486,418178
1219,160652
1393,158293
2574,331250
3259,471477
1735,255822
4608,554609
1131,161155
4249,592344
3502,442621
4806,678567
4668,692704
1001,142902
3297,376500
2642,332436
2666,362560
2796,329781
1709,262108
3989,537325
1570,193418
3955,483534
3301,394708
3514,494024
4385,624301
2428,291461
1186,180318
4221,524230
4808,567566
4893,671117
3266,365811
3082,337551
2656,307302
2798,330782
2036,287569
4944,546591
1950,264286
2231,318192
2619,397224
3124,383071
1930,238953
3458,555170
4300,646278
1174,147784
2920,429824
4820,644492
2821,367420
4505,753455
4059,593109
4235,670409
2689,306726
2623,411717
2274,290286
3042,387736
4043,549231
3934,541654
2870,418522
1159,166029
2841,341492
1941,223317
2435,309563
4800,623033
2743,360254
4161,626245
3780,501857
806,136662
4067,616912
2391,300019
4064,420085
3406,564786
4019,505442
4073,586236
1713,205545
2811,432836
2242,319970
3854,438174
4346,437540
3728,495192
2629,361374
1375,194481
1729,204598
4559,548645
4499,457332
2263,275448
4075,430044
1854,221203
2700,364290
2257,304031
2199,263637
4215,565152
1242,188995
4450,559931
1978,219191
2057,291649
4434,649050
2641,315740
3109,372036
1710,171429
4809,591927
2969,344876
2972,318468
923,114939
3958,514247
1585,201584
3216,402455
1596,243973
4972,669287
4954,692375
2736,429988
2956,428039
4607,580003
2101,214732
4963,617546
3940,598218
4036,583999
3152,392390
2732,351920
3521,464480
1164,140565
3190,388089
1746,209985
2177,299087
2239,255608
3980,603479
1140,148093
3789,429722
1182,171851
2356,359300
1099,194651
938,141226
1158,135338
2322,309176
4256,714713
2427,287181
2103,233328
1934,240106
2986,342731
3970,479919
4635,556580
2951,415325
2037,225192
4535,598452
3634,430722
1798,248573
3367,470985
2107,302121
1456,208770
3460,417564
3011,391233
2709,411889
4530,618927
2846,407863
3962,442732
1940,279949
1066,108421
2645,283186
2508,292204
4430,604180
4011,557333
3093,364321
4532,458318
4629,667975
2310,320660
1275,173931
1776,282206
2007,265426
2760,317735
1357,203457
1682,208379
2994,384496
3467,422812
2410,283209
4288,530325
3254,497241
2746,313050
3608,526922
4625,472971
4336,667806
4602,716006
4977,570581
2770,363379
4622,645498
3619,437676
1702,269326
1164,151697
3919,478894
3358,440510
2663,316781
915,119237
3184,392438
4735,560219
3290,467054
1742,182236
2524,394859
3134,418250
3567,562541
1937,279761
3327,365465
4917,644426
4220,434964
4706,547996
4437,567704
3753,448196
3167,389075
1076,129113
2799,457457
2027,267123
4552,634330
4535,586027
1495,201915
2109,209148
4952,767860
4034,480743
4914,723277
3111,459713
3641,375114
4359,570336
4198,571263
1341,176538
3494,454170
1888,233097
4163,496614
824,120197
2372,322512
3758,498986
2567,272058
3035,382864
1000,129162
3998,570161
1056,109662
4547,516370
3041,477379
3975,469206
4406,450410
4136,494365
1213,143246
2814,393304
2181,304429
1898,219142
4226,525360
4455,615030
1709,236793
987,112992
4844,562576
4556,736910
2815,354983
2892,440745
4444,592959
2930,429026
1157,161261
3222,427124
2297,304093
2958,329489
3355,427762
3142,383856
3751,469184
2038,253642
1773,234809
4765,665047
1850,236683
4501,649598
3580,443090
2388,313545
4678,785204
3168,354749
1236,152867
3628,372900
2356,314353
4658,606695
2104,277487
3184,370384
982,116440
2389,312507
2387,260082
1459,208961
959,104662
4753,607127
1811,223591
852,104369
3107,329075
2028,262295
1835,205298
4502,594727
4845,574654
2064,266763
2684,275995
2609,374872
3967,580947
4597,559541
3141,540318
4214,595904
1617,203946
3237,396971
1688,199656
1467,177710
3424,439477
1618,209277
2988,325511
1906,286512
3024,428807
997,157235
3471,470384
4292,625348
3248,361328
1270,176572
2748,283387
4699,542385
2810,470951
4600,573857
4918,637928
4596,645871
4788,619654
1034,118577
1728,198804
4407,625891
1322,177774
4323,616225
2429,337171
2116,276999
3657,476133
1924,252912
3387,421833
1823,227362
2178,299540
4174,632822
2319,243176
1026,170123
1691,237398
4872,665186
3057,351173
3588,428125
1196,166446
2878,384969
4037,446576
4693,549402
2805,333527
2816,331223
3971,532399
3468,397571
2678,379431
1996,215009
2572,372021
961,169035
4776,676669
2551,310816
1575,192931
1739,196763
4020,587626
1339,177344
2261,232563
1155,124969
4404,456443
4123,583142
1034,118881
2348,334608
2896,352231
2901,411615
2473,311943
2900,418318
4457,526450
4396,523039
4548,560177
3973,566177
2615,297499
4641,563190
2805,354133
1474,200443
1186,147131
2958,410169
3461,411107
2864,414807
4651,657408
4053,492062
1539,216704
2201,250091
4059,537519
3077,363562
4704,633627
4723,601959
4027,477656
3631,386438
4558,577761
3312,489830
2951,396211
4475,476777
3545,448429
4666,689758
4564,572108
3022,348757
3592,561104
2497,284132
4262,539595
4863,587324
2324,324878
832,114168
4825,562450
3366,402253
3603,475896
4696,625852
4509,570695
1519,190466
1772,197703
4518,712732
3007,419704
3830,498239
4375,632813
3916,497096
4085,481146
1443,195078
994,131292
4796,744470
1288,153199
3004,347136
3457,558369
4076,602301
1902,265424
2041,244402
1315,179189
1192,131884
1430,174887
4516,508266
2647,314210
3455,387407
1779,249840
4202,658921
4671,675634
1077,152112
1032,128955
2352,312540
4070,463639
3209,354634
4312,466587
825,92150
1260,176787
4564,647866
4231,492814
4283,575651
2794,411079
1290,164760
1872,222486
3973,491663
1015,153735
2523,325358
2392,387589
3406,408673
958,117266
4113,447987
3641,531898
2576,338521
2852,332248
3095,385700
2496,342655
3793,446048
3269,441753
2746,394029
4609,569196
3583,365741
4444,559692
3300,404059
4445,494814
3445,478171
3149,438923
2732,364102
4094,505599
2557,337592
1916,230396
3367,472293
4299,530652
1292,163074
4106,523383
1419,254012
4032,462490
4623,568367
3180,336977
2346,313924
4363,680485
2405,304386
4552,547908
2690,347246
2075,301955
3543,534007
3293,376368
1156,161692
1669,214425
1685,255509
2801,460563
2083,327674
1419,163477
1682,197429
1596,248044
4442,570533
4225,500487
2096,229637
1044,137907
3695,457514
1729,234893
1319,175232
4012,448404
3209,377819
807,116344
3325,483757
4223,525461
2819,373914
4467,510975
4471,577629
3601,527834
885,137196
3915,501572
3268,409438
4419,479255
2436,294811
4383,565287
4809,612590
4126,501257
3018,446079
3017,410946
3169,404101
4438,622451
3303,428101
1743,267176
3637,429443
3460,466834
3736,366562
4747,589218
2476,327521
1996,249866
4905,556333
3587,428955
2261,259796
4118,527965
1466,207844
2976,371400
4543,713859
1400,186801
3452,342685
4624,624228
4706,608222
1779,268025
3251,421802
1428,180217
2429,391297
4496,442471
4230,528056
4474,599451
4729,586439
3565,351109
915,124496
2803,345133
1492,190910
3962,589873
1905,256350
3808,459623
2961,402411
953,117822
4499,564384
4586,648276
1864,224377
2713,375542
2016,255121
3201,391741
2572,314897
2760,333380
3580,470193
3671,462101
1460,219792
3435,400840
3129,432261
4754,699547
3250,506843
1932,227634
1499,217903
2838,377705
2979,434289
3638,437760
1673,214572
883,109973
2222,273834
3475,453894
3980,666345
4775,668658
2191,273290
4018,504743
1414,195751
3771,479699
4365,555492
4376,496073
1070,138344
4866,448279
3268,338152
2190,273192
4154,581161
4935,760830
4407,599442
3383,466899
4873,641738
3875,552482
4706,626842
1089,147656
3280,349469
4052,542742
1078,140516
3724,460874
1380,172309
1053,115821
1624,224252
4632,618487
1499,196426
2180,290921
4696,522696
2473,386900
3527,508404
3956,551107
4188,637697
1183,157536
1141,143495
2787,373757
4859,742960
3909,455721
4882,745602
3598,394760
4040,557504
2788,404687
4214,588554
2649,385994
1105,141536
4413,489415
3549,517280
1935,305206
1005,128168
4250,595973
4611,542272
4422,515042
4399,578953
3351,399054
1109,145770
3508,615495
2791,333278
1071,144717
4442,460296
4886,673532
2622,313116
4073,547368
1320,176864
1776,234585
4522,523594
4351,547105
4905,654992
3573,451485
3352,506318
3632,474394
4707,541808
952,129920
3764,351163
3716,592416
3600,375077
2552,366076
3410,481191
4675,528470
1904,263498
3336,399178
4999,637465
4654,637858
4294,555106
2714,312107
3872,527194
1806,229142
1206,154779
966,124833
1308,143645
2461,278427
4464,540867
4289,583968
1480,171773
3324,491416
2920,388432
2163,293012
2131,266428
3092,327935
2338,322594
4208,501454
1360,146365
1899,223091
2703,348157
974,91873
2956,369376
3030,439728
4960,647178
4720,698515
2297,284719
4654,685521
3971,436315
2367,329008
1951,250461
1168,175577
842,104251
2707,309169
4290,590305
3335,515950
4973,664107
3673,475170
2624,293299
2093,301818
4186,540939
3772,530011
4722,627829
1792,287795
3186,387541
3040,371450
2276,330478
4207,612409
1189,173646
1799,233528
2655,353419
1458,160073
3563,454592
4463,598720
2281,306019
4531,537530
1251,142000
3275,477045
4022,576393
2337,295667
3893,566380
1682,242363
4868,510283
3366,432333
4077,611875
1174,124615
4497,486752
3862,538359
4050,605009
912,114730
3997,491467
3178,332143
2724,341931
939,101337
2224,277289
3749,561081
3968,438794
1316,166099
3416,488197
1687,199667
3904,531406
849,120687
4751,623218
4360,573271
818,92868
2273,281877
4861,643756
3406,345628
1251,120476
4565,582960
3238,439339
2349,308474
4274,451686
927,135854
3561,468460
2215,320201
1001,120540
3169,424567
1317,181490
2141,310590
2788,400913
4345,512707
4602,590267
4075,497768
4454,588571
3234,350683
1007,106894
3433,569138
4917,781951
953,140556
4166,571838
2318,328302
3400,481687
2995,463686
4354,533854
3214,381294
3649,473538
2542,353167
2106,265729
4649,565831
4968,752942
4995,586631
3355,510060
3105,448509
1888,299586
3442,560173
1977,267989
3794,611506
1359,186969
3764,511687
2071,275250
2613,322662
3715,525282
1409,207488
3261,355528
4920,828516
1083,167180
3728,452083
1891,261780
1616,209033
882,119063
2720,348053
4291,591503
3944,449471
2893,471128
975,112222
3504,484553
1169,140070
2618,334204
2901,397201
4290,563993
2579,340274
2164,269373
4142,495495
4476,626400
3226,378041
872,104862
3762,453064
1659,207422
4656,506089
4938,537880
3224,445382
1864,257822
3017,406269
4817,725574
3059,357189
4551,473853
2886,409175
1168,121232
3604,461119
950,127464
1934,311203
3584,436531
4964,610095
3146,440175
3050,424041
860,107370
3810,505881
4701,559159
2137,292127
1984,210492
2351,408174
2429,342042
2127,241363
2326,293032
2473,282422
2161,254393
2373,316024
3486,525946
3166,406775
4557,463188
3234,390639
2793,340126
1669,219196
1814,231983
2711,262984
1402,162808
4621,523964
1490,213757
1293,162562
1289,128926
3356,392564
1094,161496
4827,584130
3643,436465
3712,473077
2517,335727
3396,434209
2673,388513
4058,518856
3617,506792
1244,165390
4441,491196
1541,241597
2841,418579
1479,179696
3267,419264
4497,626107
2158,286367
862,113444
3359,462144
4569,618194
934,126435
4444,583809
2935,409677
4078,542966
1622,216572
3874,583513
3781,516112
920,124161
2437,284320
1724,202438
1444,212449
2832,392400
3561,511941
2868,381343
1041,141536
3468,443258
1602,207617
4964,614286
995,149255
2987,356417
4315,580855
3130,399545
3159,455771
4406,587824
1076,147328
860,114477
4190,482342
2713,375086
4727,607476
3391,402101
1366,148671
4735,557503
2371,335404
2000,312856
3654,481509
3695,425106
2036,277396
936,136806
1829,290479
2956,440330
3394,452637
1461,202532
3272,389894
3477,493574
3108,447581
886,81991
3312,437648
3742,570098
3573,428515
3304,324181
4110,532594
2500,365351
4470,607960
3500,456414
4429,514274
2447,277798
4118,546629
4487,579370
1396,199331
1284,175405
1445,171744
3889,520511
1520,199661
1298,136339
2473,305942
3867,506194
914,117265
3779,509167
2536,332660
4411,595971
3053,404531
3094,401141
4430,586501
946,117849
4782,591842
4253,559167
3210,320565
936,116473
4160,496734
3805,447294
4352,545182
818,89894
3042,381294
1248,166570
2748,400538
1745,284413
2720,278995
3777,438099
4988,625192
4815,635936
1038,140615
1004,121331
3407,313732
4188,609433
3772,518800
3487,490615
4966,629590
2148,290554
1616,161608
1620,184589
992,146730
2576,336074
4445,702484
1050,121148
2588,435514
4500,766938
3263,392624
1967,242301
4693,698224
1896,230474
3479,438409
2647,314998
4704,561684
1304,171827
2421,304793
3272,322817
3346,507308
2187,336776
3794,522380
4616,608787
1517,175914
4284,527240
1458,213359
4808,668161
4564,624488
3789,520861
2904,423802
2055,295277
3282,460599
1183,147610
3407,528990
993,121867
4607,538874
4519,549253
3381,379117
3365,466905
3563,462465
3598,528653
3139,292882
4206,560085
1531,193130
3672,458324
3920,448408
4977,650266
3404,403473
3182,486194
1331,185549
1434,207530
2569,266905
4604,659682
3170,449730
802,99371
1005,127839
4935,568801
3421,428947
3690,510952
3993,478999
3466,452457
4106,690565
1697,195694
1885,254441
2079,238030
1470,158345
2305,327285
4375,542049
2755,424244
1049,145305
2692,318229
4239,495308
2653,373566
3654,417310
2303,262048
4185,436126
4371,609102
4592,541193
4226,572182
843,93123
4412,465135
3418,481242
3963,505767
2088,250198
3742,459155
1019,125089
2725,437400
3772,505378
4313,569682
3248,385530
4271,605637
3574,402845
1790,246626
3746,516428
2612,379427
1603,161057
1289,189365
4356,589397
2293,272145
4445,433884
3691,457338
2505,332670
4316,462665
4140,485352
853,94724
3375,416740
4391,499151
1415,230013
1754,250743
3233,366675
2429,280794
3581,385983
1449,185102
3147,492906
4078,603382
3440,457418
4601,577827
3361,464730
4049,543364
1170,159698
1657,220315
1183,161683
4677,508347
3352,429709
3525,470597
4834,596874
4093,455483
4788,622815
1722,331000
3715,437082
3750,479497
3846,572749
1774,277802
2030,246138
3235,467357
2614,370844
3734,457060
2163,301466
4740,603894
1003,120960
960,149554
1568,219112
4548,476507
3381,433052
1893,231339
1407,178464
2340,322310
3675,493923
3991,604680
2637,391140
1489,166457
4559,585946
3749,377892
2903,333989
1165,114829
4375,465850
4999,754856
4972,702497
3178,442555
2005,295998
4639,645705
3535,455054
4147,502450
2475,384700
1098,164256
1756,222499
1914,270750
3305,291289
2274,323393
4526,554381
4271,729005
3628,534256
3650,366495
3306,394506
4570,598252
3764,486923
1749,225071
3650,528414
965,117622
4286,552529
3309,505916
1719,263236
913,132080
4304,536941
1791,213827
4639,600196
2058,268418
4226,547140
1314,181784
3996,541098
3384,456107
867,106639
2396,268390
818,114863
3530,462113
4321,588227
1372,187347
3058,304570
3702,576855
1450,176209
3387,510113
4062,553934
2138,243350
4434,529354
3627,434018
3017,363626
4339,448911
1837,216808
4778,690472
3761,549280
4026,482540
1898,193419
3124,435684
1739,197931
4516,519293
4214,529942
2248,279545
1370,161870
3704,442661
3305,404766
1717,204821
2674,321504
2478,310776
1415,191450
2549,340892
4625,563636
4988,624745
3277,492091
4305,623361
4275,590904
1935,200137
4800,631707
1174,140724
1006,116346
2119,264037
1941,282815
3490,500201
4055,489468
889,116698
4908,607004
3820,482844
2657,385167
1604,207000
1744,180752
3589,474036
4675,735122
2410,287995
3723,570468
4682,652024
4021,593676
3187,456160
1741,230973
3366,406617
1775,235427
1754,234155
2062,298110
1743,167737
3002,325872
4127,551138
3059,412937
2628,307453
2057,278433
1264,177181
4094,520262
2030,307429
3454,532767
1684,221996
4605,656733
4656,486806
3935,574905
1724,262030
2346,269247
1894,263741
3211,327190
3417,403883
1562,190868
3123,336905
4945,625197
3575,448450
3955,550740
4770,511780
2840,395754
1383,163418
2903,321717
2742,348382
909,128433
991,121632
1703,234517
1661,222878
1883,333328
1449,181575
4934,629098
4411,646735
1436,185566
1836,245592
4931,511099
2948,377848
4665,557110
3957,485948
4387,587191
4094,528848
3230,457311
2679,386605
4766,606911
4513,606963
4926,490112
4906,660929
2811,409830
4173,485544
2943,415941
3300,406627
2089,253499
2247,340112
3999,517896
2743,392255
3983,401130
4016,485343
3936,553692
4118,543024
3582,455780
1790,248916
2953,347065
1025,151965
1576,199854
3637,428307
1487,176579
1329,171144
4242,524323
2953,407196
2094,270763
2326,289959
3696,500072
3903,476387
3240,445078
4935,665711
4602,617950
1644,204893
1246,150212
4715,670145
3909,544175
2034,233666
1026,126718
4943,741922
3759,544153
2630,295742
4579,596086
986,134377
3677,532814
3335,439909
2732,374988
3724,536144
1648,240583
2832,360480
2052,268162
2681,318044
1069,134590
2430,301049
4003,509064
2374,305263
3692,525003
2495,337423
4058,449630
4062,561595
2245,273369
1019,115818
852,96161
2557,338921
2466,359823
3585,454713
1519,218825
1205,158198
3094,302178
871,121227
2853,347687
2029,239101
2367,329648
4482,591659
3753,484103
1498,196920
1626,190719
1148,179718
4708,624227
1107,146544
4216,542575
3134,331426
3609,432652
4358,486541
4277,471347
3486,372571
3785,455986
1075,140080
3347,363708
3564,500733
1136,152748
2773,350852
3779,613828
4768,602632
1710,242774
2796,372264
3929,595561
4557,666546
1127,141438
2599,327590
1114,122404
4345,572407
1934,270411
3546,457689
2320,350341
955,126228
2524,375346
4143,528451
1686,189855
3873,467181
3605,466908
1521,180629
1712,180057
4157,415554
1670,242498
4908,666408
1297,173972
2556,338734
1917,233468
4209,597320
3628,376988
2447,241613
3783,480347
942,124292
3561,415705
4235,449333
3231,448656
2648,327898
3496,490877
2517,376506
3872,410223
1867,248683
3586,479605
4591,648094
2088,254733
4671,611141
2606,367459
2304,314648
4108,630102
3751,438766
871,115934
2490,320477
2144,272078
4103,569586
3913,515477
1682,191766
3462,499534
2304,319919
3263,496368
3353,472460
1532,194253
2548,323371
4724,687516
1223,144917
4278,498073
2391,318733
1292,139004
991,134013
1298,177884
2056,259681
2768,418301
2986,438701
1616,191216
4020,562142
2273,329057
1886,247521
4999,617490
2674,303146
1670,203116
2842,323142
1072,154032
1829,230770
4018,553779
4869,725016
1851,246521
4833,713622
2373,296011
3990,541829
4597,611773
4089,488542
4547,570011
2905,439316
1107,138183
4159,436946
3976,496230
2051,243466
3547,485367
2317,322577
2178,294840
2761,341971
3663,479441
3456,432936
3294,356732
4805,616570
4363,739746
1722,197274
3759,384084
983,148786
4158,568522
2198,295563
3596,448138
1336,178214
2073,271099
3767,563774
3849,553310
1896,263607
2105,252093
1715,228839
3881,468703
1828,271324
2777,331227
4154,531638
3311,376456
1070,131104
1986,243004
4564,582864
3198,372584
4982,738503
2511,319384
3030,369647
928,131354
2069,336080
4472,554243
2401,303300
4770,567275
1427,199680
4597,663487
2844,367741
4352,537143
3141,433487
4014,566355
1049,160822
3725,451700
1774,253300
2125,279621
1783,185406
1688,257982
3737,502485
2917,405760
3472,500644
2126,295388
1270,146678
2787,390514
890,122330
1329,139481
4859,753099
3573,444267
2486,360304
991,123835
2786,339897
4423,569753
2985,483050
1808,289631
4583,559043
2852,424121
4108,535479
2516,403251
1110,163495
2060,276422
4732,620936
4068,565963
1384,189957
3599,408344
1159,154282
3666,440744
2811,343095
4806,705128
2425,322661
3564,439021
1690,188979
1531,181208
4761,614684
3304,513071
1414,161569
4606,619145
2519,342853
2387,354086
2411,317946
1696,230858
1077,159106
2436,288286
2958,419645
3232,352580
4704,616049
4062,513598
2249,268009
2032,293798
4917,715067
1477,215694
3458,469237
2828,315353
4558,570047
2837,411615
3449,499726
1456,215415
965,129996
1389,176779
3621,363975
2062,294741
871,111934
4316,479910
4380,619511
1068,161581
2576,368391
3262,457083
2068,297794
1815,161608
3522,548788
1883,222427
4901,585375
1206,148257
3876,483137
1785,272223
4403,608307
1509,180812
3418,417312
2211,370155
2285,309150
3750,463209
3734,394579
4914,515304
1803,204183
3266,429275
3266,478930
2738,381242
2739,404306
2435,337214
2498,278807
2891,394253
2695,369253
4198,538177
1873,234893
3202,409138
4012,428496
4837,532154
1951,328014
3245,360934
2756,285248
4707,561050
1607,219977
986,136479
2107,241547
3084,405387
1557,189690
4654,618304
3006,377556
4358,521170
2380,286226
1761,170839
4647,588668
4375,563733
1675,182361
3218,402087
4998,630603
1801,184058
4184,495498
4866,573967
3645,483677
2281,339135
4101,536034
1457,214752
3580,453453
1222,165664
4481,587019
3510,583262
1252,159898
3197,453133
2775,369188
2457,360894
3341,466010
3875,523555
3964,447437
3766,430064
2853,344522
1087,136540
4017,528907
4654,562175
2247,225468
1407,204592
2564,350523
2025,265080
2035,302824
1829,215721
3471,444414
4762,630456
3977,492243
4522,533890
2275,325601
3696,496225
1608,224091
1778,209173
3263,464813
1525,183992
3301,441371
4162,664645
2016,287846
4851,655313
2997,450321
3606,437967
1578,216753
1772,208249
3610,449711
2923,449734
1398,187478
4141,625736
1024,131543
1640,243231
2614,341848
1906,251604
924,120455
4046,547863
3731,470542
4925,537630
3771,488210
2817,371804
3215,496791
3896,374377
2409,371613
1517,221063
4361,611779
1816,240281
4365,500645
2760,439563
1848,274464
2157,288523
4226,567488
915,117456
2895,402161
2601,336399
2946,396586
2420,330499
3750,624204
4592,534266
3741,495306
1777,263727
3866,550518
1583,221875
1040,182176
2353,344287
1812,218578
986,117241
2681,346988
1230,151851
1038,136175
3145,424795
875,117338
2156,200811
3130,371423
2702,380279
4813,744351
2859,354357
940,116576
2589,333107
4426,689879
816,106737
1264,121816
2627,411951
3828,537353
1319,145887
889,108753
3651,431059
3643,462172
2684,408790
4971,507013
1725,215364
4534,596979
1769,228128
1894,223585
3995,590656
2204,281270
4164,523380
4782,646489
4813,605454
3892,473635
4959,575825
2874,468033
1084,153818
1987,246914
4769,710916
3765,519013
1583,206704
1749,200372
4739,557226
844,121980
2610,368750
2881,315197
4298,532458
1629,228384
2709,397372
3381,465619
1491,183624
4819,643529
1731,219557
4206,570880
947,144106
1832,216664
2111,283327
1187,152587
3921,494272
2673,341883
4388,656900
1715,237858
2678,328892
4548,635558
1077,130982
2777,286479
2659,253749
3836,527495
4171,524435
2982,432275
1970,267539
1289,172607
3325,409761
1982,273168
3288,503973
2676,266826
3262,416730
2430,364931
1087,122632
2707,357331
1961,234829
929,117040
3163,327060
943,136519
815,107791
1044,113100
1726,235218
3978,529551
2976,356130
1686,268955
1140,157025
2851,425806
4198,535593
4750,501717
1105,105136
1707,195949
3454,518853
4592,561841
4842,705082
2171,244244
1120,134468
4859,593879
1931,257551
3378,370624
4842,571764
4167,527136
1617,177638
811,84024
994,129645
3337,367362
3642,539813
3029,450204
3809,461835
2877,399990
4667,611542
1243,181499
1097,135069
1644,226307
1815,244438
2184,292464
2197,265312
1353,199953
3150,390223
2069,256117
2060,245547
984,118181
3210,405757
3009,411469
4472,633907
2681,353703
1321,199793
2687,354052
3352,345479
4609,519356
4955,696179
4279,535386
2209,274123
2494,288139
1326,164418
3460,429797
2972,408230
1079,136310
3764,561391
4777,574079
3469,461607
3693,388368
2551,356846
4781,519638
3161,437957
4931,504887
2508,287158
3486,496992
3695,567052
3576,319177
1919,218099
3788,596394
994,131337
1462,167425
1279,194606
2223,308510
3508,461829
3975,402439
4614,744883
2814,376895
4589,575254
3243,492696
1711,198903
4013,455863
3164,365131
4429,550530
4272,557075
1480,206611
1409,156729
2956,397727
4666,564406
1171,150332
1415,209614
3053,419460
4938,684612
1664,200941
2068,328568
1584,221888
4978,615419
3037,446792
4854,672444
1735,192680
4780,635741
3138,362368
1125,111824
2334,288271
4280,629205
4661,709009
2785,340714
3578,449821
2070,312450
1440,201686
4878,669954
2167,286243
4842,682101
3375,437238
4403,673406
2381,305260
2786,356521
3040,301467
4766,695223
2905,335698
928,87649
4796,610611
1651,206252
4903,670474
2876,401883
3794,446113
4544,776109
3556,451540
2444,255830
3944,606359
1042,146845
4885,665009
970,119766
1452,189758
4312,420296
2299,289522
2899,483703
2958,342195
2772,367710
4725,494833
3058,373655
4839,537236
2835,386721
4071,542409
1657,183024
4623,607112
1849,243802
4790,635268
1098,156804
1723,264438
3599,434731
4862,609717
4845,617258
2602,287438
3513,403584
3653,505752
3457,549228
4146,474324
2271,373348
3749,455521
1741,257978
2707,369344
2043,271558
2266,280065
4757,619540
2766,330084
1175,169417
1062,155867
4188,503575
4195,442123
2744,343225
2693,430413
4434,591847
2452,361184
4941,573565
4692,575740
1399,175349
2712,304919
2092,277195
1400,164813
1180,170196
4437,582747
2963,451007
1898,198984
1165,142169
3370,417505
4219,577784
3276,405141
1590,247779
4369,555905
1546,179983
1112,141875
1720,215198
1877,270144
3629,449353
3181,340983
4418,586104
1597,192018
1072,120791
3810,496590
2573,329390
3347,424048
3964,530804
1746,211818
3465,456475
1306,158229
1043,148454
1305,169184
3958,618423
4390,538111
2672,361674
4593,674921
1992,274982
2264,299089
1190,160698
4177,574809
1472,197936
3360,436059
2011,283666
1729,222572
2339,269520
1712,275420
1443,206582
1301,151341
1529,193165
2083,252989
2918,357537
4636,662978
1719,214919
4850,769896
3139,324885
1555,201457
2669,293663
1307,176330
2236,305686
3375,484263
4226,471600
1358,185327
3902,456135
4422,581214
4857,599212
4515,501308
2101,295892
2955,372688
1492,213153
2278,327884
1056,158051
3230,395345
1241,144038
2681,396814
3446,453294
4620,694076
2535,284574
4535,636397
3445,450077
818,105831
1924,240838
4785,542339
3454,483411
2880,357463
2347,312554
1661,264076
954,116337
4294,539044
1704,217355
2069,256733
1204,149959
1643,230785
2582,386913
2364,311925
1984,279938
1546,196973
2525,320751
3988,494519
1070,126826
4756,706483
971,118919
1073,149324
3106,364778
1958,255887
2506,325749
2571,302256
1221,152379
2009,228968
1690,220125
4067,421306
2273,293520
4043,565065
2981,386950
2249,268748
3896,468534
4056,600784
3956,523667
2390,340978
4781,689135
2235,275606
1023,117620
1019,142345
2454,287465
1064,128896
1753,230615
4533,572210
3574,340566
3924,437451
1279,185622
4314,555560
2153,303552
4122,485678
4678,530124
1689,237863
4654,695526
1724,201552
2970,431441
2702,311686
3195,336898
828,114916
834,96473
4389,490896
3470,389237
4165,519719
1388,145032
4018,558152
3938,540384
1703,233668
4886,723691
2969,429205
1139,132562
2514,352241
1356,198882
3887,552780
4066,582804
4367,557845
2856,343512
4699,594336
1816,217052
2862,415134
1638,217526
2437,346921
4296,465120
2613,322190
4279,490464
2251,237737
3113,418694
2314,263870
2031,252666
2445,282220
3799,470650
4240,588650
4856,561593
1105,136129
4336,598047
2523,353786
2489,308861
2317,311473
4717,671045
1219,139146
3736,445684
4662,579916
2250,307580
3896,517400
4061,531865
1964,225034
2669,381836
2619,320869
3505,441636
4315,573591
2142,341852
3026,364279
1879,224793
3579,445161
3328,490594
1613,213301
2831,383992
1122,159439
3769,553711
1703,204280
2341,322687
4303,633789
3453,459552
3276,385638
4140,475184
1941,265483
1649,185851
1166,137359
3697,453445
1889,253516
4841,671702
2838,338714
3660,404610
2654,377515
1294,181333
3982,545696
2584,350465
4310,534615
4586,583962
4930,646508
1798,211006
2251,305577
2551,336191
3080,394145
3734,536529
4534,582547
4146,580002
2673,299829
4603,656402
2779,386455
1498,243316
2112,325276
3762,541898
3738,455730
3100,361835
3997,476142
926,127456
1991,297482
3439,384605
4716,553416
2166,282665
1819,205486
4879,603326
1484,220628
4429,623700
3687,525187
2262,260655
4886,507221
3061,378231
4980,473527
3641,498048
2567,362487
4980,588711
4360,604869
2912,403750
1426,161398
4959,614927
4214,518246
2175,313182
1981,279292
1290,178773
4529,550643
4334,652204
4096,543613
2740,376567
2682,418283
3787,529935
3959,507557
1481,181465
1873,194776
3187,339428
3194,456221
3493,350563
2170,315017
2956,419902
3380,395545
2959,392729
4048,561226
4531,595280
4629,687260
2427,264830
4272,587666
827,99956
2785,289439
4953,557690
2321,283470
1096,142862
2981,347237
4202,514360
3096,384091
3397,396792
1701,206674
1898,263052
2477,383277
3681,490033
2178,287440
2048,263770
4535,562958
2064,286145
2707,391831
1858,209165
3549,516643
2848,439679
3276,376365
4816,692590
3997,617659
4353,612632
2561,326170
1020,144516
3688,434491
2464,308768
4786,569583
3777,414684
2671,348893
2262,304376
1144,160085
844,53021
2868,380699
2314,303557
3398,386145
1801,222123
1833,259029
2840,373349
1073,139204
3447,494278
2579,424819
1278,161489
1315,175817
1991,232202
3468,562411
2211,269527
4080,419757
1071,149218
942,99708
4132,617425
1587,220338
2481,284276
1422,199163
4641,580091
4476,610534
3372,373549
4060,446020
866,116709
1940,307020
3114,374685
3332,397135
4380,547146
1987,218866
4139,572390
1348,193479
4887,670658
872,111139
998,114398
4001,643958
2581,302334
1371,160109
1590,163964
2438,264946
2631,355827
2655,328153
1974,231040
4540,535869
4077,498591
978,117393
3044,459765
4886,607919
1534,202774
1598,209159
1587,208527
3595,447364
3884,477289
3718,519206
1531,204074
1929,228821
4246,369836
2405,290754
4578,501726
3545,411754
3970,437367
3733,550219
2015,296783
1124,158900
2650,331229
2290,274826
1693,182137
2190,314737
4189,599149
3063,420830
4232,479786
3171,396198
3886,498215
2315,239593
3717,562874
3152,345850
1967,232707
910,94114
4455,565547
4593,579967
2555,369714
2377,275224
2096,238357
4574,600120
3020,298582
1772,265750
1830,201620
3393,533566
4792,566027
1713,186026
2981,413602
3997,551116
2262,312713
3178,417935
4254,695936
4353,477773
2107,316943
1989,210568
1487,230155
2007,271525
2694,413233
2611,374370
3983,387867
4597,574303
2444,271777
4768,726674
3516,499303
990,130948
2135,264340
3906,532594
1178,136209
4629,621303
1415,181333
3130,368552
2554,358663
1263,199916
1766,191743
3958,570626
4424,521542
1489,206614
3422,413180
3012,378019
1182,150099
3056,459683
4610,592935
4303,537497
2212,284809
2383,377565
1171,162067
1410,170389
915,139512
1246,165354
2191,256471
4124,560474
2140,273379
3739,296378
4499,607190
1873,213277
4369,484566
3950,398371
2405,317274
3094,395373
4462,643582
1783,210461
1151,141320
2524,403066
2751,276134
2079,308187
2707,320246
1824,322339
1345,189419
4974,599766
3181,347026
1688,229802
1905,193077
3349,469957
2790,304372
4798,553939
4575,402420
3612,476610
1720,230808
2861,373147
4439,462390
3965,600775
3444,439348
1845,225409
4356,618762
3481,429538
3999,546336
1738,205598
1241,176522
3350,475221
1396,171990
2305,304914
1661,215311
3440,440745
4531,508289
2351,268695
4036,501355
2536,332298
2249,262562
1064,138550
3459,330886
3521,457883
2262,296676
2245,319420
3098,468851
3725,522490
2432,381729
3174,411225
1312,171471
1015,144231
4131,530408
2972,371607
3953,595374
2506,352983
2906,406538
2367,277024
3008,433620
3131,410894
2953,340053
1928,270795
4310,482780
4453,418070
3165,325753
3721,469861
1879,287705
4311,580657
3541,454886
3820,572186
1028,141508
970,140999
1094,158175
1225,153485
1718,217370
4053,476219
1298,184914
3609,402712
1625,189654
4579,590461
2658,349922
2918,405018
945,122259
4377,545131
992,139718
4688,673733
851,88932
3210,468798
2620,327756
3764,579547
3321,399341
2669,307154
3368,470578
2667,431953
3538,373820
4069,580141
3999,553481
3379,437616
4805,774085
1040,105352
4240,621951
2207,319116
4302,636529
4838,706642
882,117773
4568,572936
1750,211477
1410,195730
4405,572237
4083,517882
2973,361797
4284,530725
2322,328923
3401,443079
3457,512113
2959,324613
3249,452612
4630,531887
921,136435
2117,314455
3318,361151
2030,240588
1933,230332
2101,312920
4834,585343
2710,380348
2305,276789
3985,582335
2716,400936
4348,674150
3557,453262
2756,358395
978,125099
1696,221151
2351,290620
1291,188299
860,101987
1877,239939
3695,491024
4960,681289
4483,502713
1385,174941
4760,620376
4570,649095
1334,169146
4262,547529
4811,635348
4198,611808
2955,293214
1804,237389
3299,486735
1126,132408
3506,416187
801,118839
1833,228691
3281,410798
924,123961
1904,162298
3499,359430
2661,369060
3720,469936
928,118408
1237,148613
3348,421429
3929,581022
2021,266730
1701,248163
3968,506650
4718,614707
1867,251826
826,113904
1347,157988
3468,449497
1366,163742
1503,229410
3940,410298
2390,331710
1605,190030
4591,518672
2157,270631
4025,601152
4418,531775
2926,301191
3260,377621
1345,177345
3528,373084
4534,638470
3362,357320
2879,353446
3441,489602
3914,479334
2726,299457
1416,182150
4444,544836
2003,296798
2559,364221
3365,463006
3974,517904
3881,491791
3430,434371
3961,413350
1469,191034
3968,468670
2921,375978
4878,637956
4951,607567
1519,218730
3400,387177
4398,539152
1466,183358
1083,159560
4703,613581
4365,566311
3034,434037
2265,276713
929,132965
2860,388865
4472,664371
3294,409490
1792,225045
2921,385958
3384,436833
4996,707009
3023,383174
3988,455010
4037,606833
4936,783483
1143,121714
3076,422035
4001,564969
1688,225601
2843,436708
2141,235235
4520,549380
3683,484690
3215,462310
1917,283926
3801,425376
2538,262314
2164,306624
3508,462173
1724,228370
951,135096
1385,163223
1712,216401
3121,430246
1295,149880
4595,559967
2948,387876
1356,186928
2352,254734
2920,408817
3885,530505
4304,505143
956,156533
1534,177547
4076,574788
954,127991
1796,222337
3094,406408
3705,511308
1977,341665
953,103183
4987,445505
2516,288957
4002,518451
3657,511915
1586,208474
4567,583284
3678,562917
1442,170353
1465,226983
4226,588715
4583,698880
4501,521468
1869,233096
3149,340347
2012,270619
1952,263156
3311,530182
943,123733
3289,352715
4028,580688
4005,465781
3942,437394
4104,576733
2157,255565
3513,425130
4985,752921
2157,297026
3992,554709
1100,120288
1523,214108
3810,479444
867,106934
4636,631086
4793,623687
3306,357215
2337,337182
1197,174418
4157,503785
1963,273119
1355,194716
4461,454887
2551,311914
3741,364145
3457,482288
3595,491427
3129,376014
2759,352452
2401,298871
3593,357125
2280,340871
1902,254540
4076,521059
2099,268531
4679,657942
2335,247971
877,102494
3631,483629
4210,617748
3521,330444
4427,641654
2332,278393
1037,130352
2796,364898
4227,479457
1077,119973
3889,517677
1323,209593
3922,454195
2597,300444
2931,327228
1615,204485
3494,402719
1242,143554
3940,524621
942,102048
2210,341079
1334,149892
2516,369780
4164,664552
1832,271083
4142,605174
2210,313692
1972,262683
1688,249287
4138,521765
2441,349010
1271,186349
3740,514727
1346,169542
4397,603804
3625,451166
4523,551094
1163,164930
2966,392084
4109,581984
1345,177928
4040,556074
2736,413067
1762,224775
3805,471616
4606,628473
1682,153596
4640,652537
1670,195504
3785,587199
1665,236173
4003,575396
3697,532720
3044,374752
818,103148
1441,150759
3883,591838
1129,124954
1665,216079
1573,233394
3154,482605
4138,522370
4318,450836
3742,499430
3367,454535
2474,337352
3483,436826
4180,534743
1539,184047
2345,310432
3059,434460
1935,259190
1673,216386
3100,455256
1551,207597
1653,215658
4532,594439
3083,344816
2129,241958
1277,163630
3526,419378
3891,503189
2069,295557
4981,700258
3403,462427
2269,323720
1177,171200
2480,359383
1041,150468
1719,192558
869,88318
4724,558833
2886,355405
2807,404008
1600,205684
3579,439510
1555,205964
2795,385814
2121,300410
3130,387508
909,105121
1816,214872
4665,614855
824,94113
3638,524688
1537,175771
979,104397
1031,136432
2717,341961
1142,156531
3423,419365
1254,170602
3076,446352
1395,168306
4674,643557
3469,544413
2935,415507
4764,562636
2365,319329
1108,122407
1142,128628
1235,188184
976,132851
938,143585
993,135437
4057,494219
4035,527163
1742,233466
4679,763632
3913,549953
3762,447107
1753,222805
2102,288167
4181,475291
3680,477417
2987,379133
1345,184650
2727,350468
4952,539910
804,103971
4281,605862
4053,614751
2162,312261
2620,277887
3463,380776
3738,426660
2073,316306
4126,567014
4459,756201
3745,559002
3818,501803
1931,237837
3436,465964
3829,546078
3819,565838
3959,497507
1053,171512
1128,145889
3391,501014
3630,490234
3844,479290
2220,223212
4201,468063
3692,545127
1454,205428
1559,216529
2598,398305
3771,434840
4226,519458
1054,130626
4623,508154
2676,315801
3557,405186
3424,364491
4921,573523
3804,490764
4534,710960
2044,234469
1808,264152
2310,307963
2759,376754
3308,437224
3482,355851
1789,204348
1054,146088
4963,648628
1055,111106
1807,229015
2555,354852
3371,374830
4708,584029
3797,580088
3603,500239
4565,702096
4183,520176
898,131310
996,114068
3329,474232
1677,200025
2668,365135
3465,476837
2188,307027
3215,369334
1369,184467
3437,448103
1865,277542
1221,147005
3683,406629
2004,211061
1344,168960
4966,613782
4439,557053
2023,254009
3972,599439
1567,200254
4457,655042
1454,197401
3246,377536
1020,132729
4466,684114
3369,489271
1813,268392
2851,392218
4785,587794
3819,590420
4481,620135
2243,322910
4996,657613
3810,436241
1372,186488
2132,331332
4802,682478
3934,544101
4886,572158
1025,156666
2797,420133
1571,162231
1233,177470
3899,492280
3529,474209
4207,495315
3940,519337
1665,188970
3593,423799
3711,511247
3215,381452
1050,143255
4557,599909
1718,284723
1973,237348
4003,500201
1232,146919
1635,247614
3046,400844
3062,390647
1697,240217
4432,518311
4615,507038
1046,140453
3229,427622
1790,212925
4110,556223
1726,272272
4238,579396
3407,341609
1874,283454
4822,770750
4599,634372
3951,523783
4238,452567
4291,502118
1506,188846
3864,459751
1553,190023
1387,182879
2134,255507
2647,404440
4734,620705
4726,650146
4117,566661
4820,654265
3955,516965
2998,434686
964,142804
2798,277146
3857,418263
2884,351438
1202,136146
1213,144315
844,103987
4957,625307
3267,351636
1667,206352
818,123796
1164,146930
4632,643290
1379,177877
1345,177167
4950,634923
3839,541855
4937,581019
4844,642148
1252,151924
4761,666792
2181,247282
2267,316832
3538,471008
2016,223835
1680,262402
4614,638428
3949,449060
884,116998
4944,521147
1968,205229
4964,734392
3929,440042
4445,630345
3326,490614
3667,422583
4316,695737
4167,547505
2994,391391
4355,500941
1245,143545
4426,429723
4816,569960
4675,689534
4137,474624
1061,123109
2648,293151
4825,528728
3066,439399
891,99593
4975,636918
4109,512271
1782,257230
4243,498364
3333,411745
1493,169625
4920,592350
955,111237
4388,560915
2612,402281
4914,623818
2207,325799
2016,290657
2210,285887
4297,620586
1351,180304
4194,455331
1976,255727
1797,239161
4876,762823
3531,409684
4737,648340
4852,541182
1172,179484
3048,452188
1648,184602
3356,523929
3122,456300
1303,194118
3989,612504
1502,220632
4425,552929
1114,169923
3176,370325
1840,217799
3790,466813
1057,142698
1374,159703
2352,263502
1557,181015
3610,449634
1904,249533
4259,505040
4792,535877
1003,136254
3575,561542
3132,387679
2792,400314
3043,395686
1106,154353
2487,353725
4909,638527
2660,306566
2761,307974
1522,224117
1579,220204
1328,192155
1143,160185
4586,669935
4482,597581
1008,108067
4206,564525
2111,331212
3099,419194
4136,461400
2747,387386
1719,279366
2844,345904
1218,164296
2549,349545
3642,484583
1899,269592
4192,519482
3572,497942
3280,483838
2345,296555
1870,265695
2650,329453
4998,546511
3739,408686
2703,370089
1478,150545
1788,234926
3275,386907
2407,233698
3669,514528
2302,250807
2589,426225
2225,343891
3240,417970
2842,283792
2078,279361
3394,534616
3236,472213
4603,676068
3005,460223
1827,203158
4339,634782
4283,681490
3041,367060
3565,441949
1973,302451
4030,608210
4150,485341
1203,133038
3525,452209
4182,451241
4963,581244
887,106219
1958,287540
3657,551910
2181,320434
2864,336923
3174,408542
1117,137633
2302,306624
2842,401499
2822,346692
918,105368
1509,231788
4357,636577
4940,667361
4050,461884
1217,174029
3403,433740
4654,449993
1901,232122
4228,578712
3061,388005
4969,683937
4434,607448
1308,148589
3179,445889
3964,561416
1487,192629
2092,272425
4705,612360
3875,591677
4009,544176
1124,148226
2793,382787
4776,653040
3570,458806
3383,372034
4357,573515
4387,609186
951,127776
1754,214909
3171,402933
1991,288484
1487,155711
1109,131797
2302,303810
3927,571749
4167,655143
4195,601322
1613,195347
1645,170377
1964,310350
2567,301303
1154,152546
2672,342674
2824,364193
3617,406941
4632,726951
865,101098
4890,647337
3321,409555
3381,470653
2190,277827
1930,241834
3286,480767
1634,204492
1026,155094
4315,481116
3243,409458
1527,178818
4486,585252
4422,483769
1836,255742
2632,370552
3540,540179
1292,184382
2348,334686
1943,272429
4757,602850
4207,649069
1439,199035
972,162428
4759,743862
1316,177922
1322,179704
2717,387118
3686,566748
2964,317077
2729,408493
4745,643414
3009,439929
4583,546343
3390,401830
4876,658700
1893,273808
4680,521947
3294,408521
3379,378564
3288,448063
3585,573254
3558,444658
2374,336551
3173,418275
4790,649206
1893,229159
1989,278104
3489,443039
4895,767905
2675,327250
4206,608530
2587,412895
4732,699532
2407,280328
4548,523200
848,116005
4661,610253
2980,410441
3846,568933
3633,477052
2197,264887
4626,615778
1631,249200
3497,456481
3535,573638
881,126227
886,125677
2863,348768
1621,207685
962,132597
4539,588046
3197,476081
2732,363902
3528,427427
4335,586500
4246,531528
3590,505759
3507,431111
4733,750102
4185,453770
1722,216775
2975,397628
2382,294615
1364,132508
4058,649433
3397,483996
3300,372010
1787,205293
4436,485655
1023,132350
1150,176635
2728,346896
1148,143117
1817,265355
3026,412575
4924,643429
3219,458971
2693,282972
3840,532431
2868,432599
1925,217597
3917,493624
4961,507829
4842,605791
2970,362142
1246,195880
3458,431190
4162,566256
3518,533949
4283,423338
3744,499913
1395,160437
2786,321405
3550,421335
1874,232689
4769,553619
4380,548936
3807,555936
1769,245528
1380,237754
3624,486700
4801,674542
2011,302379
1029,117059
3985,597825
1301,151951
2932,404299
848,123135
4366,446476
3855,482902
1488,193036
1186,135156
1769,240150
4260,665392
1805,209738
3852,572216
4217,582471
3102,342515
3083,383832
2407,324072
922,142499
2080,296964
4527,545301
1058,144605
1747,154957
1324,191044
1687,201189
1007,115715
4182,527059
3594,402764
948,121154
1237,181287
3002,303609
4549,589862
3961,508552
4701,651267
4045,517602
3623,525645
4070,615703
1285,187989
999,119730
2782,444900
2271,257905
3111,440523
4173,618323
2878,466569
2321,338951
1404,167852
4648,672553
4142,533976
2217,326970
4675,625708
3733,568834
1348,177096
1638,237580
4615,561574
1647,244906
3072,303366
4120,583157
3358,458300
2796,372518
4473,440411
2364,292097
4818,718065
2640,312433
4091,445779
3687,423462
1526,227115
2044,281793
4260,648891
4518,638988
1865,220012
1082,171362
1881,229178
4685,555551
3681,496046
3384,464312
3770,541011
1952,245734
4297,653506
1747,211672
2517,288184
866,87947
1436,182998
1113,159653
4197,594467
1364,184871
2401,296983
1625,242857
4470,589876
1825,249362
3051,345204
1604,164893
3251,467041
2191,369183
2035,279582
4832,694588
4080,585173
4349,573396
4941,530862
2154,305353
2636,405102
3692,512925
3296,420799
3383,464987
3358,437284
4418,666823
2359,317421
2307,328128
4871,722892
2863,407427
4442,588278
2800,304769
2094,289189
4865,707618
3552,381647
2553,351792
2403,316379
2122,206968
3241,442437
1898,288960
2305,304127
1926,193267
1096,150021
3849,569493
3025,359112
4587,586663
2896,364756
4409,585704
3008,377463
975,147494
3302,498256
4799,585321
2467,373169
3345,355582
1475,175330
2623,368233
2156,285372
3872,515823
4059,554963
1346,166633
2883,432031
2840,401857
2552,330618
2415,350176
2649,365435
3442,438775
2400,304405
4196,477852
4405,537149
4599,590242
1418,187716
1932,226936
2915,383991
3139,386071
3539,426190
2287,317648
2357,315149
2913,376087
1844,255907
3231,361463
2382,269376
2108,263598
1401,179957
2420,342344
900,108525
1037,125375
4825,706063
3718,422927
3342,485384
2803,364755
2337,276531
1554,176470
4168,530160
3058,427476
4465,579531
1340,192637
1069,153218
4260,605262
4208,600558
1305,159207
1929,273376
2879,466300
3945,570684
4042,501953
1161,140829
4520,595323
2256,319361
4867,645753
4995,566393
2481,350739
1852,266823
3309,386601
1481,213874
4732,623781
2929,402183
4816,662518
4102,550984
1519,188375
874,120174
2093,273536
2722,367313
4957,624123
1119,152102
2949,383349
2252,258903
2355,325116
3832,560258
1260,171561
1686,214867
4333,589835
4736,568802
1915,272010
1875,268896
4676,606118
2724,359649
1726,198488
3081,428017
1855,235241
1341,123574
2961,390750
3051,392425
1852,213207
3544,513433
4669,578028
4957,591534
2360,346556
4562,622016
1964,227102
3522,458263
3158,374333
1270,141529
2216,244532
2268,318788
1608,190370
971,112199
4926,625154
4942,834243
3199,439249
2445,348692
857,99488
1929,263732
2153,280386
1567,187648
4695,596433
1482,178821
4254,562709
2808,356760
3942,475794
2590,327898
2277,326284
1685,190308
4706,574354
2338,315954
2873,348138
1112,165676
1610,237235
3035,449628
3657,511403
3563,515404
2832,369174
2307,280347
3370,412443
2694,287538
3505,437281
1396,175407
2947,375575
1415,237488
1747,208098
4564,578304
2813,456602
4497,538194
1290,147781
3228,410400
1341,160427
2087,305505
2433,321782
3726,423258
2152,290066
2098,278842
4767,521518
3058,418000
2873,395010
1501,164822
2719,304050
3260,406681
1166,140699
1327,184381
4518,558013
4409,561531
4735,540370
2953,425904
2708,321188
3812,436562
3822,499824
4283,625766
3520,481517
2570,312335
4913,608835
2577,282848
1597,253718
4015,615402
4588,616287
3776,490193
4537,513171
2511,320936
1552,222506
3269,460731
4769,587736
2192,311288
3405,501748
1477,192776
905,130978
4087,632483
2746,435870
1895,229283
2582,352831
4057,570214
2797,362816
2361,350973
4806,628807
2475,316076
1922,211964
4781,500327
2101,262094
1743,150748
1745,259424
1400,200661
3500,491216
2217,325218
2324,292516
4566,608734
1050,130653
2344,343716
878,80534
3923,575239
1697,174257
1025,130081
2009,229540
2978,381059
3479,423422
3685,457782
3606,498384
1503,200457
3344,484838
3170,431992
4081,433250
1128,186428
920,92196
1764,237643
4475,631146
2876,386506
1132,143762
4168,634779
2116,310731
1996,258843
3970,489358
2229,262440
1155,137371
2326,300289
4697,493951
828,107556
1813,257533
3502,425685
1627,210953
2824,380141
1098,150718
2665,338450
4816,753270
2911,378579
1554,171031
1569,194896
4535,677856
2038,302227
3013,313964
2706,339698
2364,288612
2018,285923
2157,243587
4639,711621
2260,243970
4785,611989
2216,248033
3653,510881
2228,220856
3862,492130
3871,492134
1355,157938
1155,171262
2363,367577
4300,533014
1840,242770
3486,420902
3353,372365
2579,292032
875,99427
4119,612645
3149,429683
3573,413408
3062,358387
4029,463513
2916,296913
1192,164242
1908,244398
1410,219461
3575,353020
4798,684785
1472,212047
4477,653756
830,110958
2200,316450
4871,655570
1416,168181
3586,444598
1670,206380
4996,736695
4404,657038
2212,314586
3539,463324
1740,172500
1140,162283
3708,525515
4933,662368
1459,200160
2833,333796
2360,294644
4257,501009
2456,313557
3775,540412
1849,252538
1253,143261
2504,394331
3584,475223
1618,193980
812,101892
4779,581494
1720,229434
3218,354489
2114,284153
4477,638425
2817,394084
2028,271697
3234,448344
3668,498426
3315,482994
2238,282899
4964,577297
4343,588412
3975,581371
2581,320409
3063,471591
2769,375819
1011,145508
1307,147134
1131,160447
1350,184976
1741,281483
1527,210328
3662,511975
4043,475856
1448,195133
3537,520599
3547,442667
1809,215853
2350,376309
1603,201714
4880,700647
4201,516018
3961,488911
4955,635022
1327,183916
4098,604545
1823,221654
4534,665634
1232,162716
1976,251663
1200,166070
2904,439772
3850,530272
3033,361235
3245,428965
3635,503202
3313,401207
2573,345331
1896,226050
1728,241078
2751,418065
2773,357123
2354,332340
3578,520150
1794,221675
1412,192525
3393,499033
1395,215600
1641,206479
1658,187509
1244,172610
2588,345322
4254,554956
4752,580741
1830,262169
2095,253851
2863,343189
2247,287651
2845,409490
3650,400237
4624,530730
2868,337581
4561,728613
3075,412781
2608,298245
2111,270283
4855,687456
3251,520157
1889,201980
2472,281511
4475,559040
2803,351647
4998,625815
1924,246880
2021,324230
3660,406311
3073,406857
3790,524591
3310,358225
1036,156967
1944,248147
4053,461006
4582,701969
1566,219583
3481,424195
3465,488132
2559,347552
4291,458935
3615,391933
4313,582475
1295,133939
3980,577424
4730,516927
2872,413021
1137,172088
4749,652250
3908,291818
2617,384188
936,115550
3355,433251
1715,203828
4338,673395
2900,384717
3707,459327
3714,557439
2782,398362
4670,527773
4367,589590
1798,239681
2947,318036
1195,170175
4398,569824
1738,282020
2436,368192
3524,469860
3310,425960
2449,243257
4490,640431
4235,546205
4001,492077
4979,648876
3091,473828
1013,152425
4037,607279
4662,533456
858,131870
3730,457478
3771,532440
2327,324412
922,117910
4519,601990
2236,235566
1962,256795
4100,518521
4145,675412
3286,428604
1361,162341
4781,629790
2537,304242
1704,185253
4354,592929
2526,328671
3723,539453
4331,657619
4706,745147
1734,231395
874,122686
1094,146840
820,78074
4042,600398
1838,253988
1909,264184
4571,559085
1171,140936
1974,254606
1964,271756
1892,190553
2083,277107
2811,436625
1645,210609
2791,279955
1320,167863
4996,671575
1042,141338
3600,476355
3696,587822
3402,449449
3073,408336
2341,284345
3565,513947
2914,452999
3883,468204
2657,341080
1569,149254
2222,260975
1206,192405
3772,473542
2672,356457
3494,416032
3069,419585
1981,252343
2239,304871
3853,506937
4133,626770
3697,489954
3703,435048
1028,123829
4759,485280
2693,355155
2113,272675
1870,285548
1774,199410
2538,303381
4085,488945
1557,196487
3895,432678
1120,140920
3121,406605
1355,177141
2186,325933
3847,498395
3227,416917
2804,412684
2730,354807
2963,331153
4667,531279
3226,367700
4593,513125
3313,529994
4603,524361
3127,404555
1417,185378
2965,377585
4108,485991
1792,245195
2177,233245
3974,453087
2105,309072
3878,440301
3486,521028
3783,570264
3323,501910
4382,625128
2285,249773
2900,310087
4515,511120
2801,324115
2187,241660
3983,476931
1830,259024
2565,358495
2020,271559
4606,583940
3214,414528
2418,325259
2063,253545
1671,241726
1634,180197
3622,428654
1718,199486
2524,345444
3213,359844
2113,245623
2905,396142
3368,393946
1938,276307
1009,143500
1864,227281
3020,398381
1033,166199
1592,227785
3910,537281
2966,454621
1134,131027
2159,321340
2014,272563
1083,164461
1012,123633
2458,370881
4878,506655
2217,275709
3186,427207
2594,362776
904,89135
4693,522399
4645,528349
4490,520683
4092,485895
1178,156050
4093,622724
4129,513527
4238,649207
1024,134423
1537,194872
1035,150776
1511,192891
2688,317908
2059,308626
1548,200350
4786,750762
4351,542468
1309,144027
2623,310716
3741,448693
2934,377210
2577,304307
2022,224858
4467,559071
2577,338545
2104,286513
1501,194751
3789,570217
951,124506
2125,206646
2101,281025
4522,588362
2511,354122
1606,181814
3522,513936
2125,284758
4933,651323
1959,282246
3669,540786
2042,297990
1147,108756
2631,285892
2369,292342
4735,531112
2718,324992
4032,521062
4558,560405
3155,409010
2197,330419
3580,561024
2624,355813
3291,493732
4860,602721
1204,145236
2521,324890
3625,454262
4645,650926
3992,519825
864,131879
2099,276635
2215,264458
4393,539929
1768,214085
1168,164648
1032,132532
3042,400856
3883,529161
1720,237510
1488,217052
2269,306404
4422,511224
2900,355845
3065,376045
4589,546473
1623,236258
4231,540609
4951,656886
1597,215616
1579,210222
3650,491472
3692,613314
2693,377413
4106,477077
3702,498829
4518,594506
821,89625
2300,216746
1642,216950
2560,322047
4441,500795
991,120789
1195,150701
1673,202861
3421,458670
889,117909
3079,437159
1256,185080
3080,430161
1804,216065
1144,151608
3511,371896
3262,400819
1916,176077
1425,177712
2779,338954
4794,672914
2478,286189
1022,135480
1543,191831
1262,156013
2368,280531
4147,557789
2536,323554
4839,559573
4751,627027
1464,197047
2156,329687
1814,220006
2932,364109
3468,383671
1854,228574
2564,292537
3669,537731
2212,304621
1467,167016
4170,480983
2194,267048
898,134227
4870,588525
1221,155520
4450,680844
4957,675294
1932,209199
2502,256538
4420,580841
3990,656434
1397,210019
1191,161560
1875,265831
3450,493031
3184,335805
1609,214182
4109,615117
4538,732299
1959,269533
2331,255519
3482,482492
1053,145652
4348,621926
3985,542338
2031,320701
3223,428184
4375,572645
2373,299156
3708,487458
2425,325416
4798,632545
4683,663767
4315,426822
4203,537807
2758,379953
4809,645496
3535,392003
3974,548227
1201,157020
1774,250961
1023,141834
1035,139589
4298,558968
4034,541733
1025,137680
3077,461278
2141,374364
4836,550764
1009,91052
4527,552670
4728,547894
3603,513848
1909,290896
2826,401946
1193,149470
1643,231638
2324,344470
1403,196394
1381,190953
2739,351344
932,104126
3638,532779
4185,650420
4570,499662
3068,434091
1775,209395
2613,357977
4063,442902
2343,332027
3635,495860
3538,503834
2157,301356
4934,655233
2116,300099
961,118505
2709,375560
1927,234534
4670,650882
2458,312487
3925,539037
2763,347297
3089,389168
1766,223665
1689,185847
3861,552058
4429,578848
3989,441429
3548,432343
2466,298429
3866,525755
2241,284288
1867,268110
3723,417255
4656,635555
1626,220020
4785,591889
2892,387006
3979,515074
4701,696322
3162,415088
3024,444725
2526,359981
2806,312351
1066,137245
1637,233240
1486,198625
4161,546046
1156,152771
4615,641944
1671,207528
2773,348578
2610,372134
3441,458077
3028,385637
4191,547109
4978,685355
3150,408659
3539,468547
3530,368125
2118,283089
2335,299002
3243,466354
2572,332423
4009,610331
1677,233398
3670,436132
4000,445940
4944,636587
4547,593050
3636,380097
1092,141108
2451,306531
1336,177711
3486,558666
1033,108415
3452,497681
3174,435742
3072,376461
1766,230220
1689,242715
4663,613972
4200,424028
834,112981
4323,608800
2563,317297
4091,584835
3288,473932
3500,523546
2358,342019
3076,517316
4806,708835
1903,252242
2219,315138
2278,300639
4714,595259
4542,519539
3756,481559
2182,312976
3374,398032
4184,570228
2369,296035
2694,352327
3043,395410
2666,356476
828,136463
1505,185197
1820,237196
2863,365513
2246,243421
4464,641865
3787,448361
4402,666809
4485,534295
4168,569542
4381,687283
3562,490493
4837,590398
1372,161169
4888,478725
1414,177107
4850,531323
1125,146678
4540,564841
1158,153192
4577,519598
3171,389677
2521,349384
2149,290432
4496,463937
4696,668386
2396,274381
2427,260234
3302,418826
4608,766950
992,124138
3474,457250
4645,652320
3377,395416
891,120060
1280,150698
3716,514385
1875,255148
3313,446382
1598,211927
4749,760905
1404,187524
3779,521434
1397,189349
2332,268144
1313,155550
2677,304493
4772,564342
4643,568308
2499,317302
1829,231909
1516,210184
4886,734160
1465,215567
3008,403597
1879,220858
1027,149674
948,115409
1869,255149
2163,290316
2555,291470
1319,161065
4344,598155
3122,398704
1902,330347
1397,172281
4073,467899
4849,635668
3405,426192
2988,311564
1388,197833
2207,319726
4190,598359
4240,571579
2429,310851
1794,237864
2859,366419
3786,456199
1200,183729
3655,544502
3024,423067
4212,520613
856,118788
2675,338190
4568,574823
2153,279370
3210,438534
3402,421811
3734,477630
822,123101
3002,314885
2009,291817
3096,396367
1548,190552
1604,201235
933,121448
3237,465884
1233,163535
4471,548251
4536,636684
4839,622100
2898,399652
3717,498346
1052,120002
1929,267313
4064,428089
1101,141475
2777,318947
3563,357761
4805,642406
4041,575832
3857,499594
1350,201512
2387,310329
2622,347834
4017,471454
4296,595994
1512,208748
2975,368099
4872,539663
4649,500210
3233,469150
4101,461407
1070,163537
2594,306714
3262,409463
4194,723352
1879,230998
3678,424946
1403,175252
2385,255775
3857,485079
4785,627232
2195,318066
4488,617750
1399,184928
1313,213033
1866,259376
3686,558529
3453,495046
1888,284984
3314,487863
4769,679654
4084,568273
2996,456249
4983,603996
1589,189074
4275,453381
3953,544975
2464,363264
2109,241285
1664,198237
4663,706980
4163,584540
4324,604325
4586,624723
823,104372
3803,405702
1110,154158
2031,328970
4588,617036
3511,396206
1221,155062
2573,371156
4368,637875
1746,267772
1986,289768
2634,263497
2364,315455
2747,297694
2108,294102
3786,533761
1186,139581
1961,246091
4058,488402
4733,673561
3647,469801
2239,269498
4242,601431
855,118968
4124,586752
905,96724
4001,485285
1469,205948
1542,162012
1766,186275
1107,131721
2938,416019
4264,555043
909,125081
4432,510756
2715,312472
1356,204589
904,123277
2847,324206
945,94813
3563,387964
1673,190976
1098,121825
4038,522899
1445,202405
3878,498896
3311,407829
1583,213945
1170,146160
1286,134118
2837,377437
3996,543008
2160,319793
3061,440236
3421,416008
1756,222564
1180,154023
4449,592624
1038,158206
1905,245757
2186,267113
3352,498202
3049,452055
2327,333924
2467,261374
4932,647136
3491,441567
4472,610640
2796,326953
2225,316616
3612,488936
4047,579244
3392,402904
2290,306805
2024,287059
3387,310788
3864,540971
1632,203334
3240,420050
2446,363936
1240,181503
2329,282539
3765,394133
3167,408069
4086,596302
2104,315003
3834,378078
4488,623664
4773,653563
1985,281036
4062,528857
2907,300734
2640,325058
3547,412177
3933,450294
4220,598214
2265,288653
4909,667161
3011,439133
3604,375255
2343,360939
2489,390270
2371,245071
4079,572649
4341,693870
3823,416904
1618,181878
1924,273599
1929,264037
2502,333451
2801,353614
4678,619034
2606,240447
3747,419680
4009,514433
2952,290318
1344,171889
3201,415305
3164,376329
2089,250305
4565,521845
2675,328321
1582,214204
1339,182692
3582,520709
3468,442671
4737,648292
3756,406514
4522,601965
4667,591118
2633,362013
2946,370509
2970,369340
4191,493077
2416,350593
1716,207295
3556,561729
2736,301859
4842,714526
3891,378806
1768,225351
4164,504596
4003,546778
1689,240262
1592,253148
4258,519557
1781,211856
4331,620342
4329,553943
1601,192875
842,103833
4149,495148
2577,270488
4001,613934
1149,157787
2367,250522
1929,294163
3759,498656
4587,581744
2580,355898
1383,170757
4177,460582
4201,512164
3985,513676
2994,348808
1962,270029
1098,163813
4147,516386
2739,262034
1588,202482
3689,432526
2177,276013
2749,347995
4072,476752
1677,183617
4542,591305
2377,281630
3939,615100
3292,440125
3555,423029
2703,332169
2182,278701
3122,410447
3356,467309
2661,391630
2666,343739
4847,663207
3975,542176
1898,249551
2534,321527
4216,557028
1480,177899
2870,324266
2529,383549
2991,398503
1467,196722
2412,305726
1480,203459
1772,225578
3646,391006
2932,357648
3263,453439
3329,403129
3303,338587
3983,500262
4833,502824
3967,497359
3797,561123
4027,446691
2952,412452
2528,393666
2824,421044
1129,142915
3286,382069
1955,259278
2690,357315
2985,429316
3117,407602
4421,601434
3311,385286
1249,176227
2154,238790
2093,252389
3265,453876
3902,582819
2649,371542
3975,514818
3999,518481
2033,236605
2237,278413
4152,420443
4830,748092
1052,171731
818,82501
3559,386106
1022,153745
802,94819
2059,310449
3368,475927
2685,336126
2099,302613
3138,406216
1876,242359
4558,628681
3981,564829
1747,253376
4538,750249
3531,478342
4807,718132
1669,248640
893,125265
3787,462344
2575,377118
3060,418264
1235,136676
3944,572689
4387,463298
876,122389
1615,196575
1567,207547
4485,489260
905,107822
4716,576049
3673,469099
4146,501993
3948,533839
3948,541486
2265,279279
3387,442293
1044,144044
3425,329936
4649,635204
2205,265425
1781,160367
4608,571957
941,108105
1692,208050
3199,438281
3760,536767
2999,447883
2269,340941
3500,400581
3805,563710
4174,466027
1455,212241
3568,494402
842,111615
3111,363072
2460,363989
3024,347414
2910,377314
1757,230200
1360,142164
2130,281660
2112,239858
2621,397376
3802,648460
4203,500127
3451,428286
2614,346343
2541,251791
4608,712634
3677,460431
4070,504693
4883,685305
1545,202819
1357,179758
4101,585022
1741,223064
4823,545713
3096,459322
1739,210797
2410,294113
2525,336989
1784,196967
2387,318876
4821,695252
2136,328300
3937,555519
1461,213445
832,100178
4214,599991
1956,248672
3926,578659
860,113122
4728,691061
2343,310258
1071,126901
4876,636774
4188,523662
3552,530876
3509,384792
1954,204858
4653,625283
2545,318507
4232,477431
1137,147210
809,108401
4944,733828
1530,156379
2448,325049
4454,688672
2930,450955
3196,419908
2306,279339
2958,372582
3716,428187
4971,613315
4029,528501
4403,603469
2466,352147
4936,633491
3769,479536
3489,499438
3126,390291
3610,507134
3316,348915
4271,585153
812,131298
3770,437706
4421,669766
4483,629454
4273,611548
3922,549250
4264,513689
1452,160370
1420,194706
4590,588245
2445,266794
3043,374871
4291,489990
4511,716199
4488,640110
2179,251306
2845,391250
3848,433371
2188,224773
1201,143548
3453,441087
4723,641096
1067,152632
2525,314694
1912,267882
3475,368477
2080,316144
2032,216529
2663,326462
1416,169118
946,102585
4477,604245
1088,169299
2209,227065
813,77736
1056,123423
2521,318835
2223,314555
3790,465414
1995,204188
2044,305060
4023,467792
4270,595488
4967,560908
4769,606852
2106,285018
2921,342219
3202,436666
1296,161509
4199,517108
4406,672481
1709,231270
1172,160950
2144,302406
1123,155690
3231,437318
3584,532607
3193,370197
4720,624089
2015,252588
2495,329628
2707,323552
1580,166942
1819,258301
4065,675565
2203,321954
2226,318336
1463,195787
3447,440101
810,104139
1838,235959
3625,436022
3803,399990
1875,249342
3888,489189
2589,380813
3836,541228
4453,443192
3975,618933
1876,229359
1773,220888
2665,279402
3925,525940
2099,285815
4206,654912
1958,279533
3929,481084
904,93480
4367,529970
1981,288550
3938,488461
4334,492303
4996,662159
3927,490803
2574,316995
4614,548029
891,117286
1246,181150
908,125043
4039,408303
4853,743802
2045,288899
3520,473644
1077,146867
3856,535093
3722,505588
3313,382917
1638,225410
3601,476933
829,112967
2057,247792
1164,170380
2600,316127
1704,220287
2978,364455
3650,419883
3636,511712
979,119912
4673,617745
4760,519567
1986,204025
4759,742196
1573,241922
1152,139315
3828,523798
917,113076
1281,179355
3437,391039
906,101778
1043,135928
3432,465841
1665,199011
3781,417544
2361,351496
1403,172617
3862,475750
4818,715422
2815,460600
2458,331617
4180,598551
4567,515739
4570,644200
2413,344615
2679,309796
4908,598676
3146,466703
1899,239003
1874,283648
1586,206640
948,122824
2554,369421
2969,477384
4556,637367
1979,262458
4109,612230
3223,483565
4977,686923
1724,233904
2403,337666
3852,418129
3177,363116
4280,571857
3982,471650
3617,472182
3960,526889
1511,174173
3386,470468
3448,349812
2517,315064
1670,178703
4374,547478
1070,154447
2343,278516
1349,134422
4814,608910
2512,295268
4040,525298
2162,273420
2084,276406
1686,248837
3058,380244
2585,339405
4343,543542
1095,158940
2853,377604
3397,468082
1480,209272
1124,113338
3091,438315
1786,242373
3918,469701
1560,232948
4493,650613
1836,233449
1706,168812
1164,150318
4213,484581
1869,181425
3055,423801
4486,685929
3881,499057
4058,543319
2907,436460
3733,495249
3629,438612
1241,119841
2359,335509
2541,346258
1425,205075
4663,434983
2490,401263
3581,423061
890,130285
3806,386322
1888,223498
1980,241239
2701,309730
986,116012
2397,369862
4208,525609
4547,736320
3470,506041
1039,103827
3380,422048
938,116506
3306,382835
4965,736294
3045,435220
2549,413846
1367,168308
1681,229581
1439,179464
4761,590486
3135,445695
3785,617024
1359,196742
1513,216607
4788,618213
1056,150706
1376,203191
837,98028
2872,375150
1260,157673
2240,269948
2632,380976
4199,531040
1232,168921
4951,679461
2551,321310
2847,307957
3640,454053
1056,145647
1471,197903
1289,129848
4514,641756
2896,352435
2482,343980
3260,463649
4712,645799
2775,439095
4016,582282
2189,269680
4656,580732
2384,307228
3763,469350
1776,240724
4164,470499
845,127369
1993,260329
4142,622531
1046,117409
4019,451332
1591,232588
1436,172736
4575,526342
3221,474972
1888,222440
4983,646387
3959,482513
1512,213744
4444,592826
4690,673808
3386,379287
2908,388555
4414,579881
2042,242519
2859,327253
4286,551575
4610,579179
4700,694182
3405,484826
3834,458957
4851,611932
4163,575347
4821,674237
2645,391008
1182,152528
4912,650289
4610,476205
2696,305583
2309,331726
2378,270193
1679,176069
2962,419215
2372,294316
2448,289051
2159,232772
3769,406760
4760,586913
4611,589659
880,130818
3532,452110
3509,439284
3222,404874
4441,427271
1467,179926
3296,459855
4299,564479
4298,608754
2244,328138
2145,225916
1989,239165
1258,182486
2012,264725
1711,218593
1825,265546
3211,379297
871,103672
3485,411378
1993,219344
2648,335435
3184,422535
2822,322665
4541,583030
2098,253923
4902,631614
1704,258439
3826,502320
2828,372136
3420,549145
3446,421753
3089,429962
4672,570132
2285,323981
3951,460007
2240,279949
1565,190277
3238,370253
4892,479929
1949,265281
4365,525752
4942,622324
2772,354975
3466,374369
1263,156744
2981,307638
2442,300624
4688,714793
1640,199967
3454,389565
4918,603180
1365,209562
1764,217434
3082,329009
1795,184194
1987,246233
4054,576470
1456,198911
3782,553939
1913,266706
1356,176508
3819,345201
3104,467998
3380,365541
851,140124
2161,256073
1994,237522
4819,587955
3938,512749
2448,267904
1471,171706
1577,227115
3079,462205
3822,433497
2660,359108
3939,481143
1874,257734
2516,293210
2083,293633
2786,356610
3433,420939
1801,233122
1846,279975
2976,382661
3138,421354
2655,348729
1300,170837
3033,449702
3339,475757
4514,494727
3132,432935
1400,215856
1788,226197
2681,382901
2554,226087
3264,377018
3023,501587
2294,324483
1652,220168
1251,197169
3124,354070
2558,381239
4153,486472
4936,648687
4138,437085
3388,420944
2582,386925
4320,528513
2579,354344
3932,482451
4373,596739
4018,567228
4557,546059
4816,563564
3637,450866
3181,393297
4736,471893
2219,299618
4950,671836
2130,219496
3717,529986
2246,278511
2240,302230
4544,573802
3644,491542
4975,655493
1664,238231
1271,165266
2302,325295
2210,334531
4570,588477
2705,340962
4801,664646
4304,426481
4283,500633
1398,162675
1791,247663
2732,361311
3584,534093
3841,568937
866,87105
4198,439536
3550,463558
1269,135524
2524,253450
4785,569083
2431,239999
1574,180356
3812,536237
3303,405310
2286,348537
4819,585400
1729,239114
3812,465286
2305,292179
3744,464690
3619,500661
1984,279480
1088,175083
2611,340012
1327,183414
1716,196650
2508,351910
4374,570275
4119,370981
2206,258031
2041,201844
3933,467728
1598,215088
2323,291580
4907,683255
3688,349577
3490,503867
4891,653847
2041,226602
1490,193142
1327,216122
2295,348790
4625,717631
3693,468296
1692,248803
1186,177488
2049,234286
3328,497069
4328,631725
1697,203482
1510,198417
4495,675926
3486,450148
1215,174050
2271,279170
4980,565606
3231,361916
3315,416964
1895,258808
1609,166759
3844,610787
1792,261661
2081,286568
2573,365975
4361,524561
4616,497891
2556,347993
3173,462186
3376,413874
1691,195880
4984,607400
1507,206786
3197,444476
2934,461078
3154,431136
1776,208687
1534,192577
3268,373505
3340,489653
1432,162205
4899,595312
3701,507856
2463,379128
2815,486552
3981,437489
4863,678699
3430,444716
4672,589889
1854,233153
1180,131546
3882,601717
3191,315225
2392,305663
3547,540777
3189,425432
4353,522123
3827,461359
2007,287381
4653,583548
1344,174074
3881,540751
4463,642461
3039,369629
3167,346835
4573,525698
3427,516499
4731,619889
3274,364272
3930,455878
4307,635143
896,117646
4658,488525
3508,398045
4136,609203
1256,152582
3787,611304
4888,775881
4684,713576
1831,251713
1007,146514
2737,353518
1946,252108
3364,376763
1242,160629
1632,181105
2261,294141
4316,482676
1959,229148
1186,108728
2841,335976
3353,399691
2518,315669
4850,717118
4209,543840
1489,214299
1969,284580
1752,264816
4296,500099
4717,529582
3284,421181
2654,303524
4239,536461
4031,466616
3397,379488
4783,647288
2991,472508
3435,433656
1456,195335
4612,604055
4140,536058
4711,713407
2596,326708
2562,208593
4085,477291
2385,313867
4363,560192
3240,410042
3900,477155
4044,530935
1840,295921
3927,491289
3073,499211
4429,607106
2914,349520
2477,354220
3894,364013
1798,233327
3084,424906
2389,329601
1961,273669
3320,467691
4655,625905
1494,210419
4598,559131
4483,661894
2771,341107
2303,339356
4049,525149
4042,538686
2668,382143
2471,377069
1882,245805
2528,336835
4651,424433
2942,344096
1948,209087
1053,130487
4902,588150
4342,512918
3575,409329
4133,569859
4984,514079
4079,463516
3681,480360
1065,153940
3140,364388
3948,575442
4159,370244
1804,234577
2894,389507
4071,468879
1009,111344
1687,222516
953,123379
4393,517614
1214,152561
4224,510984
2084,310018
3948,553508
1568,208397
1782,282104
4002,582379
4326,643100
3587,551380
3010,384256
1838,205365
4732,488542
1341,189198
1158,133751
1649,296657
3344,392473
2631,301977
2272,321865
2236,317459
1129,177200
4808,607035
2188,322514
4985,635904
1519,209908
4035,511621
2931,465174
1900,311627
1472,165089
1316,196288
3332,386668
4470,659014
1581,244423
4323,499618
4358,486643
3186,390516
2389,352422
2301,315548
4594,580112
3880,546365
1876,235664
1900,250755
1302,179904
2139,293391
4685,727848
1423,159327
2686,387325
4150,480965
1850,229263
4572,583417
4716,583130
4818,529139
2129,262375
4914,658892
4167,533323
4751,722573
3297,423277
2373,309019
3434,455815
3568,456726
2011,275841
1575,192510
1960,220520
3183,410367
3454,468951
4340,574816
1895,221090
823,108970
4356,610628
1879,249976
978,116724
3647,478303
2760,429288
2273,260101
2012,294633
1609,155042
1219,148501
4459,550884
4616,674928
2078,325392
3323,487447
2240,308389
2140,312315
3021,331440
3192,457756
2161,245205
1391,165407
1326,180249
3303,368161
2092,310426
2454,319072
987,109042
3558,543106
1328,167402
1233,157262
4312,546302
2604,224576
1102,164056
4982,649754
1237,163651
3388,475046
1632,204971
1596,180633
1359,157694
4388,627912
1561,202651
4374,634618
4585,677328
3314,474923
1484,220888
1377,164306
1027,142782
3128,384711
3531,401069
1627,222757
1230,173814
1863,232569
2509,327962
2034,285868
1101,133023
2220,315594
1568,182519
2204,300001
1243,139047
3904,586340
4105,575822
2338,374452
4730,548604
2131,298307
869,112717
4235,457407
1280,168521
4894,677971
4296,685437
3593,439900
3692,506233
1998,268936
3172,404082
2692,345912
2683,378832
1597,205199
817,103327
843,103183
954,102533
4248,611737
4880,596547
2225,330402
4439,661033
4926,817583
2692,367910
1697,234872
4224,587905
2058,275571
2815,415776
2502,322160
1673,231346
1365,175227
2818,310916
2685,379029
2923,259423
3114,430479
4683,685168
3992,554168
2659,314191
824,126232
4303,676513
1937,271148
1989,313908
4896,792167
3957,476327
3167,368434
2541,358656
4488,371995
4546,575874
1697,203833
4823,613308
1516,169172
4767,608796
4821,670547
4015,625882
1190,163064
4684,484241
2499,327320
3837,580488
1032,130951
2726,382407
3931,582544
4106,544398
3524,477089
1033,143426
2191,271167
3692,468640
2055,240086
3338,409646
4490,638336
1689,233227
1545,174585
2519,291518
1227,148784
1531,166651
1599,214014
1635,197217
934,128649
3338,484805
4518,473959
840,101328
4167,445111
3215,329338
2840,392396
3749,499246
4266,518371
3888,450017
1915,217887
3390,449675
4373,553274
3778,440351
3247,442444
2030,272504
3466,400117
3394,417075
4230,604506
3717,524936
3752,450829
2795,433008
4691,597496
1106,156860
2162,246965
2902,370633
3830,445295
1132,119083
3552,459499
1042,130333
2684,392080
2232,270824
3350,449006
1102,136551
3909,451111
2986,424303
2350,283851
2592,320079
1446,162227
1512,158263
1337,182898
1034,132882
3196,459499
2304,317109
2174,242022
2709,352300
1715,222037
4758,690697
880,130676
2883,300018
3488,510920
2490,359711
1556,183333
3470,448728
4551,448055
4352,562477
1267,144758
2294,316144
1819,247746
1701,218729
1472,195701
1238,146272
2876,325198
1244,201173
1765,256574
4590,605705
1263,160134
2998,497795
3087,478805
4565,573951
3976,458992
4808,628822
4304,535113
1712,198237
1296,195151
2263,311989
1293,160190
2226,275319
2492,324440
2593,318186
3523,427737
1458,234456
1349,156916
1442,139624
1007,140793
3297,483822
4990,660238
2683,283950
3686,471665
1277,156265
1561,234238
989,116032
1555,207525
2246,312126
2463,288506
2635,319033
4950,675671
4860,398232
4412,663694
2489,285809
2116,276484
3986,437305
4820,721918
1945,252865
1360,181163
2712,375315
2664,389871
1096,124088
3209,404197
3436,511751
2261,279037
3068,461745
1794,238765
807,99777
3391,476098
3315,423307
2217,316482
3116,382691
4732,675970
2087,285006
3644,455211
1918,196890
1352,185463
1460,213344
1515,201318
4385,422413
4561,670900
3329,452645
4770,664301
4207,541888
2258,228104
4067,564124
1654,209574
4337,516255
2697,421125
1072,148825
4887,651362
2072,242545
4819,555053
1615,222108
1722,172327
2064,285373
4524,629681
3587,540294
3522,509732
3350,492787
3749,453771
2473,267122
3892,516212
3638,497143
2466,357989
2995,456141
2184,245777
4754,679125
3699,356365
860,115350
4747,666946
3090,330942
1272,177264
1758,200458
1332,165289
1293,184763
881,110331
3770,471264
811,109315
1561,221618
3985,517986
825,126821
2606,325660
4957,736063
4459,615098
2325,325686
1560,175639
1394,206652
1855,244491
2654,437072
3883,519767
4716,611653
4475,547244
2848,370446
2258,341339
2019,286176
4981,669555
2299,328382
2630,324447
4195,512690
2003,241550
3610,522803
3892,569481
3844,453661
4314,517123
2598,332447
3375,386960
944,126053
4726,716171
2177,295026
3946,573776
2625,289248
1593,195062
2401,243821
1910,246513
4853,789730
4737,741627
4763,646794
1582,207576
1916,262887
2550,286414
3376,451232
4827,472246
4136,379061
2287,285426
4675,774212
4431,686779
4992,734693
4758,619775
4197,643773
873,106783
2159,242337
1891,229650
2741,290275
3948,647453
2044,282369
2085,243819
3836,494122
1570,201501
2643,400472
873,142799
2460,359844
1619,228496
4618,622466
1131,148995
2221,291798
4455,586760
2491,316436
1027,126600
3681,419995
3665,463544
3375,372363
1264,153639
1077,138232
4914,657987
865,115598
1202,165174
4783,651129
4278,671229
4244,657259
3839,476928
2237,321646
1228,156407
3482,365356
3577,500690
4178,510069
1192,142817
1141,138347
932,110611
1064,167566
4988,558266
2485,317320
2234,233840
2460,292802
4617,509234
3154,434458
1065,114108
1936,293235
2190,241523
1912,218761
3034,425116
3666,579875
3868,477506
2979,413828
1434,163950
4431,542080
2199,282286
3539,416133
3970,584009
2665,378511
2755,336181
3018,281334
2189,260735
3930,585118
4914,629618
2049,297827
3966,613836
2045,284464
853,125351
3710,450624
3196,471245
1242,157518
4411,522699
3207,518632
1622,210372
4502,537140
3739,509909
1831,208209
2816,313041
1362,172773
3338,361834
1140,140086
4575,504730
3096,448006
1034,160547
1916,209142
2708,438625
2217,313500
2091,279451
4288,459494
4454,469356
1328,171921
4124,525439
2780,349108
3739,488801
2129,253954
2033,257462
2553,331720
3600,606839
3733,358196
3559,482707
3575,469275
4287,558624
4650,630059
3327,531469
1690,228453
2865,308217
1988,269153
1540,196509
2169,261912
2189,290710
2800,359046
2271,287493
2336,300103
1118,125635
3064,431266
2694,344654
4511,604330
3622,423836
2075,234908
3883,483142
1200,155478
1523,188601
3129,410799
1935,189070
3570,571400
1067,126447
1369,154175
3356,493843
2773,312120
1345,178924
3622,407674
1070,134222
1538,193217
2057,244257
858,122802
4981,753407
1189,140919
1518,200316
920,101383
3452,454236
3103,441605
3711,488700
1599,194281
4180,527346
2906,356785
1909,242132
2050,246427
3440,456127
2449,274293
2145,189151
3756,548309
3246,419143
4164,548713
1284,152491
1602,197917
2515,286736
2715,400895
4283,524547
2557,273161
2609,365613
3807,559730
4025,512228
4295,655614
3120,419377
2470,316460
1951,250938
3023,415623
3467,506754
1010,139182
3294,441103
3307,433432
3763,528776
4228,509217
4175,448273
4755,631380
4505,517264
4205,452489
4838,746417
1852,148449
1513,210858
3688,419972
1487,175408
1129,154086
2546,419875
2007,282017
2942,337462
1584,204839
3496,439353
4620,456921
4518,591252
3493,418832
1425,201051
4508,565196
1561,239142
4779,646537
4329,576627
2355,375572
4433,596258
1475,228119
4987,563732
836,83381
4636,618285
2587,382896
3527,397842
4680,577557
2694,282485
936,121238
3876,503178
4683,651588
1461,178940
2610,328918
1214,169259
1142,152156
3529,480206
4250,606847
4465,629544
4537,733413
4697,641955
2969,405921
2678,335921
4770,624593
3417,378427
2315,279475
1374,201873
3667,391410
4344,655696
871,109307
3368,391929
4237,533242
3780,524882
1917,251743
3186,505497
4308,588166
2159,297201
2315,319687
839,110809
2182,275644
2830,372238
3421,456476
2700,348814
3017,449060
2083,306822
1383,155229
1258,181823
3065,397570
3466,434729
1615,227137
3311,444577
1046,121914
1216,172798
4517,581374
907,128661
3431,445287
1638,232697
2221,320286
4712,697081
1055,127488
3627,570938
1637,209326
3762,421500
3082,409098
1352,172124
980,118823
2277,297774
1370,193551
2527,341218
1391,208661
3060,392235
3747,511008
1147,153398
965,152374
3696,424212
1382,167942
4306,694240
3838,486159
3645,387867
3566,569737
4994,576481
2065,271495
3767,550599
3074,441159
3270,382140
3090,512295
3377,465710
4460,576992
1868,214881
3536,485212
2750,419406
891,112037
3893,403872
3019,360569
2187,273405
3085,330491
4006,552258
3724,525158
1079,128686
2418,344933
3587,417063
1170,128736
3983,454766
4634,544869
2503,355005
3068,424463
1103,128247
4574,548434
2148,336258
3222,458410
4428,481941
3228,483870
3833,628019
1468,190271
1299,162962
2214,273652
1329,166584
4421,625686
4256,512885
1554,219857
3147,409134
1526,184880
3449,466891
2846,360769
3615,435327
1674,216898
4079,529349
3784,464837
2978,350730
4607,605120
1407,187272
1434,195022
3527,477978
1874,280710
2714,308540
1388,213466
4031,443138
3104,461619
4638,637832
2773,339028
2855,267495
4280,460419
2879,346895
3852,526519
2051,250193
4595,594676
4622,570589
4189,555156
2580,281843
3404,429039
4488,618867
2524,423779
3584,511223
4519,574917
2477,298276
1248,170801
881,103454
2206,291552
2280,307231
1879,238708
4398,635864
4983,640763
4480,552164
3503,428591
4556,504031
2558,277987
3399,472419
3350,509789
4653,754845
3546,520421
3092,426106
2301,309751
1030,154139
1998,248689
914,143512
2213,286370
1792,239927
3147,410275
1841,270403
811,105288
4476,609059
3865,431764
2836,360444
3846,560386
3150,369576
1340,173660
3660,473607
876,106200
3867,561772
823,113099
1475,211708
3194,465596
4198,547693
3559,546695
1288,143937
2285,291904
4459,589632
4035,419279
3219,486785
4295,502398
1556,203868
3324,469755
1056,173999
2579,270862
2915,405026
4148,522071
2272,317442
1058,152417
4875,664333
1106,145096
1918,218930
3817,439758
3580,508659
2458,287862
986,134471
2597,388339
1724,190560
1584,236947
4244,632670
3996,540013
2160,260863
1140,157300
1362,173423
3799,453519
1993,263222
3910,456937
868,97442
3228,393335
4398,458212
3172,469401
1643,226324
1373,160767
3396,415515
2278,322066
2873,428354
2313,304410
1768,222996
2996,316056
2311,289287
1454,164197
3792,426552
1092,162157
3401,436157
2388,315481
1395,189857
3393,432025
2923,382963
2743,357389
1715,211980
4669,626153
3594,462455
3878,509282
1775,230860
1875,298750
3789,548823
4267,604370
2251,308501
4623,630538
4732,595131
2828,415180
1162,156799
3229,448041
4432,556628
3118,364613
3885,571223
3145,414945
4398,540135
2531,342045
826,106079
892,136698
3464,431817
1108,151458
851,124505
1118,156339
2792,385666
4691,574170
4756,626622
3492,478127
3818,506047
2824,429890
2325,296468
2078,271181
1313,221564
2533,360835
4170,481543
4721,648992
3300,468257
4264,503075
3059,383859
3459,387859
1055,141797
2302,243265
2910,343890
1206,131759
3649,492352
3976,496679
2660,361648
1522,155960
2082,246260
1413,200430
4131,465769
3916,569148
2778,354796
1612,189326
2586,306192
1130,150532
3012,490720
2016,344266
4137,454950
3175,444787
2040,316199
1119,124568
2714,327389
1129,151692
1459,190564
4488,490237
3918,553286
2772,378429
2593,373704
4018,554483
3333,459664
3257,424823
3900,577709
3533,388962
4955,562528
1019,149232
3618,454986
2706,314943
3411,486637
3393,475465
895,89645
1788,250734
1912,230464
3078,422791
1045,134620
2958,411782
4149,538687
3525,392299
4877,516257
3466,380573
3999,453089
3554,485390
2217,320141
1454,182230
3242,377876
910,118716
889,89252
1562,217569
3972,512099
2979,390564
3304,402924
2264,273133
897,94417
1092,156175
2639,293180
2534,302021
3419,395860
2996,426907
4266,517189
2706,390884
2521,349773
4491,520215
2616,336110
1052,109988
4319,587351
2707,325297
2710,309367
3321,418092
4649,572009
1858,249417
4338,687567
3122,467794
986,110525
1748,267494
3090,403869
1009,92679
2893,366231
4338,462557
2363,291662
825,130868
974,107474
2134,234530
1121,144075
4950,582788
4847,611527
4027,530075
2672,288015
2867,382531
1132,134235
3791,553798
1710,199893
1749,208710
2875,333591
3314,410225
4131,447724
3829,527758
900,109882
3200,454970
4171,545895
3143,489312
1152,145299
3755,467999
1818,252390
1979,195631
4336,532479
4450,572699
3302,465140
4619,664931
1779,261133
1776,223019
2171,258238
3080,403119
907,114289
1772,185840
2426,321347
1503,174763
1674,211900
4609,579219
3211,520577
2907,417131
4353,607741
2073,299713
1359,169616
916,101988
3846,375317
843,116429
1308,180909
4239,502749
4728,569454
1716,202459
3745,441959
1598,195649
2560,345706
3133,457201
4075,528299
1618,241074
2968,491415
4535,616721
3865,498881
4059,386035
1706,237237
4908,642640
1402,184101
3433,434820
2591,319932
4327,497668
2611,371057
4711,421004
1640,224107
3942,422834
2890,431147
1836,229517
1524,210909
1787,237439
1602,236968
3382,533255
4637,683451
1326,184684
2465,309957
1938,266049
1259,183094
3352,416350
3608,472735
3698,438446
4043,578165
4868,669446
3131,347363
4485,605782
1431,181834
3256,429491
1781,212824
2356,352842
3005,361123
4755,769753
1721,227595
1204,151218
2420,330896
3752,505157
3918,625682
2394,327905
1365,139481
3668,441937
1657,235550
2084,265487
1384,169496
2045,245284
851,98886
2963,396505
1337,160471
1340,201230
1614,189752
2215,244678
3638,471901
2452,243889
3465,325392
4862,677614
3156,412868
4610,455030
1663,218455
985,123739
2351,251912
3007,423891
1561,238485
2079,330300
4494,606254
4081,531902
2336,365847
3964,530323
3570,445857
2763,332004
4645,642431
4235,446582
1361,200602
3221,351536
2935,344226
2861,385198
2980,465428
2760,347679
4679,534518
4079,595581
4684,577940
4070,426585
1382,192224
2413,305646
1901,240172
1088,153468
4659,663512
3860,458286
3726,491217
4902,522678
1983,250141
2246,262415
2549,323329
2703,334780
3975,505906
1877,196951
3177,350202
1647,208754
3676,560282
2039,287458
2132,291039
4306,521319
3179,368229
4922,685979
4037,454264
3165,488925
3212,415468
3974,636709
1172,182305
2749,374742
1044,141697
2640,317657
4227,633333
924,114834
3553,371906
2719,400532
2435,336483
2225,272063
2340,313499
1330,173552
3903,593932
2601,298843
1836,279714
4528,678983
4811,579209
4263,581083
1942,268416
2555,446306
2429,287324
1562,157945
4757,474977
1357,180708
1639,238263
802,93558
1851,235319
2204,271879
956,107888
2737,380578
1310,135977
4204,586758
1937,239309
4714,682440
4121,546395
1514,161614
3086,415654
3454,429179
1790,262047
2960,417098
2944,433229
2863,357362
3403,395628
2777,360402
1175,165670
1541,178172
3467,466766
2040,276705
4270,643191
3167,362196
3043,418068
4349,533279
1217,144424
1406,223745
1367,186841
1343,205551
1683,199930
2023,313866
3693,457510
2868,407041
4509,522244
2586,294561
2257,292510
2714,415878
877,130635
4413,583044
2108,263823
1447,195021
2987,341171
1352,178599
1081,141297
2081,272145
2646,362414
3287,466361
3593,338274
4511,530207
4999,600713
3576,456386
2396,308955
1279,178436
4112,554421
4018,594558
2763,346750
2942,352488
4698,600880
2872,374643
2095,275474
1738,219267
1561,228354
2469,357460
4662,682113
3485,401471
4699,661946
2731,420810
4739,695643
1926,235540
4097,512218
2003,213225
4935,736738
4572,527380
1319,161989
3083,426635
1282,169439
3277,443927
3893,472436
1142,126897
2262,301393
2002,233820
2421,333629
3198,372967
4396,561624
4335,675131
3677,490052
3190,376425
4151,570706
3713,474789
1989,235041
3140,409346
4380,650879
2403,334160
4097,521426
1397,156195
1444,203625
3702,507802
1563,165058
2442,263193
3097,475670
2972,400628
2960,322979
4549,668943
3722,551779
1379,164587
4604,534802
3168,415618
4732,626524
4160,530928
1900,216432
2470,308069
3020,373378
1016,109404
1175,170226
2409,274816
4906,733888
4639,613742
3739,450063
4862,660326
2413,308877
4479,671236
2096,339164
4796,651716
1955,248907
3166,487698
3691,468493
2772,338455
1584,235158
1881,268218
2833,346443
2414,325223
3216,401490
4453,619249
1296,178284
1304,144517
4186,546778
3008,324097
4016,436377
4466,547513
2208,267271
4877,508934
2277,255481
3197,341689
909,108064
4354,600384
1449,220465
2299,335347
1395,190430
1778,241205
1530,196469
856,109997
3043,458787
2501,348333
2086,277415
911,94442
2001,281994
1747,246536
4921,593972
1557,207696
4188,536045
2641,322007
4335,590225
3093,351940
1904,305750
1461,201571
1708,219227
2656,383481
3111,441003
1589,188817
971,118873
2786,266591
2685,305871
1275,178503
1849,245452
4929,604302
3111,420624
1961,239284
1615,174803
4566,528737
3722,611992
1553,198350
1261,162144
4039,556772
3502,506677
880,111417
3604,528495
1669,211457
1606,208525
2734,335654
1503,212723
3323,363118
3439,458880
4709,654002
1964,285522
1419,196097
3866,449232
1246,172765
3137,442634
1008,140853
3260,412092
4242,541754
3511,508873
3137,407908
2091,241907
2998,371328
2200,335219
3455,379514
4812,719414
1504,196064
1625,178938
1804,255955
4260,508328
1176,154534
1772,181523
3876,582098
1243,156106
1554,187720
4404,585160
2971,425685
3505,445722
4265,609068
3511,455073
3207,421150
1422,167781
2523,367979
4122,577309
2719,375861
1718,250833
1381,157793
4681,613527
2486,364524
4709,609690
2799,370069
3511,462702
1200,164512
4448,449902
3428,451761
2456,333904
1420,192964
1046,161087
4139,501760
3810,589472
3168,394600
4794,526207
2639,402666
3703,539861
4491,592998
4641,562571
2192,278098
4550,608932
3808,574303
4138,456243
4314,547210
1559,196511
3568,437904
3888,467660
2915,449226
2523,297640
3766,497191
1229,138018
3155,451229
3259,399571
4992,483953
2518,364104
2065,251272
2108,315474
1850,270722
4273,548358
3049,414486
3609,474292
3721,405533
4841,732688
3217,405862
1332,173631
1698,221705
3454,437308
2269,316739
3720,478171
2052,250969
1569,194215
1633,253017
3009,393844
4224,652072
1891,218705
1996,240150
4714,578651
2460,316769
1060,126438
3064,392423
1985,264041
3249,471355
4333,476004
4144,596461
1666,235040
892,102925
3978,470092
2151,291197
1164,140319
4518,680251
2724,353849
3895,435673
3338,378009
2096,225633
3076,395042
802,103570
4292,590971
2553,380251
1710,222611
1106,164803
4815,573294
2238,241521
1672,237253
1941,273429
1465,196013
1008,141340
1751,166995
1857,228333
4808,705730
2668,336512
1571,219557
4830,816463
1321,191986
4155,517704
2200,227711
4538,638669
4523,450713
4047,478164
2658,316024
4864,623512
3198,428931
942,110268
3651,532279
4269,645787
4495,568018
1517,221600
1442,172531
4240,485302
3348,489508
4493,602028
1169,158851
4450,701361
1586,222033
1749,290393
1321,173575
3743,571456
1154,149135
3135,353295
2282,325142
2447,316757
3845,619476
3015,417449
1227,177027
3337,355304
1344,189336
3564,459545
4565,540307
1458,220257
3627,401179
2858,386761
4127,498486
1530,205176
2632,331117
1208,153767
4979,651579
4047,467881
933,135665
1466,205220
1076,123936
4107,620863
1681,237718
2860,376173
2882,313220
2037,245092
3252,330699
958,127125
3396,484614
4615,549872
3326,432673
910,131848
1341,161786
1938,268148
4083,659682
4410,621997
4357,499020
3219,417256
2556,360036
3886,534314
3106,353803
1775,242423
1522,193013
3370,415086
1124,155446
2329,364385
2745,326139
3230,441831
4911,632495
4310,599731
1645,216492
1367,165869
4488,541951
2979,407886
2819,371977
4119,573843
3120,330902
2446,358077
4803,726374
4709,622900
4220,590411
3331,481805
1156,147147
3881,518036
3080,422823
4931,602322
3260,430516
3587,357651
1997,240891
2078,315798
1265,171781
4800,566669
4148,462472
2287,383845
1125,134410
2565,314305
4962,689657
1103,129643
2240,303843
948,123642
3834,430973
3431,448606
895,120729
4255,485676
3169,436733
4267,599322
1328,152269
3110,426942
2463,328682
4164,519854
3141,396118
1492,202790
1751,212118
2160,299537
1338,157843
1619,192766
3962,438652
4725,492352
1071,141658
1828,184017
4465,602356
2042,262861
1941,307244
1392,193641
2405,331060
4177,500847
4871,591998
4494,555861
3150,407827
2240,271575
4426,613258
2682,332994
4511,661897
984,115790
1020,144016
3988,633916
1893,296296
3745,438567
3274,482216
3415,330151
2812,299919
3290,457344
1400,191187
1960,272495
3535,433759
3018,341827
1952,200828
856,100217
2004,280067
943,134759
1167,156900
2282,303369
1415,219886
4438,670577
4128,595086
4027,593331
2388,322958
3289,451167
3803,450294
1498,203269
3623,435893
1744,259172
4681,652412
1722,212805
2546,357790
4920,722394
3653,427136
2359,297573
1883,217336
4338,561357
1233,184975
3726,484414
1889,262023
3757,457658
3412,487063
4991,644094
4559,644829
2889,413176
2702,308517
3367,403187
2798,346450
3914,613047
3794,570484
2810,369521
2691,460428
1630,179847
848,107241
1978,292006
3833,500830
870,102027
866,117746
2577,438446
3028,355680
2589,308149
1412,160778
2686,332269
2422,354196
1496,229657
2037,226143
3206,446056
1048,148402
1437,172101
1749,246833
2704,366767
4387,642168
1911,184609
975,131008
1522,216449
4642,676352
4474,635730
2747,307382
1502,227411
2928,413386
1726,224868
4304,561842
3317,518964
3197,449769
1949,257920
4180,490117
2678,339033
2053,240637
2283,236826
1109,147892
4752,492753
3849,464054
2364,296351
2300,248641
815,118403
1405,180243
2181,208380
4183,596486
1694,265178
2367,314101
1213,168960
4920,663485
2804,388527
1115,135927
3855,457995
2649,302511
2753,362855
1188,165938
3569,497826
3846,475783
3215,408590
3189,405093
1103,135053
1563,158001
2773,352390
1615,202712
1677,216815
3126,381403
3229,433841
2860,487990
2379,337213
3001,368751
4397,556950
2003,256972
3224,424720
4675,607395
3623,446413
4085,500174
2863,399902
2779,350328
3931,544759
3892,493235
4464,459524
3136,357963
4414,467854
1297,172634
4617,482532
931,114058
1657,206240
1320,166715
829,118718
4196,611829
2060,244840
2358,305861
815,100797
4405,600528
2407,309907
4317,590543
2816,318207
4374,583587
2543,277071
4591,543056
4434,583154
1888,190182
2161,210022
4172,469954
1275,147790
2089,245409
1128,137770
4844,651999
2639,420643
1986,239468
4214,571926
4336,644673
2573,375652
2863,338462
2644,378347
3358,501550
2062,315411
4091,628082
1818,206336
2589,345878
4324,517343
4304,475181
1606,220309
3466,461033
1204,159606
1393,171167
4749,791829
4907,748971
4080,504783
3012,390495
2342,321859
1413,205464
1668,228904
1611,212202
2622,285111
4977,793554
2544,306637
3056,445927
4842,631740
4467,664477
1321,145950
2325,280095
2269,290195
3475,403965
2313,282068
2251,336225
4230,584956
3807,577579
3924,513969
2553,325807
2412,266245
4075,593790
1355,172873
2849,378687
1624,197494
3649,630137
3830,504968
1881,224357
4125,464519
1292,178198
874,103743
3791,467174
4160,445461
1170,153277
1128,147592
2590,408880
1576,192211
2822,273855
1987,251684
2303,344399
4091,569291
4125,603463
987,135002
2014,248564
4086,462273
4246,489392
1909,230928
3321,463313
4679,602624
1330,137005
1870,252080
3936,583868
1762,187352
2205,304832
3937,387144
1316,153792
3964,438990
2291,321358
4489,695654
1390,202845
2343,340727
3856,447407
3006,417062
4139,552939
3508,394187
4829,705712
1547,211174
1600,202748
2297,326905
2179,288105
1479,218918
4570,723524
4142,521116
1696,213097
2346,287709
3926,511404
1483,222842
2095,239009
2185,239134
1742,232625
4080,528107
1833,243597
3586,360942
3033,464411
4445,591538
2420,403422
4335,590438
4005,496533
3682,492741
970,147627
2353,280461
4697,651790
2395,327076
2423,336581
4922,572750
1891,263914
3637,503487
1207,185276
4969,778116
1479,200543
1036,138241
3574,413123
4237,538306
4157,511990
3677,531823
3223,433847
3947,454974
1832,215030
3654,614891
3740,462152
4501,630845
4870,634719
3932,496453
4260,628719
2723,335418
1433,179799
4903,738503
2192,272311
4246,462428
3898,440795
861,118574
3269,390588
2617,384564
1432,186609
3398,480595
4251,575191
2100,306383
3453,546458
2254,312113
1938,266938
3992,585555
3010,365838
4559,629702
3829,444818
2160,256211
3226,396358
863,128611
2145,274335
1774,209846
4961,701429
4428,466228
2422,246882
1257,158640
4130,520273
2540,369955
3826,566268
2754,353827
1079,136903
3191,377671
1840,236167
1761,161388
4645,572398
2017,259765
4020,475261
1174,141284
4930,618801
2192,284746
2876,411102
1574,214687
4224,604950
2923,405101
4393,578648
1079,176387
3611,430641
3142,365427
2274,290414
2657,343010
3689,487203
1859,215058
2722,433775
4599,574048
3273,378178
4939,661647
2651,388197
4341,669224
1394,131072
1306,184811
820,128209
2199,266235
4001,506228
3261,377528
4478,544572
1136,129528
2467,355300
4376,561908
1709,145171
1075,130028
1691,202311
812,115979
4857,626475
3825,491831
1773,247588
4770,695785
2208,295901
2743,329680
3088,331728
1346,204255
2018,364928
2220,292731
2254,303717
4177,637254
3572,372593
4898,706841
3538,479880
4547,538649
2642,322850
1546,170473
3616,531104
1671,191168
1294,176217
4244,448184
1875,282969
4794,608487
845,123440
3856,489024
2857,345399
1463,160772
2829,412486
3496,435407
1439,193479
3463,413413
3545,459944
3395,451809
4227,438208
1194,143003
4397,675489
3132,368759
1129,162052
2897,390789
1572,216416
2445,341092
2532,329932
2587,314228
2423,287916
1799,224945
2648,393909
2361,258910
1573,197139
2603,279251
1898,230166
2850,365189
2398,361913
1547,235993
4773,491806
3122,335064
2353,300040
2415,341534
4554,482532
3102,386024
4455,648356
4195,618156
1016,127441
4116,411525
2159,314647
4574,531456
2696,372226
1699,197951
1441,189510
4427,596100
995,148516
2693,293223
4075,475858
4850,747891
3104,414300
4400,515262
4143,583520
2856,328474
3608,479616
2024,242343
1686,250613
1192,139647
2475,223224
3990,491854
3246,389494
4705,594415
4138,572510
4391,492985
4566,540352
3327,432216
2981,358042
4564,597770
1154,159328
3431,446727
2321,340030
3472,401973
3978,482616
3137,478076
1428,169912
3479,580143
2238,323378
2221,261352
1926,267292
3483,468277
2580,279101
2331,357024
2714,386258
2032,309169
2756,401559
1192,161199
1625,237571
3763,413782
3195,510418
4945,698123
2592,261020
3864,415715
2163,290524
3148,367232
4351,599562
4428,510173
4136,458726
2365,288281
4467,799729
3013,342212
4896,728784
1819,215793
2084,268142
862,113672
3330,429797
4192,548520
4072,550014
3069,330205
1443,184728
1016,131229
995,137634
4664,586645
4073,561778
3494,420007
4012,488328
3555,478772
2321,265920
1880,228474
1521,186443
2362,291401
1439,188306
4587,535039
4536,632240
889,111946
3721,506269
2051,228851
1902,165721
1148,165479
4713,627448
4852,670540
3741,560266
1045,121121
1071,110174
2830,409422
3987,557305
4306,631215
2265,350796
1995,224235
3887,559933
3808,480554
4623,667998
2414,380301
1926,251173
1316,156361
3465,379975
2101,202097
1411,214156
1549,236561
2656,385576
1199,150469
2326,329854
2824,380077
1119,125986
1135,167103
2898,398896
973,137238
4819,650057
2441,322216
1300,175888
4446,558983
3163,439991
2656,423019
3952,541204
2696,395643
2518,282735
2578,366582
3857,530908
3513,513364
4628,572162
1894,274201
845,100732
2245,330192
2996,443738
4001,453775
1255,170004
2462,311935
3724,511330
1765,230495
2328,294809
3776,457927
3871,586954
3321,394780
1926,234624
4204,467329
3143,448954
906,131877
3377,458908
3954,468348
4853,506820
1014,140334
1264,181365
3172,388100
1391,182387
2988,318003
1683,198843
4958,673300
1103,141657
1133,150504
3633,534360
3131,348689
879,116983
4563,546631
3631,462493
2777,373103
1532,170080
4776,574110
2617,323963
2184,296922
2924,428409
1998,209643
3092,370998
984,125755
4927,629388
1797,244813
2786,310344
3609,458192
3157,390896
2479,349110
3839,503336
3311,408363
4327,641560
3826,466969
3545,418357
4973,690429
3381,415414
3611,472990
4890,762743
1169,143382
4543,524756
2804,355475
2503,313850
4124,583539
1240,135754
4057,690966
3706,441746
1026,141466
3201,460996
1824,242361
4291,597688
1670,218869
3999,557793
2545,314622
1243,149403
1272,131395
879,120008
1039,129721
1389,188362
2160,270518
2684,398866
3116,397398
1111,134072
1876,232664
833,114553
2641,458979
1048,157798
1934,216382
1175,156913
1523,180079
2713,336660
3292,412850
2742,352915
4804,687794
3144,396381
2131,282391
1137,147671
2665,318524
3937,479862
1591,192290
4411,617311
4500,559921
2316,362531
4753,562086
4708,556595
3473,395873
2922,375167
4585,558970
858,107005
3233,469972
2862,364901
2054,255462
4488,602681
4548,603992
4930,696654
3829,545811
3646,498741
1270,182962
4835,579293
3699,474242
2246,296134
1712,224810
2511,442447
1474,215891
2239,326684
3534,444186
4430,571468
1485,210096
1926,293800
3266,382739
3197,392937
4937,627104
4238,567442
4924,697194
1765,248425
1719,235178
3672,435491
2308,294115
2012,221199
1671,241762
4054,529087
1663,187150
4753,785664
3908,358693
3855,497523
4794,717743
3482,427317
1413,187196
2672,366546
3954,378359
4173,474272
3991,515212
1367,176028
4933,541663
1044,135407
820,113183
1193,178173
4614,614234
2855,332236
4315,597975
3175,445568
2710,345653
1089,135422
3358,413460
1160,161707
2422,309716
4894,660735
3253,386502
2815,369047
2840,322278
2844,344790
3600,470522
3770,448066
1631,202324
2593,366624
4492,563927
2591,322662
3641,424799
2954,360919
1380,179268
3653,509575
3036,324758
4976,706866
2955,367225
2144,275687
1145,160951
2686,438823
1354,187081
4570,560421
999,132643
3740,509825
4290,467438
1106,125799
3875,527157
2456,338770
3492,473769
2564,358373
1075,133783
4161,608371
2201,346269
2575,309850
4181,464558
4850,625164
4260,609928
2680,374977
4635,612503
2644,252060
4177,499578
871,127663
2476,257044
2095,272999
1843,223738
3425,478836
3842,403366
1614,202530
2994,396258
4300,536318
1109,154195
2861,305797
2677,302955
3602,450622
3286,443782
4545,625805
1594,211353
4814,559395
4207,509233
3256,477282
2651,424997
1774,246825
1847,249648
4589,517147
3821,508020
4829,505675
1264,189229
1087,150441
3995,515897
1675,188653
2792,370566
3725,400308
1920,240544
1246,169736
3632,433327
4368,565214
3696,609672
1521,156929
2963,350871
3382,426544
2151,262508
4780,653876
4184,577830
2525,329954
1493,197140
4213,434120
1294,177393
1747,232175
822,98313
1928,297454
1357,174904
2416,322246
4530,586120
2456,258471
4973,570968
1606,202116
4112,595137
1253,154285
3775,502411
3124,427428
2247,265162
3361,389745
3311,396675
3671,436327
1162,132105
4254,608039
3598,499335
4253,483804
4055,537340
2017,252465
2285,292946
2903,378848
3336,359655
2655,265819
2007,261512
2248,279146
2307,292206
1803,216824
1725,223936
883,92577
4542,592231
4727,433120
2342,278508
1785,219041
1708,174809
3708,552302
3537,454594
3386,401655
1943,307419
2131,284064
4148,560937
2353,297363
3142,382164
2606,346145
2900,252764
1605,163101
4947,529991
3575,335337
871,119051
827,97700
1268,186458
4783,600860
1563,180696
2224,281342
3048,439455
4632,573238
4860,710603
4870,701059
2475,294279
1359,163289
4631,552592
2718,297402
878,92335
4447,533637
1831,166459
2872,317046
2284,307289
3045,323969
2350,344173
2629,357774
4551,704961
2831,447502
4656,643520
2982,352506
2894,295719
4703,493523
3832,599649
2348,245664
1167,144455
864,125342
4099,466849
2835,416184
3663,461778
2676,348688
3028,371573
1396,158090
4406,605581
3474,471041
4689,647597
4306,612519
2634,317765
2195,297604
2386,335524
911,121426
1252,151458
3603,477445
3431,333564
2986,396626
2804,309800
2259,287930
2742,331504
4293,549107
2657,276041
861,118610
2294,323089
1980,222776
3588,383011
2675,303675
3008,416041
905,114196
1954,242512
4228,528192
4887,572341
2508,331475
3623,543122
4725,537518
2708,369755
2849,360019
2074,261830
1745,257989
4704,668116
3027,385361
4596,648551
1092,110739
3022,284791
4773,556699
3291,368908
3275,404646
4529,653538
1227,152207
3772,532912
906,127697
4419,445986
4133,570258
4792,694791
2025,295717
4804,605402
4168,537111
1695,220089
4705,595611
2420,271775
4663,539596
3092,423944
2185,274773
4699,608742
4392,634290
3233,417640
3606,399915
4183,674048
2101,259624
1558,191173
1546,204576
1392,175302
3686,468577
4911,586958
1868,266418
4107,594766
1502,233327
904,142431
2297,226080
4633,635747
1195,131826
4317,636237
3453,458977
4091,479175
2810,312015
4681,553572
2788,323435
2468,365337
1851,239057
3641,411974
4384,589415
1147,153901
2063,260298
3542,520316
2873,393777
3948,536398
2151,216954
3621,447177
4627,640924
1469,197218
3446,447930
1066,148266
2238,303313
3493,492009
1822,245402
2837,397754
1364,190206
1859,239333
2224,288082
4923,645715
1019,113450
1205,128727
2437,335221
3118,431404
2559,331687
2474,334814
1591,222493
4382,598294
2109,291901
4633,512218
2130,329484
1310,176653
3372,485684
4729,656236
1291,147867
2417,289326
2856,348793
2320,341581
2383,275384
2375,264111
4746,647538
2561,400262
2791,327594
3979,602830
4126,582572
1846,228307
3692,406711
3413,426422
4692,554285
4944,731735
1261,163297
2181,299274
1945,267079
4315,519533
992,130034
4334,628508
1555,200377
2484,313018
3325,466679
1627,179778
1689,163746
3255,437212
3133,455430
910,142894
1592,211647
3443,490156
4214,631137
2109,275163
1096,131937
2429,288657
1368,171793
4911,745199
871,125409
865,109613
1679,249640
867,118598
2016,255514
3827,507672
4039,549460
4280,565178
1307,204042
4514,576679
3684,402528
1925,259275
1685,211683
3641,400001
4677,654619
3325,252317
1725,231714
2738,258634
4614,600176
4162,575614
4032,568438
4544,645825
4265,486978
1240,164729
4411,527044
1261,149578
1411,181097
4271,528265
3963,453590
805,108537
4770,659346
3658,428287
3406,433360
898,114487
1325,169247
1980,255715
2489,334344
1938,285889
3871,510787
3727,455995
3592,466311
814,92840
3215,374683
3485,475654
3700,307297
2036,258060
4900,705211
4020,546960
2407,343980
4363,589173
4097,655032
3433,382903
4690,617831
3608,508409
1591,196761
1799,265677
951,132254
3863,415747
2891,391533
4882,679194
4826,745566
3777,480845
1642,227226
4593,614840
2870,348896
2459,306790
1397,135659
3313,407197
4935,757853
4403,560997
2016,287619
3091,412392
4611,628786
1731,276812
2938,363936
4802,594336
3778,552757
4692,604293
3718,468137
3364,485446
2563,343130
2970,379361
1135,141732
1976,231891
3821,408004
1578,231448
1985,245419
4085,426659
4247,665713
4791,629058
3270,426196
1738,184557
4806,666669
2735,333761
1433,174922
2053,279633
1882,248068
2943,339675
2085,226505
1153,152749
2685,352215
2618,442678
3320,319654
4808,635658
3822,403810
3384,418866
2347,290054
4818,665510
2168,300375
4137,622502
2557,341866
2317,335451
4284,645321
4485,600409
3852,568623
3496,465650
990,128597
1732,208421
4038,548080
3015,407458
1365,184744
1934,284496
1543,221585
1472,158802
3711,401410
1330,175362
3821,440777
1361,174973
1101,128079
4567,600324
1309,150167
4245,577434
3003,342200
3634,479823
1594,166887
3279,370672
2323,326583
2994,446797
3328,478136
1234,174447
2838,432011
2506,362076
868,92908
2704,390186
4759,685593
3751,382243
3513,421211
4169,640714
4527,579712
3204,361694
4125,589684
4346,547017
3103,385408
4481,641254
4021,547084
1882,241326
1245,168030
2392,304685
3575,513758
4616,501949
3853,489763
2390,295875
3031,407925
2361,267028
4446,678004
4038,480009
2400,350115
2856,397205
1509,201030
3771,504169
3532,360794
1593,195042
3899,696999
3655,486831
826,112469
4067,411692
884,111693
3901,486258
1922,228510
811,112418
2548,314922
3909,465677
2676,288862
3419,387757
979,112830
1596,199282
4613,565449
2824,340569
4017,420753
1686,193747
3268,431104
4187,635947
2319,357148
3232,517107
1716,229857
2870,370711
4776,666310
2581,321664
1138,161643
2316,295494
3670,492340
4382,521730
1714,247618
4090,471266
2246,270548
2179,272283
2283,268144
2874,398039
1600,211117
2046,236023
3537,432149
4295,567374
4057,540081
4677,541019
1781,231967
3276,456504
2888,362300
3752,430032
1811,271619
4264,594532
3550,439382
2926,384566
4661,581074
3391,390487
2273,318774
3321,514720
1965,282147
4122,551066
1409,176475
2983,268678
3331,511459
3661,439331
2455,349844
2555,368228
845,121423
2059,224464
4032,583611
2251,276593
2918,375424
3367,431663
2792,337161
3923,492423
3140,414833
2288,265170
2373,250358
3227,462768
2566,344699
4349,443826
3109,423120
3204,407780
2242,247667
2776,338166
4773,646927
3290,378715
1525,174977
4603,559263
4627,535950
4419,501406
3687,417405
1297,177033
4776,555906
1504,219932
4927,799894
4481,571585
4938,791344
2716,375174
2174,287909
2645,341386
2236,225095
3890,479422
2170,245490
2728,390454
2436,379278
891,118697
2643,353575
984,142126
2371,312444
1631,241462
2925,484011
1063,161218
2086,251696
2329,332096
2608,312915
2677,339138
2549,394217
2709,311654
3423,424639
1997,293830
3278,384000
3310,335102
900,96863
3887,469817
2719,351883
3091,387759
4120,503965
904,118563
1493,182962
4040,483002
4291,572624
4192,552198
3068,445592
4583,734590
4312,424157
1689,232724
1589,210360
1458,217494
1818,222506
2753,342321
1990,220152
4506,655068
4457,588502
3096,454787
1574,194448
3611,433040
2180,307179
3982,497436
3897,543510
2204,303409
4601,605507
2169,262203
2864,387688
3092,366765
3565,468676
3617,561510
1516,225279
4840,592297
2511,336698
2025,246954
808,108454
1397,162401
4918,590965
2408,380720
3831,505654
4467,550608
3046,298770
4426,586507
4871,792940
3622,439872
891,110692
1650,215683
1907,229801
1099,179277
3143,454814
2277,319783
1882,304347
3756,584371
3718,487722
2165,272385
3600,452384
4336,528425
4751,602020
2909,355844
1575,178144
2252,211008
2481,361444
3103,279532
2651,358742
2697,389803
4218,576182
4397,561846
2127,283420
1414,174595
1044,134268
1556,194933
1623,194262
3627,536214
4607,659118
3579,457224
2646,345869
2040,242353
1273,172372
4931,633341
4049,506320
2592,346934
2534,332642
4742,556255
1744,250251
2311,334582
4881,584680
1658,294944
4360,505006
1029,143274
3217,445359
977,137565
4728,735858
3415,429918
2413,315225
3640,496390
3747,392472
2574,339855
4671,635311
881,105166
1645,267720
3609,483341
2016,239791
4060,492975
3945,466057
3063,363414
3137,423704
1244,169715
1722,235504
3430,480733
1967,268182
4763,774719
4241,608944
4312,493664
1695,221223
4522,511322
2860,372742
3834,417499
3187,403138
2697,346246
2599,285456
3580,466241
1927,239719
1138,129267
1972,283653
3608,450231
3829,562428
2889,384463
3817,473834
1248,144133
1593,179047
1236,164150
2420,327831
4301,504939
3719,416059
1748,245574
4744,669642
1927,226610
991,126084
4812,662866
4560,517416
4530,529325
2203,313425
2790,325408
1904,249488
1348,177227
4248,475945
2661,385134
1370,146071
2584,346705
3087,380038
3221,423720
4772,603561
1604,181290
1598,200564
4075,558945
1410,178167
2606,320154
4060,407006
4171,486621
3273,389094
2893,412464
2942,365339
4801,660650
3880,459172
2232,221043
3317,480136
3657,433131
1305,187914
1896,240278
4979,750336
4954,880570
1844,251983
3004,329006
4702,650036
2152,291884
2396,267117
1375,165143
1479,182498
4512,610499
4628,538071
1929,220715
4704,528772
3993,406944
1117,155736
4496,590057
3796,538428
4394,524128
4009,476328
3342,451633
1478,211858
2689,389291
2443,276704
1634,235613
3041,463936
3155,430113
2468,363698
3353,462217
1080,122232
3562,512971
2046,277890
2572,294999
2964,360067
991,134961
3635,603263
3465,543991
3363,336313
1106,143793
1331,202750
3496,433313
858,105037
2373,289315
1940,276784
2610,354352
3998,551705
4276,543270
3362,525271
3652,457592
1741,249308
2574,254468
2221,287462
1235,151844
1639,215608
4801,507190
3481,537910
2450,324632
2045,334849
3061,433940
1715,229764
3439,447896
4689,656313
2126,300555
4158,572008
2385,391014
4168,614201
1188,143164
3591,424075
4132,564610
1503,199597
3620,485718
1859,196434
4974,713125
2098,260985
2101,343289
1473,196683
3159,405443
4912,674821
4382,526493
1816,281734
1009,167113
1298,182987
1228,171930
4439,537939
3951,513112
2905,401364
2353,265356
4006,615595
3369,360424
3428,339246
2676,417852
1867,264516
2306,267149
3813,504600
2467,329445
4866,640112
1747,200033
1971,265568
971,143188
1943,202265
2659,326353
2988,336421
3293,390379
4377,593861
988,109232
4876,760876
957,125406
3517,436805
2770,281309
1045,138073
3703,484458
3595,395917
4624,532308
3177,495027
1649,204727
2610,341013
4786,661870
2926,373612
3830,575642
3107,369804
3876,479138
3144,389309
1419,167574
3702,432507
3207,418328
3804,571535
4714,529519
3286,417900
4202,594380
4396,701995
2477,356906
4839,614110
2104,255824
4893,718971
2763,395782
4107,534899
2161,274197
2587,414583
1873,295854
1965,267002
4399,585483
3517,396598
3953,516546
4926,729651
3855,389472
1459,202849
3382,474572
1929,270763
3074,369495
2268,283881
2902,350250
4066,649894
3271,501663
1951,264536
892,116405
3366,437177
2081,260750
3700,376706
3599,470039
3977,637968
3404,457499
4681,565127
3213,430177
2344,296966
4330,498225
3446,390107
2858,373084
1945,210217
1710,222732
4106,528530
2366,333138
3195,407662
3805,434608
891,117889
4792,698031
1130,137941
1754,270286
4580,603300
3401,423891
3777,455549
1329,176671
3692,474800
2066,228729
2273,349758
2397,299511
3325,511215
4561,518249
3542,511550
1269,190775
4630,690281
1333,181291
4855,703714
4479,613742
4887,559765
1561,212601
1690,192046
3155,352161
2755,369714
3771,456804
2472,380303
3636,564552
4444,760251
3097,339242
4861,549525
3966,567259
2119,265424
983,117126
2083,258819
3646,470017
3033,424420
4888,502504
2232,303823
3940,500856
2596,306614
2855,430612
4136,511026
1582,197514
2307,290241
4654,714011
1476,194286
2630,339161
4890,700528
2160,208439
3486,463794
990,131935
1642,233835
1134,152415
1910,215936
1378,144854
861,120167
1186,145438
1969,246266
3000,351419
2483,323311
1286,165781
4532,506121
1340,189692
2860,341180
2038,308542
1790,238379
3099,398811
4707,505377
1880,259636
997,129014
2994,396908
2398,359109
2400,343308
4492,659074
4665,437684
1483,188138
3883,412064
4789,656483
1132,115201
2571,374856
3521,540642
1606,204349
1864,251890
1688,258737
3723,600621
1120,173930
4757,656857
3182,490693
4031,465646
3111,372498
4401,633901
2300,299942
2368,331811
4081,586579
2319,333853
2718,277848
4889,685533
2665,321197
2205,295101
3523,434481
804,99422
1968,237532
3198,452166
3430,437257
1147,144825
2613,326668
4142,574952
3374,395369
4625,711535
852,102388
948,117014
1302,169673
1669,228830
4321,549824
4671,590768
2100,307094
3299,316460
4833,586508
4089,480964
4653,576613
3251,490553
1138,136289
3624,466002
2493,344572
1786,211181
4290,410503
3533,323703
4567,684964
4876,667046
2806,350988
3907,487857
4130,484228
3841,508624
1330,187324
1723,200850
4918,658401
1040,121729
2696,346782
4124,501407
1613,231687
1582,205840
4855,547315
807,103907
4573,662202
3939,440700
4589,577636
4851,601690
1317,175356
3990,505986
3902,528693
3516,419301
1378,175563
2665,338231
2176,341319
3738,503481
1705,243250
1764,278040
2776,371362
2687,340066
3247,374027
1791,199703
4356,425262
4759,681824
4404,602744
1883,238211
1234,155639
820,94294
3722,511528
2725,329645
2272,286395
1899,215248
3437,398579
1189,171181
4213,617997
3415,380570
2154,299223
805,95715
990,121296
947,140168
4350,546828
4905,615987
1910,201269
4633,578805
1424,171758
4925,674166
2975,362553
3949,585856
1878,255299
4351,578492
3152,442980
1345,178898
1995,281114
2869,366632
4158,535038
3238,381846
1416,168916
4143,619404
2611,357703
971,103811
4942,720856
1425,187929
4863,574366
3054,478817
1252,186397
2218,313473
1553,205592
4172,563652
3523,343479
3810,538073
3711,492505
2025,270607
967,128917
4485,551524
885,102445
2477,325458
2782,306017
2286,306839
1241,142189
1070,154605
1143,124134
2006,259465
3881,508887
2057,305034
3091,413680
2332,274703
4222,492382
2453,372129
1038,134361
1714,217828
2238,267614
3816,426664
2260,358230
3879,507961
3058,347042
1166,164563
3791,526799
4541,505236
885,107289
3293,450741
931,131160
1703,201922
4256,434199
2021,270189
2563,366122
3604,465370
2026,254079
2084,320516
1489,148634
2796,393829
1909,270601
1229,145544
4926,469466
4581,647608
1402,189026
1239,187484
1784,216806
2718,360456
1327,139108
3796,534654
4267,456684
2161,279732
1503,171926
1462,197471
1164,148028
1722,217967
4656,600949
975,127219
1735,262132
1181,161891
1105,132312
3190,385752
3003,436057
2265,258071
4071,529974
1202,125820
3470,445004
2601,295091
3450,414899
976,129648
1542,214458
3148,375481
1550,227593
1668,187201
4862,689144
4767,589848
1013,146210
2417,299024
3330,398169
4133,575068
2397,327477
1311,159784
1052,145310
4933,631503
1428,188794
4276,577506
1786,194514
2525,328351
2893,312621
2501,285780
1104,141712
4878,705667
3080,389610
3607,449733
3686,454205
4254,578041
1824,206497
3775,411174
1306,196273
3751,510935
1853,221383
3474,418160
3367,409639
2704,298565
3694,462861
1900,247644
4461,670628
2436,320544
2255,318251
4413,554403
838,103174
3884,504561
3531,504374
3215,389072
1558,207733
3916,520535
1564,202743
3222,460568
2114,276155
4795,613224
4829,623901
4493,441343
3985,508553
3666,418006
2117,268645
1500,194463
3001,410774
2393,383380
4787,718885
4945,642064
2030,280910
3412,423063
3937,523126
2708,360726
2590,298609
3728,458870
1888,197369
3181,405158
4927,637855
3745,482752
4369,502338
1965,253096
1400,185405
2825,386810
2384,319520
1787,223923
2765,353570
2239,299662
1668,206219
2863,335556
1929,239823
4529,615052
2734,385012
1876,270108
2439,286044
2192,348254
830,99098
1503,190269
1668,246610
1032,108361
1750,230925
858,107833
3618,394629
4400,480903
3949,579841
1101,151653
3650,526421
3744,428324
2723,365744
1116,182870
2688,339880
3515,459606
2681,348977
4698,603034
4913,581250
1978,258440
4655,718805
1131,146175
1327,196814
2859,494157
1898,223576
1011,139623
2514,282912
3488,446080
3130,524041
4066,568037
1832,246580
2132,239336
2640,319241
2938,345119
4891,560281
1243,177043
4974,698085
2298,293058
1726,210233
1422,200350
2279,353855
3837,555867
4185,550914
4118,592298
1033,149291
2417,319747
3491,461778
2830,345492
1186,168921
2434,310266
4933,568832
1984,229808
2767,358034
1040,120453
1361,232453
2799,384338
2729,334559
3579,475151
2475,349066
3315,441779
2477,286330
4941,634184
4546,574639
4156,511939
2451,288165
4977,712371
4641,636122
3241,443848
1394,142486
3412,423149
4896,728268
2296,312018
4355,490133
4158,644506
2401,224816
1714,226099
2644,411765
2795,297607
894,109831
1292,140711
3869,584892
949,111709
1846,267509
3603,543452
1198,132647
1351,145321
1094,150083
1943,275195
1255,161822
2353,306793
968,147327
2746,347096
1053,158630
3176,385424
2120,351842
3683,429906
4407,651186
2925,337846
4296,609168
3040,394849
1200,161002
2956,413798
3176,424598
1162,153810
4738,483890
4651,700806
4212,644162
3106,398815
884,122305
2624,394881
4685,651304
1107,135083
2721,304708
1430,199509
3171,418847
4100,532666
4467,529668
1526,190575
2448,330605
2069,259833
1118,145889
4275,553757
3578,500418
3858,418416
4934,615071
2402,272560
3056,404408
1629,191976
1655,238472
3448,426973
2658,322567
1902,223486
3281,438883
2620,290714
2879,370249
3958,507631
3240,395826
4484,597647
2055,252878
3757,504445
4451,542247
3039,361163
2739,366580
1069,151912
4864,840744
4575,571399
1912,270710
1448,178585
1979,279722
2942,439922
816,107655
916,128855
2345,320500
3951,514288
3493,431718
4889,609858
2076,228691
4040,588080
4588,725226
1171,127466
3607,525073
955,123513
3461,416707
1264,167035
2573,303493
916,122298
2903,364601
2174,271413
4003,591042
4346,450900
4777,580328
1996,200206
4211,555700
1596,195630
4692,559177
950,127530
4049,563518
911,134590
1482,257811
1961,238179
3179,381098
960,124866
2225,292155
4461,695925
1077,148436
4191,485466
2356,270914
2715,380697
3907,495737
1102,166663
3573,492117
4045,462471
1800,202251
4634,626406
4806,600161
2518,370378
4630,625470
3981,536610
3682,410769
1798,220870
1084,140153
1220,124296
2960,412466
3865,551936
3075,375331
2294,341870
4684,694962
3343,460853
4926,635887
2641,382776
1521,163732
2201,288601
1245,146083
3591,431128
4567,624536
3351,395199
2767,296194
4688,765577
3531,427016
3429,402362
2764,408838
1857,224640
1557,172755
2595,301714
2443,301790
823,93770
2039,239592
4950,610280
3897,563403
2104,338919
3342,490053
4512,571145
4755,517539
2105,295799
3974,455624
4428,551104
1581,243851
1366,212503
4932,654346
1438,213403
4500,665430
4967,694689
3199,402847
3470,422174
1972,257675
2520,279094
904,111049
2482,344935
2649,319337
1662,254566
4245,567527
3365,476956
1098,139231
3708,517180
4937,558182
1570,214065
3339,459961
2262,337597
4654,464918
3918,469873
2932,302873
2509,294573
1790,229823
1510,209664
838,137182
2075,311783
2236,274323
3793,534097
2269,336668
2899,372528
1173,151374
4825,610634
1913,262554
3526,480255
3198,422554
4034,629544
2065,299535
3923,414695
1453,149690
4958,675579
1308,168049
3139,325671
3962,402139
2487,314012
2188,292871
2997,402821
4711,569618
3728,453486
1315,161035
4458,612511
2633,281887
829,108011
4014,583190
1125,140316
4566,604563
4911,669051
910,109317
906,116399
3226,356465
3331,457316
3944,522355
1598,235693
3237,463434
2811,415246
1225,181826
3844,457975
4088,560845
3714,520396
2039,245995
4191,622354
4797,615785
3806,531297
3839,562611
1398,190712
2887,453863
1984,329888
3550,462458
3384,488512
4313,713921
4854,586052
4736,417666
2499,360992
3375,419198
935,104683
2825,337054
4335,462088
3690,573726
3557,539979
4573,578727
1180,150841
2328,309466
4428,686727
1648,188028
4927,628260
2727,405552
2965,370565
2921,343126
3718,492616
1272,131341
2587,350726
913,115235
2136,298056
1138,136085
3085,421993
1996,265790
878,98587
3452,399861
3440,510639
2056,296817
1627,169287
3518,434363
3610,486391
4185,577502
2765,370847
3227,437858
3641,453679
1413,187378
1362,157050
984,122502
2992,295397
4865,555316
1045,122055
4886,574331
3034,427598
1665,177178
2887,347646
1400,195529
3833,422118
2856,425636
2931,388882
1332,186929
2842,329196
1157,137220
1177,150492
3019,429229
4107,582065
3396,461714
1583,200596
3179,376578
4403,641808
1782,222202
4742,506863
3390,391839
1842,220019
3338,416793
1661,214114
2676,292962
2635,323395
4326,539184
2485,315527
4201,497094
2422,404680
3457,430946
2732,330765
1307,148383
4278,605078
3456,353116
1921,198472
1089,141022
3629,497094
3009,387158
2200,352966
1366,166930
2273,285155
2787,360619
4587,599186
4665,597819
4060,517218
4347,479941
4051,568471
2516,364033
1812,222742
2110,272901
1417,217264
2782,330226
3028,402972
1268,166728
4916,757380
1939,306097
2236,317384
1336,244672
1751,228381
3613,227684
3806,465589
4794,590787
2640,404591
1650,209879
2771,415355
1991,282854
4720,634434
2862,389375
3846,516377
4358,640910
1104,139376
3647,453219
3235,440465
3604,479064
2784,353213
4736,770927
1512,212759
3695,449379
2481,344836
2133,247167
3998,451019
974,138331
4005,469059
2216,289451
2787,318837
2572,323177
1874,231474
1391,178856
3778,621894
4782,713622
3210,411866
1647,209011
1293,154409
1345,153918
3086,394289
3497,524521
4637,383095
2340,340056
1683,247760
4756,466077
3894,508381
3165,390734
4147,528741
3871,515676
4475,603094
1752,191737
4100,633056
4535,557199
3979,674258
3763,436001
4827,550937
4047,545761
4157,596440
3504,522463
1837,211586
870,108745
3674,580453
905,112642
1569,224923
2809,285363
3740,395726
2992,432319
4295,548797
1733,244943
1374,165683
4730,497389
4887,642103
3331,363234
3219,424514
869,100382
2102,293831
4614,581126
3149,395105
1054,142422
2507,360841
1633,216759
3564,558607
3271,510656
4542,542648
2835,321035
2767,308975
899,141176
2652,296304
3983,494577
3155,410675
911,142629
3958,436737
982,143672
4652,605743
964,123473
2937,380639
2823,337184
1254,155203
3085,367542
1341,147951
3465,389264
3249,480010
4733,590426
3686,516287
4704,598989
2488,316173
2437,314033
4882,688154
2690,322014
4005,511387
1277,183329
3166,463050
3326,506479
1166,134747
2636,317386
2515,319456
812,89541
1335,191020
4039,542546
3117,397976
4842,704247
1175,139438
2524,370852
1056,164872
3064,412466
1249,162236
1693,224365
4012,437962
1984,252073
4023,647182
2108,341228
1716,225432
947,115372
2914,423790
4816,623494
4740,683489
4871,578940
3595,483833
1242,154731
3744,486404
4736,575131
1198,153231
1951,262493
4592,644885
3795,484208
3016,457685
2507,277518
4131,444317
2787,337495
3368,438379
960,148182
4704,598407
4373,506427
3977,478705
2625,344438
4724,537830
2423,385133
1976,187475
4520,535863
4020,488735
4059,468311
930,130287
4362,524110
2299,320265
3588,551457
4508,669700
2507,331914
2569,334039
2118,303424
4179,525321
3573,438361
3790,436385
3844,517511
1175,134138
3836,457965
1460,235878
2203,308658
1540,209521
1103,131469
1885,266859
3979,456585
2010,215313
3834,466639
1028,115448
3919,536810
2654,359587
1067,142361
3574,495909
3649,503932
2934,351628
4259,584331
3069,413413
1789,216038
1737,216489
1239,176910
3158,348228
2807,378951
4145,532114
4930,638820
4543,571250
1318,179666
1068,113578
4985,666902
2188,250023
2494,362812
4073,450503
2189,205901
4665,487613
3829,494520
3135,334523
4474,493941
1300,155394
2461,339454
2899,343496
902,114419
3546,448942
4076,441506
3885,528749
4337,710282
2127,221363
3274,382275
2479,274949
4546,577467
3362,363883
4963,738468
4117,622516
3236,454280
1107,159448
4796,631778
1889,276165
3194,400682
4804,585862
1466,205181
4963,616496
3034,491728
2036,296871
2423,294727
2174,277123
4111,525752
976,115889
2153,308583
3728,435836
1425,183253
3454,409104
4408,536867
4515,639009
1194,167364
1968,245517
997,146616
1768,245035
4708,620317
3955,568030
3304,499842
2076,283582
4967,666053
2069,209365
2164,289835
1723,236007
1270,171089
3816,444501
2854,341621
2851,401525
3754,466168
1948,258428
3886,382624
1759,228257
1429,203052
1574,211752
1159,148248
1317,150475
2143,220967
2769,327515
4027,586335
3699,477863
1734,243384
2786,422131
1176,155072
4360,622101
2574,378450
2305,251270
3454,409550
1810,189580
4277,439274
2030,248716
1977,249432
4657,474630
2895,396089
2472,303323
2728,413363
4639,615858
3978,527667
3353,425593
3245,416045
1351,183135
3697,530842
1839,202303
1684,197770
3851,517592
4397,569046
3355,476006
1889,226515
1258,187390
2807,343135
2720,340656
1803,264000
3883,538058
2914,465458
3389,488805
2943,439535
3041,381787
2886,431605
1738,227736
4770,461270
4799,658015
4208,582400
1570,178389
1048,141893
1172,154390
3726,552168
4657,636029
1501,195140
2985,328451
1741,174977
4714,702310
1593,216507
1477,186686
2361,326570
4853,613628
1252,125179
3266,474212
4456,655528
4946,618595
4554,589178
1009,121890
2726,429805
4766,705660
2677,315396
1426,198321
3526,411991
2258,266008
3624,447045
2050,247808
2963,315894
2423,363199
2653,353295
1553,238087
2668,340186
981,105933
2313,336266
1702,227934
4144,522218
4253,629762
4407,484119
3356,485663
2939,413724
2964,395606
3412,367917
2821,406423
3621,511149
3081,412825
2370,306159
2772,313433
4786,541773
3044,360322
3242,344852
1513,161693
4345,535927
1022,112419
1663,210391
2225,291437
3104,336061
1453,206928
1959,284374
2642,256837
1243,186807
3265,451844
3657,480553
2080,316028
3839,505189
4595,543568
4437,477473
4558,584501
899,115237
2886,301426
3110,387609
3537,541269
2407,331122
3753,412023
4781,643362
3994,561274
3892,566107
3762,522026
3462,510383
1655,233905
2946,372199
2186,295013
2516,318441
4951,673591
2525,356092
2753,354758
984,132400
1321,162160
3111,390182
2048,264120
2458,298880
1802,270138
4027,559543
3938,555665
2728,377553
1193,158129
2417,270075
4441,652078
1460,235379
4964,694579
1119,132261
3024,420069
1383,163200
4400,540541
1381,129402
4496,676865
2567,345912
2356,326528
2598,368505
1798,246617
1557,225224
1082,162821
930,120401
2093,219938
860,100918
3011,419382
2348,269062
2581,333094
837,140208
4431,645464
3464,345800
1273,210001
858,129134
3436,480865
3414,450708
3414,373183
2211,275054
884,88622
2333,336588
4597,610400
3474,412878
3673,533139
3920,529151
1890,292171
3634,448225
2876,433976
3990,532158
2008,237711
4377,607995
3381,443316
4587,627672
1315,151493
3012,287172
3774,462612
1732,240015
2463,340221
1356,167047
2471,329900
1792,222418
2428,310759
2491,370989
1904,209426
2070,327682
3702,490917
2209,354060
4446,702111
2130,204249
2854,378887
1753,202086
2642,338098
3602,492973
809,122852
3409,387690
921,154670
3360,407519
3837,421500
1240,181566
3549,468158
1390,226804
2168,249838
2789,370279
2161,322101
4573,536481
2864,427380
3215,437130
3751,431054
3568,531449
4216,535660
2376,351237
914,109183
2168,234617
938,115747
4173,534840
2115,281135
873,120480
4646,740546
1283,164799
4911,769685
2349,341481
2159,278047
2696,362881
1310,178078
1222,177660
3232,477281
2706,294948
1758,254346
1624,221053
864,117408
4148,530969
1600,224888
1077,154362
2517,331444
3213,466933
2038,245650
2286,297584
4098,554925
3795,475733
892,111531
4331,502622
2640,360293
4327,688743
2421,336598
2361,300989
2216,331813
3764,487391
4990,704852
1930,267116
2213,238136
4397,578222
4544,736803
2918,355618
1463,225153
3434,498575
3574,440537
4769,627509
4290,496056
2371,342031
2323,269056
1787,245791
4038,641743
4645,565751
4493,614110
898,97947
3088,408019
2314,269131
1433,193700
1378,170137
4759,555090
1072,138757
4754,436034
4727,546811
1252,209162
1975,252907
1213,150840
2350,322158
2746,404728
991,154844
840,109843
2659,342095
2132,293218
4249,563610
935,120863
2741,385944
2365,332468
1188,157601
2358,396011
2921,468420
1828,256103
4334,646373
881,107173
1575,208241
3838,547782
3687,562973
2678,311315
3071,374368
2407,320029
3939,609173
1405,186766
4214,628137
4465,577685
2944,420185
4565,526935
2176,262122
4262,545546
1147,130530
800,90349
862,107734
2583,281653
4614,595307
1025,138402
1842,217683
1644,206205
3480,435047
4919,756697
2034,269315
2784,456175
2078,257279
2394,296319
3351,493439
2752,253683
2495,353560
1754,225579
4091,538777
1156,144462
4395,610241
1768,180871
1041,123717
4246,676768
2944,385547
946,106200
1342,175706
1491,210541
1825,239901
4850,622304
4805,582099
4159,461707
3751,382387
1529,179704
3355,502241
1950,241078
2535,323359
1838,196961
3712,482918
3340,413984
2042,255251
1572,190345
2716,329439
4212,532186
3299,427312
4240,407476
4345,455294
2013,245762
3731,536644
1218,132463
4581,635421
1588,245901
2671,336547
2825,348238
3246,448159
1360,179025
3451,416408
4704,630755
1339,160294
3936,592922
4089,518402
3410,464961
2744,425238
3945,502157
3558,422447
4060,492941
4907,637654
2695,344556
3300,420174
3629,490807
4673,616035
847,104237
3164,411829
3056,365651
1553,190617
3602,342225
4452,523119
1202,170966
2886,402402
3027,426700
4210,574168
3790,465128
1949,216384
862,107959
3953,330313
1808,266017
2831,376733
2122,303061
2881,352339
1551,164264
4944,656385
1457,193173
2460,314726
1500,201417
1880,230930
2956,393109
2340,320653
3832,594472
2783,393756
1114,124113
3881,481843
3114,364861
2935,441906
2449,300363
4019,506557
4600,590277
3278,445944
4867,545863
2575,334334
2766,398523
2567,321053
4615,726534
1041,121522
3749,458994
3056,432778
4911,640840
4168,527537
1166,132001
3627,439782
2052,323108
3287,443057
4403,610460
4321,521311
2443,324726
2012,253230
819,91148
1475,175503
1408,172061
861,138988
2065,326396
3085,323596
1954,229805
2428,309009
2426,316339
4516,578167
2242,353674
2453,301513
3302,519201
4069,587668
1081,139512
1824,219483
4203,504803
2035,323849
4982,701550
1585,213058
4117,399626
2467,302411
3808,473927
3994,532260
4575,585360
3246,403293
4590,618868
1333,191274
1201,145379
4463,513908
929,112929
3139,362859
3759,473670
2658,425422
3773,471252
4950,561785
4449,548858
3586,550159
3897,490337
4312,508268
2020,210148
1441,180114
4114,445435
1523,202929
1537,190098
2099,206970
4280,663186
1139,184591
952,127425
2221,339912
3851,513870
1226,123576
4358,549864
1935,233201
3172,341134
4129,536873
1749,207814
2173,288612
1756,247594
2501,388844
3741,484474
3282,371418
2103,256444
1170,144725
3780,621745
3096,397506
2925,402582
3766,551045
4945,744928
3542,471392
4821,601444
3164,388006
1562,173003
4862,696823
1804,308655
4555,684512
3646,475129
1149,127221
3764,458016
1486,202154
3926,490328
3555,455393
4324,587094
4424,589242
3532,582285
2493,409229
3692,462832
4611,670795
4980,543444
1484,213862
3719,510462
4556,530647
4083,601425
4826,553175
1956,250382
3861,510374
3129,327466
2092,276964
2684,312615
2360,292181
1783,229185
2867,299791
2663,325903
2779,353978
2536,315735
3252,376251
2718,298112
1500,172070
4846,489136
2873,337005
4553,675783
1194,127554
2756,395877
3848,422757
4252,584876
1322,224014
2362,327971
3709,471483
3649,465509
1349,193337
2268,308232
1632,218670
2221,273106
1085,146422
3545,365557
4565,552500
2245,352091
2266,324218
2576,329889
4455,506168
1714,274603
1087,131156
4990,576996
2888,382973
2604,317412
1978,197402
3351,363194
2388,303348
2756,311619
2575,274786
1787,193029
2003,254806
4130,528911
1919,273662
996,111517
4775,607510
1325,158916
2210,305577
2092,272497
1994,269482
2748,408026
4455,592397
3017,441817
4380,483338
1817,196426
3953,592404
4390,589145
4869,676504
847,124968
4463,529494
1627,196480
2889,411146
2856,356482
1618,196835
4784,530786
4480,642461
2611,318135
3914,560518
2429,333787
2343,353558
4379,458233
2704,235180
2236,349511
4117,597681
4320,495210
3859,454097
4916,642535
1798,228289
2231,267805
3861,452866
1064,130667
4531,622570
3074,400367
4675,573328
4117,493970
2846,461493
3944,478595
4021,554150
3940,657793
2053,288171
1522,208680
883,131152
4170,629139
4619,598587
4164,458344
2557,326469
3580,496546
4087,510186
3252,411452
1128,174023
1225,173685
1569,217869
4775,546579
1407,177727
2652,359983
3472,485326
2924,449770
2100,294084
1265,154215
2764,437308
2745,345420
3339,479966
3160,383485
2839,335977
1984,217604
4734,524249
4017,493610
3582,535935
1577,211227
4179,431875
3218,458430
4877,633685
3239,494751
2789,341996
1866,217251
1744,272054
828,120103
2697,281436
2497,338130
3614,377254
4165,601142
3288,372530
2465,274089
2370,357425
2533,345008
1559,219878
2957,362939
2151,277021
4276,656440
2068,278788
2585,426400
4749,603422
3407,491951
1198,175676
3430,456035
3246,488309
2469,301146
1038,148369
4336,496079
4661,517568
3903,509694
1946,249222
2357,267255
4538,642014
2957,453672
4251,531984
1099,160029
4498,541909
4853,616367
1048,135468
3368,479965
4929,634733
3660,366108
1523,225395
1369,180307
1019,97352
2194,331971
3634,552766
2922,332571
4800,521903
3889,572235
849,124944
1314,180320
3591,442837
3578,422643
3418,475104
2637,317458
1965,236729
3049,432219
1214,175710
3068,467908
1904,195556
4156,509183
3216,401594
2734,354679
1003,111254
868,120225
1315,208217
4363,489157
2264,300721
2452,364917
1506,190411
2425,288577
4585,608307
2145,302459
1143,126927
4586,667466
1335,169294
1154,138471
4342,464596
1782,214204
2145,259323
3809,426892
1326,181800
1730,228716
3556,514594
3082,433705
2746,330611
4727,592241
3341,396972
2716,288038
4160,564740
2393,317041
3725,450263
4425,628705
2023,252682
2759,409687
1765,225357
4478,495172
1422,217335
3172,429747
3748,434017
4099,508134
1968,231352
1191,172538
4609,455218
3207,430297
1380,143837
1620,164786
2047,278715
923,103230
2674,375587
1323,191123
3923,483681
3998,549040
3585,545292
2918,337391
2010,287278
1826,216071
4917,639461
1297,156497
3605,436984
2493,310642
1524,184423
1175,150435
3252,479765
4659,509410
2486,339161
1056,120198
4400,504858
850,86846
1394,203729
4673,590574
4236,493556
1872,247003
2276,283965
3820,559706
2464,282700
3530,451414
2195,313350
4697,535545
4845,596327
3460,383492
3033,354784
4122,439760
4997,570109
2901,320141
2106,252681
2437,352344
1940,260347
1415,211481
2366,293834
1776,206982
2116,271041
3139,379464
2896,394319
1178,126555
4265,549821
3071,468500
1846,214472
1807,222953
909,94619
3571,523654
4683,601890
3400,415476
4043,528465
1805,232726
1105,132034
1758,191500
1753,231937
3468,451611
4338,538710
3477,436073
2430,355288
2591,348128
3403,374705
2771,413822
866,121422
1634,227352
1005,118691
3633,518818
2514,333627
2332,262526
3945,529881
3920,565570
1507,208753
978,100735
912,124025
1556,193788
1696,172525
3668,512566
958,134354
1585,205306
2603,298573
2639,398239
3968,548435
3098,430814
4878,701566
2342,347052
2954,398326
1374,155157
3838,459445
2181,266532
2022,299734
3274,436176
2301,275511
1658,210587
4374,655406
4529,630511
3765,548338
3991,452042
2396,303954
2361,284228
3322,506697
3399,434844
3191,387360
3475,347176
2983,450911
1076,163432
4682,464508
4404,586559
2878,415003
4877,668909
4968,613346
1920,222350
3323,490216
4170,590306
2708,377951
4320,637506
3905,635705
1297,162271
4387,548997
4993,618798
3213,373220
4600,680413
1262,189506
3560,519694
4257,659850
1072,140990
1950,264485
4189,585565
818,101187
2416,275301
3978,525797
4881,600369
1211,196830
1541,165900
3471,448158
3579,480803
3424,402494
1314,161770
1006,131692
1747,196716
3241,441167
2628,403830
4398,546747
2967,419892
2456,382198
1401,203286
1511,179951
2003,214191
2191,274606
3496,457576
4072,402944
3931,512681
4530,532739
3466,444393
1349,169062
4782,606828
2044,288766
4686,538937
4812,493500
3349,477048
4004,559373
1645,227127
843,98393
1458,202900
4730,524070
3667,460134
4447,679315
3582,497770
2491,321104
3025,386715
3866,438694
2747,423869
2165,314276
3930,557945
1767,227250
2204,274475
1285,152412
2555,387000
4430,455425
3768,521864
2379,253030
3595,456417
850,110182
2459,272462
3587,420327
2955,416454
3961,602780
2414,325135
3536,423222
1206,139272
4179,496849
4997,647950
2184,292369
4495,667138
3702,477197
2429,291626
4062,459369
1826,231656
3789,398873
3024,365704
3720,413296
3583,451849
2213,302826
4448,603612
3608,506056
4131,479729
2978,450468
1597,223566
3646,508404
1729,253973
3891,516133
3062,392746
2133,320432
2074,243621
4280,542817
4142,610353
2017,255895
2264,274369
4974,576158
813,108594
3093,382195
2845,390718
1837,284049
4928,719941
2259,214924
1056,148640
4929,698989
4873,611696
2083,309663
4287,576271
2984,300925
1158,153001
4591,578132
3987,480710
2025,274270
3097,432837
1077,150821
2786,391414
4344,489418
3593,409881
1191,159644
1768,258431
2990,404556
3028,297991
3426,473495
3645,388693
4107,576144
3400,413558
3480,468190
885,142975
3934,490583
3039,360668
4164,514202
2845,305728
1854,213097
4201,613263
4529,454725
3469,418316
1075,143613
4890,605658
1905,286218
3732,475822
928,115922
4368,577617
3202,429310
2447,318111
4356,561600
4691,472340
2993,338352
2847,394754
3904,566538
2934,437636
1642,177902
2771,325422
4703,716947
4413,548473
1191,165865
3079,555795
1700,247770
3294,417530
1952,249636
2094,288760
1265,128006
2975,406435
4045,509059
1287,165815
3738,491871
3426,525842
1749,234098
1849,246879
4875,686039
2190,287092
1883,263478
2458,315363
2617,385876
990,147684
1260,176511
3321,317510
4276,567121
3505,354488
1957,265609
827,127399
3772,555001
3824,481706
2064,263361
1655,169504
4825,628217
2051,260331
4670,519106
2126,245088
1825,204449
1161,188333
2018,265953
1405,198540
2470,355036
3097,477497
2994,460198
2077,299423
1198,128399
2972,428839
3610,447662
3452,383353
3739,465199
1621,214454
1744,159616
4278,581845
3579,526300
1996,262076
2012,228898
1623,225839
2696,349388
3215,501933
1335,127532
3810,348100
3427,440416
4577,563366
1749,234437
4308,586984
1343,205201
4700,594008
4553,622613
2882,317793
3666,612135
3046,446513
2636,377575
876,103274
1168,175709
1148,166688
2255,314781
2985,383471
4611,526705
4072,525907
4482,529730
2646,359193
2654,301195
3785,451303
3425,338214
3694,509694
1358,185356
3696,452415
2717,253774
2054,215022
2481,326271
2614,379051
1462,168329
4916,728280
4125,640171
2041,279248
3943,574284
3837,433998
961,99256
2750,434267
2581,297194
2277,335348
3830,521998
4786,748553
906,128321
3468,389835
1964,245120
1957,274993
3046,370900
1466,213586
2926,384599
3741,546154
1311,192631
1049,141255
1688,216034
1823,222348
1399,157829
3822,595453
3330,436888
3683,465115
2864,362299
2558,330518
4369,535864
2042,247953
3095,339014
2725,356137
2862,428130
4195,499883
1240,171467
3543,491148
806,109637
2386,377266
1625,225918
4624,605781
2068,279243
4236,604441
4238,661551
2110,266725
4833,641304
2427,426945
1836,237329
1277,164270
3478,408341
1514,198722
2476,319125
2962,402532
1308,175351
1181,118568
1980,218584
2645,337446
2518,311279
1900,217518
2660,272376
2891,446284
1517,233781
1117,157895
2576,312250
3084,468891
2044,243675
2133,291215
4469,528004
2000,260726
2594,356157
3501,376505
2254,278738
2733,365577
1546,171893
1640,190005
3295,440764
1888,230298
1592,177597
2067,269628
2350,320834
3490,571191
1092,143339
4822,627659
2204,277113
2448,360435
3616,487757
4710,671343
3718,495746
2197,315741
2493,338228
1837,200012
4652,584647
2362,297935
1912,261276
2091,276617
1961,294063
1829,248690
3539,485102
1778,204093
1317,174175
1582,200564
3631,359568
4980,549302
937,131971
1553,217108
3753,454714
3255,395881
3634,410633
1379,199744
4055,477918
4066,493791
1195,173554
2737,396682
3389,431432
3834,499145
969,132815
3137,388531
4039,519023
4215,535550
4368,612855
4016,607439
4284,630569
2641,383588
4560,517884
3826,571546
4765,571114
2401,247950
1946,228192
3484,448125
911,90589
1392,195825
3239,461499
2038,253254
3594,404358
3214,462324
2929,340200
3653,386092
3669,473422
4398,573496
4603,620031
2326,329171
2769,396924
1751,194426
2302,228873
4136,566200
909,118846
4786,589301
3154,403168
1025,120392
3811,594163
4926,491762
1413,192661
898,99429
1610,193336
4137,510559
3499,403347
1819,230284
3825,346455
4328,463111
4686,478798
3779,422043
4140,488798
1596,207335
2757,331803
3866,452145
3820,466577
3480,415958
3748,466361
4531,566325
1901,224895
1837,195409
1591,205684
4974,708971
2578,294124
1781,228603
2065,254706
1543,214017
3231,377995
1174,148817
2553,327153
4697,628545
3336,378571
2791,375558
3728,454852
4246,584731
1391,172529
3369,501284
3672,388719
1976,272985
2135,287573
912,124866
4572,666586
2645,272519
2787,452882
2785,383729
4092,650381
4042,638542
1052,143517
923,123559
2036,287570
1423,136300
3956,509054
3936,568883
4189,640583
4217,528317
2455,332431
2066,286323
3745,482229
1960,227352
3094,371475
1240,141769
2892,310352
3505,446728
4559,744262
1353,180893
1912,240329
3577,485016
2633,309672
2114,222155
4293,513709
3938,445174
3912,400068
898,109328
4725,648845
2279,309761
2022,271087
1804,279692
1276,155307
1935,264112
3656,453984
2505,379076
1317,155238
2020,285123
3306,442165
1991,295245
4680,609049
4043,511239
2777,346124
3042,388468
3890,396861
2687,328298
1773,215010
865,97653
3706,450591
1370,159647
4692,573826
1107,154279
4208,586614
4542,698015
1582,212971
1565,167757
4275,534639
1572,189290
4657,536783
3985,582185
1339,183198
2849,373375
4083,439901
2463,317162
1847,304560
4636,544490
4239,537203
1305,196836
4047,499484
4300,529344
2710,343003
1532,207124
4313,500161
2371,341067
3742,464323
3121,415388
4135,511703
3553,390712
2172,210821
2244,299418
4176,429138
1089,154056
2865,377913
863,138393
4745,575303
1129,176146
2763,347135
3888,559623
3290,454629
940,96339
3273,582274
4703,725568
1249,169818
2625,393571
1669,223827
4364,625322
4459,590145
4402,503496
1192,153141
1641,200446
3248,453046
3591,410064
3753,496209
2158,234914
1790,253397
1838,205334
827,114998
1187,156409
1632,237687
1049,133988
2827,402024
2328,307839
4993,681166
2638,272041
2160,259944
3909,498608
2123,319628
3026,409079
4480,466890
1691,230935
2105,245949
4992,589781
1061,137004
3140,421233
2593,306842
3096,321360
3092,393743
2970,376125
1124,170289
1785,233193
4652,687017
2539,410663
2660,301620
3937,598655
4698,676449
1635,158152
4954,630051
3578,503008
2196,296609
2476,383440
2637,366158
4521,490769
4472,634528
3822,431324
2471,300746
1716,251350
1717,248593
1933,252401
2636,314032
2938,373119
4807,616819
2705,328657
4789,704136
4285,530347
2920,368136
3532,446744
3569,501293
2121,283820
4516,601865
4154,481284
2328,310838
1559,220117
4212,525800
2157,285130
2990,429996
4281,505067
1748,206595
2879,369064
2566,363604
827,70516
3270,415506
3338,398656
959,129811
3692,474511
4913,722906
4522,631929
4531,573559
3271,375262
2370,320527
1636,205333
4738,601412
3086,347371
4205,556278
3470,424692
4912,608574
2427,183798
2666,347915
1004,116191
4379,603161
3974,520858
1591,171757
4892,628357
4547,605769
1905,307276
1890,262692
2407,266286
2639,419990
4197,528304
866,108953
2078,330668
4958,597801
1613,205888
1202,126847
2802,362617
4966,634328
3725,462021
3793,502097
1886,222010
3366,511524
1571,204663
4472,529716
4048,441688
2469,322722
2356,338738
3758,508618
1951,311736
2017,322937
3031,335871
4744,510642
2842,336646
1505,211573
3469,471263
2913,422856
3777,432336
1222,126345
2821,341706
4593,637502
4931,652988
1330,197749
890,106195
4172,604662
2742,331489
4605,652415
2040,288511
2558,393003
897,98592
2279,343558
2632,359767
3385,443113
4447,569215
879,113310
3023,394777
3369,356669
2572,343775
1923,254358
4611,553924
4274,557726
3423,501639
2203,266073
3378,381419
1131,134769
4408,435081
1539,241408
841,98842
4678,696747
2749,306219
4260,514267
2928,383454
2954,412553
2037,262679
2566,274323
2641,341131
1305,194300
2641,356234
2194,358139
1056,139995
2520,365900
1871,257970
2422,291852
2866,369929
1869,274165
1250,155994
1697,230779
4528,546440
881,126808
1536,201585
4974,711134
4744,705338
3007,421201
4748,604374
2802,357436
2491,245152
1979,269985
3735,544344
3315,369384
1261,160967
3701,471309
916,125453
2454,324418
2598,302202
1459,224931
4037,423783
2922,353295
4619,508199
4143,560697
3350,458836
2386,306001
3547,396595
1434,166358
3682,527936
3611,465109
4815,593106
3539,423092
2684,344092
2318,321136
1421,179513
2337,318982
3137,334274
2794,410761
2870,371465
3165,364892
3645,497953
3838,509351
1654,187147
3528,452207
1715,209630
931,103326
1916,236963
4393,502209
1660,185342
1093,150239
3488,469434
1799,226940
3096,298378
4485,578240
1086,153568
1249,185057
3138,455837
4040,453103
3503,414522
3916,499293
1052,135549
2219,289480
3136,460345
2035,270516
1799,266622
4560,539857
4916,610363
3411,421714
2246,290082
2970,325668
3721,590971
4483,589275
3061,345427
2745,312080
2653,348085
1399,194299
4935,711128
4203,549372
3790,527376
3618,488806
1662,213441
4855,606345
2019,263289
4595,589359
1327,172387
3722,508949
4004,617810
1962,225498
4364,573527
1646,222665
2917,362962
3886,568131
2570,315362
4083,572103
2625,390843
4123,560584
1245,158559
1825,250410
2571,318914
2159,257717
818,110832
1360,192097
1271,167062
827,114441
1359,223684
3455,512377
4036,490490
1744,231566
4748,638753
4456,523104
3863,537862
2779,329763
3516,492562
1615,256781
3126,400465
3130,427429
1802,242150
2342,271656
2029,241357
4105,555773
3329,439327
2230,285439
4712,678442
2332,319463
2692,438950
3924,455472
2221,275390
1190,180638
3618,561951
2669,312567
3760,466843
1995,253993
3405,514592
1657,212039
4027,513251
2316,291896
1953,257078
1642,221918
2482,392596
1094,166246
1444,164286
4433,563821
2935,382448
910,112243
1383,200589
4025,604658
2286,280729
2448,318681
3181,456331
905,132153
4353,532988
2494,342107
2533,302958
1181,172248
3536,421090
2116,278634
3502,430308
4874,561765
1706,207177
1462,182476
1262,187690
3702,455091
1742,228349
957,114750
4109,590924
2126,310058
3517,498577
3468,432409
3368,404261
4192,487009
2906,411295
1447,178132
4122,588488
3738,438007
3283,416517
3706,456456
3825,456245
2175,225813
2623,288903
1044,153387
3148,369754
1667,233459
3661,476761
1279,159659
3262,403316
2735,352182
4173,584191
3821,426359
3992,515016
887,120427
2040,287973
1372,199150
1613,205251
978,106581
2525,343629
962,123342
3440,509366
1805,240066
3148,466611
3221,393338
3555,526920
4942,654080
4541,618781
2017,210268
3274,480150
1729,220004
1116,153367
2302,287923
1220,179686
2249,300020
1227,162217
1196,189451
1595,147730
906,112210
4849,619013
897,105468
2703,364849
4370,480353
4101,453282
842,114977
2377,276403
4990,687011
1184,143292
4271,501562
4377,504183
4038,467288
2496,308442
2934,346310
4692,601165
3336,340581
3192,374404
4615,686422
1095,121697
1213,145621
2795,415300
803,103897
977,101767
1545,214655
1451,214432
4689,607863
4071,495130
3282,340893
1089,133634
1602,178310
3330,432476
1033,147115
1207,139004
1493,209430
1969,204184
3277,413833
1231,122934
3344,443853
1782,261785
3960,488964
3844,509041
4724,578436
4112,556372
2488,353693
1267,164450
3416,416844
2145,288082
3222,506586
1811,243986
2477,274704
4497,712243
4866,573118
2692,318310
3669,532463
2286,282777
4139,568948
2216,302210
3646,498049
2157,327141
4860,612254
2191,285943
2378,276431
4549,642321
4425,588918
3303,491718
3937,533557
3709,578489
3464,443698
1199,160099
4757,623341
3033,362713
2339,235409
1036,138170
1727,183040
1219,166956
4924,725508
3195,412497
1460,198163
3423,466343
4750,685188
1249,160527
1179,131897
2050,212661
3259,406737
3798,400883
3101,404890
1526,204135
2267,276767
3528,497706
3952,523276
4320,518672
4154,511653
1215,182553
1399,146177
3874,489634
4974,661426
2367,286138
1894,225700
3743,548601
4953,795584
2247,280839
2292,298835
3471,481439
2258,259041
2008,263154
3012,460846
2154,357031
1012,112613
4694,547216
3763,464806
3648,453948
3842,561911
3834,500384
2532,367221
3881,518598
2070,265571
2329,318380
1881,180263
4331,541764
1951,245124
2522,275185
1516,227634
4999,631485
2990,405202
1004,143545
4629,543963
3909,524873
4894,516150
2132,294613
2848,346624
2649,333245
2037,299090
2818,443221
1317,156983
2238,262401
4886,685713
2852,398249
3112,349052
3059,396595
3949,512098
1581,204539
3513,491539
2044,312217
3216,406848
1775,278608
4291,549902
4225,652834
1216,165824
1014,148335
4778,688925
1935,227973
4575,619806
2382,276942
1532,196798
3546,400123
3063,388920
4604,602718
3227,378217
1031,134019
1202,170757
864,99628
3037,435311
1749,251622
972,112475
3475,315458
2050,300021
3848,486086
4805,624670
1437,230387
1748,238381
3060,419151
2494,323913
942,119747
2260,291659
4687,598772
1092,114357
2443,281012
3518,454337
1637,262831
1837,200561
1071,130889
2758,336649
3169,444806
1605,210896
3974,478294
1682,247780
1631,187751
3971,486004
2991,338956
2840,411490
2394,309479
2426,289475
4384,599251
1073,164901
1389,133512
3500,487338
1382,215599
4433,679686
2790,352244
2058,270514
3666,488019
4538,572380
1371,197230
1344,142340
1437,199216
840,108243
2420,351293
4472,655813
4937,649958
4928,594621
2099,305558
959,106343
2752,314300
2531,326126
3246,396671
3962,502271
2532,317618
1380,178851
1019,155205
2549,287211
2270,279217
2194,312358
1721,224673
3573,412470
4234,544893
4382,470585
1918,279039
2665,351180
1524,248419
1511,171042
2625,315069
4726,626512
1190,178210
1870,229489
3565,425823
3228,423313
2947,353413
4372,599575
3554,466092
4063,570763
4625,663287
4216,571246
2857,420858
3111,388677
3679,398587
4442,505657
3409,438809
2230,303876
2713,376444
1557,187282
2934,419509
2712,258185
2539,309233
4017,551985
1934,277896
4512,637803
1564,225147
3525,467423
4168,534252
4297,437561
2472,312384
4205,474283
1382,192435
2621,286953
1985,253430
2437,273303
2980,386869
988,126490
2546,264011
4626,625268
3420,429999
4745,618837
3126,386913
1984,236586
3593,507877
3746,544922
3300,476966
969,106094
3545,534687
1880,260274
2063,306853
3048,452597
4708,636693
2125,250926
3977,471769
4673,559792
2948,375235
2488,286543
3785,394669
2876,301238
2329,301588
2261,284795
2202,303099
872,110999
4834,711979
3596,435693
3293,444409
4376,605119
832,108827
3494,507346
4398,606451
3192,453519
4912,591328
3671,465151
3477,337966
2201,284056
1617,176973
2460,406402
3238,435571
3783,469182
2010,283990
1399,152685
2646,324376
2655,331263
2687,375295
1479,170568
4052,484381
2635,346960
4830,673646
2977,396450
948,110354
2295,302017
2544,304580
2446,283384
3795,516582
2472,341618
2739,355510
1457,200579
4467,632299
1853,172857
4871,663229
1376,210844
3895,489743
3831,586362
3772,508203
4748,622912
2845,381215
4736,507602
3748,581215
2427,297414
2288,256318
4945,603266
4998,651468
1735,254943
4363,562251
4429,554430
2514,315303
2602,285334
2220,271054
4391,531952
4320,577803
4111,428188
3105,383088
2795,418173
2767,377140
4514,650467
4835,600041
4258,659954
1193,169351
4530,593551
827,115525
4291,478293
1973,219300
1138,161716
1868,274609
1641,190689
1093,156100
2657,366722
2122,250557
2447,281641
4420,526775
3894,477673
4291,532296
4295,455775
4601,564490
888,119674
2756,385649
1699,205817
4277,651874
2544,331490
3053,513003
4461,529961
3760,509202
2433,313091
1661,199301
1813,259120
4099,579767
2306,290908
4005,539780
1777,237933
4261,537227
2617,310539
4484,582797
4858,617643
3434,391745
4466,624636
1748,228415
1273,162896
1367,147134
4232,570288
4823,519320
3058,404011
3944,563145
2782,431022
1896,248383
4370,683359
4190,590749
3472,475964
4446,652399
3219,483127
4148,590475
1473,188372
3602,439282
3169,350604
1866,247284
1487,219659
868,100318
2903,330510
1219,191345
4798,605302
3397,353933
2924,316240
4692,641114
1239,152222
2086,286150
2008,254362
1878,250091
3363,526340
4423,562609
2053,303149
4157,547485
4009,451973
4349,694298
1414,228835
3878,495231
3523,466012
4290,637464
4343,552549
2700,390142
2512,295896
3129,492803
4419,598561
1994,281675
2178,327456
2112,300496
3715,480126
1549,241345
1100,156779
4782,609849
4637,498254
1077,139774
3358,409867
4717,614948
2961,356430
2189,297183
1490,183662
4268,646200
2648,368624
4616,567852
1739,226306
3982,548049
4109,441548
2850,390520
2546,265688
3251,497486
824,102509
3356,489083
860,97030
922,127804
2902,326198
1986,249419
2530,365626
4889,680814
3272,453116
3765,469470
3077,351750
4887,692570
3764,437372
2110,254607
954,144445
3012,417688
4053,443991
2062,267724
2162,275934
1737,216048
1311,163660
986,147533
2645,422982
2502,323665
1190,157624
1454,159267
3621,562775
1563,187748
4200,519353
4067,576932
1885,252991
2729,377258
2763,387349
2585,335732
3074,440331
3486,363910
3768,582286
1515,192821
1042,149108
4715,647793
2323,232376
1637,218173
4123,405319
3753,515703
2145,285842
3223,357141
2828,375629
2232,274253
1039,132519
938,85540
3993,444930
1219,144079
1103,124578
2962,361715
2826,338885
4902,659445
3026,269377
1968,314657
1215,146737
3513,440544
949,131834
3244,506335
1638,198465
2496,350289
2710,325026
2221,320054
3801,533877
2120,241702
4835,670543
2323,252256
4678,556113
1352,148596
4556,592343
4471,648184
1281,142653
1399,190283
1964,248193
1803,206622
2782,344049
2434,337555
3797,547160
1486,200034
4214,545478
2559,333549
3280,390402
2137,280915
914,98663
4757,609948
1368,212710
2353,290397
3489,512247
4140,579865
3788,574137
3951,328256
4327,574002
3815,529601
1621,230142
4374,647436
4587,644226
2408,321585
1359,157125
4863,493383
1411,211776
2963,358198
2681,334444
4969,713465
4663,604856
4508,507785
2509,261908
2561,319158
2492,327545
2045,290274
925,118516
1999,260469
3511,386919
4246,618301
1790,313601
3865,577886
2321,343880
3298,445812
3365,384698
3397,397698
915,127989
1831,262495
2041,236578
2542,347792
4438,584470
4890,672019
2775,375641
4983,678382
963,97088
4110,646741
4188,633352
1795,232947
2677,300623
2623,363149
3095,334479
4064,630546
2148,274039
2603,315102
3051,423340
3700,454939
2393,301038
1232,145494
4617,643500
1870,251725
914,133220
2239,236490
2590,289412
1794,219291
1757,257696
895,97218
2954,346375
1431,216519
4484,618546
2501,365658
1497,192564
831,130071
1348,145899
3048,386437
2693,338110
3634,456927
2503,278251
1956,270548
1143,127593
4872,535991
4262,388295
3048,362308
1744,230557
4680,628649
2850,360922
4085,490016
3655,452915
2130,255346
2803,450748
4415,492605
2587,306222
3046,395957
4472,507829
2955,386193
4279,451127
3820,503697
851,104959
2959,351588
4451,559143
4715,574690
2912,360962
3421,484068
2154,338146
4554,407277
1009,127656
1037,114856
1135,141741
4638,630958
2376,393959
1299,162588
2364,311924
1590,184903
4340,501302
3922,450219
1935,230722
4744,582938
3148,476365
949,118441
4006,554134
4328,581731
2424,349743
3374,342354
4084,551933
2908,388056
4747,610001
3063,447640
2412,309187
4615,660793
1377,182522
1222,163393
3563,480088
2029,257702
3976,610155
1553,226945
1487,191982
1522,201763
1546,212134
3512,499234
1507,232365
1234,177204
1283,163433
4318,508387
2333,338011
969,130171
1820,209776
1647,235192
1495,228355
4146,539421
4813,738791
831,117580
976,109918
3764,513177
2912,301195
4686,634065
2302,263879
3115,413935
3444,482722
865,104817
2728,423814
1384,160790
2548,249499
3004,389218
4430,666617
2692,349112
3229,391047
3893,409815
1773,215291
4824,544474
3442,460040
2242,302504
2277,263598
1570,196416
1105,167620
801,99012
1070,131856
4014,533049
1663,181020
3539,510490
3714,459805
906,102041
3968,547819
3399,417003
3035,354678
3599,471791
2311,336889
818,101300
1658,191536
2216,213429
3832,414811
2226,273273
3331,367703
4838,578228
4913,780774
3031,450004
3252,382853
3646,481532
4002,455394
2616,401377
2580,338152
4903,714628
1504,177773
2141,329754
4262,525934
4390,454422
1959,249571
4522,541269
4238,614833
4360,526224
3882,535977
2515,301212
3043,356981
2560,332831
4807,663252
2596,276716
3475,499857
4036,581410
843,105738
1288,163763
3948,356388
1756,275761
2914,364758
1915,280086
2581,312104
3626,471537
1450,199876
2676,329459
1140,121435
3750,480419
4175,454172
3245,379853
3550,427952
2944,386207
2154,259244
4076,455331
1248,165755
4972,695004
1597,174399
4296,559709
2982,421316
4126,542659
1445,161614
1519,202925
2322,301847
1869,247231
3875,505945
4607,459417
4161,530099
2956,426415
3113,471794
4305,623862
4939,643984
1432,201018
2999,414296
3863,488742
3710,546259
1422,171066
1160,148926
3167,454566
1009,117293
4267,469211
1730,199720
4743,648190
1677,274194
3299,488143
3323,471006
1191,182806
4702,631672
3121,376806
4781,617129
938,118175
902,104229
1283,162780
4873,519468
2648,331425
2684,344985
4005,510261
2961,459675
2264,301122
1443,225786
4236,463476
1410,201834
2343,312110
4339,557727
2266,249521
1716,231837
1981,325110
2946,402451
3072,397230
1651,218312
1519,210904
2814,431777
4272,531668
4442,589784
4670,607438
863,106292
1359,180668
2533,387446
1469,176602
4694,636161
2342,318600
2071,268925
3215,438705
3591,487661
3854,448162
3258,420602
3865,501566
1963,224301
3549,464508
2748,356103
859,137740
3902,458993
1132,164145
4971,681521
989,143894
4360,514399
1095,111427
3348,429848
976,138161
1599,200158
1605,205100
2542,405783
1014,120754
2679,385457
3500,403505
1396,205564
2517,324574
2155,295935
2092,251796
3398,446540
4237,561535
941,102376
4016,492363
3639,487654
4313,511925
3550,470838
2514,319838
1935,268801
4521,576304
2709,448916
3047,306098
4902,578949
2348,329122
3439,456644
3631,495793
1806,147905
4021,511747
3862,502418
3852,535913
3119,422105
4339,564918
3166,406733
1326,147327
3607,487577
1995,255668
2553,315353
2472,320873
2828,352379
2454,265751
4841,677031
1647,260353
1667,223642
1573,211459
1342,204646
1585,251297
4105,522828
3683,438891
1248,170410
4110,544010
2705,390853
4051,526856
1184,155283
1094,126460
2038,296162
3616,435617
1898,212763
2537,228868
2989,384033
3565,425462
2022,255771
4042,495828
4699,585121
1210,142353
3799,451250
3745,433533
1677,213062
1586,178935
2909,433054
2786,361801
1678,179493
2407,320845
3203,373239
870,126736
3110,375694
4095,617937
1561,226338
2921,539226
4382,576066
4997,701292
2429,316229
1885,247454
3257,483647
4066,575697
1253,161159
3421,512509
1418,205637
1436,220208
3148,466863
3836,478343
3049,375308
3521,435258
3149,446254
2794,419500
3620,528067
1871,203151
2831,337687
2049,287369
2095,310970
4356,586411
1127,172340
1596,162218
3661,464433
3593,543466
3894,526029
3777,445400
1762,249935
2068,273102
1172,144238
3368,358441
4493,631013
2404,273332
895,145108
4741,489570
2000,261644
4744,670200
931,106827
3915,467282
2190,312629
1949,225575
4310,684468
4447,581821
1607,198797
850,131182
4008,457398
855,133334
4464,514539
1543,229740
3676,580683
879,112898
4740,608580
3766,473475
4528,535533
925,121426
1018,146185
1747,242518
1394,191855
940,111857
3693,420393
3855,603375
2430,267239
1676,214062
3460,488844
4190,640303
2829,368679
3352,449554
4411,542164
1840,286970
1114,167751
4259,489755
4972,695306
3825,490594
3746,504532
4036,476166
4480,451072
3906,442826
2337,284333
4672,572405
2667,252958
1961,264090
4720,513814
4682,605907
3556,399131
2712,279771
1064,137525
2102,266937
1994,262047
2326,358072
4404,619405
3048,486352
1958,245521
4313,514001
2878,393940
1944,306910
868,98271
4517,682077
3808,522177
1626,200618
1969,300369
1783,199706
4777,668845
4134,525913
3140,460832
2815,380092
2252,329819
2933,383410
1839,227073
4266,549404
3826,507880
3547,479855
4295,602312
4655,606303
1361,190805
3003,490337
4219,502653
1944,282015
3499,419138
2351,272359
4821,730542
1360,158424
1987,257556
3933,464081
4211,700172
2489,322513
3223,365778
2169,253727
1380,223318
1776,225173
3156,406412
918,139780
2342,349198
3843,448959
1772,209216
1715,208726
2237,279833
1386,197483
1150,148000
3362,421617
2670,347301
1072,130269
3727,571490
4239,506765
3841,500872
4748,661215
2564,359275
2570,319098
2322,340049
1631,264461
1361,213721
4340,402755
4936,635515
2279,273644
2005,277375
1456,212258
4740,534488
1389,198653
2171,281367
4551,573717
4559,628820
2900,370682
2684,394529
1547,191971
1263,189451
1553,201396
1382,130377
3005,354451
4914,631115
4950,670941
4827,620366
4153,496457
3608,565424
4403,665126
4713,527349
2219,260434
2967,399913
2944,375993
2967,263902
2360,281348
1976,278607
2068,272318
4387,509037
1966,239091
4375,554099
3641,613184
2670,348550
4729,563473
3067,481661
3686,511230
959,113085
3458,450542
4563,580077
1855,256415
1133,125920
4396,492906
1691,213306
3787,442310
2162,314048
1725,197639
3243,538700
3377,431320
4780,630830
3205,433525
2219,286043
3675,542780
859,113545
3324,406122
4597,503485
3459,469973
4896,703632
2378,263933
3905,485325
1507,217739
2580,302452
3213,376220
4206,537216
2961,443350
4339,623856
1408,210835
1108,127525
3164,380017
984,125286
1045,131045
1038,122845
1319,180983
4707,496837
1076,142294
4828,747992
1405,184304
4853,570308
3512,389107
941,127422
4461,696119
3169,422115
2517,314554
4227,501132
3124,336890
2644,354526
1199,127066
3363,483355
2322,323701
2134,270504
3423,478251
1038,137629
4015,560425
4447,637787
2416,304837
3229,356981
4452,729549
2521,319665
2072,256057
3939,538302
3678,467476
2335,259489
1335,149683
1748,203895
3442,465909
4741,566871
1821,262283
1233,157423
2203,283790
4311,564308
3735,427317
4133,616346
2402,323438
1028,130970
2996,365698
3699,450435
910,102503
2044,224892
4959,545635
3485,508616
4601,545226
4667,531363
2177,325068
2571,336570
812,91263
4061,562697
1462,221928
3892,545542
1493,197184
4190,574106
1981,293033
3818,595301
2304,266651
2702,352166
4971,691310
1128,149549
2239,308859
4646,757898
4967,626202
1024,111420
3320,523733
4514,706517
3207,443043
1610,197342
3917,559593
4090,533702
3051,382470
3329,398993
1723,223569
3852,532359
815,107957
4396,629791
3203,405856
4810,595097
3446,468006
1901,249590
3775,574784
1890,235874
3706,453857
2546,324533
2520,311982
1248,150442
3812,402233
4304,485044
2368,303570
3986,440000
4291,594174
3346,453549
1847,221550
1864,240842
4621,587447
1367,140702
2236,305603
3505,424236
3283,378788
4579,641852
3594,480331
2660,382158
4136,530366
2690,358387
1897,269349
2438,378243
2458,308055
1925,257413
1063,147335
3792,525130
960,117410
2056,263825
1110,153686
1026,136089
1072,170147
2722,341222
3957,466941
3138,430745
2401,278334
4518,556270
3222,422759
2725,352902
1366,176342
3715,451549
1051,142459
3154,512805
4301,612641
3111,318391
2915,361140
2402,331427
4070,437779
1313,122997
1241,147837
800,94295
1702,263131
2020,273371
3121,398960
1655,207307
1817,248492
3020,401572
4304,588492
995,134173
2132,310392
2317,302350
3497,495456
3907,528822
1857,247049
3505,434639
2863,369377
3592,464377
1220,178341
3614,482594
3640,423857
1831,195551
2291,258727
2685,321304
1309,179219
2659,320977
2658,394440
1713,191172
2865,400939
3766,384344
4637,525096
2396,275780
1855,213165
1823,219557
4004,567768
1375,193550
998,114667
2165,275078
2798,382810
1816,231040
4418,678856
825,111977
2358,276007
4524,536290
4258,491794
4156,496687
3167,412733
1270,160613
3267,401698
1685,233755
1675,226366
1741,185079
3841,425927
1371,157986
4949,583401
1404,169060
4329,536579
1181,159844
2036,230354
3180,376930
4579,486485
2905,337506
2317,293987
2333,271896
4094,468858
4240,518607
4289,572753
4745,551509
1670,242697
2950,346049
4032,498971
4031,594040
4566,632919
4007,512557
4626,627154
2412,267713
1877,294869
2100,234733
2958,393789
3071,450963
3329,445903
4060,524669
1163,170824
1645,229157
3832,470171
2127,325721
3962,470818
1191,183869
4055,563234
2859,354794
4037,462976
2846,376807
2105,254148
3694,486197
2832,400594
1564,224058
1298,195777
4168,477754
3744,500274
4604,500868
935,121605
1900,202711
2671,432106
4833,722153
4913,525065
4812,580252
1004,141412
3171,423366
1361,177321
4114,550342
4760,679712
3326,532657
3011,340270
3171,402488
3481,358602
3606,465996
4569,706469
3055,418849
1700,240679
2550,338442
4095,488246
3959,423522
2252,341776
2043,251878
3122,397362
2470,248408
2827,340095
2568,338920
4463,603053
3102,478102
1969,248518
3232,414987
1186,181251
3230,476756
4148,451645
2205,334558
923,97771
4797,657473
4252,600745
4696,623671
2424,301465
1981,244228
1527,141871
4684,619556
4470,583279
1941,296156
3175,399792
4831,589868
1158,141633
4542,533279
3644,448848
3011,344891
1772,246668
1160,157740
3432,371306
3990,524356
2424,355626
4728,689649
2556,292422
1040,155988
1775,216652
3113,405693
2105,262541
1587,177666
3228,381879
1355,201454
2909,433683
3449,483592
2359,298696
2163,339630
4759,689216
1389,178131
2549,256641
1340,191511
3222,478862
1090,148708
2890,292892
4735,629630
4758,773845
4659,594935
2055,327681
807,113409
2457,321152
2056,310545
4750,574171
1839,204964
2916,325908
1484,197541
4818,658563
2597,311033
2624,389122
4334,569163
862,122784
1060,126962
4371,556298
3992,413245
2288,287792
1930,257430
1154,140317
3574,461369
1388,185416
1404,171255
3028,381628
973,115820
1153,133610
4090,607128
1233,133840
3752,535816
1058,115886
1667,254503
3406,472170
4445,552933
1395,201101
1193,174544
2910,403567
4664,639477
4939,658647
3000,453751
4797,621820
4653,613269
4554,650921
4229,529574
1013,148404
2926,419528
938,161982
4993,639855
4760,661529
1463,200437
3632,516297
1873,241498
4822,660472
961,127024
2300,328670
3978,402477
985,124525
2780,449857
4788,733099
1629,219182
4319,599836
4311,594047
4128,575689
4148,484702
3285,394260
2025,243481
3644,449410
3533,542705
4796,539573
3470,553316
2298,312707
2488,279886
3247,394357
1667,227674
3808,421224
4324,539529
2812,317600
1039,144974
847,95864
4849,520684
4257,646905
4079,511606
4028,499894
2048,280718
1967,254891
4290,504759
2697,325905
4336,610407
2979,344187
2770,358600
3520,545662
3181,399334
2743,407300
3946,453210
4283,568642
4496,668514
3625,440223
2627,417059
1022,132035
2546,286579
1329,192783
933,143474
4603,512288
901,123096
4523,542340
3528,404583
3345,390596
3358,447126
3841,573853
2800,361441
1748,238252
2368,288164
2853,365482
3805,445100
993,102121
1541,188500
4706,691496
3759,348005
3063,448790
4220,569407
3723,476251
4054,495074
4039,554085
4665,704313
837,112049
2498,316855
4826,822758
4013,526876
2583,272312
2766,373181
902,109298
841,104876
3794,565976
4018,575244
3790,392527
4169,433826
1861,245868
3349,484227
2476,238462
4489,649533
4797,801054
1125,166269
1920,226759
907,126645
3478,464295
1134,177728
2839,417414
1603,186774
2648,367561
1566,184310
4327,629891
3106,391956
3629,469623
2288,303254
4929,600020
4366,574552
3173,434330
1636,205780
4109,547689
4412,524320
3591,400544
4783,619343
4568,663554
2304,333555
3250,467450
3844,557949
2833,376115
2499,304318
3080,388345
2107,270083
3327,399673
4638,644190
1775,214454
2856,292037
3226,470606
4474,615867
3228,336102
4533,545233
1159,148996
3023,392849
1284,207457
2228,257582
2880,330289
1495,222862
1001,127378
4657,687374
1998,251771
2067,306492
3770,474405
873,111853
895,102426
4277,666867
3002,356317
1057,117161
4458,687877
3606,504418
985,151460
942,112382
4153,577588
1439,217291
4549,513406
2874,387699
4768,587429
1001,124225
3892,458024
3965,540800
3879,490448
2902,336975
1710,258721
2371,310059
4248,452378
2959,354263
3344,360468
2129,256768
4413,596993
1260,175502
1606,229139
4499,542777
3073,383075
858,117199
3275,468132
1955,250038
1297,181101
4776,580747
2407,235316
1520,218260
2074,287149
4667,599895
1490,197609
4823,710657
4952,643132
4237,366962
3155,314063
1549,232475
3851,534901
4364,641678
2504,381349
4245,642806
3177,345850
4031,511829
3015,351921
1685,223177
1664,182504
4294,560987
3854,401442
1585,197797
1256,190756
1144,137014
1353,161832
1587,209306
2619,347622
1504,202600
1752,206866
1614,195260
2348,307646
943,136502
3577,425825
4566,580080
4625,466982
2016,248887
2607,346792
3539,506275
2089,246934
1355,179639
1662,222831
3285,338747
3155,350659
1765,242751
3195,418250
1275,167566
2138,248128
1324,143361
3371,462438
1361,180344
4502,454213
2005,257677
4833,757402
4647,645915
3038,354136
1960,259705
4625,586973
871,134739
1554,175783
4652,695440
1704,191010
851,114891
3421,477833
3990,587757
4748,671961
2087,223592
2572,334404
4702,647315
4720,690511
1749,197710
3938,456466
3216,347479
3079,400253
2225,298277
2384,322597
1846,232618
2965,380419
4823,619371
1976,249985
2960,303318
1831,211757
4088,564409
2115,260847
1692,207248
906,134989
3880,566983
1544,183803
1421,216513
1620,205846
1211,171960
913,118216
3246,390827
4146,588847
885,103073
4942,630802
2372,308258
2805,348433
4879,534760
1603,220571
4134,594510
4149,549589
1869,221643
3469,563763
4941,625203
3571,450935
4982,429058
2208,245938
4540,669231
1064,190874
4648,693888
3893,445242
2273,311722
1125,139687
2006,249998
2304,254527
4334,597191
2240,248576
1755,167583
1354,167706
4054,371390
4939,582206
2836,394187
2086,306593
1997,278709
3067,388093
4429,539621
4265,495173
1571,239256
3256,361803
1270,167466
2170,301418
3932,394064
1471,137935
1974,274127
910,98437
4359,586909
1826,213397
4354,583497
4033,548680
2272,329609
3179,434396
3771,502929
3181,496530
4090,471754
2633,344358
1253,180001
1540,138758
3180,486138
3157,402539
2243,306023
4480,549257
2548,348065
3201,428873
3971,449265
2806,346267
2586,355685
2209,335900
2562,318611
1709,189071
1560,211064
4040,506961
3489,495571
1330,158021
2159,236599
4618,709048
2827,347436
3360,391154
2977,356468
2337,353249
2073,340799
3581,423112
1746,221878
2098,282867
3311,337897
2988,365545
1681,266188
2647,331193
2775,413354
3764,485494
3863,378889
3928,569091
1297,161834
3016,456853
1788,237860
3408,443364
3275,448890
2170,294466
4388,456295
3302,481804
978,126656
2729,355880
3348,456239
911,130784
4019,586076
1514,211941
2201,228484
3724,480156
2181,252907
3927,521067
3811,484071
2008,322364
3925,429990
836,108806
2628,346099
3860,474794
4141,536899
4741,768627
1609,217918
3872,591160
4918,604670
2326,329325
4319,508942
1295,151410
1224,126411
3547,404392
2865,374855
2782,426175
2268,290878
4600,614019
2033,299227
2597,325002
1364,157348
3819,447082
2104,308907
932,123180
1248,164947
2630,306736
2958,444142
4426,698024
1649,218654
4762,684644
2280,274345
1700,253497
2339,324264
2699,301058
3744,512109
4044,552838
1314,174400
2391,329067
883,114169
4542,577968
2927,391474
2401,299534
2022,243211
2642,387464
3091,375241
2389,304806
3696,453884
808,94491
1514,231834
2727,295566
909,123586
1065,136360
4023,551878
1754,223536
2149,295244
2374,318700
3023,419681
4631,723149
4055,413597
1858,243804
2757,317312
3947,470209
3319,384068
4453,559376
3370,494825
3727,463382
4687,633628
1687,242002
1544,180996
4314,509204
3730,484917
3479,358243
975,156134
1365,177565
4017,555927
2194,278789
2020,281873
1747,222542
1384,191510
3662,547289
2420,234662
4155,581676
3149,384365
3991,452696
4007,434146
3376,443823
1331,178659
2031,244966
2793,310372
2497,328905
4170,546441
2345,326001
3965,556332
2237,329887
1170,163928
1416,149412
4966,644888
4814,698030
4979,710607
3056,508659
4110,589116
1731,190062
3129,332603
1193,156091
3265,431840
4077,496472
2729,386213
1425,131507
3679,452666
3966,379769
4222,501235
2909,363018
1965,286435
3581,399900
2691,344313
3982,486363
2439,312611
1581,196326
2856,360423
3123,375460
3074,416670
3033,444442
3438,449099
4087,654429
3280,430264
3416,485382
1155,136987
4146,531821
4322,541736
3267,364793
963,114089
4434,600187
4463,666141
4054,561165
4181,564616
2864,335468
4784,656760
4687,564840
1139,128040
4581,533743
4390,562794
2733,333154
2445,328397
3487,433550
2926,392574
1438,180230
2024,261648
4505,519363
4710,713698
2349,247916
4945,827505
2305,316032
2175,231767
1467,192887
3174,423207
4890,745183
1815,199227
1135,124605
880,118951
2934,389926
2599,395070
1057,121584
984,111976
922,145724
4314,557871
2194,260687
3152,443127
4019,398835
2108,286001
4744,571750
2741,335685
1290,192765
1854,252955
1501,169738
3734,488302
1934,254814
879,110813
1635,188999
1451,193566
1216,170862
4480,612890
4666,556688
1545,197193
2802,271452
1039,159980
3693,446762
2744,335309
1655,182517
4315,616672
3446,501121
3994,485088
3398,383744
2153,280550
2835,354544
3680,519486
1479,189357
1286,163273
4420,619050
4450,473302
2238,280490
2284,303503
1490,184138
1812,243190
3147,419570
4508,645484
2722,342658
1437,142994
3808,406641
3033,415380
2925,388210
4257,538987
3974,507482
4488,539814
2199,264608
3134,381703
2305,289995
1049,138290
1335,172015
4332,541878
4349,610754
1257,179796
3538,530985
4169,530181
4935,603019
4496,580187
4211,512779
4869,631811
4187,569872
3985,524415
4038,515158
1060,147954
2047,317585
4133,493417
4122,556530
3373,428844
925,108540
2029,241869
4011,496976
3933,604104
2106,303889
2901,338259
935,129187
3177,366746
2259,272447
1612,241308
1651,263749
2544,258461
2738,357203
1670,227311
1434,180514
1468,193936
2093,259355
3888,542029
1068,133365
1660,229726
1281,185464
4090,583533
4190,533136
2061,198158
3132,430174
902,97700
4594,629080
3492,474005
4471,567328
1681,220214
3035,460779
3834,572920
3377,421209
1475,149941
3239,497394
2481,263804
2076,272720
4047,521654
4448,607286
2112,315722
1873,245192
4899,599780
2454,329497
4547,498145
4888,585285
2693,341543
2085,288034
1334,201161
4247,620992
2179,313360
1445,211521
823,114262
4924,645845
1164,133858
3455,450798
1208,127278
2114,258265
1018,133330
2339,306163
4233,510335
2402,250152
3504,426039
4448,561218
1905,253057
4211,591151
3288,412258
1416,175907
3218,387456
827,106637
3855,555179
815,93148
4148,417161
1132,150712
2961,437149
2885,388298
4753,547206
3589,460903
3052,399302
1044,146928
2694,315149
2156,331169
1742,215670
4267,512509
3992,536216
2545,277641
3157,507833
4679,640972
4577,575904
2915,335864
3067,390021
3067,443427
2296,285305
3596,426755
1729,243036
4124,471202
1156,154337
4864,662374
4641,630058
4730,645508
1626,188196
1465,186324
2828,356968
4491,593093
3382,348384
1353,147494
1127,183032
1988,280073
949,120340
3653,479053
2736,438499
3536,360280
1756,231283
4048,505502
1215,180596
4254,589635
3445,559681
4574,650487
884,109054
2735,345893
2216,310844
1870,283851
4212,502800
2321,310642
2301,231501
4891,614327
3273,510208
1535,234520
3638,513830
3362,526781
4706,593313
2072,267327
2662,334892
2563,358354
1622,281897
1342,181841
3565,402433
2878,326520
1684,196915
4449,524202
4371,509176
4733,630837
4466,485013
2521,346257
1174,170017
1357,163768
2080,281155
4223,591151
1928,276041
2160,284370
4397,509100
1900,250071
2334,297939
3425,452434
4927,567235
2431,260677
857,85494
1927,199811
1111,114059
4517,656633
2801,374681
3537,461925
4677,583962
3082,312205
3983,540792
2231,297606
3925,512947
2575,305083
2118,253350
3959,545735
2128,252143
4774,696733
1019,156918
4102,602104
3666,481819
2696,346718
3102,407836
4984,698714
4526,687154
2842,393043
1322,138168
3507,407114
3798,485123
4721,683564
1709,280916
4933,646629
2680,375255
4079,435578
3360,401341
3872,524005
4626,458963
3675,491327
3706,460720
1344,175635
3897,464818
4425,609979
4305,627997
1884,265992
1352,190267
1953,270563
4738,614711
3045,375845
2486,357631
1493,174276
4590,631177
1297,177833
2895,330756
1412,163563
4767,656202
1175,156466
1605,217301
1720,218049
4404,673741
2243,311406
2345,352149
2010,253358
2880,417542
2948,369296
2308,288643
1713,191267
3580,489827
1189,136312
4849,585518
4425,485395
1870,189897
3370,433909
4537,541233
3579,483002
1138,147063
2776,404401
4236,673079
1594,234680
2522,328996
4019,563035
1698,254183
902,110452
3659,524795
4988,746182
2247,294885
2832,388069
4832,776438
3860,465610
2334,293996
3647,504524
4009,467886
4263,549485
1234,137859
2057,209002
854,114098
1730,190302
3599,418118
1111,161492
1756,232752
4883,632082
3312,412071
2063,315805
3547,580206
3582,498248
1893,171338
3586,464322
3615,412659
4563,562463
4835,663440
3123,410943
1032,112947
2901,347007
2828,416343
2729,419830
2258,339772
2448,268630
1207,150539
4140,493017
2777,388779
3213,403501
2560,293853
4397,669180
2178,264251
1420,206136
1729,208945
1774,251568
3653,457162
2489,284755
1525,224594
961,114731
1458,191936
3697,408556
4899,535599
3342,511581
2378,314126
4794,615613
1874,231739
4005,473910
4844,672082
4233,640478
1677,238574
1891,263152
3859,483501
2474,345185
2408,383436
3626,456915
2017,273075
3852,579354
1113,177249
1529,201976
4839,690637
1183,149279
2612,352270
3124,394727
4229,624301
3545,549990
2664,298115
4091,525388
1027,125174
2864,358618
811,102487
2322,271628
1491,200076
4505,506904
2539,363692
2325,312496
869,99137
3048,345305
3923,556005
4130,493300
2087,319749
1375,134953
2972,339455
1544,191817
3327,430949
3873,542032
1824,231595
1741,217941
1567,187890
3238,382509
1633,194827
2990,385210
1427,145991
1176,162346
4686,614056
889,114004
3655,537528
1865,259093
1858,245096
3859,539503
4872,587858
3400,472265
2904,413281
3653,340801
3455,540876
2315,312551
3817,531170
4947,723474
2373,303621
3336,412852
4726,635630
2852,488805
4596,590546
1431,172276
2661,399500
4752,469000
2032,260828
3064,369097
2847,396966
1335,176277
4333,491782
3897,544439
2075,244208
3873,500736
1825,225556
2851,405465
4421,544302
1000,83632
4123,467018
4158,544480
3771,452919
1385,204817
4145,475378
4654,645279
4224,600309
4900,649947
1159,157780
4469,571932
4277,573686
3612,443224
844,112585
3550,446174
1433,180097
2010,241248
2549,323075
4041,616783
3568,450922
1393,200731
2224,306595
2726,364477
1656,222381
1351,176056
4938,598828
3688,574483
2280,332582
1406,183688
1471,192754
4115,569878
816,93129
3673,434362
3394,345668
3284,416500
1415,209240
4005,503707
3649,594282
4607,568806
2872,381027
1324,166592
3973,383056
2273,286104
3225,378555
4074,543955
4138,617130
2807,350053
3212,435452
2951,374184
3982,571263
1227,201485
1814,276225
2404,290297
1669,251543
3527,474393
3652,542236
1685,193109
3408,438507
2073,275045
2755,355921
1386,186205
1000,128351
4417,550595
1625,200102
910,107124
3711,499593
4699,600824
1707,208094
4515,485445
4489,619832
1354,189742
2703,313374
906,119180
4136,503859
3334,469341
3026,370880
4093,501913
2193,289399
3484,430967
3635,445909
966,116672
3510,433013
4424,550238
3147,409717
2204,281165
2325,319498
3574,402783
1625,262174
1924,250759
1368,197771
2758,378519
4539,598286
2909,397857
4989,673986
4894,623322
3730,618829
1563,229325
4160,441319
4250,619495
2947,386240
4195,648335
4519,565348
1020,96865
2661,331910
3414,361777
1821,218135
909,110387
4648,630572
1498,200466
907,126617
1188,164323
1224,194763
3294,428298
3765,518489
3503,501872
2799,336753
4375,485791
2327,315369
4853,601806
2826,400453
3168,446736
3566,516487
2655,313853
1246,151243
2397,315456
1009,128473
1648,225526
2451,368636
2716,349016
4329,474746
2718,273695
1376,152212
1488,163866
1589,222473
2155,278600
2487,326098
1149,161807
3517,529111
4339,551392
1929,272261
1790,242156
2673,285048
4941,532319
2176,271788
2026,269364
1363,187015
3687,468377
2140,223751
4537,564777
2237,229150
894,113475
4096,566916
1748,238484
3492,427652
4961,675031
4081,461980
2297,276495
3531,371279
3543,432351
3681,435720
1001,123990
2298,289373
3886,519715
3913,393438
3390,396972
2748,397570
4404,638291
4763,623170
1493,195820
2519,284876
4733,588779
4532,645047
3459,385098
2521,333201
4851,671153
3091,404026
4999,638710
3498,446391
4174,573961
1810,240583
1841,252984
2357,293440
2007,251252
2480,342819
4421,515585
4152,469465
2478,406620
4396,599353
3545,447788
4345,519577
3793,440809
1580,204258
1745,224352
4228,577466
3898,430774
1347,149682
3007,402638
3784,513857
3390,486651
2974,460745
2597,327117
2680,375369
3856,441090
3057,278848
2997,345589
830,101934
1411,228947
3810,400258
3712,523822
4602,557426
3612,496523
1482,193600
1056,122790
1739,252793
3694,505084
3985,517176
1576,211824
3532,436669
1531,154641
2842,374239
1769,289053
902,128696
1883,253070
3870,525474
4548,591159
1171,112876
1478,168826
1001,129176
888,127739
2796,440261
987,112376
2354,329200
1029,99347
4352,544125
854,110660
4831,750154
1923,226447
3940,491627
4170,604171
2352,279883
915,111686
4413,478272
3410,475181
1159,125757
827,120564
4637,515991
4333,514067
2218,249333
4839,608534
3716,543089
2094,250279
4429,510629
2875,372988
4477,577555
3953,554113
2578,284284
4694,626975
3298,490076
1173,134632
3065,407211
1931,221570
2642,386865
2373,368724
1587,177964
2345,315107
4921,666093
1169,154311
2502,316764
2457,298354
2728,290575
4855,619332
1406,201004
3376,494766
4924,653388
1122,129223
2676,296480
1383,166965
3609,365766
1455,134086
1022,112239
2922,393530
3020,318376
4350,586961
3242,381246
4785,708379
966,116873
2816,346569
917,108889
2609,310623
3006,394743
2050,275320
4806,621484
3909,433519
2471,336306
2951,330072
3097,352073
1836,223071
3414,483514
2679,302514
1396,189175
1420,129890
870,119697
2603,379200
1867,259729
2725,352193
1837,219641
4242,491569
3983,467231
2202,266401
3161,455261
2238,286885
4611,653644
1284,225533
1045,161755
4171,541255
2150,261445
1329,189381
4614,657385
2588,357320
2502,380623
4425,512564
4120,553298
1559,201805
2203,308931
1597,196570
1331,180382
2717,280340
4937,640348
4216,656342
1398,170846
1105,141963
3709,541666
1478,202581
4184,436507
1530,195677
2825,383492
3566,536695
2898,427999
1191,153682
3543,494355
4584,590540
4637,567806
2485,363899
3714,540134
2218,297292
4991,599925
4890,633736
4526,591019
4429,637046
4113,515845
1884,245721
1807,239979
2117,266648
3149,421470
3493,459931
3078,362470
4522,550153
4493,489164
4047,481252
3934,595603
3398,475462
2985,352097
4852,616810
4624,540798
4320,608653
2049,274108
2874,403036
3304,413878
2814,408064
1748,195994
906,109721
3291,408180
954,135497
4040,492273
1595,184234
2370,308430
2434,405397
2738,315844
2332,346492
3828,497198
2240,291391
2198,265868
4446,619678
4197,610984
3842,586194
2415,324298
2313,276682
3398,532844
1644,202551
4219,499602
4330,581684
3127,361301
3840,470428
2776,386969
2635,456095
1154,159808
2405,355393
3995,488962
2927,392235
1787,180900
953,104842
1706,225784
4563,617400
2420,345267
4428,563045
4374,667620
1131,156366
1229,126343
3223,331422
880,116097
2373,300047
1219,162521
1266,158197
4193,507329
2365,281387
2318,299353
4830,688734
2835,322784
1603,205055
1877,284121
2432,252640
2784,388751
803,101879
1402,165851
3167,385376
4475,651081
1300,166460
984,112041
4309,504161
4051,496306
3947,564490
3740,458005
2095,271571
854,102163
2524,313033
3710,473291
2670,309838
4972,588101
3143,384005
4090,623826
4148,543017
2401,279880
3593,512566
4137,593474
2890,335982
2051,316623
970,131675
3609,491895
3154,427100
2573,347521
4554,584141
4791,669515
2881,360256
1626,249756
2465,246758
929,108089
2217,300026
4587,590839
2207,270266
1393,184746
1837,205343
2928,335127
4078,522363
822,111593
2433,290138
4801,494621
4999,667095
2205,302712
2278,258848
1994,247478
1375,197516
2406,270957
1251,162020
924,110904
4254,692412
3164,353081
2666,273628
2483,345369
1706,213446
4334,496424
1229,150706
3551,542375
4625,601458
1161,176438
1231,137143
3522,515292
3861,445841
4023,597023
2430,357641
1069,123017
1923,262172
3976,529219
4192,603822
1842,208165
2441,302444
3241,423664
4097,625080
2183,285744
4796,553629
814,109739
2474,283948
4417,462483
2280,290871
2545,341453
3846,511101
1775,232173
2485,389610
2883,441876
3089,363377
2486,358356
4958,812759
1308,204536
987,143232
3582,458461
4988,550833
4900,566338
4309,594318
4317,580275
2872,376317
897,128855
2091,308524
4264,629057
2587,364883
1483,204297
1932,235900
4922,646164
4004,542116
3923,506849
4636,492069
2414,325428
1841,237736
3665,468857
1654,229252
2826,390824
2787,412213
3350,465212
1039,129085
1289,193157
4651,709544
1836,238101
2138,318000
4069,538943
3354,493857
4300,644370
4662,561799
2567,387611
961,125582
1455,197658
3806,558261
4306,543153
2056,297876
2958,391946
2751,338883
1549,216319
1508,224373
2421,318562
4936,566630
1265,158336
4795,572519
1900,311841
2513,293742
916,87823
3281,407588
995,132131
2274,296742
3272,434187
4929,546152
3854,504583
2074,238804
4509,647397
1138,128424
4311,554850
4099,484017
2456,354368
1442,177289
2480,283331
2150,313507
1418,141948
1969,276413
1051,141940
1101,184789
3941,550794
2366,325346
3964,464685
4757,602753
3010,403135
3952,598060
4459,528229
1411,144522
2743,359564
873,92624
3673,522088
956,146025
4358,633926
1055,129181
3910,603336
1851,219309
3217,370792
3056,462811
3434,428107
3696,489298
2691,390785
4483,508855
4264,520142
3291,398818
4539,574201
2575,307308
4736,642099
2770,375027
4519,587553
4753,634206
3292,395631
1448,188699
2440,255524
1328,192360
2901,352723
1218,148875
3152,365570
4309,569221
884,107841
3099,432136
2551,291457
3457,456574
4775,651235
3151,447294
3899,545863
2089,243149
3923,513989
3502,449789
1443,164912
3705,480170
4867,530937
4863,649349
3722,551188
2821,408991
4424,601089
3670,491331
3918,502595
936,152012
2018,255862
1817,200323
4500,636500
3940,539446
4329,491074
3387,420142
3182,421729
3405,413811
3887,558805
4327,512014
3357,423751
1008,124671
4610,630457
4953,690893
2807,383817
3663,374718
4176,553099
2168,297360
4600,638863
1837,233919
3090,402792
1792,217674
3738,557595
1193,131084
4486,613571
1157,133139
4804,589962
1981,256361
2865,287108
4702,512999
4218,447025
3929,535876
954,138667
4358,462216
2354,299735
1286,172475
2182,292507
3215,514815
1870,247408
3054,354505
2306,325679
2675,411599
2990,330318
1870,258082
990,129123
939,108648
4810,579231
4211,647965
3772,534075
2314,315577
3920,421876
4770,668343
4324,634522
2145,234902
4982,649285
2717,394296
4710,673999
1252,174778
4942,645750
2411,352692
3967,525305
2878,397992
3381,456939
2864,326647
2058,239089
1153,124777
4436,551237
2363,335965
1511,204112
4302,557163
3532,531154
1656,207746
2229,308457
3292,411125
3998,429940
4220,500963
2868,339320
4291,466334
951,121459
4031,479159
3706,565025
4351,550341
2266,266128
4991,567381
4223,477937
4857,695350
3725,538172
4465,446698
4230,687143
1956,256538
4208,611563
1961,231326
2059,237271
4890,617482
3641,493821
4002,533403
3781,557853
4354,450524
4272,613485
2024,278722
3189,429500
1814,199166
2826,333532
4513,629871
2292,213518
4922,499837
2500,342232
1254,173597
1717,204018
813,96568
1289,185965
1784,255651
1760,219830
2582,288090
2669,406025
4104,454294
3444,482640
4468,661288
2625,340984
4107,497643
4162,440285
3910,511958
3565,385224
4570,615129
3492,347850
829,86919
1566,206668
1414,201629
1804,226826
2921,425766
3926,477343
3809,619592
4619,508265
823,98188
4859,730157
3893,491005
3710,535147
2770,305167
2338,270535
3941,547679
4769,517123
3724,416346
1370,175813
2042,305823
1512,204887
2093,265551
3666,485631
2474,257051
4463,541372
2159,294949
1435,191653
2009,279602
3412,479462
2097,279734
1157,106779
1040,140448
3404,417671
4864,604114
2626,326724
4358,585613
4660,503058
4939,514946
937,104408
4534,651957
2767,341565
942,129602
4433,608203
3359,456661
4957,683572
2819,344385
3649,510977
1992,270369
3113,330623
3155,412961
3306,422374
1133,155156
3362,438355
3520,444945
3238,496531
2595,361007
1053,137531
4457,504629
2223,293011
4037,473141
4131,434607
1827,226366
2966,370242
4794,697266
1269,183500
1893,265091
3712,477669
980,126310
4867,673251
3876,541279
2020,273400
4942,680159
4423,570487
2363,297188
4432,428550
3157,394306
2362,281457
2213,290925
3306,396239
1817,239951
4454,454445
1557,179900
4579,546150
1420,162236
2688,475154
4384,436474
981,137468
3528,511348
3095,381854
3467,467976
2599,361668
2299,303548
1784,184673
4353,592472
3164,457410
4105,660717
3015,329604
3590,457421
925,119856
3420,439489
2251,236125
1808,264925
2013,291787
4504,610963
3930,485818
1496,189643
3070,385912
2315,252653
1834,257701
3640,474504
2335,327601
1613,215952
1109,127444
1811,210294
1818,272165
4211,582784
4518,561577
4610,638050
2844,332546
1916,280282
1956,214450
1788,237717
3266,417890
2628,342152
2877,402110
3145,456074
1884,233272
3305,330925
4844,504978
3151,391573
3805,496606
3295,446900
876,116394
3362,481968
2372,372461
4987,655508
4470,605296
3911,463538
3537,462721
2152,286437
1746,231012
4668,554276
3937,521550
4286,563077
4987,672007
1802,223433
1619,210734
1222,198766
1371,179351
3709,541753
2223,336522
2433,263279
2553,324255
1267,161783
3722,596311
3103,491033
2506,271136
872,100204
946,140368
1116,136334
1405,196316
1374,174107
1977,225244
4126,617113
4222,502817
3394,434619
3682,415997
1111,125921
3655,478392
1564,180999
3795,579165
4000,561339
1235,175249
4151,521391
3777,475978
3730,509724
3099,277168
934,115041
4714,484095
1603,213855
3507,395066
3166,405837
4975,580531
4062,615037
2276,373074
4215,605921
3261,471522
4742,613428
2840,342441
1806,182572
1792,237849
2696,338303
3865,515456
3548,423410
3461,372503
3778,425466
2623,401253
4207,669039
2548,271170
3461,415126
818,84911
4158,544360
1075,141156
4878,625664
3745,458553
1164,155600
2773,387578
1594,223808
1389,205988
1540,192135
2994,362933
1469,211964
2237,271949
1655,209848
3177,386913
4833,751392
2693,373716
1986,224382
2642,343406
1126,153224
4026,455563
3200,433006
4901,626036
4815,537461
850,93326
2268,341407
1809,212409
4357,632289
1874,262079
953,114978
1381,189866
1587,214122
4181,600390
3067,406751
1770,221287
1447,216841
1745,245983
2295,276205
2847,362576
1972,294805
3686,562042
4958,631286
1532,210363
3887,526351
4261,483604
2457,338198
1278,124880
1937,278241
4753,655022
1776,150272
1036,119686
3323,344196
4843,555107
1397,184411
2502,390647
2976,409954
3357,417281
964,135694
3124,435169
3839,582374
1369,195169
4128,536985
940,100961
1485,223113
1486,190413
4080,476015
3563,357140
4390,495002
2838,386068
1874,232673
3025,438251
2141,330341
2489,243865
3810,437133
1163,153609
1867,284165
3440,403969
4549,606755
2830,321614
1417,182422
3946,521141
2782,348098
993,153484
1919,283731
1326,166031
2752,346996
2582,366532
3473,453969
3197,416216
4524,541498
3389,471010
4326,520863
4649,559731
2434,326976
3809,503197
893,116542
4594,472162
4166,556453
3746,374190
888,129057
3350,407684
3614,478437
2245,272285
2630,354042
3541,396324
1354,213614
4564,546311
3234,462917
1480,167654
2431,301713
1002,118987
4718,571076
3939,537068
3025,414458
2486,338380
1628,190339
2822,372347
902,105807
2357,358252
4887,567465
3311,406987
903,118176
4238,486010
3657,510167
1606,235618
2874,335545
1326,158880
4236,626546
1097,144991
1160,146964
4517,535572
2776,345510
2877,367689
4211,587824
2973,386368
2389,277954
2189,267402
4314,488471
1062,135950
3783,619703
3719,621651
2663,359262
801,84271
2733,393254
1193,167030
1105,188187
1329,174256
4179,516619
1764,202900
4819,685919
1470,186957
4868,614137
3052,373718
3472,565940
2513,311149
4844,680614
1435,196499
4299,415517
1917,312851
2954,301922
837,97496
2432,297629
4575,544980
2854,361215
4885,578480
4203,631919
1318,183021
3041,367015
3163,371494
1841,223729
2194,255429
3669,410985
4476,644683
4521,561271
4572,621455
1034,135428
3940,597870
1246,178713
807,109288
1799,295810
2134,254848
933,118662
3232,451823
855,121978
3985,465525
1911,247457
3979,518595
2323,383199
943,131958
3716,543320
2903,360472
1419,168496
2686,332106
2820,389774
2208,335898
3721,404335
4173,666484
4276,612730
1636,237245
4702,677147
2385,295519
1636,209543
3357,470674
3659,461955
2197,293324
4622,554844
4230,598935
1604,205130
1875,232365
4994,587374
3440,412883
3884,427997
2213,301735
2463,298092
3775,488349
4906,727202
4976,637933
2853,364141
3220,416150
3328,447249
2740,336977
3952,564269
2746,362337
1314,160119
1020,127351
1027,151117
3137,376874
4064,553922
1755,240732
2297,261569
2080,225263
2778,347684
2329,330910
3462,373685
3213,375640
3505,491006
4335,494063
1717,249555
2001,339697
3222,379449
2421,368206
1559,210338
2288,270261
2465,379337
2802,381356
1259,186145
3821,631172
3090,396716
2165,299396
4001,453190
2183,268557
2935,377963
3832,510323
4509,442187
2321,355646
2423,338036
1481,204008
3934,632312
4061,626678
4219,538891
2667,323920
4409,614369
1999,306393
3623,462912
3748,537238
4778,743434
4425,640843
968,102681
2821,316173
2994,478277
1238,162979
4060,547902
3249,450055
1663,251910
939,111043
1024,126780
1357,155945
2373,235021
1185,161338
1320,154456
4772,689259
3634,439350
3942,432831
2633,383927
3961,545997
4301,548450
2299,295096
3763,523100
2277,354129
1703,231651
2431,333162
4786,589370
1970,249118
3127,251037
4919,569875
2544,290076
2839,322569
919,114205
4657,586147
2475,282207
2120,315621
1815,252257
2543,338459
2742,383011
4341,452381
2246,233105
4416,654774
4694,777923
2524,330183
3072,503060
4862,632145
871,103971
4969,719033
3000,293217
2943,356660
4557,535840
3981,445885
2281,279475
3675,493761
4879,730249
1896,276101
1523,161581
4039,663802
3178,472553
4014,524257
3671,551316
4719,548255
2520,359525
4199,424019
2657,333165
3565,536401
3196,393513
4564,564954
4821,583047
4686,595317
3362,386036
3246,499005
4467,500363
3061,412802
4417,630234
2112,251249
2664,288131
3105,376729
2607,323432
3541,509135
4136,528506
1797,233677
3119,339724
4007,509260
1398,211862
1883,275753
4381,536474
3886,553570
3102,396741
3584,493025
1521,191010
1954,225688
816,93624
1791,246986
3032,273794
4262,622108
2246,283882
2265,272622
4567,662127
4427,391781
3883,531706
2343,362252
879,96182
4087,503446
2071,283287
2364,251622
2513,335965
1809,308092
1572,212074
1282,172314
3192,357319
3979,596634
2381,212188
3321,429905
1905,273818
4509,417092
4161,415209
1641,176961
4334,652671
2672,321849
4305,617544
4120,581036
3528,370761
1754,217774
2395,303158
3088,425111
1543,205860
2294,295960
4146,611415
4910,723024
2788,301875
1007,124135
1883,245686
3212,421635
4111,568390
4810,652221
1196,166164
2757,387901
1008,126761
1232,153928
3456,521592
3236,396586
933,131643
1438,170641
2028,273819
4169,567426
4819,673380
2090,321555
2996,344573
2503,330992
3026,423442
2995,419226
1775,222510
1828,248188
1325,171873
3127,441218
3346,431025
1635,210981
3283,440136
3663,448764
3534,419173
2338,257425
2710,346816
4849,576914
3442,432159
2103,312451
931,117334
1192,177448
4384,595268
3475,437072
3266,374608
2025,259804
3505,434522
1261,186329
2601,414943
4073,592493
4785,568887
951,124412
3069,388529
4974,602649
2585,332522
4260,545345
2636,415302
2197,296449
1875,266978
2808,409198
2293,324066
1935,291165
2348,292152
1584,228718
2220,353932
3235,385567
4281,534713
4451,550933
2863,464760
2820,321614
2949,388249
1750,240418
824,100331
817,94059
4625,544374
1369,172827
2155,262865
2392,362745
1630,199039
3882,473457
1671,227117
1634,219536
4112,337975
3916,458023
1769,216560
1392,159843
1054,152235
2914,313438
3765,548805
3461,340104
1402,183962
1865,286206
2639,319526
3231,421164
1765,256657
2537,367840
1284,172743
4934,627956
810,102965
2827,308563
4164,477308
3887,507411
3838,514684
1404,236660
1768,250545
1236,154211
3574,491982
2609,270141
3569,468491
2629,368771
1092,153315
4751,612909
1261,174708
4684,590034
4033,548228
2891,335003
4736,535484
3739,556941
888,112971
2463,336526
4101,484855
3520,398128
3737,455271
1221,166511
4549,450612
1065,141761
3650,511786
2178,254319
2614,349286
3064,405842
1649,192928
4536,579658
1791,232451
4564,533697
2608,325423
4074,528188
1516,203606
1695,268393
1976,228182
4553,684327
2576,300200
3604,468384
4192,602758
2259,308592
3343,316515
4353,636774
2149,289792
3786,460593
4130,528794
2922,398587
4428,614567
1297,179301
4287,511326
1521,197450
2163,253833
1107,156634
3551,448628
1683,229808
2064,252408
3244,425889
3833,487265
1852,207041
1293,189247
2821,395017
2547,282621
4102,482839
3079,372806
1731,259226
2725,389694
1556,207334
1854,197035
4730,647289
4253,563673
3316,413923
2764,414120
1446,183643
3630,536202
994,123739
1945,227889
3309,368328
2883,371336
4152,542527
1121,129675
3087,359228
3931,580350
2502,353112
3012,474272
1630,172362
988,153754
4852,573462
891,98250
4677,625567
2711,276801
3136,458637
2380,315542
2208,263738
974,141261
1273,162902
4232,552409
1069,149029
2844,342814
3995,456114
1493,191168
2215,243042
2883,356177
2035,233983
4767,597408
2771,322950
933,116517
3712,539771
1640,194935
2261,306962
4272,439460
3675,459568
3309,389223
1765,230980
2838,345419
2650,378860
1534,191272
3253,477781
3816,376326
3802,496553
3115,411226
4803,557041
3113,404741
3963,543852
4119,602623
4261,535686
1229,151670
3788,458269
4596,600910
2396,277848
4162,587912
3150,332819
2579,332769
4788,523357
3248,419897
3670,521602
3710,492595
2872,347395
4607,648432
3664,325975
4418,569882
1817,213531
2132,292965
3283,302155
981,120680
2638,317497
3251,466725
2752,325053
1062,134524
1460,191355
2115,274201
3719,481029
2994,391990
2872,373336
2819,466961
3540,365010
1615,190783
4218,545361
4897,718360
4517,651834
4429,644698
3553,460006
4167,619282
1001,121130
1804,259303
2112,280553
2825,376018
3933,433353
4373,452367
4471,561738
2596,333852
2404,272089
2702,388782
4799,564600
4304,596674
3419,429380
3149,446289
3472,388987
1618,171387
3477,480135
1347,192349
1158,156007
4161,485789
2724,381757
3501,484975
2730,308153
1221,166954
1135,149976
2326,306034
856,93521
4750,676130
3947,480983
4337,521659
1521,208114
4877,618032
1185,128529
3617,553191
3687,491929
3519,456387
1059,137172
1399,182192
4055,533024
1839,270536
4848,745192
1555,195390
4377,613418
3957,551628
3558,499334
1276,190216
2399,342524
3159,430440
2061,248312
2382,320496
3638,415861
4370,598329
2298,309745
1548,168000
3186,391756
1330,158108
3009,422892
4863,610739
4668,507193
1908,260800
1289,171565
804,106021
875,99280
3528,489743
1272,163202
4009,510761
2181,242376
1637,182808
1402,268471
1986,223827
2281,224433
4072,505817
1031,131084
1127,131010
1749,205810
2686,344392
4895,663109
3097,337572
2107,261405
997,129583
3579,452441
4136,495079
2138,245066
2491,388463
1015,96369
2449,356035
3662,413302
1409,188249
3358,440479
1717,196438
961,122158
4937,612400
3611,470930
4221,629896
1898,287250
3521,417203
3508,474233
922,133947
3500,432264
4053,563342
3861,639778
4761,537502
1588,217841
1056,121316
4825,582008
4454,547242
4051,553540
4389,703963
1407,170309
4727,686033
2952,343828
1346,166108
2704,404766
2482,358283
1288,159483
2622,317042
3921,537288
4574,549745
3872,475486
4252,527155
1449,184494
1447,175449
1180,124465
2866,439305
2663,378981
3090,397653
1999,237724
3790,561090
1907,261285
4247,510783
1021,140502
2239,293781
1417,187064
3370,481673
3555,488867
3590,512683
4742,746829
4109,570140
4854,802225
1024,151463
3041,384120
4952,531307
4496,665693
4150,459082
4627,612285
2203,310263
1209,137714
2716,327421
4238,483297
4867,783439
3659,515979
2783,331583
2851,304764
4501,526277
822,99114
3768,458475
1544,219060
1401,152481
3835,561098
2642,271867
3474,447712
4976,594919
3462,501709
1282,194359
4836,687348
3439,469901
4111,517865
4928,739787
4625,531831
2999,409984
2482,363040
4408,633615
1818,250759
3770,518464
2111,302681
2218,283919
3300,499621
3467,557683
2186,223566
1944,241232
2863,324275
2346,282017
2945,388320
2963,406124
3812,486116
3982,555628
4223,502327
4801,594979
4359,608904
2356,294592
3486,385776
3132,512007
2456,353843
1344,178007
1191,170771
2788,379892
4885,518676
1096,144998
1886,224715
4061,534807
1916,260701
1876,270672
1295,149200
3795,439320
893,109738
1520,230983
4826,601068
4855,670105
1906,246183
4732,587104
4522,596979
2171,308016
1222,171211
2805,313789
1563,211044
4168,643781
1697,228371
1752,257479
3722,581030
3997,529441
4998,645094
1699,231823
4823,720118
4441,566730
4343,489889
4441,601296
3890,559864
1561,212286
3207,438022
1685,218075
3443,435458
4043,602656
2035,210098
3733,490423
2268,261422
809,104772
1591,213129
2462,338742
1543,203871
3228,486971
4293,564890
1916,218574
3241,471635
2154,290895
3280,379183
3801,535801
1986,241548
4887,703870
3631,403319
4461,571562
2548,347681
3663,417580
1914,263841
4064,591279
3890,493821
1863,253171
4548,536980
3532,610754
2672,347609
2769,373728
1684,212151
4763,571993
4478,646919
1118,104976
4616,473790
4517,608908
3995,497315
2174,310188
1287,157310
1250,131159
1152,148613
2740,345185
3167,360286
4036,572281
1047,141715
4303,495758
1367,146277
1483,200690
1443,166890
1278,147748
3560,456976
2168,283384
3026,416208
4296,626590
4412,542869
4807,667280
2642,336556
4177,616753
3214,376927
1859,256288
2444,287398
2611,303903
2993,368597
3227,317754
967,140019
4982,582422
953,117303
3344,386202
4668,673350
1114,149283
1522,210435
4431,587316
4145,549315
3611,487423
3109,448437
3301,372316
4133,501907
2823,322469
1149,159709
1623,221732
1237,174134
968,88810
4619,570488
4214,397358
4101,653160
4918,648710
3835,451525
4390,562648
3569,462999
3100,494931
2980,378801
4145,550389
3465,419625
1031,166653
3392,520962
4974,500673
1858,265331
3342,456920
1933,228793
4446,511737
3175,316070
4680,653519
3537,387686
3231,435046
2187,248604
4103,459826
2237,292496
4165,619582
2529,299653
3239,418194
3973,522621
4707,606348
2116,284913
1484,193282
3388,351943
4343,649581
3887,528334
2475,313834
2913,335016
1757,218787
4343,621529
3894,428482
3607,423499
1620,208524
1687,178637
4528,522709
4793,603257
3884,362101
1675,211705
4796,528896
1356,200342
3014,366753
1508,212742
1517,205990
4465,527609
2944,398260
2819,438363
4579,598678
1090,135895
2983,404820
4679,642252
3736,464968
3214,277801
3095,360985
3613,398997
2037,264092
2917,430679
3843,527692
3887,476282
4358,583672
1498,194295
3653,503412
4608,638864
2645,395515
4814,615762
3982,410274
1263,139086
4660,607018
1250,157458
2715,382358
1723,250802
4422,577258
1115,124046
2176,301222
3615,485086
2062,287692
1927,229557
3725,650800
1852,192273
4984,654908
3222,453397
4268,607766
4821,627421
1347,187659
4323,620677
2329,306539
906,120886
1656,231208
3784,493134
2050,307516
2411,349504
2590,324799
1667,198747
3569,505366
1127,147963
4616,559026
3948,484833
4181,584182
3174,390482
3355,508912
1930,222013
3282,401994
3899,452463
3551,396700
4120,486397
2356,288306
4343,537240
1368,133418
2454,275087
4036,535570
3919,468180
4533,660093
4029,509169
950,131941
3072,382217
2908,417972
2595,246513
3227,424671
4314,659853
1148,124148
2878,406615
1196,162508
3776,410027
3409,460970
1958,264554
945,121557
3026,445187
1063,154183
3901,554815
2906,438882
3880,457151
1787,218286
2147,257888
2160,264242
3638,446095
2526,323234
3089,383715
1707,194061
1983,281400
3624,423517
2058,316141
998,141817
1856,208480
3255,422178
4165,452996
2060,307172
4778,621502
3635,470733
2113,281694
2702,344270
4775,573556
1377,177022
1820,270842
4453,541713
4644,700817
4373,537524
3093,410429
1410,224776
1128,156191
1346,182126
1138,159096
3981,577174
3841,451118
1606,220784
1833,245382
4073,397133
4787,640107
4133,475906
3540,466173
2496,361331
4450,516150
2882,369526
2798,345870
2485,365584
2403,292570
4912,654560
1060,147838
4596,649853
3575,412793
1300,164039
1815,279548
3133,406559
2854,415131
4763,766222
4474,577086
4855,691679
3506,505935
2899,317795
3365,457735
3817,582280
908,96547
4222,541642
865,113936
3881,498743
3748,475944
1013,114811
1840,249836
1787,212324
3995,476179
1303,132505
1555,168930
2141,325794
3388,444384
2181,307725
3787,441897
3644,367443
3319,398768
4526,458412
2687,321078
2123,312629
4609,592345
4547,689938
2931,406098
3224,470687
4184,528647
3051,332932
1808,207492
2117,314121
4016,532842
816,89254
2602,363607
3423,364984
929,127192
2273,286668
1749,245453
4796,604482
1868,263159
2423,259347
3695,498874
3536,436131
3112,421996
2746,344309
1416,165082
2669,342770
1100,163420
1784,215763
4491,597292
4226,506688
960,96512
825,108179
882,166142
972,106865
1798,259591
3941,372159
3682,475609
4901,534743
3643,497226
2910,354193
3884,470640
2845,321513
1560,152503
1004,126088
3902,465673
2835,350823
2352,293689
1624,190647
3756,494976
4548,576351
3245,462032
4696,778077
1638,218545
4483,657224
2761,364124
1737,237935
3731,466785
1224,157238
4110,485278
3851,582521
3705,535443
2937,393050
4846,555453
4010,510684
3494,504924
4395,732598
2067,271103
4376,649318
1221,161905
4066,606390
2457,242364
2900,339546
4739,638344
1484,165834
3026,412646
3222,420768
1877,198805
4785,493427
4640,626374
4116,464259
3643,448604
4239,591188
4911,632397
2703,334240
4094,439072
1225,186809
3201,454797
1549,186400
843,98170
2359,286787
4994,575870
4268,535846
4751,697175
947,137480
2970,431018
911,100699
4963,568084
1627,234997
2552,349017
3739,461695
4528,636966
4416,607516
4523,484007
3077,295792
959,124483
4165,406540
3033,444133
1813,249573
1351,168174
1975,220239
1963,227607
2108,178316
2292,345896
2041,271267
2577,328042
859,135315
2433,281687
3251,412790
1135,135712
1630,262774
2392,300585
1759,233554
4966,766314
1921,280974
3023,319292
4616,578271
1898,244741
942,124727
3778,508995
1846,214890
1868,285655
4987,681655
4140,578588
4235,637755
4579,614270
1765,223917
1979,246495
3234,409503
1300,165850
849,86023
1769,213491
1787,203004
1915,190673
4732,626296
2279,311430
3924,459423
4367,549359
2458,340396
2676,335777
2851,364797
3615,456680
1770,246074
1007,130656
1059,132501
1582,194393
1304,153138
2373,329743
2559,354400
4594,596800
4390,632461
4940,642999
2201,296845
1588,192872
4129,611033
3644,482580
4785,649799
4812,630378
2892,379615
3767,504459
1869,185397
2475,337486
3412,407136
1087,137536
1585,190456
3116,443913
3638,429708
4437,557205
3428,412254
2065,245469
3783,450340
3815,424838
870,105749
3260,433221
1411,164140
4323,570140
4502,621039
3376,431894
990,111020
2547,263901
2925,415762
2428,371842
4172,630593
3796,510637
816,109875
2397,303759
1866,235982
3939,469066
4251,498667
3059,311764
3050,428521
3573,494006
1083,134631
3788,563832
1402,229242
2163,232884
4152,575072
4875,632188
1600,246644
1559,190515
2293,334619
4734,664331
1614,237730
1172,139624
3798,471770
3691,509032
4591,674749
4119,549176
2989,303444
3249,480175
4767,712366
1622,197498
1021,145760
4737,650775
2187,255068
4688,671906
2960,382887
4070,446188
2725,390973
3751,606619
4793,457497
3398,457327
2466,330432
3881,437340
4685,681176
2914,331096
3552,466259
3968,471286
2354,269798
1880,254869
4734,564881
887,132346
3500,456147
3503,500591
3759,533682
3218,475729
3222,404811
4947,634074
2547,297190
840,110959
2938,346713
838,123217
3884,451527
4479,553004
2951,407752
4737,651666
2890,326065
1008,121961
1399,175406
1404,178978
3323,441812
4509,637219
2956,378044
1013,133111
2376,280896
3618,551821
2924,398179
1068,134273
3208,476190
3377,457775
1622,216211
4435,576868
3395,493089
4753,732897
4631,671431
2899,378281
4402,660702
4267,538025
1450,169316
2434,345988
1967,298212
4876,633857
998,154416
2155,233264
4305,553686
1602,187756
1500,175364
1302,168641
3213,500718
3767,564155
3670,553912
4267,583171
2218,278779
1898,256283
3969,431673
1182,181053
4740,489371
2193,280880
4127,536476
2452,349911
3194,436268
2838,390462
2785,263877
2062,262877
2511,302563
1149,151942
4826,617825
1240,165317
3608,404493
3362,442189
3952,617480
2184,353665
1087,163327
2855,292793
1797,225801
3133,383827
2222,293966
873,130860
2262,292495
3994,464148
3005,443004
1229,166621
2271,321523
4281,621415
3980,497157
2530,284072
835,111269
1820,227217
2797,366689
3560,538465
3917,520935
3335,525593
945,127025
1826,229545
4465,496029
2086,278191
3646,423873
1120,154566
4895,628032
3093,395316
2412,316640
1276,170341
3964,513286
2626,425542
1582,187339
2747,399312
4131,614836
2393,271339
2547,333266
2833,383428
1056,139994
3791,500348
2217,309004
4914,484284
909,116826
3352,414628
1857,221373
2842,406937
2981,433682
4358,640852
2421,345646
4458,499488
3494,461852
4684,686876
4084,376609
2966,457908
4686,521020
4192,489013
3070,434379
4511,718319
2386,276749
2014,238089
2445,363882
2150,284802
3998,504859
1164,154983
4739,771355
3999,566053
2426,328309
4001,554927
2445,333094
1781,255929
3195,384761
2836,365783
4352,564462
1721,199812
4546,516089
4458,672919
4582,644373
4795,750567
2274,312834
2868,386595
4567,579753
3652,529992
1202,133309
1947,262005
1412,203143
2676,344491
2413,329655
3817,586926
2534,320684
4348,592617
3719,540554
2950,369404
3180,361935
2610,367863
4001,527073
1552,201141
3272,433698
2141,240374
1304,164632
4282,602554
2769,359859
4849,592836
4947,588243
4437,594901
3222,459522
1473,214159
1392,169349
3579,552504
4468,588470
3352,353313
4978,656015
3938,452683
3300,449260
3593,482079
2512,269169
3145,476676
1099,132235
2706,277963
3285,490160
1006,139993
1093,137892
2673,349431
4558,584571
2888,306719
2572,280415
3663,528514
4226,575540
1328,190875
2933,434421
2724,218915
2160,267590
1662,187263
4016,514370
3162,323188
4294,596697
2767,387117
867,142280
2442,313790
1820,255089
3943,569979
2270,353627
2182,246631
3730,534988
2136,290417
3966,419381
2042,279776
2505,353514
3999,418691
3394,437340
4737,621387
2479,324046
2115,294776
1367,165414
3504,397983
3251,446401
2548,391322
1447,220631
2993,496401
3608,448989
924,117793
2337,228366
2770,334521
3562,378620
2617,326657
1614,242791
3901,569438
4951,619154
2454,297854
931,109684
1030,147228
1194,149602
4373,585803
1781,249408
1732,244430
2209,194885
3755,519737
3541,465605
3738,384848
4220,636053
3304,439322
3833,409267
4779,579518
4623,586397
1511,255649
3776,441375
2271,271763
4499,597012
3986,646193
1942,245703
4781,589492
3368,446930
2408,301123
4622,576974
2697,389544
2992,366649
4872,607702
1891,274200
1499,162737
4892,610501
2701,283697
2978,364856
1532,191100
1312,163989
3487,432897
4896,657104
4556,515883
1231,167233
1607,196709
2079,293913
3021,389905
1654,200334
4012,442699
3386,455237
3568,453551
4140,629032
4028,616597
2419,296827
1075,101735
4903,702590
4663,568969
1514,188870
2880,426011
1609,217553
4526,645947
4778,697349
1661,211736
836,117260
4611,606724
2881,397841
1254,165948
4108,617890
4011,444346
3455,426663
1781,229152
951,125352
4094,453454
1399,166264
2122,277035
2311,281579
3058,318866
1031,128390
3542,395989
1371,190588
2002,269107
2307,331079
2412,321099
4366,497268
4840,400792
2370,348736
1839,227306
2225,214747
4881,749293
970,134498
988,151458
1399,190839
4817,674235
4132,505643
4376,615588
3189,507178
1753,249711
2425,302290
2670,294625
2824,415608
1440,188465
2627,345539
1339,134314
3165,314045
4301,564640
4747,553082
3826,509396
4337,625832
4974,604314
3296,440031
2889,370502
4121,718213
4381,534839
3349,400312
2016,248321
4778,704592
1541,188877
4985,703402
2514,328149
4844,634242
1447,222847
3597,370164
1618,213566
1042,146358
4904,666474
4677,505155
812,91680
3817,512140
1489,141408
3938,480658
4540,506419
1476,196145
4374,558306
2123,288060
3665,428776
1802,241434
3302,429443
2565,300408
2353,344531
3091,434250
2785,335397
1037,122557
4117,592561
3192,337777
4355,481709
2384,327087
2107,331274
2885,348895
2619,321231
831,105292
1091,134080
4486,554419
2442,295003
1377,182882
4709,661174
2023,267788
4876,622007
3452,417297
1246,140000
4219,466279
3841,413009
3379,471289
2222,269451
3409,463471
3881,462961
858,110597
3959,494549
1258,193231
903,110938
1588,226500
1541,168040
4206,632197
2372,337867
3501,424270
4212,509464
3776,558418
2934,422384
1227,155166
2744,321333
2071,302652
1211,148858
2731,368775
3295,400184
1046,132533
3617,573525
2971,382817
4131,626166
3724,399095
2860,297441
4134,573571
1744,206596
3047,395031
2062,202503
975,97029
1852,241156
3524,432513
3382,422659
2117,328185
4167,571474
2474,401214
1133,148577
2064,314605
3977,575675
3745,458451
3465,441472
1215,151485
1507,220196
3484,467347
4166,484117
4303,476290
3359,373531
4771,556132
3757,434960
2529,282983
2701,396572
1841,197066
826,112401
3383,555499
1852,243178
2474,324971
3855,514327
2458,265093
4751,648510
3988,538494
2541,328778
4887,511478
4937,782024
4031,538381
2514,280715
3996,459256
4131,488861
4147,637870
2786,357004
4344,556674
1501,183200
2254,327691
4586,670329
3271,350983
3844,493923
4683,593658
3740,432685
2620,317733
3602,452496
4595,527882
3263,438506
4171,559167
1135,156364
2724,335001
4660,455550
3588,428019
4925,562543
4406,561577
2340,324298
1374,217571
1020,118739
2813,371081
3441,456346
1553,235440
1820,242604
2288,284946
2761,357169
4283,579140
1237,174520
1278,198760
1582,243619
4967,588872
1019,109478
1827,203282
1089,145491
1179,173198
4773,603031
3651,422118
2178,235248
2758,424139
2927,359212
865,92430
2983,386621
4574,594857
4719,676101
1577,176781
3366,496302
2703,404778
3561,467863
4651,646924
878,124836
2381,288093
2962,323387
1785,216279
2285,236815
3420,468851
1764,271635
3347,391947
1628,200361
3973,501466
3473,558971
2518,310172
3232,474413
2028,264739
3210,264674
4578,560713
2640,378020
1297,158966
1336,183945
4105,640353
1964,270574
2771,333824
4327,608651
1099,150909
3186,460569
4763,612554
4971,585917
4659,643255
1713,237315
4495,548556
1720,183796
2323,286074
2549,286379
4417,556384
3500,495823
1805,180376
2501,336770
4102,558598
1603,186167
4166,563336
3692,544748
4298,586612
3962,637318
914,119960
4129,598897
2937,471360
830,114224
2605,407152
4369,597890
2236,339535
4228,478755
1256,164437
1248,208487
867,89039
4889,579100
2662,432899
2602,334071
4231,543147
927,133245
4625,688224
2067,257257
4810,506916
1842,213849
4538,551756
1167,131139
3404,398568
3440,447670
858,100617
902,141150
1585,196442
4745,508047
3246,479152
1756,313163
3502,437921
1236,165436
3165,473339
1296,161148
2166,342486
3665,388232
2651,339922
1822,214581
3930,444212
3644,430580
2289,315185
3134,450715
4189,589103
1002,108130
1030,142413
4434,568479
3928,476370
3491,442390
4291,665038
3762,473512
3127,442352
3584,521424
1603,229558
4523,556965
3701,458758
975,130761
2244,273067
4803,563041
4332,569606
2343,276279
2954,364891
2905,365701
4213,512613
4161,524952
4979,615085
1940,311657
2561,400871
2740,338710
2606,320907
3973,503130
1456,194497
3303,424330
1458,189886
3638,516083
3253,380550
1854,224494
3841,416309
4803,595503
3138,409673
910,118911
2518,374666
925,108120
1061,111956
3734,490475
3002,381977
2404,343335
2882,378185
4742,707505
1454,185975
3263,398934
1084,152453
3365,461790
4601,548872
826,114125
3074,419959
4667,603086
4772,700495
2391,363140
4181,507161
1928,264764
4913,644057
2936,361916
956,122532
2089,216228
2981,435660
3311,469571
2571,260117
1955,248700
3588,484541
3776,539301
4299,541904
3713,468936
1003,135922
2622,314084
2159,334543
3344,439902
1241,164940
2115,317707
4837,627070
1948,292912
1998,211654
3716,547401
4685,681669
4975,493524
3659,457918
3762,511978
2167,308060
3709,555090
3016,324376
4205,551690
3859,447264
3083,367995
1620,230066
3860,455703
3324,432262
3432,423315
3462,502142
3625,371511
3929,583934
4814,733316
2466,342588
4200,560299
4382,435518
3000,418922
1692,245565
4750,624726
1783,214315
1382,209990
4915,575056
3440,505503
2773,382450
4217,537237
4914,818602
3215,441223
1688,234210
2683,369354
4622,621839
946,121608
2516,355656
3277,430870
2263,232340
3045,358177
2110,310743
1168,167329
2063,236066
3649,444640
3547,428421
3365,510948
2618,279828
2687,324579
4583,601247
859,93064
1344,176376
3864,441804
2030,238386
1358,165957
2312,294281
1469,178537
1057,138923
1870,278039
1850,264549
4838,738778
4822,621435
944,121712
3434,457128
3369,360490
1600,232822
2285,284203
4548,588218
3229,440462
3623,429009
1472,175004
4774,648565
4289,585651
2214,363798
4168,557067
4694,647864
4646,766029
2828,382313
1994,272176
2824,243713
2157,267902
3610,480338
1368,162213
2745,365632
1146,161334
1207,173631
4553,584442
1413,150678
905,118822
3018,373318
4599,544929
4713,592736
1293,161363
4668,591568
4134,509067
4720,715409
2668,357492
2238,300014
2152,293176
844,92320
3180,461789
999,178595
3087,356745
3430,411188
3568,434461
3207,431291
4591,587479
4093,500475
3646,506023
4111,558343
3351,497087
2237,295652
926,119813
2420,298845
4119,550001
1281,146500
2921,427384
3935,548490
3620,482742
3171,393073
1038,160451
2220,270347
1140,133661
4150,520255
3793,540137
2286,346318
4875,711290
1532,169067
4278,552382
961,117993
3295,447985
931,116952
2657,376304
2042,251511
4288,503145
1471,220088
1304,168899
2956,423503
2061,232322
1092,126348
4450,493882
1859,220086
3103,371875
3595,426140
2001,258952
4113,473016
2888,342632
4228,563420
2960,471869
1518,208196
2646,359202
1677,211279
4067,407867
863,109605
3499,401207
3733,542571
1172,179994
4827,561648
1105,143299
3314,363192
1731,246535
2790,414946
4456,617354
2215,298570
1161,150164
3568,490301
1515,190731
2445,304183
1342,199711
2347,332636
3041,369312
1451,227915
1850,221184
2652,421675
3801,420027
3884,496466
2896,396252
1602,216619
3454,458511
2480,369756
2407,328885
4322,595241
2857,345428
3521,501016
3363,414903
4412,648995
1002,151933
1741,228387
1388,191345
1370,183938
3804,490500
995,126064
2145,242392
1217,146138
2442,320998
2165,327975
808,109196
1331,195750
2352,244278
1835,276065
2417,338031
4516,657482
1876,189202
4815,597477
3762,429890
1712,240802
4949,681214
4870,701369
4361,542136
1143,162657
1992,259052
2732,403238
1502,210779
2698,321368
4393,590116
998,109014
4032,596365
3622,506989
1273,178936
2454,352835
1391,185443
2648,286287
3841,554925
967,115034
4070,479057
4807,679147
4810,587538
4648,615919
2981,420025
2454,344658
1632,239116
1821,221704
2793,350360
4292,580573
1694,187555
2315,273091
4470,521604
1088,107172
1876,228722
2171,282606
1874,248136
3759,462709
839,98256
4422,566905
982,120170
2559,242057
2569,300640
1296,174453
