Income,Credit Score,Loan Amount,Decision
45795,776,133881,Reject
30860,610,113099,Reject
106820,829,61579,Approve
84886,640,77574,Reject
36265,789,92261,Reject
112386,713,137468,Reject
67194,779,142441,Reject
117498,793,107218,Reject
74131,795,113263,Reject
90263,841,144257,Reject
46023,691,125118,Reject
71090,824,79235,Approve
97221,674,72904,Reject
94820,666,101721,Reject
30769,767,56740,Reject
89735,604,137920,Reject
92955,715,93130,Approve
94925,812,69554,Approve
97969,749,27199,Approve
35311,717,59032,Reject
113104,764,112886,Reject
83707,610,101410,Reject
115305,643,24480,Reject
58693,813,50435,Approve
101932,832,50120,Approve
55658,780,92155,Approve
114478,676,22607,Reject
48431,717,94918,Reject
32747,715,94116,Reject
89150,788,105324,Reject
95725,666,42026,Reject
114654,612,144653,Reject
65773,691,37173,Reject
97435,845,108816,Reject
86886,610,54262,Reject
96803,738,71903,Approve
61551,684,144427,Reject
41394,843,67156,Reject
99092,684,92246,Reject
33890,734,119124,Reject
71606,616,139828,Reject
110038,647,139826,Reject
117313,741,97764,Approve
40627,790,148855,Reject
38792,791,82301,Reject
103969,696,111591,Reject
73001,674,137057,Reject
106552,804,84314,Approve
53897,792,116688,Reject
98148,761,40449,Approve
53483,736,113242,Reject
78555,676,50466,Reject
47159,727,136151,Reject
110077,636,136595,Reject
65920,629,108121,Reject
97121,768,129561,Reject
99479,772,44279,Approve
119475,828,31837,Approve
49457,646,44209,Reject
96557,734,32220,Approve
107189,741,23965,Approve
108953,647,131342,Reject
82995,733,62276,Approve
70757,633,134869,Reject
39692,807,124304,Reject
75758,842,47230,Approve
102409,700,109165,Reject
101211,827,61920,Approve
95697,645,85165,Reject
67065,786,81544,Approve
62606,669,148260,Reject
41534,735,145534,Reject
70397,623,113406,Reject
31016,666,102909,Reject
119789,603,114691,Reject
85591,823,128221,Reject
119812,600,140960,Reject
53247,633,132958,Reject
54300,708,119010,Reject
104065,608,43036,Reject
112798,662,146995,Reject
39268,803,85322,Reject
116807,609,24847,Reject
42185,737,106250,Reject
93704,777,70772,Approve
116779,643,32893,Reject
69099,717,24649,Approve
38571,775,50571,Reject
68044,814,31613,Approve
81214,605,124900,Reject
91228,815,73833,Approve
78984,720,82423,Approve
70774,751,109964,Reject
32568,812,138268,Reject
92592,847,132242,Reject
97563,833,61382,Approve
32695,694,138703,Reject
78190,710,72348,Approve
35258,785,108069,Reject
117538,704,73705,Approve
69504,663,95642,Reject
63159,821,145481,Reject
43986,783,117849,Reject
91858,825,105930,Reject
42666,809,97813,Reject
68660,739,75817,Approve
33561,762,100984,Reject
56854,670,98669,Reject
94505,832,64142,Approve
82251,703,90182,Approve
52662,688,33708,Reject
38392,605,26090,Reject
60535,792,72902,Approve
108603,709,112170,Reject
82256,807,111757,Reject
119135,787,131088,Reject
65222,711,129583,Reject
107373,795,100928,Reject
109575,756,63752,Approve
114651,765,120840,Reject
93335,838,39643,Approve
40965,819,59647,Reject
54538,749,85082,Approve
100592,726,100329,Reject
38110,735,117330,Reject
109309,662,92974,Reject
57266,823,104431,Reject
82992,824,38474,Approve
112948,740,57402,Approve
36910,754,102487,Reject
30206,745,36504,Reject
117054,617,26768,Reject
117897,676,94043,Reject
53419,813,133661,Reject
80636,789,115346,Reject
80015,741,20620,Approve
84268,738,40447,Approve
117939,702,118757,Reject
48141,841,39118,Reject
110356,716,145551,Reject
101910,813,82051,Approve
86044,827,66599,Approve
97214,616,86494,Reject
63827,778,30200,Approve
85820,823,114854,Reject
92623,613,119066,Reject
111734,833,78704,Approve
105450,656,73487,Reject
52299,692,133373,Reject
73585,733,66465,Approve
94044,713,49840,Approve
72557,784,108440,Reject
79080,731,38435,Approve
32693,738,67897,Reject
99163,708,141677,Reject
55939,831,117607,Reject
78925,801,126692,Reject
72941,718,83876,Approve
51834,691,109727,Reject
48047,610,69412,Reject
56105,698,92282,Reject
105766,806,48484,Approve
45707,607,58658,Reject
51976,811,26053,Approve
74262,713,147069,Reject
53776,786,119584,Reject
60080,748,102055,Reject
96842,664,149548,Reject
91373,692,75251,Reject
36776,751,60645,Reject
85016,757,22545,Approve
39474,703,148177,Reject
88053,698,99983,Reject
51959,824,115495,Reject
35530,683,97213,Reject
33748,784,28560,Reject
43545,807,82375,Reject
96199,672,23662,Reject
64766,822,134041,Reject
103530,744,98591,Approve
91087,658,59497,Reject
98840,630,72606,Reject
84384,663,82112,Reject
81005,647,98334,Reject
76576,622,90344,Reject
69353,797,28048,Approve
92003,757,98643,Approve
113211,654,26520,Reject
82733,606,36928,Reject
95318,847,75368,Approve
119474,711,43501,Approve
53664,831,73751,Approve
97172,705,56191,Approve
115616,837,49476,Approve
56736,802,139493,Reject
30854,697,46948,Reject
68623,611,24483,Reject
37392,659,76123,Reject
85680,843,130831,Reject
76717,651,59887,Reject
117092,836,103017,Reject
80859,838,144958,Reject
56309,754,96254,Approve
117455,849,100909,Reject
93734,739,108780,Reject
100467,740,123739,Reject
82662,671,130659,Reject
42688,807,81055,Reject
55342,789,113165,Reject
67157,724,51257,Approve
97863,756,38327,Approve
82083,762,120023,Reject
95733,659,91304,Reject
119045,756,44866,Approve
64698,630,64649,Reject
110623,676,29166,Reject
52671,675,116279,Reject
55184,842,102334,Reject
72107,660,29042,Reject
116202,601,141793,Reject
81663,760,31969,Approve
45708,799,71880,Reject
79811,789,92739,Approve
32811,832,83588,Reject
86250,720,24641,Approve
102082,658,48536,Reject
64754,639,99910,Reject
41411,844,34546,Reject
32911,776,135429,Reject
97270,832,34102,Approve
113763,631,118895,Reject
38680,637,119053,Reject
114896,691,120523,Reject
113879,806,29029,Approve
101295,814,67545,Approve
118614,687,31322,Reject
41111,740,129977,Reject
67504,684,127029,Reject
31802,781,139148,Reject
38155,675,32654,Reject
103656,727,76663,Approve
69384,612,95501,Reject
77254,638,79687,Reject
51918,622,27508,Reject
115981,841,137341,Reject
90713,709,67859,Approve
60306,706,120874,Reject
46646,691,42132,Reject
76843,741,85800,Approve
46371,744,138283,Reject
107371,623,36025,Reject
32049,844,131653,Reject
61616,785,136722,Reject
50932,790,137890,Reject
59855,633,126877,Reject
91434,778,97024,Approve
102694,711,127662,Reject
73016,813,128974,Reject
37400,737,85924,Reject
72642,717,140885,Reject
45151,799,87607,Reject
81407,748,44970,Approve
96690,764,67736,Approve
34499,606,99990,Reject
36295,689,27840,Reject
89040,612,49654,Reject
42183,679,97385,Reject
59299,629,72408,Reject
42874,758,105939,Reject
62711,732,95967,Approve
35539,759,42442,Reject
83351,615,85243,Reject
91267,838,26630,Approve
78354,800,67736,Approve
32557,749,33008,Reject
68360,791,67487,Approve
112018,846,88395,Approve
32200,771,22393,Reject
98497,639,114680,Reject
76975,836,75971,Approve
51357,636,99627,Reject
107505,677,107991,Reject
32869,615,120354,Reject
91135,642,88657,Reject
80108,811,94652,Approve
68467,662,90507,Reject
53328,835,130071,Reject
116831,614,146162,Reject
33987,847,49644,Reject
88871,771,109615,Reject
52399,817,113863,Reject
76214,736,56122,Approve
116416,664,122778,Reject
100271,826,23397,Approve
74064,643,74569,Reject
100091,619,138456,Reject
70818,836,124585,Reject
75525,718,97948,Approve
49830,797,72133,Reject
47429,833,68519,Reject
36893,801,91057,Reject
109909,711,49151,Approve
77333,722,23472,Approve
33436,760,71769,Reject
104290,679,25481,Reject
106213,699,58977,Reject
35895,605,39883,Reject
49738,682,108915,Reject
60746,630,44265,Reject
79377,665,72744,Reject
78404,617,126927,Reject
84045,833,140742,Reject
69790,627,43656,Reject
35600,667,29304,Reject
70764,792,106616,Reject
104543,838,65911,Approve
75714,833,63013,Approve
86835,713,97981,Approve
103744,807,60314,Approve
86491,772,42857,Approve
48589,657,139910,Reject
73484,774,48894,Approve
112989,793,137137,Reject
66212,779,58570,Approve
73525,763,86080,Approve
77202,728,59420,Approve
62635,638,101588,Reject
93208,814,141015,Reject
63828,817,76210,Approve
48711,802,47734,Reject
33420,849,120932,Reject
30301,705,56219,Reject
75236,600,127033,Reject
96235,674,86972,Reject
84240,687,142775,Reject
95726,801,75813,Approve
40492,741,31007,Reject
36102,805,48341,Reject
80336,798,116550,Reject
115314,750,121366,Reject
56641,770,69411,Approve
64584,749,93087,Approve
62745,659,98649,Reject
53093,827,68431,Approve
96105,754,122715,Reject
81885,783,24841,Approve
66631,729,60729,Approve
102991,766,102638,Reject
34014,778,123500,Reject
41093,709,104647,Reject
48070,618,96629,Reject
65777,661,93082,Reject
86958,670,77804,Reject
112074,803,117335,Reject
40729,794,72006,Reject
75017,790,41584,Approve
96320,710,138755,Reject
57751,732,144582,Reject
108069,671,80591,Reject
84748,677,149816,Reject
35801,788,39361,Reject
49190,699,148382,Reject
79689,670,100020,Reject
80993,606,67871,Reject
59592,649,132984,Reject
40647,645,34101,Reject
38716,823,62774,Reject
118891,671,121784,Reject
117545,849,62701,Approve
119912,675,33261,Reject
100316,673,33209,Reject
32368,741,48647,Reject
107575,672,28221,Reject
36655,701,67833,Reject
100031,693,105413,Reject
106429,668,45557,Reject
117922,664,118534,Reject
85766,792,27526,Approve
43403,784,123585,Reject
62097,661,145656,Reject
108657,619,21251,Reject
40966,840,52588,Reject
82921,802,74492,Approve
79726,753,26889,Approve
80300,643,131688,Reject
52677,794,130990,Reject
85609,797,114302,Reject
86661,661,136651,Reject
61024,706,49146,Approve
100313,724,72318,Approve
83006,644,148905,Reject
45338,610,120082,Reject
98027,799,93588,Approve
110135,820,118084,Reject
49508,801,57638,Reject
33051,761,21147,Reject
78747,687,22847,Reject
117142,645,148499,Reject
117235,711,105770,Reject
84021,680,80335,Reject
96412,631,104990,Reject
88335,802,53388,Approve
86179,697,84347,Reject
62093,815,119267,Reject
99678,846,59983,Approve
110738,604,63820,Reject
69734,790,136830,Reject
102615,628,46076,Reject
103523,647,50752,Reject
47019,839,80533,Reject
113613,849,36003,Approve
116672,825,92954,Approve
103847,615,37710,Reject
112750,752,85657,Approve
109634,828,57081,Approve
58251,671,70228,Reject
55945,628,113309,Reject
62217,779,103102,Reject
38308,645,132286,Reject
35949,752,119098,Reject
81990,833,128120,Reject
31150,622,40655,Reject
119480,761,28483,Approve
104740,794,118224,Reject
96617,693,60094,Reject
46896,713,61450,Reject
76175,844,137496,Reject
37805,633,138116,Reject
35237,759,45209,Reject
50056,716,66316,Approve
75543,628,138187,Reject
86556,608,38556,Reject
33343,793,47962,Reject
43500,784,35638,Reject
83222,638,58754,Reject
59375,734,122211,Reject
39662,709,106619,Reject
46964,668,92617,Reject
89638,735,74376,Approve
103666,695,33353,Reject
115067,718,105388,Reject
97215,717,91296,Approve
99042,617,33771,Reject
43284,701,86026,Reject
102789,709,147540,Reject
114664,681,24263,Reject
91389,776,27769,Approve
39435,704,45334,Reject
84340,836,103117,Reject
74078,615,52749,Reject
108832,620,31635,Reject
81293,737,85110,Approve
108781,705,21904,Approve
90403,731,90805,Approve
59124,643,50968,Reject
73919,722,21650,Approve
65247,735,32467,Approve
92752,710,121495,Reject
86573,716,118331,Reject
89101,725,66900,Approve
56646,782,108180,Reject
53049,618,55518,Reject
109605,838,112816,Reject
98385,663,88415,Reject
70158,639,24357,Reject
95417,831,113837,Reject
53289,650,30865,Reject
39823,736,134559,Reject
90160,757,88368,Approve
71975,655,121413,Reject
39540,680,114404,Reject
46364,831,146476,Reject
34611,771,81039,Reject
57663,786,127956,Reject
81991,742,116939,Reject
87679,795,91294,Approve
60977,669,22921,Reject
79115,727,119737,Reject
118223,725,24428,Approve
90890,660,126002,Reject
96387,679,93647,Reject
48071,817,138224,Reject
89275,720,108783,Reject
102369,700,135869,Reject
41938,750,133823,Reject
65195,676,72557,Reject
34000,774,115983,Reject
100588,744,134039,Reject
68304,784,32366,Approve
99449,725,66923,Approve
112986,781,50564,Approve
119643,818,138602,Reject
50764,779,130788,Reject
116027,621,146071,Reject
68494,828,95511,Approve
33373,682,138410,Reject
42161,766,130817,Reject
57350,826,22642,Approve
55351,740,125881,Reject
118668,677,33849,Reject
45305,839,122015,Reject
105353,694,39344,Reject
106797,708,41214,Approve
95953,793,58226,Approve
87458,709,111691,Reject
50358,651,136307,Reject
33267,702,42522,Reject
112745,700,145846,Reject
119588,741,26680,Approve
68513,800,32507,Approve
56092,801,137028,Reject
41338,662,94955,Reject
30412,798,69007,Reject
37543,627,136416,Reject
63496,837,138273,Reject
90692,816,69353,Approve
119084,645,124289,Reject
74425,848,108095,Reject
68756,627,88696,Reject
48888,601,64233,Reject
65735,726,70865,Approve
77295,616,27872,Reject
113042,658,27839,Reject
115999,779,35652,Approve
47955,731,26859,Reject
67841,676,53520,Reject
100640,809,98840,Approve
95510,730,69266,Approve
64911,714,133361,Reject
89031,764,140029,Reject
118726,696,89516,Reject
37357,704,59093,Reject
62479,623,71970,Reject
91476,799,69620,Approve
74811,634,20425,Reject
66208,601,93677,Reject
50150,632,70727,Reject
101180,675,95593,Reject
73286,685,69985,Reject
98450,804,117339,Reject
51352,737,67084,Approve
85069,680,133124,Reject
44397,661,89642,Reject
71555,642,105623,Reject
76959,796,21408,Approve
30728,720,105401,Reject
80517,658,75337,Reject
96234,608,124125,Reject
69954,676,128666,Reject
77280,787,59612,Approve
109459,662,59163,Reject
46779,651,147948,Reject
93932,622,127099,Reject
102936,629,35843,Reject
54466,770,69364,Approve
66939,846,48477,Approve
99896,795,117993,Reject
65270,620,141099,Reject
89163,642,133645,Reject
112637,800,81082,Approve
81934,734,47330,Approve
94895,615,114747,Reject
62307,622,57569,Reject
84098,785,118203,Reject
90921,686,68114,Reject
35486,630,87294,Reject
38335,720,84106,Reject
116900,668,58548,Reject
119112,733,82598,Approve
41130,714,114705,Reject
117508,792,31260,Approve
90566,658,52350,Reject
96703,839,61741,Approve
57192,755,118214,Reject
31062,745,148885,Reject
114076,815,65181,Approve
119780,676,146310,Reject
51545,824,103446,Reject
51689,737,20840,Approve
41174,606,82422,Reject
118461,636,37725,Reject
39348,823,32299,Reject
53714,772,70652,Approve
68102,685,115525,Reject
104460,615,110041,Reject
119930,815,91095,Approve
36801,715,124230,Reject
102267,717,52597,Approve
78136,613,28707,Reject
53625,738,68943,Approve
112873,810,129958,Reject
102592,686,83803,Reject
107052,761,132295,Reject
74261,787,129575,Reject
31542,703,125979,Reject
51677,740,127643,Reject
76732,766,113555,Reject
80343,643,108377,Reject
69081,627,105176,Reject
92856,767,120898,Reject
118858,615,121960,Reject
49065,649,118162,Reject
113460,714,95276,Approve
118092,755,136774,Reject
84693,667,23155,Reject
56962,691,43572,Reject
58295,720,141084,Reject
43807,787,79694,Reject
72348,739,86514,Approve
56432,615,96033,Reject
113285,652,64843,Reject
87854,781,104967,Reject
70262,648,55357,Reject
67080,763,136694,Reject
31324,661,43167,Reject
65909,683,91478,Reject
119339,753,38983,Approve
49870,655,55276,Reject
64578,719,65279,Approve
102124,689,79483,Reject
56790,749,143159,Reject
55289,719,103113,Reject
85129,672,91451,Reject
45485,668,111869,Reject
74482,808,22045,Approve
116188,776,109716,Reject
34748,697,126743,Reject
116769,601,62344,Reject
39435,652,29564,Reject
33709,718,31105,Reject
60355,606,76754,Reject
85771,827,134069,Reject
87799,804,40056,Approve
43116,747,83565,Reject
55470,821,133097,Reject
72344,757,67689,Approve
72918,674,52135,Reject
82224,694,125485,Reject
69298,849,52812,Approve
110219,794,136773,Reject
91629,786,90047,Approve
96040,793,42772,Approve
58016,839,100957,Reject
53960,602,112652,Reject
63591,783,27775,Approve
112848,678,112482,Reject
97641,616,74523,Reject
66395,711,30707,Approve
52700,651,33372,Reject
64620,606,126252,Reject
50559,711,115350,Reject
91642,732,81526,Approve
106539,825,85106,Approve
51732,824,108143,Reject
60354,653,73475,Reject
43843,660,141314,Reject
101726,708,148814,Reject
47640,615,143502,Reject
82528,828,77201,Approve
68413,794,47957,Approve
82638,786,115814,Reject
82736,646,76243,Reject
98866,647,143364,Reject
49087,834,129383,Reject
71430,720,93752,Approve
54504,842,95542,Approve
37114,663,53993,Reject
108859,649,54016,Reject
40975,812,45354,Reject
41023,640,68637,Reject
51447,799,139714,Reject
53959,621,104762,Reject
96203,714,146580,Reject
59703,781,124002,Reject
39337,604,103502,Reject
76427,744,24848,Approve
91529,700,62673,Reject
114665,677,31783,Reject
61921,830,84694,Approve
63307,640,131692,Reject
57355,691,81865,Reject
34835,822,121442,Reject
50159,808,73907,Approve
77605,762,70669,Approve
68088,767,30924,Approve
108752,621,90178,Reject
85284,836,90732,Approve
87043,775,96691,Approve
65547,652,97591,Reject
112844,692,40152,Reject
57532,609,124502,Reject
64349,745,28072,Approve
75445,826,101501,Reject
35713,835,127992,Reject
86178,807,64687,Approve
79407,841,117526,Reject
100340,648,41942,Reject
80990,670,128231,Reject
105672,757,132363,Reject
95545,618,67417,Reject
114791,654,136031,Reject
88141,787,112379,Reject
53793,814,81259,Approve
86570,799,25490,Approve
67892,808,41719,Approve
31015,620,69200,Reject
91813,625,58684,Reject
57712,848,38894,Approve
38415,627,50837,Reject
92292,766,140913,Reject
53833,760,129830,Reject
34158,639,72812,Reject
92680,810,87282,Approve
50309,628,110607,Reject
36970,619,93706,Reject
102474,619,118937,Reject
116704,673,76132,Reject
76540,739,98425,Approve
50384,719,80161,Approve
48017,696,39104,Reject
105880,719,134863,Reject
38702,624,35140,Reject
30384,752,113272,Reject
30404,844,143518,Reject
70943,603,28152,Reject
77926,603,68486,Reject
59189,736,105277,Reject
42763,742,122696,Reject
48384,847,58147,Reject
90100,625,107890,Reject
39860,678,28666,Reject
110642,689,113939,Reject
80612,819,128142,Reject
53574,670,54726,Reject
53524,759,124983,Reject
99172,675,68689,Reject
40916,698,66116,Reject
34809,779,125652,Reject
62201,726,91420,Approve
83330,631,97848,Reject
43456,608,143228,Reject
86397,677,127132,Reject
68765,612,105534,Reject
64816,783,23820,Approve
75106,723,24322,Approve
83932,771,58235,Approve
47100,824,130629,Reject
87091,695,123806,Reject
51949,682,79961,Reject
100080,757,141067,Reject
67744,743,70356,Approve
75543,739,145041,Reject
66187,801,124753,Reject
37239,793,145059,Reject
44489,617,44923,Reject
88017,740,135891,Reject
91877,692,108478,Reject
73125,623,53750,Reject
79922,701,117869,Reject
62049,739,127227,Reject
67131,659,133293,Reject
72944,659,108448,Reject
103963,820,141343,Reject
54285,813,148042,Reject
67626,699,41983,Reject
72808,600,131733,Reject
118464,642,107610,Reject
83871,654,132700,Reject
49198,767,129096,Reject
49758,791,25905,Reject
45254,633,75483,Reject
74238,633,45028,Reject
31252,775,89609,Reject
69764,760,72046,Approve
107709,795,22234,Approve
67441,829,100809,Reject
83682,757,93167,Approve
89494,844,75011,Approve
111317,843,143043,Reject
95215,709,136135,Reject
108587,683,32061,Reject
36949,689,69253,Reject
85393,678,146934,Reject
103553,670,109354,Reject
36941,670,64667,Reject
55934,713,109240,Reject
53386,628,78796,Reject
91886,750,114898,Reject
105745,761,132042,Reject
113251,811,84065,Approve
83413,742,96386,Approve
86800,696,50638,Reject
72318,652,102455,Reject
100173,744,43884,Approve
100390,663,117016,Reject
82329,811,50697,Approve
73088,660,103620,Reject
69811,784,125343,Reject
85479,804,144343,Reject
115392,707,115837,Reject
117369,815,27114,Approve
49963,845,50550,Reject
85123,838,130715,Reject
103477,847,27469,Approve
44388,636,67771,Reject
35569,734,26492,Reject
99836,607,122648,Reject
66586,814,21971,Approve
42015,677,66350,Reject
75002,667,29644,Reject
36254,620,111705,Reject
47144,788,84194,Reject
54214,837,102632,Reject
110719,801,121959,Reject
101774,813,133646,Reject
36090,693,32534,Reject
41637,821,32768,Reject
52415,807,42625,Approve
54071,674,124776,Reject
88243,813,48660,Approve
71240,756,109680,Reject
113807,752,95176,Approve
63434,785,40032,Approve
99724,741,84935,Approve
105697,677,57892,Reject
58732,665,112125,Reject
41314,781,94186,Reject
53954,804,88379,Approve
87108,794,44357,Approve
117044,757,102512,Reject
117505,745,20497,Approve
66668,653,22134,Reject
53061,699,38833,Reject
109252,620,90948,Reject
69749,652,52666,Reject
46907,682,76600,Reject
48777,743,89828,Reject
81745,755,112923,Reject
111818,603,117362,Reject
53624,842,20026,Approve
53321,654,32108,Reject
40488,614,144597,Reject
52574,663,34470,Reject
35240,792,49785,Reject
73221,711,22253,Approve
40478,838,84538,Reject
85645,743,84889,Approve
49262,717,40026,Reject
82796,619,72807,Reject
34432,663,82878,Reject
94291,632,64258,Reject
109104,680,114810,Reject
89399,796,66147,Approve
109714,725,65417,Approve
80428,668,127779,Reject
117731,785,133297,Reject
30302,766,21086,Reject
112558,804,44406,Approve
30055,835,120319,Reject
38717,763,106987,Reject
58699,693,95443,Reject
103686,848,92659,Approve
97661,667,132238,Reject
74247,686,111838,Reject
46748,620,27084,Reject
34621,662,143787,Reject
45034,684,105383,Reject
35126,733,73493,Reject
35122,623,42805,Reject
48030,710,81786,Reject
112838,780,34248,Approve
114717,694,90003,Reject
85658,682,45384,Reject
68638,701,22896,Approve
97067,803,30362,Approve
118869,677,105048,Reject
64674,777,106175,Reject
65854,723,127646,Reject
76271,739,76032,Approve
103688,783,81022,Approve
68518,719,103254,Reject
40267,614,110629,Reject
31062,682,108998,Reject
80448,819,103208,Reject
36229,767,28937,Reject
86793,768,67391,Approve
77915,796,131011,Reject
34632,796,114079,Reject
33596,605,107567,Reject
36168,814,147115,Reject
37561,666,58696,Reject
103794,828,73954,Approve
112152,760,102617,Reject
56734,770,31226,Approve
36371,721,36858,Reject
56069,748,130472,Reject
109905,683,115868,Reject
42910,792,76848,Reject
103479,830,132493,Reject
107735,710,59300,Approve
111264,744,61470,Approve
53275,820,45113,Approve
102274,735,128756,Reject
111449,663,72096,Reject
90004,725,42016,Approve
92981,817,146754,Reject
114659,627,90920,Reject
84553,697,37750,Reject
78447,817,37445,Approve
64529,740,114440,Reject
105703,835,55075,Approve
106090,828,36691,Approve
47260,612,114610,Reject
33812,765,94724,Reject
58024,752,45860,Approve
88656,838,50171,Approve
57285,789,49421,Approve
31605,750,62089,Reject
101158,685,51990,Reject
102303,620,85839,Reject
57139,781,26486,Approve
107149,662,91102,Reject
86138,757,107077,Reject
106125,802,89427,Approve
43918,795,29046,Reject
115655,824,49741,Approve
57446,710,79089,Approve
43046,675,25724,Reject
54818,672,68347,Reject
34324,759,149279,Reject
106323,802,42664,Approve
39111,828,90886,Reject
68110,751,127313,Reject
46389,606,99561,Reject
71427,671,113761,Reject
109579,824,29164,Approve
58746,816,122437,Reject
117886,728,94906,Approve
30117,730,134166,Reject
114471,703,52872,Approve
43234,627,110366,Reject
83441,642,109491,Reject
30846,696,79879,Reject
40954,645,67037,Reject
109239,600,42985,Reject
76514,765,108591,Reject
118236,844,110702,Reject
36469,818,77868,Reject
60105,701,126865,Reject
72101,634,97925,Reject
94323,801,39347,Approve
88067,803,61623,Approve
79376,801,36360,Approve
75587,653,135377,Reject
66976,825,34214,Approve
97584,623,47222,Reject
108477,755,92279,Approve
72533,621,120892,Reject
31828,836,54303,Reject
31917,615,149412,Reject
50618,612,34698,Reject
62254,699,120332,Reject
77362,699,49602,Reject
50128,661,136544,Reject
89383,770,34947,Approve
95545,686,72338,Reject
112180,677,55537,Reject
117958,759,42469,Approve
39865,666,26486,Reject
32219,690,92777,Reject
69809,810,116390,Reject
35287,813,39371,Reject
64387,784,126439,Reject
38512,792,52524,Reject
31342,796,132477,Reject
93076,776,147953,Reject
49216,632,85101,Reject
109767,714,42474,Approve
56614,618,98203,Reject
66258,763,99337,Approve
72078,842,127644,Reject
113524,797,67141,Approve
42219,723,135468,Reject
30235,742,24405,Reject
72929,827,22153,Approve
97444,719,45131,Approve
38567,696,39680,Reject
100792,623,105233,Reject
95441,626,73644,Reject
114555,776,124600,Reject
103698,674,120887,Reject
35415,840,48283,Reject
66159,622,113980,Reject
73925,760,121347,Reject
35951,640,80357,Reject
117388,837,142257,Reject
38007,838,107899,Reject
71832,655,130340,Reject
88596,756,135857,Reject
60523,758,39646,Approve
118861,792,59804,Approve
116740,697,36036,Reject
45524,745,26726,Reject
49282,809,122326,Reject
53930,605,61160,Reject
30077,779,38274,Reject
50611,639,110123,Reject
46984,792,107091,Reject
44060,838,30168,Reject
112985,641,35103,Reject
114056,821,111437,Reject
73303,795,50567,Approve
89207,631,146251,Reject
105046,609,130566,Reject
59287,834,98743,Approve
69711,668,124968,Reject
41954,608,43691,Reject
103340,668,140931,Reject
102101,788,89092,Approve
101520,738,60072,Approve
117062,698,74118,Reject
48574,818,53133,Reject
39184,795,142739,Reject
49096,673,35893,Reject
97728,702,101402,Reject
64016,824,20656,Approve
41246,722,61120,Reject
75558,701,100632,Reject
48381,607,77518,Reject
66455,776,100983,Reject
34018,751,39854,Reject
41302,830,73212,Reject
97506,760,107519,Reject
71157,832,69696,Approve
84917,834,116732,Reject
113122,618,97582,Reject
54519,601,124730,Reject
117487,654,120065,Reject
86819,738,86492,Approve
110910,826,77795,Approve
101324,616,44560,Reject
35408,769,109711,Reject
89379,660,126577,Reject
55053,730,135924,Reject
39446,685,106831,Reject
30922,634,100391,Reject
81356,812,140965,Reject
40789,816,135134,Reject
96656,702,71317,Approve
74028,665,103539,Reject
94484,600,136481,Reject
62154,734,146194,Reject
112870,747,98572,Approve
32336,770,127669,Reject
97779,718,124309,Reject
49029,733,99380,Reject
89201,654,20645,Reject
62265,699,53146,Reject
73872,842,137343,Reject
76197,620,59877,Reject
85180,650,149548,Reject
53710,773,72736,Approve
59486,762,64693,Approve
101907,699,103060,Reject
101895,607,40119,Reject
94435,841,67679,Approve
70631,667,147912,Reject
50103,706,112125,Reject
94772,743,102581,Reject
44382,666,140124,Reject
114291,798,33163,Approve
33756,791,110123,Reject
50609,601,107129,Reject
46478,600,118691,Reject
69666,785,50802,Approve
105683,600,72175,Reject
101315,701,113945,Reject
107834,714,30111,Approve
44153,734,130987,Reject
106325,687,79936,Reject
42999,796,85526,Reject
85318,812,145588,Reject
30814,691,41119,Reject
106077,617,110211,Reject
32443,687,81896,Reject
105993,849,132614,Reject
105916,759,133513,Reject
103319,772,146956,Reject
47368,632,141159,Reject
45328,801,55539,Reject
86942,672,122473,Reject
57306,776,109183,Reject
115451,760,75387,Approve
69915,824,112489,Reject
67219,798,62823,Approve
110879,795,89555,Approve
94644,627,106190,Reject
90279,686,124160,Reject
83028,652,67418,Reject
30126,823,113870,Reject
82329,643,68695,Reject
57632,679,81936,Reject
95310,837,148268,Reject
85176,782,131019,Reject
116066,737,36418,Approve
74327,613,46742,Reject
98904,702,99218,Approve
33797,635,68028,Reject
77882,633,130135,Reject
43718,687,97700,Reject
64560,745,27618,Approve
106589,615,88916,Reject
52116,832,74628,Approve
66244,764,109463,Reject
31645,640,100699,Reject
77523,624,105096,Reject
49256,725,34725,Reject
83173,607,61135,Reject
67430,815,136841,Reject
69282,811,90223,Approve
93374,711,131778,Reject
98244,693,65969,Reject
41694,683,115498,Reject
86264,745,87122,Approve
105060,667,28056,Reject
87545,775,131894,Reject
69224,827,90958,Approve
43224,797,105578,Reject
70738,666,80346,Reject
55150,745,20952,Approve
93731,710,115068,Reject
79688,831,140958,Reject
103509,617,123669,Reject
38577,655,137559,Reject
38070,750,32521,Reject
38666,634,30906,Reject
87761,733,146536,Reject
66368,717,88514,Approve
36783,625,132054,Reject
71914,812,149160,Reject
100507,660,62769,Reject
109026,687,51275,Reject
97526,614,63766,Reject
100835,690,148148,Reject
75765,631,32343,Reject
49956,739,97487,Reject
117895,732,100227,Reject
76240,663,97056,Reject
67148,798,137658,Reject
34757,685,123212,Reject
49097,754,96862,Reject
40395,806,50521,Reject
46241,830,120263,Reject
57696,644,123486,Reject
100480,848,20805,Approve
76163,634,55868,Reject
49816,625,54343,Reject
79840,622,97458,Reject
82853,740,94327,Approve
54917,817,55383,Approve
51566,730,129867,Reject
105452,628,35040,Reject
92823,793,45187,Approve
50806,663,82678,Reject
105520,755,116396,Reject
31759,814,46525,Reject
71949,763,58394,Approve
32482,712,110672,Reject
54442,733,129042,Reject
63719,738,102546,Reject
88066,765,83989,Approve
32079,717,59652,Reject
32717,761,137499,Reject
89676,808,136298,Reject
57952,666,129758,Reject
116444,707,97510,Approve
72460,773,94402,Approve
102847,825,146602,Reject
119106,685,69200,Reject
48449,628,136074,Reject
63536,659,103822,Reject
94077,653,139410,Reject
68258,692,35015,Reject
78302,668,80911,Reject
58865,801,122676,Reject
36645,801,112206,Reject
68000,716,122146,Reject
56737,608,76221,Reject
41485,725,40695,Reject
68565,812,44805,Approve
55522,676,44190,Reject
95155,609,141154,Reject
85168,701,27997,Approve
82487,802,129988,Reject
42342,795,42752,Reject
70806,657,38069,Reject
78770,837,144190,Reject
108623,822,81485,Approve
105629,712,77291,Approve
82603,779,50508,Approve
111974,761,107053,Reject
56399,705,127128,Reject
115382,634,134571,Reject
111244,702,71574,Approve
106534,702,71902,Approve
85106,760,82426,Approve
60678,799,28524,Approve
106218,759,30071,Approve
93230,782,124613,Reject
104055,696,61466,Reject
86373,735,106132,Reject
61480,773,70094,Approve
115230,741,143515,Reject
98836,825,95317,Approve
102258,735,136150,Reject
69986,842,60239,Approve
54160,705,67560,Approve
115595,670,120295,Reject
109111,676,65924,Reject
94929,653,74542,Reject
103506,620,128230,Reject
64911,710,112375,Reject
117127,823,69264,Approve
61821,674,141871,Reject
105039,849,87799,Approve
90535,613,110538,Reject
114458,802,58022,Approve
42175,601,111178,Reject
84771,825,55579,Approve
116925,788,32571,Approve
96358,707,102753,Reject
47327,838,68225,Reject
77057,744,27227,Approve
36150,677,61189,Reject
34425,816,34207,Reject
46032,647,132258,Reject
32198,690,98208,Reject
90500,735,73406,Approve
83394,783,61783,Approve
50079,616,120822,Reject
66220,796,105587,Reject
71874,611,48879,Reject
43859,765,48845,Reject
80460,745,30015,Approve
61419,625,127600,Reject
38705,822,102961,Reject
72880,636,41496,Reject
53236,669,20707,Reject
117955,768,142146,Reject
115514,678,37767,Reject
45358,769,46467,Reject
106918,840,103222,Reject
44596,689,27118,Reject
63572,842,83884,Approve
108757,803,31213,Approve
31279,640,117021,Reject
93197,774,101037,Reject
92516,741,28868,Approve
37083,728,71716,Reject
47771,616,146202,Reject
59975,824,114869,Reject
75648,782,62523,Approve
78285,820,54028,Approve
49063,652,137891,Reject
97642,717,30545,Approve
116143,708,20357,Approve
67599,758,41788,Approve
81920,789,123716,Reject
58529,735,121538,Reject
65954,757,142771,Reject
57856,676,36802,Reject
32573,679,142594,Reject
108344,793,74739,Approve
65367,644,147617,Reject
90774,617,105875,Reject
53752,698,21593,Reject
85029,772,24602,Approve
47685,746,132273,Reject
81693,804,148477,Reject
85961,842,95113,Approve
106908,667,130903,Reject
104532,682,115865,Reject
111994,649,30943,Reject
86133,624,53012,Reject
91268,765,90108,Approve
68243,842,135302,Reject
87384,720,36250,Approve
61653,822,149459,Reject
56657,763,102169,Reject
69952,667,64053,Reject
52180,655,59388,Reject
108411,638,111707,Reject
31622,662,91405,Reject
78756,727,144809,Reject
70809,734,91507,Approve
46725,721,69662,Reject
91396,846,81311,Approve
81226,785,99493,Approve
111182,807,91504,Approve
112565,658,106789,Reject
59402,647,111477,Reject
34263,732,76657,Reject
76828,838,93183,Approve
77924,814,45499,Approve
104182,635,51785,Reject
89052,823,101993,Reject
41664,687,94536,Reject
65737,624,72030,Reject
119563,772,57909,Approve
59373,819,145147,Reject
66397,618,54894,Reject
116145,734,147210,Reject
68709,835,104124,Reject
91120,785,92006,Approve
49250,832,35473,Reject
51172,808,101697,Reject
41555,665,40063,Reject
117410,679,147617,Reject
108617,766,142777,Reject
83276,724,98444,Approve
87492,745,31850,Approve
83002,702,20984,Approve
119599,728,70450,Approve
102355,790,76700,Approve
54762,730,92723,Approve
41046,726,146624,Reject
58769,620,113392,Reject
83302,725,40339,Approve
53150,723,129149,Reject
98247,757,58481,Approve
34853,610,84351,Reject
119399,621,72839,Reject
51792,710,84236,Approve
89129,724,99619,Approve
104478,656,68287,Reject
97298,688,80306,Reject
61987,730,129442,Reject
45850,757,72197,Reject
42112,815,45435,Reject
54058,727,141404,Reject
75420,644,87621,Reject
68890,635,50837,Reject
96017,686,124837,Reject
77304,717,101719,Reject
62921,671,55495,Reject
31524,791,118680,Reject
45048,781,59760,Reject
65111,667,132489,Reject
67904,777,147351,Reject
84912,702,42084,Approve
64008,834,57458,Approve
30060,758,71946,Reject
104666,628,86601,Reject
113559,786,89218,Approve
85337,763,142325,Reject
43350,804,79351,Reject
54354,704,67561,Approve
75186,672,146081,Reject
58145,718,70203,Approve
64020,684,118024,Reject
116123,842,116996,Reject
105186,794,28820,Approve
115469,688,77232,Reject
50581,688,38757,Reject
118929,675,66588,Reject
53051,820,108682,Reject
81474,738,28058,Approve
99626,715,108388,Reject
36960,738,99654,Reject
65772,840,56742,Approve
51520,753,144063,Reject
79481,652,92195,Reject
66408,741,76980,Approve
87134,663,90377,Reject
50491,807,144157,Reject
31341,847,38335,Reject
74623,737,67351,Approve
30338,630,105841,Reject
101431,822,88960,Approve
42254,635,67501,Reject
81860,609,75877,Reject
41344,625,34538,Reject
31750,619,127821,Reject
84756,724,135859,Reject
97957,643,130812,Reject
88053,661,23769,Reject
100855,800,51586,Approve
45896,678,111983,Reject
85761,608,105551,Reject
92552,670,120614,Reject
107454,689,87879,Reject
57935,623,88922,Reject
67641,739,72219,Approve
59711,659,55107,Reject
100342,683,20683,Reject
42182,719,110987,Reject
117833,677,86590,Reject
86276,813,81097,Approve
49541,615,109131,Reject
112310,628,83402,Reject
74813,759,137290,Reject
67198,810,105934,Reject
38820,718,43685,Reject
54070,634,85884,Reject
99768,642,114426,Reject
41122,695,36362,Reject
110559,718,119326,Reject
103543,652,110561,Reject
113441,619,20503,Reject
71786,714,61045,Approve
36737,831,129818,Reject
66062,811,33576,Approve
84237,607,53290,Reject
81571,721,80495,Approve
55510,826,31884,Approve
49426,641,71660,Reject
67265,676,45205,Reject
47850,832,83739,Reject
96150,669,52785,Reject
117312,710,142111,Reject
119613,615,21268,Reject
104910,668,86712,Reject
82375,652,38016,Reject
65435,772,81939,Approve
87132,778,98281,Approve
108945,825,97497,Approve
112050,605,121917,Reject
32983,722,69266,Reject
50662,632,61712,Reject
53510,806,147744,Reject
108187,614,124894,Reject
70998,613,137088,Reject
86846,766,26768,Approve
36640,662,79214,Reject
74547,604,38972,Reject
84620,843,118625,Reject
45317,720,93162,Reject
37564,689,83412,Reject
57345,839,65281,Approve
109273,808,48403,Approve
104859,706,114568,Reject
110765,838,50226,Approve
104038,779,69985,Approve
82393,615,48783,Reject
96081,698,93939,Reject
59430,765,127752,Reject
105532,652,115155,Reject
57788,814,134846,Reject
78543,676,88155,Reject
43919,824,148884,Reject
99346,692,86883,Reject
69974,780,88700,Approve
46371,773,99095,Reject
75084,697,141501,Reject
59629,697,47788,Reject
81184,818,119214,Reject
91916,742,27166,Approve
103972,658,55219,Reject
92187,777,85441,Approve
42984,736,130299,Reject
63039,625,20403,Reject
115431,602,95569,Reject
113691,699,47224,Reject
88606,646,103610,Reject
40616,604,23485,Reject
80072,661,132055,Reject
54574,811,94984,Approve
33430,683,85491,Reject
42676,732,106208,Reject
40816,737,98946,Reject
62733,679,34262,Reject
115680,662,113296,Reject
32050,624,95370,Reject
63933,643,117815,Reject
54951,752,47928,Approve
62413,757,147975,Reject
64801,613,142804,Reject
85619,685,83179,Reject
62913,770,135210,Reject
70600,755,106365,Reject
87775,821,108379,Reject
65400,618,148716,Reject
34494,701,141774,Reject
110688,769,54712,Approve
119431,619,105491,Reject
104691,826,54328,Approve
73001,813,51632,Approve
97364,678,57515,Reject
75028,738,82074,Approve
67573,781,92690,Approve
30806,697,84947,Reject
86638,720,48170,Approve
59757,751,66857,Approve
64636,797,69744,Approve
110097,616,116699,Reject
78280,755,97621,Approve
54262,649,112780,Reject
110435,822,25327,Approve
92211,827,81246,Approve
84842,782,102675,Reject
86979,800,111411,Reject
111470,609,53264,Reject
68197,748,98596,Approve
71844,657,35656,Reject
94754,761,38805,Approve
64157,694,119902,Reject
107129,820,48855,Approve
70042,706,24127,Approve
91665,770,81722,Approve
112856,738,131427,Reject
57376,632,141704,Reject
85554,785,58319,Approve
44199,645,89126,Reject
111412,788,32973,Approve
80948,789,102381,Reject
103781,728,123270,Reject
102750,748,68087,Approve
96262,661,77711,Reject
76600,791,47281,Approve
106898,686,129819,Reject
92483,848,36549,Approve
48297,672,146566,Reject
60448,783,81426,Approve
56172,600,47623,Reject
72874,620,120032,Reject
37657,621,109616,Reject
114386,781,24697,Approve
55425,603,35730,Reject
56685,664,48245,Reject
54578,778,64134,Approve
58831,801,51313,Approve
37906,662,104093,Reject
91413,742,85573,Approve
84028,843,73595,Approve
37287,635,49908,Reject
63660,628,125790,Reject
105758,779,87557,Approve
90504,773,59648,Approve
89720,668,143613,Reject
64701,756,57289,Approve
113300,710,82710,Approve
47674,774,28839,Reject
113560,818,116541,Reject
53874,752,88838,Approve
73642,807,28511,Approve
95160,743,106527,Reject
47602,699,124672,Reject
118801,816,129049,Reject
55931,640,146058,Reject
59192,792,95450,Approve
76542,796,29948,Approve
72520,832,64638,Approve
94772,747,113890,Reject
88762,796,25873,Approve
80106,763,51461,Approve
111121,820,93034,Approve
55559,839,109092,Reject
63742,825,118142,Reject
99669,785,47091,Approve
110199,647,91171,Reject
51754,809,72999,Approve
33972,729,143817,Reject
100831,807,53532,Approve
71873,756,42690,Approve
39903,824,37036,Reject
33020,743,65040,Reject
71755,762,76196,Approve
115956,710,67911,Approve
116988,661,64562,Reject
75648,706,30321,Approve
39516,705,49152,Reject
32396,808,105884,Reject
114082,731,106531,Reject
49129,712,74911,Reject
31591,667,110298,Reject
41303,778,20145,Reject
60561,688,90637,Reject
101719,760,24247,Approve
116231,677,95114,Reject
37314,751,89724,Reject
49623,674,117310,Reject
97675,624,83289,Reject
95082,755,63547,Approve
113624,606,22696,Reject
63130,712,146892,Reject
81756,635,82041,Reject
56292,609,126544,Reject
116206,712,132494,Reject
99274,635,39713,Reject
32469,822,64549,Reject
83947,810,63548,Approve
52534,617,72633,Reject
93620,840,116411,Reject
78874,733,110886,Reject
79708,819,24641,Approve
104553,734,91095,Approve
98344,701,119564,Reject
79138,848,135337,Reject
84302,739,31631,Approve
77638,768,55816,Approve
108249,841,22023,Approve
32719,790,45656,Reject
52890,825,106190,Reject
107236,624,107253,Reject
66509,808,54842,Approve
72534,780,118086,Reject
48787,632,75189,Reject
78845,686,148118,Reject
87932,672,130738,Reject
63062,605,65923,Reject
105713,789,55080,Approve
117263,793,23474,Approve
90461,829,145185,Reject
105418,736,99707,Approve
96672,666,23260,Reject
64832,743,80218,Approve
61966,816,139526,Reject
102545,815,69109,Approve
42987,838,25618,Reject
67311,692,65765,Reject
61575,707,146190,Reject
93852,782,54118,Approve
31007,767,29285,Reject
100981,625,124352,Reject
106242,637,77083,Reject
77517,762,93677,Approve
59257,814,48352,Approve
117272,795,64056,Approve
72207,786,83045,Approve
43281,833,43707,Reject
91246,741,42161,Approve
31435,844,87390,Reject
56660,847,38650,Approve
35084,774,36944,Reject
112197,702,27546,Approve
43507,798,74139,Reject
102595,799,133857,Reject
113807,641,27207,Reject
75539,778,114804,Reject
37491,746,92022,Reject
80192,665,51222,Reject
110395,774,49121,Approve
93888,792,104303,Reject
103609,641,58915,Reject
39077,637,30017,Reject
50953,845,35094,Approve
106919,740,51236,Approve
97889,705,27664,Approve
53821,771,49921,Approve
67567,751,115381,Reject
54860,695,100109,Reject
51195,757,87219,Approve
107475,669,83590,Reject
117266,637,29390,Reject
51427,696,53777,Reject
57083,707,68588,Approve
117046,718,144651,Reject
87372,750,117313,Reject
74064,673,62667,Reject
37813,656,149541,Reject
61598,709,114647,Reject
57082,678,49980,Reject
59241,750,136960,Reject
74569,847,120916,Reject
41745,635,43808,Reject
56029,656,83470,Reject
43025,728,92762,Reject
44288,799,107983,Reject
119186,602,122645,Reject
36540,613,37926,Reject
111958,808,37621,Approve
98878,633,31167,Reject
71846,838,91245,Approve
105932,669,144604,Reject
47482,668,98776,Reject
53411,837,149842,Reject
80975,778,55031,Approve
90545,832,52146,Approve
108797,703,134970,Reject
82307,628,27998,Reject
33093,826,134619,Reject
107258,809,60508,Approve
52042,831,96348,Approve
82930,647,137974,Reject
74413,693,51101,Reject
63756,678,99764,Reject
83268,716,44747,Approve
69214,806,131836,Reject
111871,743,80800,Approve
58602,784,115326,Reject
83331,824,21882,Approve
78901,737,58955,Approve
93416,746,104195,Reject
62196,828,79965,Approve
35626,841,132956,Reject
37424,666,108794,Reject
42857,763,109422,Reject
49982,731,61560,Reject
106961,674,51343,Reject
31980,832,138478,Reject
78290,760,103943,Reject
56431,627,135154,Reject
114976,823,23950,Approve
112711,720,23889,Approve
56385,807,50410,Approve
68158,608,114504,Reject
53019,802,38976,Approve
48639,733,43016,Reject
115530,722,94747,Approve
51563,648,42742,Reject
69341,690,136235,Reject
35776,724,43553,Reject
66444,675,83338,Reject
98916,749,49332,Approve
38711,703,139437,Reject
104318,775,98625,Approve
112970,828,133870,Reject
115553,748,24436,Approve
60707,632,37087,Reject
69110,808,75702,Approve
91788,783,45428,Approve
112879,756,94033,Approve
68827,652,48154,Reject
35655,639,112045,Reject
74859,801,125940,Reject
83625,617,144667,Reject
82098,774,64747,Approve
45251,843,127369,Reject
30526,612,54349,Reject
98760,754,89493,Approve
77837,789,57358,Approve
41536,673,72484,Reject
58541,695,100449,Reject
109083,704,70837,Approve
81027,772,95333,Approve
64531,730,27531,Approve
38712,749,33825,Reject
95455,754,84028,Approve
104744,782,92447,Approve
35109,666,52316,Reject
79268,632,91267,Reject
84615,601,37279,Reject
112503,674,133094,Reject
59759,773,131759,Reject
115708,673,64223,Reject
90112,830,109952,Reject
56589,846,48000,Approve
60015,760,32045,Approve
59009,785,71498,Approve
113309,734,56299,Approve
92046,742,96202,Approve
56143,625,38245,Reject
36154,738,118102,Reject
51804,727,47339,Approve
71688,765,90388,Approve
94288,626,101950,Reject
81195,845,83819,Approve
50581,830,99817,Approve
82648,734,146887,Reject
60087,728,134074,Reject
79930,801,132691,Reject
62981,620,48031,Reject
99298,678,36626,Reject
76167,757,43302,Approve
105304,693,131277,Reject
73408,607,66691,Reject
69499,815,50112,Approve
82269,682,144378,Reject
68559,602,91047,Reject
104319,654,123812,Reject
78787,742,90204,Approve
65488,635,26087,Reject
104441,605,92551,Reject
104663,720,116955,Reject
52431,641,142324,Reject
91681,649,148407,Reject
93483,711,124966,Reject
79153,745,148188,Reject
36368,829,51314,Reject
57424,810,97150,Approve
75004,840,89539,Approve
113869,649,149306,Reject
118652,629,46235,Reject
86985,804,80572,Approve
80069,638,53366,Reject
82326,715,71347,Approve
111061,739,52837,Approve
53398,825,28139,Approve
80861,658,29585,Reject
105897,675,23659,Reject
111905,771,111761,Reject
98577,815,25634,Approve
95641,731,136969,Reject
39078,763,125126,Reject
55003,841,23682,Approve
92768,647,55451,Reject
81047,741,90098,Approve
101626,680,24652,Reject
87660,648,131485,Reject
79786,666,106851,Reject
31925,829,95038,Reject
113976,814,90249,Approve
56015,676,25413,Reject
63320,736,41984,Approve
94881,620,147109,Reject
56289,704,40487,Approve
33389,671,22075,Reject
55683,808,53550,Approve
43629,615,105726,Reject
91550,743,117799,Reject
54826,627,62293,Reject
56630,778,97445,Approve
76163,783,49212,Approve
96435,679,34962,Reject
41653,656,35853,Reject
57961,709,70209,Approve
111941,651,120358,Reject
104137,773,99911,Approve
63662,805,129897,Reject
86446,837,65964,Approve
51288,835,87645,Approve
66877,765,80501,Approve
45313,683,146676,Reject
110885,836,141971,Reject
102715,647,146528,Reject
40326,726,86856,Reject
31560,768,133018,Reject
109148,697,142537,Reject
113186,717,101523,Reject
56745,786,57185,Approve
61890,692,89235,Reject
50022,666,69884,Reject
82579,673,82858,Reject
100316,683,131972,Reject
113847,793,113745,Reject
58380,754,84326,Approve
32356,759,59330,Reject
100326,783,138237,Reject
119899,609,66415,Reject
50049,767,81006,Approve
105717,744,69127,Approve
46082,785,42547,Reject
30661,717,42939,Reject
67412,696,99738,Reject
32920,605,114756,Reject
90315,766,107298,Reject
109561,838,94332,Approve
38946,617,21722,Reject
75500,800,63364,Approve
46309,671,132840,Reject
85230,688,31674,Reject
60027,822,133951,Reject
102541,641,22812,Reject
89321,603,128077,Reject
30956,619,142225,Reject
104131,627,22278,Reject
77908,767,133758,Reject
108339,792,55118,Approve
55963,703,89159,Approve
69443,846,26530,Approve
69063,643,69866,Reject
110818,622,101523,Reject
34703,784,20924,Reject
95128,646,39546,Reject
102099,612,73305,Reject
55849,743,122833,Reject
61860,817,97806,Approve
61585,782,38953,Approve
52015,694,55583,Reject
107539,841,108892,Reject
73585,792,148760,Reject
56958,808,90114,Approve
56017,615,24462,Reject
106707,718,20888,Approve
75350,764,107868,Reject
42201,779,105398,Reject
59426,716,105509,Reject
47778,609,131946,Reject
75241,721,87259,Approve
72229,637,135946,Reject
116652,643,43410,Reject
78364,694,28602,Reject
114878,673,38614,Reject
87056,781,142142,Reject
57490,712,129690,Reject
49975,825,145085,Reject
56723,650,38444,Reject
53279,651,73050,Reject
108301,797,88149,Approve
41561,691,141703,Reject
96061,819,128308,Reject
118397,658,108618,Reject
79153,612,136490,Reject
63142,768,101516,Reject
56916,611,64866,Reject
94324,649,86213,Reject
74965,831,96638,Approve
34648,656,77239,Reject
65133,777,139401,Reject
80677,848,126034,Reject
100135,718,63211,Approve
65046,656,23004,Reject
77064,781,83789,Approve
99350,793,133706,Reject
75893,607,94522,Reject
91272,705,84084,Approve
97649,790,119032,Reject
94674,736,46269,Approve
43760,787,99709,Reject
51927,719,133145,Reject
116475,841,41118,Approve
91367,662,118494,Reject
42588,671,34089,Reject
82233,842,139682,Reject
74738,730,62956,Approve
63397,800,128603,Reject
112189,612,105786,Reject
106367,736,111601,Reject
101260,822,99226,Approve
106619,816,33740,Approve
49816,651,128605,Reject
72240,835,124343,Reject
36276,661,124749,Reject
109530,718,127133,Reject
53499,708,89581,Approve
118576,607,147974,Reject
112495,838,141003,Reject
101635,694,91160,Reject
115112,724,106078,Reject
65946,772,63779,Approve
85204,652,40495,Reject
81886,836,59602,Approve
101652,662,29033,Reject
45563,694,73103,Reject
39847,680,107140,Reject
56155,838,40442,Approve
109671,656,23247,Reject
113310,781,70368,Approve
97278,746,75244,Approve
48309,666,126284,Reject
30619,645,45474,Reject
113194,693,84784,Reject
80108,737,25586,Approve
64707,712,76228,Approve
50337,692,27940,Reject
111537,831,38606,Approve
96504,745,127753,Reject
77614,739,60747,Approve
30281,648,84727,Reject
57420,622,54282,Reject
110896,661,77760,Reject
69030,610,82996,Reject
31058,672,131042,Reject
116213,717,22883,Approve
106260,783,56594,Approve
58404,687,116031,Reject
59856,688,98103,Reject
39200,654,89875,Reject
94178,752,118978,Reject
63997,838,108209,Reject
55611,608,35426,Reject
71235,611,36486,Reject
65057,738,96085,Approve
31239,712,23993,Reject
95661,765,32219,Approve
75272,755,23708,Approve
119393,607,48788,Reject
91212,801,21495,Approve
45398,816,114970,Reject
86503,774,56160,Approve
36638,635,130002,Reject
36570,724,27537,Reject
98785,649,55553,Reject
39110,706,42203,Reject
109141,608,145114,Reject
42115,832,138347,Reject
69062,787,74032,Approve
52911,799,91124,Approve
62556,666,113844,Reject
108131,652,123106,Reject
31969,681,100747,Reject
73753,709,57659,Approve
112811,826,131064,Reject
34470,744,84043,Reject
40225,827,23525,Reject
53196,652,105437,Reject
43669,755,24777,Reject
67380,713,89725,Approve
78320,662,65791,Reject
77414,742,108853,Reject
45577,618,140825,Reject
118009,723,149061,Reject
85409,685,51501,Reject
58625,669,145409,Reject
111040,646,85258,Reject
54089,798,140942,Reject
66487,707,103833,Reject
95838,775,96185,Approve
80138,800,43719,Approve
72823,619,132181,Reject
67208,636,149420,Reject
84061,802,86686,Approve
60659,729,99837,Approve
61890,791,48434,Approve
109134,813,122441,Reject
77055,839,40520,Approve
49508,635,76881,Reject
72287,732,21510,Approve
108916,663,48546,Reject
56984,606,33982,Reject
38125,797,89451,Reject
66059,719,100270,Reject
99569,621,108245,Reject
47087,801,39636,Reject
35704,645,118220,Reject
90576,767,146629,Reject
103384,788,78087,Approve
117128,709,30957,Approve
102460,645,56706,Reject
57208,811,137199,Reject
115150,627,119377,Reject
96024,686,82871,Reject
69882,634,146097,Reject
55923,728,81737,Approve
59165,756,120496,Reject
97203,608,60975,Reject
34114,608,117364,Reject
94965,621,125687,Reject
66321,790,48129,Approve
103297,793,57939,Approve
55426,807,85059,Approve
47772,831,28298,Reject
33712,785,139002,Reject
31367,669,84422,Reject
81924,782,26480,Approve
33726,740,113080,Reject
119152,824,130962,Reject
57723,746,80389,Approve
39108,806,88393,Reject
107714,760,24349,Approve
65643,801,86964,Approve
61324,664,59491,Reject
113360,787,144888,Reject
38927,739,66778,Reject
52443,642,108699,Reject
109973,820,47677,Approve
93449,616,116440,Reject
106743,667,148288,Reject
90233,628,101254,Reject
55537,782,100345,Reject
107576,734,33272,Approve
52612,643,31828,Reject
36471,804,64431,Reject
65631,732,27856,Approve
61348,787,31223,Approve
94732,733,141988,Reject
31177,825,59413,Reject
34760,844,76822,Reject
62779,606,55689,Reject
51636,773,93702,Approve
111889,784,76396,Approve
83551,653,32637,Reject
41556,819,149083,Reject
57598,645,66534,Reject
41563,737,86414,Reject
76819,603,96240,Reject
103770,794,94038,Approve
56966,752,143994,Reject
111709,814,35266,Approve
89889,690,68068,Reject
56987,805,119625,Reject
108714,660,64356,Reject
88348,765,106295,Reject
54596,759,35046,Approve
63174,750,143846,Reject
94106,710,146069,Reject
99967,831,45270,Approve
89182,636,139693,Reject
117163,602,96342,Reject
69310,826,126766,Reject
86088,612,140324,Reject
38906,761,57988,Reject
66914,687,144291,Reject
75379,792,148285,Reject
108612,675,72179,Reject
67650,607,55892,Reject
76881,682,136441,Reject
76413,608,49512,Reject
36012,755,79165,Reject
80115,677,126490,Reject
37151,723,25099,Reject
87716,818,73487,Approve
66378,745,137973,Reject
72652,641,115847,Reject
102430,640,94088,Reject
43467,797,97163,Reject
61010,760,110845,Reject
84691,828,70003,Approve
94157,833,135547,Reject
42289,688,131292,Reject
74976,676,86886,Reject
73596,653,97812,Reject
53171,814,145763,Reject
116365,763,31739,Approve
74139,696,106838,Reject
78713,812,124034,Reject
59734,697,32384,Reject
102588,655,53094,Reject
93646,699,22120,Reject
33654,744,20993,Reject
119022,609,107295,Reject
48743,814,38150,Reject
78368,643,84681,Reject
104172,729,147969,Reject
36441,826,65388,Reject
54611,741,111292,Reject
42149,848,134082,Reject
89189,838,71116,Approve
51675,836,75753,Approve
101031,768,121085,Reject
72668,729,59787,Approve
43673,618,55673,Reject
106666,679,28290,Reject
118204,834,80123,Approve
110758,835,133564,Reject
95429,688,36627,Reject
53669,600,138725,Reject
64068,729,93474,Approve
118789,839,78844,Approve
39435,626,82904,Reject
82249,601,84705,Reject
67384,849,123798,Reject
111929,821,88245,Approve
106153,778,47629,Approve
105388,737,130958,Reject
61401,618,134673,Reject
101831,833,64186,Approve
64084,807,149522,Reject
85826,740,109621,Reject
66451,775,66537,Approve
37227,713,126099,Reject
61910,655,50832,Reject
66041,799,43472,Approve
118920,783,68850,Approve
95681,777,135735,Reject
111571,694,106298,Reject
95481,772,29507,Approve
98576,816,95114,Approve
94174,786,75696,Approve
56160,766,92247,Approve
47633,748,76373,Reject
47014,782,81264,Reject
110532,847,35979,Approve
79104,656,35049,Reject
71621,841,79081,Approve
107231,701,44997,Approve
98388,768,76144,Approve
46014,820,60830,Reject
63755,669,101369,Reject
70390,681,105721,Reject
53711,648,41746,Reject
87993,771,107393,Reject
104696,762,29603,Approve
57213,690,96977,Reject
87784,604,24570,Reject
37421,798,52316,Reject
116936,801,71604,Approve
47727,801,38467,Reject
34358,778,147333,Reject
95108,656,98381,Reject
62117,785,64638,Approve
118700,691,127846,Reject
61910,635,139851,Reject
85754,737,46943,Approve
92438,777,90369,Approve
59371,826,125105,Reject
81501,844,149495,Reject
90946,826,23340,Approve
68467,764,63532,Approve
47625,711,97848,Reject
63893,747,122148,Reject
106329,612,86175,Reject
61007,802,78918,Approve
69532,721,64188,Approve
84253,708,35211,Approve
42323,746,33496,Reject
103379,691,114381,Reject
44210,701,77248,Reject
46456,655,126455,Reject
61367,644,115625,Reject
84624,659,61145,Reject
40106,795,123704,Reject
98008,784,49672,Approve
102240,653,101481,Reject
94315,636,103238,Reject
99249,810,94255,Approve
100587,636,56027,Reject
40756,844,56251,Reject
98011,613,39403,Reject
66378,694,139467,Reject
34255,819,112345,Reject
44484,827,128063,Reject
86549,771,45150,Approve
64503,701,95762,Approve
103794,810,66940,Approve
75113,641,70476,Reject
104069,600,122708,Reject
35249,622,127708,Reject
49201,846,124241,Reject
88576,791,54202,Approve
39686,627,28729,Reject
83363,839,43938,Approve
30661,731,123257,Reject
74843,768,95302,Approve
90963,787,93920,Approve
72828,617,45762,Reject
78604,790,48724,Approve
40526,788,110586,Reject
98910,648,40653,Reject
55592,646,33507,Reject
58982,714,92914,Approve
30207,638,62773,Reject
118733,816,131291,Reject
98619,809,55205,Approve
59328,605,31571,Reject
76479,810,57320,Approve
50103,652,136042,Reject
69891,803,68853,Approve
40754,624,50190,Reject
111437,698,138088,Reject
102982,664,109116,Reject
85922,732,56522,Approve
78231,792,91801,Approve
59301,607,64489,Reject
92711,638,149441,Reject
71323,710,134846,Reject
48752,642,92277,Reject
112205,681,21837,Reject
43395,837,73763,Reject
115957,722,102945,Reject
86273,800,76964,Approve
34895,732,76398,Reject
106559,846,102578,Reject
40699,603,102597,Reject
95061,707,114522,Reject
39715,692,73198,Reject
49169,728,105741,Reject
46163,693,55143,Reject
35782,655,69427,Reject
118177,772,26859,Approve
114328,792,65507,Approve
65585,602,54356,Reject
60682,621,106501,Reject
77864,799,82570,Approve
114416,655,32854,Reject
85114,617,53013,Reject
68067,752,51654,Approve
72685,775,127384,Reject
48073,715,128707,Reject
66035,683,146905,Reject
94977,758,43054,Approve
113362,629,93728,Reject
95450,679,80254,Reject
40382,665,87720,Reject
34437,808,65206,Reject
100971,609,56019,Reject
94612,798,36281,Approve
91929,658,25863,Reject
42329,833,72203,Reject
55169,650,95238,Reject
117468,843,56539,Approve
64594,722,99072,Approve
106957,736,62088,Approve
90631,653,82438,Reject
75033,789,36077,Approve
93133,680,45273,Reject
103165,736,143968,Reject
103861,608,51052,Reject
82290,700,87955,Reject
61750,751,33518,Approve
70461,638,27396,Reject
103800,802,104548,Reject
108222,735,60077,Approve
54226,752,31981,Approve
36721,709,118989,Reject
86154,665,88292,Reject
50609,609,84842,Reject
82130,716,25023,Approve
102909,751,111954,Reject
85249,839,144612,Reject
78895,807,41219,Approve
35656,682,130862,Reject
104520,786,103892,Reject
93740,758,37094,Approve
94309,738,143204,Reject
59984,733,57853,Approve
103822,669,25646,Reject
35901,759,74045,Reject
61552,638,66925,Reject
61055,775,63927,Approve
67685,612,31991,Reject
103965,658,38978,Reject
44716,666,103012,Reject
41138,783,55723,Reject
65298,847,44787,Approve
81112,640,111693,Reject
53429,783,134045,Reject
80200,634,69092,Reject
101308,765,64791,Approve
78244,848,95171,Approve
47347,680,34932,Reject
46920,794,56911,Reject
61822,633,147206,Reject
76659,675,143458,Reject
70108,815,125948,Reject
119099,669,121301,Reject
37967,833,123512,Reject
41871,610,29946,Reject
107452,711,104899,Reject
104270,626,34387,Reject
63613,647,89141,Reject
58179,623,69573,Reject
82188,617,135298,Reject
85099,626,61405,Reject
65262,653,29152,Reject
108213,654,118434,Reject
48268,719,55415,Reject
107866,832,115879,Reject
116269,620,130575,Reject
90545,786,133013,Reject
102146,714,133190,Reject
101966,761,124977,Reject
69922,719,51848,Approve
109364,824,63394,Approve
72913,657,89265,Reject
85677,775,122735,Reject
79841,653,51455,Reject
76332,745,115348,Reject
55032,602,86560,Reject
67846,751,111764,Reject
89474,728,125343,Reject
74936,605,36921,Reject
59794,618,52179,Reject
91588,685,122895,Reject
100984,714,72235,Approve
80331,770,52037,Approve
58141,722,53275,Approve
39074,735,56692,Reject
36406,796,28872,Reject
53291,779,71764,Approve
71568,672,139564,Reject
76851,646,110871,Reject
84823,684,106143,Reject
53312,627,72299,Reject
73108,645,148268,Reject
96918,731,54961,Approve
64171,719,44466,Approve
71779,815,35762,Approve
98828,735,38930,Approve
42411,715,74213,Reject
87009,660,90191,Reject
45422,616,70374,Reject
72468,633,76902,Reject
62371,619,90555,Reject
87022,807,121878,Reject
101229,801,74875,Approve
81196,761,59314,Approve
110354,642,72175,Reject
56715,609,105200,Reject
57605,693,132981,Reject
61174,757,68978,Approve
39956,714,78415,Reject
106373,752,102460,Reject
99252,726,66255,Approve
91949,784,69662,Approve
92646,709,108082,Reject
100017,790,100366,Reject
93037,706,98178,Approve
119818,704,108622,Reject
36548,670,69496,Reject
103294,774,123483,Reject
53177,683,67791,Reject
54022,808,115998,Reject
35542,602,77235,Reject
90428,838,59140,Approve
52740,645,130738,Reject
89353,831,129865,Reject
86532,763,52076,Approve
46052,625,64782,Reject
77076,737,128875,Reject
83420,761,71632,Approve
30671,805,126894,Reject
30163,607,42203,Reject
71424,654,133475,Reject
83744,690,129902,Reject
100331,737,113392,Reject
40634,784,132026,Reject
34798,713,65642,Reject
52420,678,146646,Reject
59300,700,141430,Reject
119881,685,29486,Reject
40749,644,80595,Reject
55121,649,52158,Reject
67487,663,141588,Reject
63361,694,34681,Reject
51223,601,74790,Reject
102930,772,75052,Approve
44056,694,97237,Reject
58380,661,35372,Reject
56035,741,46611,Approve
60620,673,25523,Reject
49877,821,65793,Reject
85316,699,40233,Reject
94041,710,136465,Reject
83352,703,44955,Approve
60911,614,89299,Reject
62784,613,67524,Reject
33191,758,131795,Reject
63160,756,62621,Approve
94641,626,104978,Reject
79723,684,111418,Reject
33631,608,88001,Reject
36172,619,89987,Reject
72080,826,101597,Reject
119097,785,20015,Approve
50281,678,24410,Reject
58671,815,38964,Approve
81431,776,90671,Approve
58602,656,134128,Reject
118789,743,148462,Reject
81399,699,93484,Reject
53472,674,137280,Reject
79230,848,90325,Approve
103616,735,126564,Reject
37099,666,28602,Reject
55431,618,146003,Reject
86492,837,27232,Approve
77684,704,129355,Reject
60111,794,77245,Approve
93936,763,135606,Reject
52614,816,67950,Approve
71991,787,90371,Approve
100476,763,111602,Reject
90920,610,48381,Reject
93530,650,121647,Reject
66224,725,137174,Reject
37788,679,96305,Reject
58082,782,76025,Approve
119570,653,102192,Reject
106816,616,73706,Reject
113588,789,20819,Approve
46531,769,139980,Reject
118340,623,55383,Reject
74857,744,98684,Approve
40142,647,91605,Reject
78355,683,25640,Reject
39866,813,79888,Reject
100067,797,122288,Reject
94027,606,106810,Reject
87906,741,82244,Approve
58138,610,93237,Reject
59956,611,139879,Reject
106295,709,104901,Reject
35439,732,144770,Reject
77241,732,88575,Approve
72533,727,74087,Approve
58270,747,51915,Approve
108815,653,63642,Reject
69279,654,135290,Reject
53888,785,133375,Reject
47630,678,76611,Reject
91063,689,130433,Reject
65144,696,142107,Reject
82161,848,144312,Reject
107360,726,66889,Approve
80979,629,130958,Reject
36979,623,61215,Reject
56189,814,142380,Reject
72600,800,22487,Approve
89560,730,119662,Reject
108040,721,81045,Approve
91558,699,112594,Reject
116205,775,135377,Reject
36910,670,113644,Reject
87713,749,94035,Approve
76857,613,91667,Reject
64964,647,79040,Reject
115667,628,121470,Reject
55227,649,110520,Reject
35978,807,81295,Reject
117527,839,20825,Approve
47153,825,21191,Reject
89765,737,63094,Approve
69071,798,83490,Approve
99519,816,100243,Reject
39503,626,74799,Reject
90703,678,59553,Reject
94379,695,145974,Reject
87866,755,114305,Reject
46905,736,26813,Reject
75838,670,46350,Reject
88279,847,107561,Reject
119489,679,48992,Reject
56806,753,102453,Reject
75000,826,129363,Reject
52168,680,108430,Reject
100119,686,53975,Reject
68714,607,44992,Reject
84093,601,63736,Reject
85419,822,21237,Approve
79145,784,24943,Approve
107425,779,73917,Approve
107811,785,112055,Reject
32461,722,112292,Reject
44291,720,128596,Reject
76804,695,41220,Reject
106971,692,67798,Reject
94946,602,48694,Reject
114080,735,133769,Reject
91332,786,48250,Approve
107794,601,99478,Reject
60841,822,53227,Approve
78758,789,127145,Reject
106272,714,98305,Approve
67643,648,102039,Reject
80408,700,73920,Reject
73950,747,30447,Approve
86849,628,140668,Reject
58044,744,94045,Approve
45997,673,42865,Reject
109751,704,75450,Approve
53911,749,36134,Approve
85533,605,143747,Reject
112566,661,72378,Reject
44571,834,36201,Reject
87941,825,126889,Reject
88005,630,38936,Reject
116250,789,98794,Approve
88712,718,81752,Approve
73541,611,85309,Reject
53387,611,41762,Reject
78908,790,23228,Approve
115457,743,79405,Approve
43057,624,134764,Reject
94028,749,88946,Approve
85731,690,20408,Reject
54858,687,138780,Reject
78689,675,67497,Reject
74638,844,71419,Approve
76486,617,78087,Reject
50567,644,139216,Reject
59739,710,145733,Reject
87804,679,140262,Reject
33754,667,25773,Reject
57044,739,72986,Approve
97260,776,122301,Reject
96912,760,79175,Approve
38706,813,125611,Reject
38894,790,94715,Reject
48037,617,25617,Reject
113986,653,88237,Reject
111942,711,138400,Reject
81612,696,23907,Reject
59725,626,145744,Reject
35926,833,33841,Reject
39496,810,110866,Reject
86447,839,69827,Approve
59806,677,74079,Reject
118199,752,98943,Approve
71321,761,81467,Approve
95095,687,68091,Reject
52656,829,74501,Approve
85147,787,81855,Approve
79666,653,117735,Reject
112368,686,140856,Reject
68787,604,111822,Reject
92946,835,39859,Approve
51727,722,92352,Approve
98056,763,69693,Approve
33081,653,36548,Reject
64196,815,112367,Reject
66735,763,141780,Reject
110102,796,102904,Reject
109578,638,104581,Reject
55498,797,139156,Reject
106865,708,53385,Approve
61656,827,97641,Approve
97695,836,44644,Approve
67900,731,25639,Approve
114899,673,115866,Reject
77701,843,97152,Approve
49033,664,40580,Reject
40805,812,118304,Reject
65851,767,46974,Approve
56832,830,144934,Reject
93437,636,65373,Reject
43944,666,133262,Reject
49873,710,116086,Reject
70372,758,67612,Approve
119464,818,44761,Approve
45379,808,147703,Reject
66751,724,30701,Approve
119822,686,40822,Reject
35110,804,34970,Reject
84341,646,106728,Reject
42087,754,55847,Reject
53762,778,43103,Approve
112617,747,77479,Approve
39596,837,140706,Reject
48313,844,135070,Reject
96549,612,114393,Reject
53705,790,129182,Reject
97364,643,102847,Reject
103445,751,80787,Approve
108645,724,106979,Reject
32023,718,36944,Reject
89796,832,119493,Reject
110073,730,135585,Reject
94429,725,34974,Approve
91627,834,66984,Approve
63848,737,66893,Approve
67804,792,120672,Reject
45379,648,148688,Reject
89664,723,46314,Approve
57766,785,49852,Approve
98099,804,24953,Approve
66060,677,109818,Reject
99122,824,96773,Approve
46087,729,122684,Reject
78868,793,48448,Approve
53225,702,51771,Approve
36643,704,71550,Reject
66727,719,75378,Approve
41005,630,74895,Reject
95697,667,131257,Reject
46029,825,78737,Reject
44226,810,88124,Reject
93646,849,80810,Approve
90603,636,144904,Reject
58731,800,100351,Reject
98926,623,91892,Reject
35997,804,40069,Reject
85506,643,127425,Reject
108229,821,34695,Approve
79815,682,73461,Reject
72092,640,40783,Reject
92539,801,137914,Reject
96077,778,21403,Approve
51817,641,126695,Reject
67861,707,48327,Approve
43428,805,87821,Reject
73934,639,28862,Reject
40258,647,87264,Reject
87775,712,31430,Approve
111580,683,54017,Reject
35469,603,53646,Reject
58854,829,48922,Approve
36256,707,31543,Reject
106256,659,137211,Reject
63937,713,69649,Approve
31651,766,112099,Reject
80288,604,45553,Reject
114730,705,68860,Approve
55051,823,126006,Reject
57386,605,80388,Reject
105054,613,80092,Reject
46184,797,93114,Reject
63787,725,41263,Approve
51621,805,96204,Approve
105564,739,102458,Reject
107984,661,32232,Reject
89792,626,29092,Reject
75253,653,54234,Reject
64051,689,129511,Reject
79811,611,147185,Reject
60447,735,60482,Approve
113930,673,38117,Reject
60254,743,53258,Approve
114045,779,116726,Reject
87418,625,136397,Reject
44472,735,79097,Reject
33471,832,108631,Reject
38329,644,38302,Reject
64865,820,95762,Approve
76850,683,60934,Reject
84220,808,96439,Approve
36397,746,107945,Reject
65525,744,62446,Approve
83072,702,100421,Reject
113820,723,91635,Approve
114530,792,46076,Approve
53284,722,69349,Approve
91330,715,128463,Reject
113369,756,147496,Reject
55122,613,66578,Reject
100553,616,29726,Reject
111906,612,70865,Reject
92812,692,95076,Reject
37999,825,139471,Reject
52436,818,28102,Approve
72963,662,32754,Reject
32096,837,56612,Reject
55279,632,53363,Reject
56201,628,93866,Reject
49715,636,135702,Reject
59309,702,85777,Approve
45078,810,38747,Reject
86614,773,67770,Approve
35105,623,69884,Reject
32839,741,85670,Reject
98920,838,113371,Reject
73619,828,105681,Reject
72821,732,55394,Approve
43493,724,80484,Reject
47069,652,145366,Reject
37531,687,63084,Reject
67051,697,116655,Reject
37736,713,51093,Reject
37710,694,27179,Reject
97155,757,54278,Approve
43975,787,144698,Reject
92424,719,65813,Approve
75603,672,104716,Reject
53252,818,92443,Approve
110797,755,122816,Reject
31431,705,122606,Reject
104603,625,83828,Reject
67481,617,136331,Reject
39557,763,129264,Reject
104971,735,89942,Approve
30162,745,115539,Reject
64742,811,39748,Approve
49675,657,108688,Reject
103997,759,95127,Approve
47015,692,29742,Reject
80057,648,23411,Reject
62591,775,102002,Reject
39833,809,58464,Reject
37896,670,132067,Reject
62972,664,49698,Reject
79733,819,144359,Reject
71800,632,129416,Reject
35347,649,96011,Reject
89063,603,51108,Reject
32643,718,104360,Reject
70785,683,91296,Reject
48681,716,103702,Reject
80026,843,149770,Reject
45892,763,67133,Reject
77299,848,66662,Approve
47073,822,82421,Reject
60682,701,117427,Reject
44289,755,45180,Reject
37927,730,59194,Reject
78330,605,101624,Reject
96707,772,32525,Approve
107454,622,60674,Reject
95428,734,28922,Approve
80601,719,82782,Approve
107465,660,99818,Reject
32539,699,136048,Reject
52669,664,54846,Reject
100968,733,102897,Reject
50644,623,115122,Reject
48745,636,126097,Reject
58228,644,87173,Reject
64521,778,33916,Approve
56928,699,50926,Reject
48322,815,62941,Reject
87714,701,80294,Approve
117896,772,39684,Approve
92292,662,122308,Reject
59055,628,36966,Reject
72891,700,134005,Reject
111912,708,110571,Reject
36588,695,77479,Reject
36304,752,95704,Reject
37345,609,78321,Reject
59300,634,94011,Reject
54259,654,113009,Reject
118553,752,55166,Approve
45352,818,73264,Reject
63365,772,119542,Reject
49446,695,23466,Reject
32336,722,41902,Reject
92032,611,79805,Reject
105415,603,25363,Reject
37521,705,121470,Reject
101707,689,146584,Reject
53481,666,79397,Reject
48474,744,119083,Reject
76760,800,22134,Approve
85718,820,136924,Reject
74629,664,85126,Reject
75232,681,70791,Reject
116544,704,61379,Approve
97169,780,111938,Reject
80669,683,113250,Reject
108021,784,105609,Reject
99184,704,100119,Reject
77945,825,57723,Approve
43140,714,61166,Reject
113457,627,109292,Reject
44357,839,105310,Reject
98673,826,109170,Reject
95633,615,116679,Reject
106943,620,27249,Reject
108258,676,130366,Reject
42924,826,116804,Reject
99286,641,23796,Reject
104071,653,38918,Reject
87326,631,38564,Reject
60651,713,116248,Reject
100202,637,114322,Reject
78777,797,149400,Reject
46994,713,100848,Reject
97263,829,138994,Reject
89634,765,138915,Reject
40800,781,111509,Reject
67823,787,147129,Reject
93878,804,98743,Approve
48708,709,86982,Reject
42819,844,86487,Reject
104905,702,73173,Approve
93870,676,149829,Reject
39283,774,140173,Reject
60573,739,87253,Approve
108707,652,73394,Reject
60933,760,138493,Reject
35774,755,124217,Reject
102055,720,31390,Approve
40983,602,76627,Reject
48133,809,106730,Reject
44939,753,101013,Reject
30781,653,103516,Reject
86700,639,50950,Reject
57624,793,92130,Approve
36823,667,82963,Reject
48489,713,64693,Reject
69961,819,39600,Approve
59118,819,94634,Approve
111816,816,83086,Approve
52263,817,97478,Approve
43565,836,34012,Reject
50354,774,50702,Approve
72951,729,130554,Reject
53648,641,68176,Reject
80729,761,30346,Approve
71971,693,34428,Reject
48658,748,25755,Reject
51253,835,131420,Reject
94166,700,26283,Reject
78563,771,69036,Approve
56390,814,21337,Approve
118664,824,146986,Reject
81578,723,128991,Reject
109025,601,137662,Reject
62658,690,79786,Reject
36852,839,82968,Reject
32551,658,40857,Reject
101947,813,110472,Reject
91001,697,125130,Reject
79159,615,47640,Reject
81707,747,58435,Approve
63243,753,131233,Reject
51800,615,36214,Reject
105939,797,61532,Approve
87828,836,46531,Approve
37239,707,93549,Reject
36710,622,55812,Reject
51384,641,78928,Reject
51038,636,90554,Reject
70846,671,83883,Reject
117983,733,104153,Reject
97821,764,113404,Reject
67991,715,140325,Reject
109057,749,125771,Reject
36971,605,72398,Reject
59139,845,62774,Approve
115445,631,51090,Reject
107067,744,56809,Approve
110257,637,87425,Reject
114742,744,44060,Approve
67711,636,30091,Reject
36530,750,66283,Reject
41116,776,39039,Reject
95794,788,63289,Approve
30282,776,23718,Reject
109473,660,41919,Reject
31898,676,62016,Reject
34135,759,136817,Reject
36629,726,95234,Reject
115120,685,132787,Reject
119087,790,54398,Approve
95031,606,41444,Reject
63380,749,102911,Reject
47071,684,68051,Reject
50074,605,122894,Reject
97843,788,144073,Reject
69901,741,26866,Approve
41205,743,114080,Reject
85661,602,143582,Reject
35906,736,127526,Reject
32591,646,148379,Reject
92987,684,90457,Reject
93370,841,142709,Reject
110685,693,137169,Reject
84400,821,66113,Approve
55150,769,61522,Approve
61852,769,85143,Approve
72870,823,52759,Approve
82756,622,42665,Reject
86481,602,110478,Reject
31283,728,91785,Reject
63691,666,86329,Reject
31125,848,47679,Reject
97065,828,73883,Approve
56170,670,99529,Reject
38438,730,119290,Reject
50095,827,111069,Reject
46154,776,89131,Reject
38004,666,68295,Reject
39752,654,70006,Reject
85426,731,67181,Approve
56819,630,70721,Reject
54217,665,22256,Reject
118708,805,32101,Approve
62994,700,66490,Reject
45036,663,73255,Reject
107275,630,114944,Reject
79416,716,116482,Reject
39587,790,128718,Reject
30645,665,56944,Reject
60930,758,93497,Approve
111835,646,35416,Reject
60090,834,58022,Approve
117489,621,28429,Reject
82142,801,33783,Approve
56475,843,80632,Approve
48888,693,44290,Reject
73732,824,82489,Approve
111623,682,147162,Reject
76305,645,75153,Reject
76037,688,131221,Reject
39346,785,54500,Reject
30587,718,133779,Reject
42763,788,64021,Reject
89165,845,119118,Reject
99615,645,114821,Reject
66116,600,125339,Reject
115751,695,86722,Reject
55556,752,76733,Approve
89042,660,104145,Reject
48099,704,29176,Reject
75096,680,141111,Reject
101986,613,110909,Reject
43230,644,117491,Reject
59009,676,41557,Reject
100969,829,114274,Reject
63866,766,110655,Reject
114246,665,75034,Reject
106975,631,102439,Reject
71855,695,30738,Reject
111557,657,25041,Reject
36416,703,70606,Reject
102516,655,108790,Reject
85915,733,76365,Approve
48058,816,60527,Reject
106637,666,29250,Reject
70718,809,112348,Reject
62602,777,45688,Approve
104658,717,39790,Approve
108112,846,20946,Approve
88067,637,56798,Reject
57516,834,93863,Approve
117969,730,145473,Reject
31089,711,135480,Reject
67346,732,21136,Approve
104663,751,51915,Approve
40487,653,111474,Reject
30155,633,86090,Reject
97494,838,43421,Approve
106229,839,98769,Approve
68547,638,79916,Reject
58795,711,50893,Approve
85296,687,84124,Reject
51447,827,56171,Approve
66598,819,38638,Approve
71814,647,136054,Reject
105330,648,86484,Reject
117960,633,118238,Reject
93278,807,61063,Approve
85077,699,44193,Reject
101906,734,92743,Approve
39528,617,29238,Reject
80100,669,27419,Reject
38179,713,40410,Reject
78781,819,25956,Approve
85267,830,100161,Reject
112379,633,43753,Reject
53952,650,92858,Reject
83798,704,88150,Approve
80939,692,133769,Reject
59516,795,129827,Reject
86526,741,45539,Approve
40449,668,88807,Reject
80290,688,29029,Reject
116661,702,76536,Approve
102954,735,145338,Reject
52746,742,91214,Approve
97990,682,135569,Reject
88810,786,105108,Reject
113297,610,67989,Reject
45223,747,114631,Reject
102237,782,101107,Reject
32597,635,63162,Reject
95677,681,39718,Reject
32659,741,101402,Reject
116516,785,22198,Approve
104567,637,143091,Reject
45037,688,29407,Reject
76738,807,94608,Approve
101678,809,102674,Reject
42109,600,25217,Reject
52010,703,116796,Reject
38787,664,127196,Reject
38472,600,95947,Reject
53383,842,53138,Approve
91709,812,54500,Approve
99785,724,133818,Reject
64518,659,25259,Reject
83909,624,115120,Reject
48351,690,99652,Reject
99624,737,69953,Approve
83330,649,42783,Reject
45282,739,61949,Reject
114866,691,41155,Reject
51778,840,52389,Approve
54264,631,76159,Reject
89675,632,53183,Reject
35075,799,51048,Reject
105948,833,52121,Approve
78454,625,47541,Reject
58365,641,56105,Reject
102766,777,146492,Reject
78200,660,41642,Reject
41002,640,126331,Reject
43947,784,57825,Reject
109222,729,125271,Reject
108610,698,119924,Reject
82142,697,78879,Reject
86307,797,48920,Approve
34493,630,75134,Reject
80085,750,60761,Approve
64228,803,71944,Approve
109676,781,51027,Approve
81875,714,143452,Reject
61655,755,116016,Reject
73472,806,92922,Approve
79437,746,123197,Reject
79416,803,41480,Approve
89711,841,57624,Approve
36816,647,89191,Reject
107175,601,110404,Reject
94307,738,69028,Approve
76733,771,116665,Reject
41240,700,73445,Reject
101363,786,101999,Reject
62762,727,115616,Reject
38259,658,65192,Reject
80139,719,89844,Approve
44849,637,38246,Reject
111768,752,53386,Approve
119709,706,70111,Approve
84869,620,97006,Reject
93095,641,138423,Reject
100910,763,68260,Approve
116710,736,60882,Approve
53567,739,79557,Approve
65292,609,80918,Reject
104813,786,32188,Approve
81631,837,30669,Approve
39885,732,31443,Reject
89659,632,136856,Reject
84306,668,39629,Reject
96314,679,46954,Reject
95087,790,27235,Approve
59165,700,95450,Reject
88929,828,70313,Approve
97028,628,62849,Reject
79812,745,71192,Approve
80500,820,114083,Reject
109151,733,133971,Reject
88643,652,31593,Reject
74900,809,60928,Approve
72946,759,47885,Approve
37851,723,74801,Reject
46288,641,29291,Reject
102692,646,64978,Reject
97580,758,76470,Approve
37368,789,84107,Reject
115436,783,144568,Reject
76403,845,142171,Reject
39168,610,89668,Reject
116497,753,117219,Reject
79879,819,20844,Approve
89871,754,74929,Approve
119388,682,51869,Reject
62174,784,117052,Reject
36581,708,54411,Reject
101853,626,79677,Reject
94046,786,54031,Approve
79678,661,55702,Reject
56649,747,146565,Reject
118668,730,149243,Reject
112325,743,42523,Approve
44567,702,125478,Reject
110404,643,118519,Reject
119906,692,24776,Reject
91944,806,81001,Approve
108002,629,38724,Reject
58803,767,76858,Approve
48230,718,34100,Reject
47862,840,62467,Reject
73355,792,71242,Approve
61259,628,80722,Reject
117445,844,119420,Reject
60795,629,126054,Reject
38770,703,131884,Reject
41093,709,99468,Reject
76571,631,129236,Reject
30193,737,41718,Reject
47569,818,66014,Reject
41190,650,136849,Reject
92824,735,39640,Approve
72752,778,80312,Approve
62327,635,127644,Reject
72070,833,39560,Approve
115925,654,26380,Reject
70197,762,67756,Approve
32261,635,148804,Reject
56512,839,114365,Reject
36716,655,134137,Reject
116795,635,49579,Reject
58933,688,115736,Reject
34378,811,149984,Reject
70583,788,105265,Reject
115371,661,48537,Reject
59033,843,141684,Reject
54000,708,127636,Reject
105868,844,137621,Reject
72604,808,109661,Reject
98336,686,25655,Reject
103869,752,79451,Approve
35410,839,87984,Reject
113375,663,99721,Reject
86044,787,37211,Approve
93315,656,42280,Reject
101344,712,53971,Approve
36796,822,146183,Reject
116716,669,124923,Reject
84245,826,26798,Approve
73056,779,37228,Approve
47709,783,55739,Reject
88557,790,119572,Reject
47543,795,68720,Reject
67418,831,114845,Reject
46724,619,90280,Reject
33828,832,60503,Reject
47087,653,34548,Reject
42605,600,128125,Reject
61337,836,89066,Approve
35482,689,57853,Reject
95333,825,94531,Approve
118296,846,44703,Approve
80952,737,45527,Approve
35463,750,120568,Reject
100448,778,116966,Reject
34648,712,85555,Reject
63623,751,80982,Approve
89156,612,70933,Reject
65634,756,81178,Approve
74602,785,80475,Approve
79334,709,65730,Approve
98648,690,43241,Reject
52054,694,139522,Reject
100028,642,92832,Reject
52207,737,101869,Reject
110650,758,61516,Approve
111554,830,38628,Approve
51386,673,39367,Reject
113276,815,31755,Approve
89518,824,121029,Reject
82781,613,73751,Reject
82780,698,107286,Reject
91440,708,33025,Approve
74199,761,24887,Approve
91035,744,80675,Approve
38210,748,99194,Reject
74363,695,69348,Reject
108279,794,90762,Approve
90348,657,121132,Reject
85284,806,131335,Reject
102124,735,89524,Approve
98847,695,74884,Reject
52432,637,41663,Reject
94089,753,104389,Reject
85398,663,38014,Reject
33321,757,34239,Reject
111348,608,56046,Reject
67383,720,38422,Approve
108682,631,41816,Reject
109190,610,47055,Reject
82893,813,74173,Approve
65820,761,139018,Reject
96262,704,26470,Approve
33760,745,108997,Reject
52190,746,65534,Approve
97411,781,145355,Reject
53377,681,90297,Reject
76737,636,41603,Reject
99569,681,146189,Reject
68211,611,80522,Reject
112909,603,76153,Reject
33744,838,119691,Reject
54995,642,135329,Reject
46977,754,133450,Reject
64542,650,41996,Reject
40651,604,59978,Reject
108931,733,118878,Reject
46715,804,146024,Reject
74409,686,95449,Reject
54306,705,61978,Approve
49086,655,60564,Reject
44376,816,49999,Reject
91350,709,51748,Approve
101425,667,81402,Reject
66636,843,52331,Approve
116120,846,149826,Reject
81649,695,64380,Reject
64610,643,77743,Reject
40058,742,73842,Reject
104637,689,119760,Reject
108033,641,119899,Reject
100194,738,84618,Approve
106917,672,110228,Reject
94200,610,27986,Reject
76619,793,143262,Reject
47154,836,98682,Reject
49539,754,136817,Reject
90058,845,62810,Approve
92068,657,119135,Reject
107313,817,106888,Reject
60373,799,80044,Approve
63154,727,96509,Approve
36031,620,72633,Reject
101975,620,38501,Reject
52785,671,40866,Reject
108928,728,38390,Approve
58669,701,129067,Reject
32282,785,61256,Reject
64624,612,59528,Reject
78438,672,127214,Reject
119900,819,47712,Approve
97534,605,25694,Reject
61705,838,149201,Reject
68244,814,75214,Approve
104964,711,104999,Reject
67437,827,41662,Approve
107872,785,20010,Approve
104878,616,57648,Reject
102982,672,135098,Reject
80583,611,47515,Reject
68392,685,96382,Reject
37461,842,67258,Reject
40516,779,131821,Reject
109285,721,80530,Approve
47514,803,48026,Reject
66268,845,36982,Approve
66788,669,37207,Reject
105749,707,77028,Approve
91049,800,128893,Reject
92493,651,57985,Reject
66027,636,59854,Reject
72849,716,97842,Approve
47858,602,85848,Reject
114162,825,129470,Reject
109003,607,92207,Reject
82395,737,43084,Approve
69758,646,130234,Reject
84312,768,55260,Approve
98670,663,62905,Reject
112279,641,36614,Reject
45434,642,72892,Reject
94047,724,30864,Approve
77775,736,68114,Approve
105769,613,35224,Reject
96677,828,67462,Approve
113555,690,129950,Reject
115920,832,130079,Reject
75734,823,20043,Approve
118503,731,60300,Approve
70603,601,44476,Reject
106708,714,47500,Approve
111926,824,113805,Reject
98803,812,76430,Approve
69332,600,145150,Reject
51312,835,39841,Approve
114526,674,80293,Reject
74179,664,58152,Reject
101442,773,145198,Reject
70379,786,116467,Reject
47297,802,25615,Reject
32011,724,113497,Reject
74014,734,118049,Reject
41738,665,107426,Reject
77498,742,46870,Approve
41120,671,121299,Reject
38767,845,72790,Reject
52852,715,65876,Approve
109239,720,142205,Reject
30929,646,132711,Reject
107487,689,64327,Reject
47438,639,137972,Reject
78515,641,63302,Reject
35744,778,110282,Reject
113820,634,122645,Reject
72417,843,49836,Approve
37069,837,29831,Reject
72359,832,53384,Approve
49799,640,118543,Reject
100188,684,124356,Reject
119859,723,59222,Approve
37597,656,148415,Reject
77093,637,114605,Reject
67226,799,62816,Approve
102127,834,61882,Approve
107362,695,74039,Reject
56417,735,83346,Approve
48693,835,71056,Reject
109674,801,140853,Reject
83161,662,146029,Reject
32169,686,37196,Reject
114092,731,24999,Approve
52052,775,44026,Approve
101849,651,21730,Reject
103851,637,78175,Reject
38036,821,88960,Reject
61778,832,82834,Approve
57734,686,58830,Reject
53173,604,115252,Reject
60403,812,116762,Reject
96321,719,87743,Approve
101675,669,98567,Reject
36344,712,48008,Reject
48800,808,115020,Reject
55372,816,132171,Reject
91516,623,88904,Reject
50538,685,107391,Reject
93918,804,87763,Approve
44973,744,142327,Reject
101155,805,68522,Approve
89500,825,85124,Approve
66575,817,50322,Approve
72261,810,128756,Reject
57716,625,32817,Reject
33236,602,66474,Reject
45848,601,67130,Reject
32352,691,33226,Reject
31932,601,129413,Reject
106449,749,130016,Reject
38556,670,51157,Reject
116836,603,106300,Reject
35498,840,145588,Reject
106118,637,103740,Reject
80098,702,143528,Reject
94386,811,20188,Approve
39569,669,115933,Reject
86882,800,29414,Approve
100393,651,123525,Reject
30340,630,126974,Reject
73949,753,26746,Approve
112302,635,34331,Reject
92443,753,96790,Approve
104027,755,95753,Approve
30138,732,101119,Reject
30358,714,57380,Reject
105250,673,136576,Reject
115376,617,54318,Reject
60654,614,35800,Reject
55879,784,115748,Reject
111532,696,141747,Reject
85778,604,132869,Reject
67772,636,47492,Reject
88478,703,118128,Reject
94353,685,25233,Reject
56762,813,42019,Approve
43283,749,31447,Reject
93922,779,99572,Approve
69420,614,30998,Reject
85568,616,52801,Reject
115090,650,44871,Reject
50219,644,47076,Reject
87169,790,130275,Reject
104965,721,113688,Reject
76840,755,21429,Approve
74695,786,139934,Reject
114754,813,30381,Approve
107988,748,21987,Approve
88342,769,114855,Reject
48951,808,108191,Reject
31307,796,39266,Reject
110388,681,79053,Reject
65428,744,133564,Reject
105774,795,129273,Reject
68975,845,97425,Approve
31140,734,134550,Reject
54842,688,68477,Reject
56421,700,21547,Reject
31708,639,69614,Reject
33630,767,129811,Reject
49595,642,75859,Reject
106021,672,74457,Reject
58308,810,146184,Reject
74789,778,118817,Reject
85690,800,130592,Reject
56086,622,99086,Reject
46859,694,25174,Reject
37684,759,121870,Reject
31207,843,40187,Reject
76099,758,81031,Approve
97496,616,23938,Reject
96093,711,80833,Approve
59689,702,21471,Approve
78651,657,77155,Reject
43893,685,36721,Reject
96418,634,92587,Reject
90011,629,84305,Reject
68635,791,27444,Approve
86115,780,113193,Reject
108405,778,121716,Reject
102702,703,115335,Reject
108518,764,87928,Approve
102805,817,35729,Approve
88954,721,53744,Approve
58064,733,74130,Approve
109063,633,128741,Reject
32454,655,115245,Reject
50878,823,56836,Approve
81098,624,95431,Reject
92154,714,37255,Approve
42991,612,88945,Reject
98344,662,137277,Reject
66593,829,32744,Approve
66304,701,87085,Approve
60386,793,100621,Reject
85220,721,64467,Approve
99338,719,40845,Approve
51083,732,100272,Reject
48354,802,55389,Reject
52190,610,22529,Reject
36142,815,63117,Reject
58398,805,76314,Approve
81971,708,133045,Reject
71862,821,46932,Approve
83410,703,28351,Approve
49503,710,147819,Reject
78456,771,128598,Reject
112035,826,96536,Approve
38016,812,62959,Reject
32384,846,124703,Reject
92320,668,120885,Reject
45072,701,42949,Reject
110018,601,47569,Reject
70510,767,132230,Reject
78933,636,141793,Reject
51826,717,76108,Approve
98026,648,39318,Reject
55518,849,38695,Approve
54045,825,137483,Reject
80876,674,100704,Reject
81919,763,57096,Approve
57103,674,125127,Reject
66188,800,106248,Reject
35845,797,138276,Reject
116698,847,105036,Reject
66674,633,139341,Reject
49337,657,23747,Reject
52313,710,84400,Approve
56943,764,108744,Reject
107949,695,144829,Reject
30276,659,119763,Reject
81151,739,24430,Approve
47611,836,104371,Reject
41944,631,125635,Reject
82887,808,48927,Approve
111442,731,148065,Reject
79847,705,80411,Approve
88653,632,138778,Reject
116072,642,129484,Reject
86622,711,28963,Approve
57810,706,106961,Reject
107842,608,103031,Reject
40503,825,64271,Reject
114761,830,98134,Approve
66976,778,29786,Approve
41590,821,96457,Reject
40886,713,62241,Reject
42866,724,115789,Reject
96624,619,105505,Reject
98899,766,109521,Reject
62792,750,67232,Approve
39764,640,31020,Reject
116156,643,55141,Reject
72727,724,49461,Approve
108471,634,34352,Reject
38068,750,75994,Reject
37295,845,35344,Reject
71160,657,126837,Reject
41390,647,74250,Reject
50131,830,98661,Approve
105969,814,123027,Reject
45038,657,39202,Reject
82327,700,137613,Reject
107064,656,62232,Reject
51281,814,86245,Approve
84189,766,26992,Approve
78511,755,119042,Reject
38605,663,149200,Reject
31381,661,46354,Reject
96634,682,98769,Reject
49810,712,132996,Reject
54322,711,24590,Approve
71869,661,114242,Reject
62955,693,33718,Reject
91388,812,108007,Reject
40207,815,122022,Reject
117329,684,33105,Reject
97628,625,126505,Reject
58220,778,25081,Approve
114050,720,134358,Reject
104085,649,128233,Reject
52031,714,137266,Reject
100721,635,136246,Reject
110807,753,112254,Reject
101312,632,79967,Reject
89766,722,40384,Approve
42449,699,90081,Reject
119833,667,25339,Reject
86699,672,35353,Reject
111253,735,79487,Approve
76092,793,143744,Reject
93671,820,46376,Approve
40350,622,113564,Reject
98487,669,104636,Reject
47622,654,24302,Reject
100263,770,21809,Approve
83117,827,147825,Reject
88394,709,114453,Reject
53782,748,25830,Approve
58454,749,38381,Approve
97904,608,134460,Reject
45592,761,68637,Reject
52173,786,137619,Reject
63204,848,87666,Approve
65596,753,24412,Approve
64324,728,96420,Approve
91202,827,80520,Approve
119400,707,75665,Approve
60750,732,121100,Reject
106112,768,109668,Reject
46566,790,66775,Reject
37190,749,67733,Reject
118607,667,42707,Reject
68333,775,50478,Approve
110905,665,26745,Reject
119571,743,131191,Reject
31589,807,57970,Reject
55235,652,119859,Reject
30159,727,31882,Reject
42145,847,147816,Reject
110909,847,97300,Approve
61921,813,110101,Reject
46237,834,89979,Reject
38244,664,33583,Reject
44743,806,61290,Reject
76101,663,73857,Reject
114227,815,95672,Approve
86378,667,106759,Reject
101126,790,40342,Approve
86071,661,73816,Reject
101121,809,95412,Approve
104763,680,145316,Reject
42237,670,78314,Reject
45649,713,20746,Reject
67713,772,120488,Reject
103463,651,44330,Reject
75409,715,99588,Approve
78766,724,62344,Approve
76154,801,118112,Reject
37016,726,48606,Reject
109563,664,116537,Reject
78688,729,74473,Approve
119678,776,29210,Approve
84238,621,100615,Reject
88608,823,47154,Approve
119081,756,48687,Approve
61897,762,92684,Approve
80961,808,98391,Approve
98703,675,114052,Reject
74757,751,35473,Approve
56917,693,71176,Reject
52736,835,84579,Approve
57990,757,50285,Approve
92551,811,108093,Reject
88161,769,62502,Approve
109623,670,34219,Reject
52440,705,71863,Approve
65205,649,64006,Reject
110811,845,76170,Approve
85103,701,132661,Reject
100812,798,78798,Approve
71627,787,59965,Approve
49008,712,145883,Reject
101274,629,54470,Reject
62402,611,84147,Reject
83384,776,123833,Reject
35793,822,59984,Reject
35571,681,65380,Reject
46209,645,125959,Reject
73148,770,123721,Reject
32224,729,134437,Reject
78695,844,91860,Approve
62441,696,105793,Reject
69129,802,93849,Approve
92368,825,67227,Approve
74760,679,111588,Reject
53478,653,134953,Reject
101854,634,44603,Reject
115716,651,107298,Reject
42180,760,38508,Reject
45372,812,102351,Reject
59796,683,24974,Reject
88272,671,40161,Reject
119963,778,141725,Reject
84040,625,49730,Reject
105357,824,98259,Approve
101368,789,101009,Reject
108356,660,21085,Reject
46211,753,108115,Reject
35842,636,108179,Reject
93115,757,112206,Reject
96852,694,38869,Reject
75968,824,35771,Approve
47508,610,61060,Reject
52005,780,140086,Reject
84575,640,95882,Reject
110742,732,41462,Approve
48971,665,125506,Reject
55599,740,39432,Approve
117592,790,141190,Reject
96914,809,33174,Approve
97055,817,102719,Reject
117697,752,49697,Approve
35355,771,72974,Reject
84120,741,25611,Approve
104619,668,132495,Reject
68342,658,42393,Reject
115992,783,111407,Reject
108860,833,25263,Approve
32257,779,126930,Reject
57364,665,41954,Reject
54972,667,149627,Reject
56654,611,31996,Reject
110769,802,30805,Approve
111423,667,94643,Reject
59320,770,96003,Approve
50808,672,41024,Reject
82389,801,140021,Reject
64773,818,61607,Approve
81168,605,104215,Reject
57747,614,97806,Reject
106396,641,103351,Reject
113692,630,107092,Reject
87505,813,99423,Approve
115896,780,120665,Reject
48135,605,109461,Reject
77377,632,32324,Reject
53554,756,20723,Approve
92491,620,119851,Reject
85621,723,78323,Approve
88283,781,93811,Approve
115140,783,149923,Reject
46923,843,33405,Reject
77591,693,146366,Reject
92261,748,21365,Approve
84336,699,147694,Reject
104083,654,77893,Reject
90948,785,146372,Reject
63002,663,66427,Reject
110098,685,47338,Reject
103016,773,89389,Approve
56672,811,24682,Approve
34213,621,129695,Reject
40293,843,91496,Reject
85860,659,44727,Reject
92507,703,44073,Approve
87134,738,107077,Reject
32100,646,39882,Reject
91997,758,68232,Approve
58172,842,79556,Approve
50132,831,72137,Approve
48199,676,65054,Reject
66609,617,87103,Reject
72965,621,44787,Reject
38016,783,108589,Reject
69779,744,82181,Approve
61881,637,46755,Reject
112594,624,113335,Reject
54472,631,56959,Reject
81813,742,95254,Approve
66021,612,109076,Reject
84131,785,110633,Reject
54087,817,108437,Reject
42828,777,114058,Reject
91610,610,57903,Reject
31401,612,79046,Reject
115179,696,59519,Reject
45193,777,126513,Reject
74864,700,31672,Reject
50307,637,27174,Reject
49611,600,38103,Reject
73791,638,28061,Reject
41950,626,146196,Reject
106240,635,105934,Reject
107403,759,118162,Reject
32745,768,33265,Reject
85243,742,119182,Reject
33866,630,127089,Reject
62245,726,131234,Reject
74724,605,59040,Reject
101354,688,115008,Reject
81374,840,131046,Reject
60116,779,37993,Approve
111029,809,78219,Approve
50447,749,92250,Approve
60431,630,115303,Reject
47908,699,57877,Reject
59336,672,146111,Reject
70992,645,148086,Reject
85350,794,104368,Reject
99561,696,98285,Reject
81955,818,101424,Reject
91240,770,120440,Reject
50093,600,36020,Reject
36155,771,125270,Reject
76607,656,54821,Reject
63487,608,93299,Reject
85668,604,66000,Reject
50963,678,52851,Reject
80124,713,36025,Approve
82870,608,111551,Reject
86547,772,35431,Approve
94110,819,104588,Reject
83554,804,123535,Reject
50936,623,63179,Reject
34426,836,61658,Reject
118839,801,136508,Reject
57606,769,50992,Approve
77832,749,65585,Approve
58151,702,85191,Approve
109303,659,139102,Reject
41308,685,76401,Reject
92522,764,62058,Approve
75671,715,92108,Approve
32204,766,76779,Reject
117265,683,55662,Reject
61131,801,56185,Approve
82428,801,102168,Reject
63870,689,27810,Reject
79067,688,98210,Reject
88585,780,128453,Reject
51607,719,71042,Approve
54968,755,93416,Approve
41908,804,98186,Reject
56423,742,146247,Reject
104707,787,54883,Approve
108257,787,59349,Approve
91215,605,72215,Reject
85835,651,58419,Reject
79429,739,87342,Approve
112152,618,125604,Reject
68458,823,84806,Approve
76169,674,44871,Reject
37659,829,71846,Reject
90614,824,128487,Reject
107240,729,68991,Approve
62793,654,146819,Reject
76473,614,67136,Reject
119388,791,91029,Approve
118330,699,52548,Reject
85751,668,142911,Reject
108915,742,24650,Approve
84254,642,77278,Reject
37006,801,64835,Reject
104218,616,36225,Reject
95344,697,65360,Reject
63840,715,86328,Approve
62430,751,115339,Reject
53091,673,73343,Reject
62983,715,119393,Reject
53989,629,84008,Reject
105451,666,77573,Reject
48990,650,71932,Reject
110360,659,147333,Reject
66081,828,40881,Approve
41033,602,53557,Reject
46241,703,89730,Reject
35939,604,98094,Reject
77562,627,111910,Reject
65063,707,81324,Approve
106721,805,40841,Approve
57045,830,33475,Approve
74769,738,26671,Approve
77118,799,80584,Approve
114703,700,51764,Reject
51625,799,73787,Approve
57076,675,25961,Reject
94805,614,75890,Reject
74605,682,130352,Reject
114565,647,147808,Reject
118509,726,83884,Approve
69121,645,25155,Reject
95101,627,149518,Reject
61433,606,118617,Reject
73309,831,141321,Reject
97468,798,148275,Reject
74254,693,85768,Reject
97293,681,140423,Reject
67853,687,80851,Reject
68405,733,29221,Approve
96652,785,64566,Approve
73527,842,109769,Reject
107227,667,22711,Reject
30492,654,32531,Reject
38811,794,30480,Reject
54272,776,60708,Approve
102010,717,32191,Approve
77153,778,79949,Approve
84110,786,138032,Reject
43979,838,87658,Reject
58328,849,145210,Reject
42867,733,23779,Reject
89234,817,91190,Approve
55851,707,130678,Reject
61279,650,143760,Reject
103402,637,96705,Reject
45449,738,86708,Reject
106221,779,27317,Approve
119080,692,76896,Reject
35451,619,20159,Reject
117178,609,145373,Reject
71316,625,77115,Reject
93064,647,87665,Reject
93761,690,39462,Reject
68870,713,104149,Reject
60873,613,22917,Reject
88627,699,39397,Reject
96155,786,46125,Approve
55372,611,131069,Reject
33642,715,91862,Reject
58001,722,80729,Approve
64064,622,119883,Reject
44122,684,67277,Reject
54820,671,34349,Reject
98431,766,80715,Approve
85745,721,54728,Approve
80081,736,50792,Approve
100902,815,27902,Approve
38711,694,141345,Reject
115132,624,99569,Reject
48793,616,122148,Reject
38199,769,123001,Reject
106253,628,55158,Reject
66191,787,119723,Reject
40211,666,23917,Reject
93069,684,113947,Reject
118896,656,99742,Reject
86746,671,32620,Reject
51542,613,147330,Reject
61312,849,97358,Approve
75242,638,123246,Reject
117893,743,93890,Approve
85388,617,44691,Reject
57691,822,109490,Reject
107960,674,90734,Reject
114388,701,46046,Approve
52601,619,42386,Reject
48020,716,31271,Reject
38155,773,41526,Reject
99119,716,138540,Reject
111051,772,63798,Approve
66777,603,135230,Reject
49710,683,143293,Reject
54532,822,45257,Approve
48601,747,77985,Reject
93227,738,73130,Approve
34967,713,136120,Reject
114289,664,94396,Reject
50022,835,46645,Approve
73463,745,44189,Approve
104671,766,101298,Reject
35722,643,20968,Reject
57413,824,25800,Approve
111050,717,44229,Approve
115867,699,78524,Reject
113596,617,116585,Reject
96732,774,49717,Approve
42297,758,140279,Reject
98323,727,107303,Reject
53816,826,93006,Approve
70695,766,149925,Reject
49702,637,83238,Reject
55242,806,24819,Approve
85841,774,76784,Approve
97712,797,121539,Reject
115663,735,107175,Reject
83574,703,134939,Reject
115744,813,89836,Approve
58482,792,66935,Approve
39171,849,68429,Reject
33696,612,109329,Reject
50058,654,96607,Reject
50313,687,23998,Reject
49149,684,61750,Reject
83521,708,25180,Approve
75740,642,98288,Reject
34956,731,50513,Reject
105731,670,123725,Reject
112612,787,37879,Approve
96641,611,109898,Reject
93811,658,81833,Reject
82160,804,132222,Reject
81313,781,34316,Approve
93232,643,113180,Reject
45417,615,96435,Reject
54729,733,131503,Reject
60099,613,44525,Reject
59961,714,25378,Approve
42602,711,68669,Reject
39256,722,22577,Reject
116120,657,41690,Reject
64681,758,126437,Reject
117440,827,119539,Reject
94789,828,135746,Reject
73361,768,78514,Approve
94503,719,101177,Reject
64540,634,80962,Reject
56536,845,89195,Approve
114700,609,97383,Reject
93043,680,107288,Reject
108532,842,101976,Reject
86575,833,95620,Approve
32871,757,93008,Reject
76002,643,38953,Reject
79812,782,83188,Approve
52626,670,106000,Reject
89979,617,81800,Reject
106057,682,133900,Reject
96668,678,108297,Reject
110070,830,103868,Reject
119390,835,102142,Reject
72998,685,62599,Reject
93814,766,114534,Reject
75607,641,57985,Reject
37812,848,33537,Reject
91844,847,62717,Approve
100093,781,29027,Approve
32179,723,22536,Reject
73798,629,22525,Reject
104601,619,29176,Reject
38275,725,103277,Reject
80574,695,90423,Reject
77857,724,109642,Reject
50700,641,140670,Reject
69464,688,100383,Reject
72351,686,96788,Reject
112534,604,90013,Reject
43869,649,144326,Reject
90315,640,37755,Reject
50954,693,39608,Reject
61555,839,136562,Reject
93353,766,79843,Approve
112190,656,72513,Reject
75026,818,101631,Reject
76976,784,91640,Approve
110578,833,119446,Reject
75095,764,40693,Approve
44270,734,77908,Reject
60908,732,114939,Reject
45523,806,32726,Reject
92433,650,26898,Reject
77068,705,103508,Reject
49991,735,64945,Reject
40775,783,65684,Reject
107801,800,139686,Reject
114995,610,127966,Reject
91250,749,64874,Approve
46673,697,145993,Reject
57056,698,98218,Reject
36614,804,89878,Reject
37415,738,68008,Reject
118691,787,23362,Approve
73884,695,100119,Reject
46964,705,54404,Reject
67726,742,133238,Reject
67044,765,31104,Approve
87149,600,46048,Reject
67544,645,140915,Reject
79976,841,133412,Reject
62252,687,37628,Reject
33832,770,97465,Reject
110437,831,112210,Reject
64148,621,129093,Reject
91240,602,141602,Reject
118454,741,33268,Approve
115076,729,107226,Reject
107116,660,115756,Reject
83459,759,84734,Approve
68402,839,30704,Approve
87727,637,90050,Reject
68578,824,132726,Reject
52318,645,44834,Reject
105715,769,68308,Approve
107787,733,104278,Reject
115029,640,116428,Reject
50466,830,80737,Approve
75475,752,81122,Approve
90142,825,113523,Reject
115160,738,58383,Approve
56564,709,70420,Approve
52412,828,143819,Reject
81001,640,34840,Reject
87649,798,120680,Reject
90957,656,146831,Reject
65517,773,44771,Approve
43156,722,48733,Reject
53064,839,39480,Approve
55711,685,105555,Reject
60106,775,36945,Approve
95458,662,31641,Reject
46589,638,35232,Reject
119272,737,64326,Approve
116511,812,96851,Approve
37214,797,63851,Reject
115731,840,44615,Approve
57127,792,144647,Reject
35141,825,142427,Reject
58884,786,43255,Approve
32708,805,50709,Reject
48375,763,120808,Reject
45088,626,76173,Reject
87615,800,107891,Reject
75046,782,77028,Approve
40014,797,110899,Reject
94425,822,30068,Approve
33273,680,138785,Reject
77135,780,127988,Reject
60881,706,62089,Approve
108077,787,128759,Reject
38712,788,65832,Reject
104704,635,26822,Reject
82874,684,140566,Reject
99087,754,40893,Approve
42297,768,146901,Reject
57128,627,98033,Reject
98368,615,117337,Reject
117599,634,34251,Reject
118499,763,108106,Reject
108958,783,63145,Approve
62920,698,144524,Reject
41156,836,105480,Reject
41108,746,91215,Reject
61845,784,71837,Approve
32800,812,59380,Reject
72712,721,41205,Approve
32610,760,101808,Reject
107603,622,76959,Reject
63872,718,86948,Approve
40728,662,135909,Reject
50583,669,87785,Reject
115774,823,87775,Approve
37263,749,73354,Reject
97450,794,126177,Reject
119285,826,98150,Approve
49456,679,108813,Reject
95942,833,94371,Approve
43689,658,49028,Reject
62934,752,84082,Approve
63276,616,79892,Reject
49873,638,140091,Reject
43050,676,34803,Reject
96216,691,98331,Reject
114444,802,146685,Reject
114040,801,132745,Reject
51644,766,35653,Approve
92021,623,123489,Reject
67125,765,40674,Approve
96899,687,131803,Reject
72291,824,106062,Reject
65060,808,62345,Approve
31538,784,59920,Reject
66176,643,52614,Reject
71520,635,38968,Reject
55675,698,103521,Reject
48287,669,132102,Reject
30174,721,139630,Reject
64998,723,74850,Approve
83312,679,82148,Reject
42112,644,80661,Reject
105225,819,37191,Approve
74814,832,129155,Reject
115091,823,142033,Reject
80719,753,126610,Reject
63919,738,137415,Reject
103155,779,131222,Reject
101569,752,117444,Reject
71328,630,79610,Reject
100482,684,65252,Reject
54618,644,114608,Reject
64675,846,32093,Approve
48919,714,93701,Reject
34173,666,133388,Reject
56400,675,129224,Reject
80445,842,132631,Reject
100305,639,106091,Reject
67564,773,46025,Approve
75814,781,98110,Approve
109747,640,54336,Reject
118791,816,111434,Reject
57962,719,45436,Approve
114892,680,135429,Reject
115842,637,62690,Reject
100533,699,108357,Reject
86184,763,90440,Approve
112912,810,121237,Reject
40578,771,48094,Reject
48624,656,83399,Reject
69194,665,24509,Reject
30389,808,90062,Reject
97391,629,58677,Reject
43794,838,74501,Reject
88002,609,55935,Reject
65531,826,95646,Approve
82815,660,142294,Reject
34986,790,136906,Reject
62298,843,119644,Reject
31481,635,142697,Reject
86408,653,139327,Reject
99267,696,87050,Reject
46835,792,37795,Reject
57798,809,113148,Reject
94887,603,60492,Reject
49477,782,24167,Reject
47266,653,102942,Reject
116328,710,114739,Reject
115988,690,128782,Reject
73526,688,71910,Reject
41889,663,114784,Reject
54335,718,130267,Reject
41254,691,29304,Reject
116610,844,79289,Approve
41442,749,24808,Reject
76289,833,144438,Reject
83747,752,113991,Reject
67327,680,94369,Reject
46199,658,51897,Reject
102827,784,125037,Reject
30112,781,95965,Reject
117051,643,24907,Reject
49581,779,97214,Reject
89722,675,88761,Reject
46523,743,21014,Reject
96960,700,92304,Reject
49552,724,123762,Reject
40808,615,87557,Reject
102525,808,71828,Approve
53620,654,78884,Reject
30887,788,129432,Reject
61802,694,148837,Reject
115024,678,121410,Reject
111938,676,127279,Reject
116741,639,94398,Reject
56049,818,129265,Reject
107789,620,129069,Reject
114526,665,88120,Reject
37846,735,24942,Reject
76220,833,82681,Approve
76163,798,119581,Reject
33765,609,121347,Reject
111486,784,27370,Approve
75270,731,64132,Approve
105277,642,33672,Reject
118278,704,140548,Reject
52931,827,72934,Approve
119116,826,76209,Approve
85633,662,93905,Reject
110702,770,28467,Approve
81913,794,46935,Approve
55991,849,66721,Approve
84845,681,105401,Reject
85312,849,82230,Approve
40561,650,31551,Reject
46901,837,74924,Reject
92875,655,68652,Reject
55917,770,62384,Approve
92120,751,74488,Approve
31988,823,116953,Reject
44256,633,68597,Reject
117728,658,73274,Reject
58230,729,137648,Reject
89778,729,27897,Approve
75833,737,88005,Approve
52625,750,113197,Reject
62088,742,67604,Approve
109650,717,117933,Reject
71167,803,59819,Approve
101291,727,128868,Reject
95303,834,138756,Reject
106361,616,107363,Reject
118229,681,29782,Reject
34117,613,50398,Reject
90710,680,73532,Reject
97054,806,45688,Approve
60949,803,45644,Approve
52547,722,101539,Reject
111882,615,120849,Reject
98136,631,147887,Reject
94619,622,60433,Reject
91842,701,40033,Approve
56990,761,70966,Approve
46193,697,23907,Reject
60109,743,56499,Approve
49233,761,112304,Reject
111730,703,100819,Reject
64510,725,93221,Approve
31306,798,28273,Reject
33849,760,82419,Reject
42360,667,64666,Reject
75800,770,33478,Approve
66963,663,115980,Reject
84330,843,96904,Approve
81707,670,95553,Reject
48689,617,133127,Reject
59084,795,140557,Reject
70387,712,131925,Reject
104816,724,116215,Reject
32642,726,28273,Reject
72137,660,69245,Reject
109832,674,110106,Reject
85561,706,66400,Approve
92260,747,118646,Reject
45438,738,59708,Reject
78442,806,52552,Approve
32994,773,71560,Reject
31813,791,46430,Reject
114381,680,48575,Reject
85276,825,78433,Approve
71243,841,69775,Approve
92912,839,119171,Reject
90272,803,63436,Approve
72051,705,72624,Approve
108854,627,52938,Reject
112736,775,46358,Approve
95618,762,28769,Approve
31920,607,93795,Reject
107219,690,119819,Reject
106872,749,115265,Reject
111132,845,93728,Approve
32093,720,120502,Reject
42905,751,37285,Reject
54351,665,42287,Reject
60981,694,67361,Reject
103903,813,65805,Approve
100821,663,51347,Reject
112289,664,126059,Reject
114021,724,28986,Approve
108513,613,22066,Reject
49874,624,62779,Reject
80931,827,116290,Reject
37674,699,77714,Reject
80516,704,104458,Reject
90686,730,122211,Reject
99212,732,76112,Approve
32426,664,133904,Reject
98498,781,128550,Reject
59943,618,120900,Reject
96395,824,130962,Reject
74816,705,79032,Approve
34138,653,114964,Reject
105945,821,39705,Approve
34017,803,127634,Reject
40451,737,44104,Reject
92956,825,115568,Reject
40278,743,120925,Reject
73764,703,96456,Approve
31134,773,62125,Reject
92943,756,78852,Approve
84318,614,132053,Reject
90128,647,122145,Reject
118056,738,99959,Approve
51869,835,57326,Approve
35039,633,118226,Reject
51281,763,65536,Approve
40442,757,74070,Reject
103788,698,45099,Reject
57586,800,145138,Reject
83053,809,122643,Reject
80489,618,53006,Reject
113104,830,135908,Reject
116346,795,135456,Reject
97087,669,44810,Reject
42625,714,108250,Reject
64397,760,145640,Reject
88671,695,117894,Reject
96897,807,117569,Reject
56149,674,27388,Reject
90030,749,139280,Reject
99906,635,111631,Reject
35283,841,79247,Reject
37610,750,95962,Reject
73326,662,93153,Reject
44924,753,60850,Reject
106162,787,125883,Reject
30869,822,99458,Reject
31014,692,45511,Reject
40103,604,78612,Reject
112522,781,59224,Approve
63458,765,45394,Approve
112409,789,113679,Reject
53248,624,73269,Reject
119160,697,79459,Reject
73516,611,87975,Reject
59061,749,113499,Reject
54170,736,143968,Reject
38024,683,30019,Reject
112214,628,42470,Reject
115947,771,73976,Approve
73803,820,145468,Reject
49296,708,112727,Reject
116664,626,128369,Reject
48257,845,68003,Reject
42855,654,130803,Reject
115178,808,111885,Reject
50025,732,93927,Approve
34458,651,49658,Reject
93610,836,93905,Approve
100843,612,123846,Reject
113961,641,94658,Reject
79831,742,31928,Approve
73427,678,54804,Reject
68506,617,127981,Reject
35668,649,71243,Reject
77195,601,58318,Reject
103233,686,122567,Reject
54417,706,141118,Reject
111982,740,67812,Approve
40751,834,137072,Reject
76218,795,65048,Approve
37352,646,147561,Reject
109052,845,62875,Approve
118835,846,124630,Reject
58927,688,44591,Reject
71094,802,142351,Reject
84122,777,33891,Approve
59493,839,129430,Reject
103539,833,127332,Reject
61707,611,27721,Reject
98814,612,104077,Reject
37296,736,46152,Reject
55398,658,69457,Reject
65842,844,92659,Approve
43261,772,136741,Reject
106709,829,145770,Reject
86704,797,91348,Approve
97173,834,56112,Approve
61781,842,40840,Approve
43652,642,21208,Reject
35103,673,38242,Reject
55500,622,104623,Reject
65529,678,21971,Reject
48452,772,49795,Reject
79393,622,119417,Reject
61174,831,20983,Approve
94450,700,115477,Reject
65436,761,31502,Approve
77406,743,48577,Approve
93059,790,129267,Reject
45954,708,146032,Reject
112722,778,30354,Approve
42356,832,149299,Reject
32187,710,87663,Reject
107243,759,105559,Reject
65098,765,114386,Reject
51225,831,43860,Approve
33606,783,53328,Reject
87620,837,92188,Approve
62828,796,116515,Reject
56489,616,62769,Reject
44387,685,40771,Reject
99463,638,72084,Reject
101832,640,61250,Reject
32591,647,131133,Reject
78516,809,120213,Reject
92061,755,67867,Approve
96736,676,125534,Reject
111257,777,98417,Approve
91753,833,70580,Approve
114774,600,37331,Reject
41087,716,96255,Reject
60816,777,119652,Reject
53408,618,28572,Reject
30136,825,29896,Reject
47413,658,53077,Reject
89500,795,105334,Reject
114514,706,91325,Approve
86358,794,95226,Approve
96197,768,129390,Reject
62854,737,124872,Reject
106240,627,66221,Reject
46322,633,61620,Reject
36968,638,105367,Reject
57518,838,136961,Reject
81925,725,111609,Reject
89848,682,30264,Reject
31700,705,36049,Reject
53199,783,97164,Approve
74589,779,87678,Approve
62115,709,100379,Reject
91934,827,49236,Approve
84316,720,134479,Reject
35520,706,128101,Reject
66455,730,131791,Reject
116465,622,41123,Reject
71605,744,46007,Approve
44955,670,100361,Reject
74049,753,30142,Approve
43917,706,48498,Reject
100293,745,53226,Approve
108581,837,60348,Approve
94925,645,47524,Reject
100269,669,69489,Reject
60954,630,35298,Reject
102617,692,32135,Reject
71458,736,140138,Reject
119037,717,92916,Approve
51113,762,112125,Reject
73939,680,118002,Reject
59345,659,56788,Reject
76313,675,44920,Reject
99166,662,82015,Reject
77861,699,83010,Reject
79298,779,25643,Approve
77221,647,70094,Reject
74942,788,36729,Approve
33453,751,73046,Reject
84935,673,146199,Reject
73370,657,81039,Reject
38328,791,61284,Reject
45534,629,92146,Reject
115280,756,104058,Reject
114925,830,106309,Reject
66320,609,31804,Reject
79170,638,77867,Reject
110201,654,142514,Reject
38640,627,27816,Reject
60049,745,47473,Approve
35618,768,31932,Reject
86053,717,69410,Approve
31920,713,103030,Reject
73937,808,43709,Approve
99724,674,115725,Reject
42207,664,116441,Reject
95774,680,26487,Reject
62972,699,37204,Reject
40799,699,25988,Reject
101088,645,47364,Reject
58916,659,58403,Reject
100463,736,41048,Approve
106700,772,27093,Approve
67158,787,122908,Reject
114607,755,103483,Reject
101696,839,116271,Reject
91510,696,49196,Reject
88692,602,42727,Reject
91744,778,62167,Approve
45810,735,44884,Reject
35126,713,54607,Reject
60009,797,93211,Approve
30192,786,64312,Reject
66413,715,60769,Approve
42816,788,29575,Reject
69082,657,55074,Reject
95048,669,132534,Reject
80940,692,111292,Reject
62130,828,30664,Approve
70142,739,100650,Reject
66468,736,107060,Reject
60698,704,137374,Reject
40655,648,96695,Reject
77897,682,33299,Reject
60075,616,147325,Reject
39359,653,135648,Reject
72056,711,48032,Approve
81831,771,61397,Approve
89191,759,85991,Approve
63272,762,75919,Approve
44671,805,138505,Reject
57048,648,128065,Reject
106274,781,78447,Approve
55963,743,85498,Approve
73954,684,148451,Reject
102309,611,128114,Reject
30717,815,64572,Reject
41676,725,119816,Reject
34434,697,90274,Reject
79810,735,117802,Reject
34994,835,36775,Reject
34234,748,55389,Reject
99300,647,101254,Reject
73949,735,26176,Approve
67405,627,68263,Reject
64872,679,29112,Reject
72215,609,107639,Reject
53185,651,124345,Reject
73442,742,47033,Approve
81759,731,39984,Approve
71153,689,51742,Reject
107535,806,123514,Reject
32581,827,90044,Reject
81717,823,59210,Approve
32763,661,76806,Reject
85480,706,79132,Approve
68759,829,91752,Approve
106067,731,44269,Approve
55307,640,85796,Reject
41064,800,26833,Reject
106848,698,144893,Reject
67548,654,29527,Reject
66945,627,131550,Reject
77937,700,25944,Reject
36476,646,42518,Reject
81756,736,108795,Reject
32382,729,141516,Reject
79683,794,115396,Reject
117999,849,117095,Reject
75276,716,53102,Approve
63402,707,27669,Approve
56946,775,121083,Reject
109698,668,45379,Reject
103933,801,43712,Approve
52335,627,137125,Reject
75095,678,39191,Reject
109930,613,149906,Reject
57197,645,33259,Reject
52010,814,57958,Approve
54123,740,45516,Approve
117923,615,55931,Reject
32890,821,94630,Reject
38026,767,31624,Reject
94925,799,43872,Approve
98842,808,144148,Reject
63665,757,52791,Approve
39277,680,24652,Reject
72239,826,55516,Approve
77664,792,137138,Reject
78008,840,111508,Reject
44683,657,28095,Reject
30670,815,88893,Reject
119211,647,97632,Reject
47889,648,28095,Reject
85612,688,96216,Reject
74535,729,126387,Reject
108542,816,75124,Approve
84319,613,48242,Reject
51639,702,46333,Approve
94712,720,33169,Approve
46633,842,110075,Reject
64660,824,125373,Reject
98975,744,79222,Approve
62172,722,107258,Reject
89197,758,38916,Approve
88847,737,146394,Reject
41577,669,58105,Reject
107299,702,89309,Approve
50176,816,68194,Approve
74386,701,79422,Approve
93972,764,75617,Approve
119791,663,115481,Reject
71003,757,41045,Approve
49996,761,87593,Reject
116598,617,37061,Reject
65931,815,98674,Approve
65710,662,55742,Reject
64693,648,44860,Reject
65740,655,145080,Reject
107241,690,101439,Reject
106502,657,74800,Reject
47374,754,114578,Reject
106674,654,59212,Reject
111471,830,38224,Approve
75913,684,87414,Reject
96025,618,124593,Reject
74516,830,95338,Approve
117796,750,48538,Approve
56069,702,134299,Reject
86233,711,109139,Reject
114811,707,134067,Reject
89049,646,35037,Reject
69178,806,147116,Reject
62821,706,146039,Reject
81727,793,31690,Approve
90935,826,30323,Approve
46999,778,23314,Reject
92522,683,66185,Reject
68712,755,148603,Reject
94551,727,54146,Approve
70172,784,34356,Approve
63722,657,96805,Reject
40625,742,129510,Reject
97165,743,25340,Approve
106509,696,64852,Reject
36859,646,82550,Reject
71609,790,62675,Approve
73307,739,118756,Reject
51839,702,126837,Reject
57216,830,20392,Approve
82953,770,91007,Approve
114481,683,70421,Reject
90593,756,28137,Approve
102075,834,33997,Approve
79522,648,104970,Reject
34886,730,141968,Reject
37485,711,146939,Reject
61455,796,127466,Reject
46767,659,50278,Reject
58453,665,30397,Reject
106280,686,51530,Reject
83442,725,68364,Approve
81877,817,24794,Approve
42226,625,109330,Reject
52588,670,102085,Reject
108976,673,149057,Reject
61709,796,126750,Reject
77788,646,126797,Reject
118031,675,91899,Reject
67019,695,129599,Reject
74948,769,28079,Approve
95133,630,139718,Reject
96458,621,97568,Reject
57526,616,129052,Reject
103493,811,87041,Approve
82198,747,29448,Approve
73395,834,98776,Approve
54031,735,79606,Approve
105542,838,60177,Approve
67701,697,139028,Reject
55939,648,116275,Reject
79145,686,52977,Reject
50324,637,40177,Reject
52867,652,73673,Reject
30203,627,39431,Reject
46544,676,135668,Reject
45899,756,87655,Reject
59063,799,138433,Reject
33748,738,20177,Reject
96629,774,119850,Reject
110764,772,132490,Reject
50884,617,30226,Reject
55183,649,110410,Reject
111570,688,116521,Reject
101246,776,112679,Reject
49259,749,138254,Reject
65959,644,32231,Reject
63457,788,69426,Approve
115679,826,99552,Approve
32103,726,99670,Reject
95901,692,72147,Reject
74535,620,34082,Reject
46103,847,134740,Reject
108278,798,149835,Reject
42391,788,93311,Reject
58901,675,36175,Reject
111159,763,34133,Approve
97914,751,127919,Reject
80357,759,82877,Approve
116908,690,134672,Reject
68437,823,136315,Reject
65503,786,42427,Approve
105403,695,142511,Reject
71258,695,77832,Reject
63724,817,34837,Approve
94286,674,30546,Reject
104842,709,110528,Reject
44908,681,30748,Reject
80626,727,111032,Reject
67228,702,87089,Approve
53386,732,80029,Approve
76754,743,45241,Approve
58302,738,81445,Approve
90815,845,22469,Approve
114748,634,69067,Reject
93344,711,21474,Approve
65618,802,68554,Approve
106234,769,51109,Approve
91114,686,42861,Reject
100130,718,132063,Reject
55525,697,53105,Reject
109818,839,125295,Reject
44334,680,129655,Reject
92767,737,77612,Approve
36644,681,149088,Reject
62933,835,149701,Reject
73469,735,119391,Reject
63687,625,119597,Reject
82656,602,127152,Reject
47375,658,115608,Reject
95206,715,91500,Approve
66607,815,55596,Approve
113178,730,92008,Approve
53993,765,105893,Reject
74386,729,108581,Reject
76287,826,148632,Reject
116724,744,139645,Reject
106312,800,92100,Approve
105324,635,21336,Reject
101196,685,63316,Reject
100014,822,67917,Approve
38210,846,100717,Reject
40922,697,54435,Reject
66289,815,136513,Reject
63340,723,149985,Reject
69850,672,114142,Reject
86984,709,86748,Approve
114178,721,22768,Approve
41094,834,115273,Reject
117959,729,84077,Approve
63418,812,130911,Reject
35741,761,47634,Reject
102374,626,74928,Reject
98798,764,69596,Approve
100532,798,95125,Approve
52164,749,73533,Approve
65595,667,112330,Reject
60257,613,56444,Reject
44211,697,104230,Reject
35232,622,138728,Reject
97753,771,92621,Approve
82691,833,146486,Reject
119765,816,38211,Approve
109768,792,42669,Approve
55613,714,105139,Reject
44026,846,74711,Reject
83535,711,108691,Reject
60908,806,122992,Reject
82113,695,90047,Reject
49610,677,103992,Reject
76646,832,108690,Reject
93185,660,114301,Reject
102567,684,132944,Reject
77574,782,75480,Approve
66182,838,104250,Reject
30570,849,131770,Reject
49288,670,53453,Reject
108824,827,139646,Reject
59877,684,53452,Reject
114425,649,67769,Reject
30917,831,148013,Reject
105602,739,113049,Reject
94575,806,117071,Reject
102518,614,113823,Reject
69104,744,28532,Approve
48062,633,32891,Reject
46999,835,83246,Reject
91845,634,53501,Reject
39941,638,21496,Reject
91169,829,35154,Approve
53470,805,146773,Reject
89821,782,96682,Approve
116669,786,78475,Approve
74435,732,25450,Approve
34529,629,57403,Reject
113055,731,149462,Reject
42192,742,103652,Reject
104102,702,129531,Reject
102762,762,66791,Approve
116795,836,47289,Approve
64087,673,75679,Reject
96677,654,43109,Reject
34627,793,124607,Reject
86541,835,63439,Approve
98226,659,44415,Reject
33255,623,103339,Reject
87433,819,30181,Approve
35213,621,118252,Reject
49404,771,90246,Reject
55380,631,126983,Reject
49173,694,48395,Reject
83027,682,99036,Reject
53989,778,54209,Approve
54519,812,55158,Approve
52439,602,86920,Reject
106949,669,38540,Reject
44995,759,131440,Reject
53559,729,24396,Approve
119049,687,21391,Reject
35021,708,76574,Reject
51119,658,140123,Reject
81539,818,139488,Reject
69350,800,137830,Reject
76223,676,36652,Reject
55517,846,105837,Reject
108653,613,29716,Reject
52250,650,35568,Reject
114486,738,28669,Approve
112895,677,89807,Reject
119132,679,69390,Reject
96798,609,100764,Reject
84199,811,99792,Approve
89546,679,110721,Reject
118151,723,43386,Approve
33327,785,44152,Reject
59768,633,107803,Reject
94418,720,98315,Approve
72788,679,34434,Reject
112384,805,49000,Approve
76830,652,47973,Reject
82446,755,131036,Reject
45160,617,140473,Reject
86583,753,57861,Approve
63998,701,26438,Approve
57230,734,32729,Approve
39076,772,115002,Reject
99341,697,46407,Reject
61085,838,115098,Reject
85571,840,108094,Reject
44715,644,111266,Reject
35750,798,62711,Reject
108768,824,146478,Reject
65903,634,112597,Reject
102489,779,107365,Reject
62093,713,138026,Reject
117954,830,120637,Reject
64314,620,122690,Reject
78225,840,98191,Approve
117985,755,106501,Reject
113014,695,75850,Reject
65179,643,101852,Reject
55338,679,93895,Reject
99681,655,34172,Reject
62101,737,89078,Approve
32775,750,146889,Reject
75619,775,140574,Reject
75838,779,35529,Approve
49539,841,93590,Reject
87124,742,125218,Reject
95149,654,60281,Reject
56616,642,93805,Reject
109655,649,96626,Reject
84567,605,86644,Reject
67099,760,78235,Approve
105831,661,106676,Reject
91799,654,86760,Reject
55479,766,32876,Approve
76172,739,76680,Approve
85863,715,35097,Approve
72043,827,94292,Approve
112569,630,22859,Reject
45408,673,44877,Reject
87980,780,34628,Approve
112956,633,98117,Reject
46351,768,28300,Reject
34131,609,22412,Reject
74825,651,120951,Reject
41349,802,112837,Reject
90931,784,99341,Approve
74254,677,23338,Reject
68225,602,79484,Reject
42453,784,25804,Reject
48814,760,141919,Reject
48263,734,73675,Reject
107694,603,114845,Reject
45735,766,149391,Reject
45830,647,105733,Reject
77893,673,32392,Reject
74673,678,95984,Reject
119462,743,40029,Approve
75066,765,145939,Reject
33373,603,85263,Reject
40335,603,47097,Reject
53741,719,82524,Approve
40692,718,121721,Reject
77295,827,36395,Approve
75541,754,42993,Approve
64057,813,82088,Approve
96983,813,80610,Approve
49583,616,105065,Reject
52765,836,37258,Approve
89287,825,112545,Reject
53906,695,27303,Reject
115103,843,135571,Reject
109675,669,90186,Reject
76525,781,32177,Approve
68230,696,33747,Reject
49520,607,117318,Reject
115238,713,142398,Reject
81934,780,108717,Reject
55566,827,41823,Approve
103193,604,99718,Reject
60134,796,125312,Reject
40345,646,98812,Reject
71185,801,95307,Approve
100744,639,31963,Reject
63455,721,44928,Approve
58018,734,126466,Reject
84219,739,100385,Reject
75991,693,111618,Reject
103616,752,89023,Approve
117438,627,145731,Reject
39486,770,112141,Reject
68862,676,30038,Reject
88870,774,125841,Reject
116694,648,87926,Reject
73856,685,122334,Reject
116055,653,125796,Reject
61379,617,23438,Reject
94729,626,55151,Reject
58378,671,56135,Reject
84353,733,26167,Approve
79996,802,33172,Approve
44031,820,119769,Reject
110072,721,71303,Approve
95982,704,121787,Reject
66683,849,102493,Reject
47618,668,50360,Reject
36587,670,86310,Reject
92790,749,80709,Approve
61480,786,85478,Approve
50527,774,108950,Reject
53569,716,106258,Reject
41151,845,67445,Reject
101094,795,109941,Reject
89174,631,56698,Reject
74739,810,47256,Approve
62954,708,106880,Reject
65303,696,120524,Reject
64700,600,54207,Reject
97568,781,140934,Reject
96788,773,149183,Reject
101045,768,125728,Reject
67842,847,94441,Approve
43900,707,125004,Reject
110059,713,45151,Approve
31881,640,108259,Reject
63037,607,74236,Reject
31630,759,58278,Reject
50789,629,96709,Reject
118059,645,69221,Reject
113494,819,130260,Reject
76151,704,98666,Approve
78920,779,67350,Approve
97231,695,46952,Reject
110357,816,145085,Reject
33262,825,143797,Reject
96981,660,30937,Reject
111972,824,61702,Approve
105485,740,59496,Approve
84722,688,106070,Reject
119499,833,137221,Reject
80818,767,43794,Approve
59932,830,144717,Reject
36901,725,78720,Reject
38597,660,44985,Reject
93909,719,39391,Approve
102391,771,77295,Approve
114214,840,113064,Reject
38263,789,92406,Reject
93293,720,107054,Reject
55805,771,122546,Reject
41874,647,41993,Reject
116402,801,62639,Approve
44079,658,49720,Reject
79850,784,109698,Reject
102779,822,29906,Approve
39018,835,83820,Reject
79500,610,103117,Reject
42100,624,83238,Reject
87021,788,71489,Approve
49800,645,116825,Reject
93400,653,101741,Reject
59437,843,149814,Reject
106537,836,126390,Reject
76675,633,96944,Reject
49942,683,113068,Reject
50862,734,23193,Approve
41669,824,60986,Reject
83772,661,80481,Reject
45916,656,25220,Reject
40878,826,39357,Reject
32985,692,59299,Reject
103648,715,39549,Approve
71235,675,37474,Reject
48931,732,77593,Reject
30336,675,20141,Reject
72933,820,102186,Reject
114899,762,126023,Reject
75536,811,40694,Approve
99504,636,126984,Reject
81148,787,126991,Reject
46279,792,36863,Reject
98665,743,22690,Approve
101386,629,134153,Reject
116124,800,65056,Approve
107485,641,80424,Reject
104055,660,140687,Reject
107273,801,41320,Approve
96670,804,87963,Approve
106474,647,45419,Reject
84028,789,60832,Approve
101128,683,55983,Reject
48108,692,42365,Reject
82495,791,23911,Approve
112806,784,105997,Reject
106533,667,137037,Reject
86830,645,20649,Reject
104640,712,74688,Approve
82509,627,46469,Reject
96406,828,137544,Reject
69519,676,113362,Reject
79649,720,148277,Reject
64524,602,101039,Reject
63885,636,63346,Reject
74369,775,107498,Reject
60676,746,136413,Reject
94093,691,60884,Reject
77764,682,119658,Reject
80799,616,37677,Reject
109414,809,80390,Approve
102307,809,105178,Reject
112062,720,88249,Approve
61923,686,82635,Reject
108388,639,94131,Reject
77574,777,99315,Approve
73391,672,83734,Reject
83664,628,32164,Reject
97384,778,73184,Approve
61027,641,87082,Reject
65464,628,55374,Reject
64485,665,137513,Reject
49456,723,111964,Reject
104795,744,122510,Reject
65554,848,117243,Reject
76922,719,110924,Reject
43409,708,121678,Reject
99327,758,111041,Reject
66639,691,98709,Reject
93627,834,49580,Approve
113424,711,114187,Reject
49692,651,76792,Reject
119037,766,43318,Approve
108840,659,34627,Reject
84200,693,91614,Reject
87415,826,56091,Approve
48074,839,93902,Reject
45549,778,34444,Reject
59963,811,59873,Approve
82265,743,37747,Approve
46061,697,113007,Reject
88226,613,29229,Reject
58810,817,133332,Reject
90006,811,125793,Reject
52800,769,101840,Reject
105476,650,109871,Reject
99460,623,137699,Reject
87767,706,87626,Approve
58054,809,77804,Approve
105319,770,68229,Approve
75397,672,52368,Reject
43233,746,30944,Reject
55068,683,51752,Reject
95727,660,52916,Reject
100453,705,40817,Approve
55832,693,90634,Reject
116242,662,132863,Reject
43682,753,21133,Reject
53383,694,135041,Reject
88160,634,127603,Reject
53666,666,145482,Reject
88817,655,136801,Reject
64642,639,76707,Reject
71830,756,48670,Approve
40234,733,75162,Reject
87616,779,67724,Approve
39221,728,72837,Reject
41410,779,55974,Reject
110055,623,21109,Reject
91413,701,48755,Approve
31051,761,128473,Reject
105301,714,44802,Approve
106918,734,84771,Approve
108116,674,63899,Reject
86563,610,61972,Reject
74757,635,146995,Reject
107475,747,88642,Approve
81257,662,56704,Reject
30307,679,129298,Reject
86889,790,95194,Approve
98895,796,101876,Reject
65944,687,129484,Reject
68134,629,93997,Reject
57323,757,72958,Approve
101762,702,108469,Reject
117225,848,62491,Approve
55954,711,28495,Approve
85021,838,85181,Approve
119959,828,148284,Reject
109866,824,117827,Reject
100427,683,68112,Reject
34992,845,33097,Reject
31961,749,41532,Reject
42497,704,51110,Reject
62551,849,68543,Approve
106384,788,71084,Approve
85755,620,136728,Reject
43255,636,60702,Reject
34567,845,82348,Reject
78847,626,146901,Reject
78003,701,44717,Approve
50389,762,75941,Approve
74523,637,124079,Reject
91576,831,127304,Reject
73919,659,102867,Reject
112103,669,81295,Reject
33358,631,146292,Reject
118535,679,63252,Reject
106524,819,69917,Approve
35698,807,129419,Reject
96809,754,117167,Reject
85805,844,125476,Reject
61349,730,41399,Approve
106777,776,111050,Reject
80248,812,22496,Approve
105033,701,50985,Approve
74041,701,105482,Reject
61954,629,135950,Reject
38002,621,124697,Reject
99783,618,41434,Reject
117234,630,58178,Reject
49738,619,53310,Reject
40703,838,96407,Reject
79422,746,33390,Approve
113106,729,96682,Approve
91899,639,141352,Reject
42392,766,68577,Reject
74724,690,109643,Reject
62299,671,145811,Reject
45641,708,71933,Reject
109534,781,130735,Reject
36305,626,35479,Reject
48782,678,96719,Reject
108257,739,104532,Reject
107963,838,48224,Approve
50566,677,70351,Reject
97766,798,95845,Approve
36511,616,36173,Reject
56177,817,96408,Approve
34765,828,59800,Reject
50354,683,117482,Reject
53929,737,47424,Approve
58820,746,42707,Approve
59523,809,90224,Approve
101088,757,32854,Approve
96163,757,123090,Reject
107525,752,23681,Approve
43780,687,41613,Reject
36589,673,39879,Reject
64812,726,127160,Reject
75939,793,26078,Approve
81493,701,134166,Reject
70953,695,65461,Reject
95785,762,131577,Reject
49309,650,116892,Reject
84195,700,72314,Reject
55901,670,47941,Reject
53576,670,21416,Reject
61508,754,105028,Reject
104711,609,143396,Reject
55464,696,45425,Reject
90281,770,142517,Reject
46260,782,144781,Reject
65440,798,119211,Reject
86683,733,28507,Approve
71430,605,80587,Reject
31987,676,142261,Reject
55105,775,33573,Approve
108484,676,78851,Reject
43026,601,48698,Reject
98309,810,62478,Approve
75927,650,81494,Reject
105414,788,38318,Approve
87535,746,58719,Approve
72946,841,89880,Approve
86561,720,116528,Reject
40377,727,125730,Reject
83592,829,95529,Approve
37347,601,59102,Reject
63776,650,39006,Reject
33783,753,29048,Reject
85798,669,41949,Reject
34298,619,95604,Reject
100204,622,37909,Reject
116207,653,51335,Reject
85161,742,54184,Approve
90652,733,80823,Approve
64484,819,81215,Approve
50922,762,87330,Approve
64028,802,47641,Approve
50316,735,88256,Approve
106996,656,26826,Reject
46968,845,114316,Reject
60266,777,59563,Approve
54000,776,72828,Approve
44011,714,123380,Reject
32866,842,133766,Reject
35898,815,26369,Reject
48395,748,61312,Reject
69019,840,129727,Reject
34006,722,127923,Reject
64393,635,25826,Reject
40956,670,22192,Reject
80042,668,144657,Reject
36078,657,39920,Reject
59631,662,133554,Reject
92901,820,43683,Approve
99497,615,45692,Reject
71574,733,120624,Reject
61417,677,109791,Reject
118020,721,102453,Reject
113639,779,29409,Approve
95006,601,101065,Reject
69454,816,34795,Approve
31587,822,96716,Reject
84710,713,133674,Reject
116567,713,79572,Approve
105886,804,41735,Approve
48816,723,103899,Reject
115824,745,103996,Reject
59432,808,143411,Reject
78617,836,64036,Approve
102373,819,95672,Approve
64217,803,73387,Approve
50884,762,96827,Approve
35454,685,124545,Reject
104960,766,98085,Approve
73618,728,32021,Approve
113948,764,89650,Approve
92671,620,132651,Reject
77111,600,88120,Reject
69613,731,29740,Approve
115678,823,119792,Reject
89993,657,105579,Reject
38848,600,75554,Reject
108672,740,116279,Reject
96125,773,33319,Approve
116444,774,142735,Reject
91602,808,118531,Reject
102045,803,106391,Reject
72222,606,25242,Reject
79223,846,66169,Approve
95333,650,109543,Reject
82732,846,83711,Approve
79420,602,49407,Reject
105504,777,73504,Approve
32462,753,100386,Reject
39460,630,41312,Reject
39275,699,99630,Reject
43269,661,134481,Reject
95942,753,125619,Reject
102920,794,134050,Reject
52553,707,32988,Approve
54366,654,98734,Reject
74036,755,86234,Approve
47369,643,85973,Reject
41795,680,107739,Reject
100021,765,35995,Approve
98154,838,124484,Reject
60143,629,29876,Reject
59425,665,38537,Reject
118209,735,98438,Approve
105139,613,140726,Reject
35368,700,75160,Reject
34621,826,108295,Reject
88829,705,113026,Reject
90294,702,146097,Reject
44719,661,107056,Reject
59227,674,25278,Reject
37566,790,53727,Reject
42306,678,30031,Reject
83822,793,82745,Approve
54042,828,110389,Reject
45086,706,106140,Reject
47387,695,138444,Reject
57042,639,125891,Reject
119424,740,111455,Reject
81618,706,106690,Reject
48323,616,94442,Reject
48019,614,99834,Reject
105426,760,128001,Reject
70863,842,138609,Reject
40283,615,71866,Reject
48279,842,86883,Reject
76999,612,90544,Reject
92780,846,75237,Approve
52908,813,44553,Approve
91584,750,112554,Reject
80225,635,24868,Reject
67952,642,116441,Reject
67663,777,23960,Approve
91381,713,83953,Approve
77929,673,148056,Reject
39343,680,29944,Reject
106173,693,88041,Reject
69791,740,74248,Approve
59134,629,43759,Reject
77101,784,38121,Approve
99443,837,65129,Approve
87530,629,134147,Reject
76799,798,135796,Reject
34827,609,104599,Reject
92653,698,70189,Reject
43699,793,51559,Reject
35313,693,25760,Reject
43598,810,127407,Reject
58807,638,98617,Reject
100423,636,136784,Reject
99390,730,134089,Reject
75226,688,145893,Reject
89550,761,53126,Approve
110072,846,50961,Approve
33558,849,124257,Reject
105308,813,53844,Approve
80113,765,34088,Approve
82999,613,27236,Reject
85878,791,123975,Reject
66343,638,74967,Reject
88219,781,107684,Reject
65186,729,144983,Reject
66966,823,123278,Reject
63769,642,121831,Reject
83218,780,71454,Approve
49229,730,65060,Reject
105209,768,62564,Approve
57877,607,53843,Reject
88001,817,40432,Approve
68084,695,102248,Reject
111780,802,34433,Approve
46806,841,47808,Reject
118635,790,56245,Approve
67034,664,125428,Reject
70317,678,102922,Reject
85468,731,82222,Approve
49094,667,110688,Reject
87796,691,44902,Reject
40589,609,118198,Reject
87221,674,141074,Reject
31657,777,144407,Reject
69531,750,34702,Approve
82227,660,121125,Reject
33164,646,84211,Reject
113973,602,127961,Reject
71247,830,64185,Approve
49601,702,112393,Reject
80599,616,65707,Reject
101545,621,104300,Reject
34552,715,94222,Reject
39417,690,144018,Reject
88579,847,22416,Approve
98207,743,144236,Reject
102055,807,111265,Reject
108270,703,52671,Approve
33722,602,137937,Reject
100442,651,87678,Reject
70031,710,105308,Reject
109235,760,149930,Reject
51438,641,144004,Reject
88819,729,140003,Reject
73856,638,110913,Reject
63576,645,128538,Reject
71938,647,20207,Reject
79028,626,96382,Reject
89807,614,126968,Reject
79877,606,70790,Reject
73461,708,41511,Approve
70469,784,44711,Approve
113136,641,149633,Reject
50435,608,68014,Reject
114117,704,122660,Reject
44191,733,45746,Reject
114726,847,143337,Reject
57386,784,26024,Approve
61721,675,50392,Reject
84786,629,125909,Reject
43704,782,119740,Reject
86635,683,64531,Reject
32123,725,42759,Reject
92993,683,112260,Reject
110122,653,81586,Reject
55416,709,65772,Approve
31814,626,127002,Reject
108537,683,30797,Reject
80258,786,140935,Reject
46508,606,79727,Reject
115166,767,110557,Reject
108916,703,121085,Reject
65699,821,118747,Reject
76335,671,69269,Reject
76806,601,62500,Reject
107853,741,147904,Reject
93768,737,129266,Reject
65739,649,118870,Reject
64785,745,39986,Approve
61980,617,38320,Reject
119335,615,56951,Reject
115016,651,60694,Reject
31609,796,62612,Reject
96253,779,73723,Approve
115481,758,58569,Approve
58141,828,132100,Reject
60009,683,101557,Reject
36782,750,73542,Reject
55933,695,41199,Reject
107154,641,91036,Reject
38307,808,49666,Reject
105874,789,25402,Approve
68346,804,108907,Reject
80772,712,57549,Approve
102084,777,120990,Reject
70149,804,35515,Approve
116700,808,103123,Reject
57526,723,123360,Reject
115712,614,147910,Reject
98477,689,129433,Reject
35695,771,92593,Reject
69169,819,84598,Approve
77947,641,143285,Reject
77224,644,32099,Reject
75865,693,134159,Reject
55553,706,131882,Reject
90410,762,42097,Approve
54816,621,90719,Reject
85026,727,73366,Approve
80705,801,40463,Approve
91922,802,69094,Approve
103914,637,116596,Reject
31881,696,36696,Reject
69567,797,28354,Approve
77365,791,37912,Approve
109211,700,65348,Reject
100122,606,114897,Reject
55006,845,41880,Approve
71198,643,128061,Reject
52831,675,101296,Reject
46459,606,90304,Reject
62443,793,43951,Approve
72316,659,53166,Reject
94486,600,133548,Reject
35877,661,75782,Reject
69553,686,80930,Reject
34922,688,37431,Reject
34686,617,38326,Reject
62766,707,47706,Approve
109943,734,145676,Reject
62006,714,53007,Approve
61422,653,112470,Reject
42205,666,59232,Reject
116590,692,53439,Reject
53527,737,117760,Reject
48443,788,71771,Reject
46524,658,44303,Reject
58202,786,55229,Approve
95552,834,113505,Reject
76142,668,77745,Reject
91692,790,71258,Approve
112384,697,40532,Reject
50855,607,119391,Reject
113747,805,92312,Approve
90372,831,29334,Approve
55095,654,139069,Reject
68724,733,144945,Reject
79241,728,57892,Approve
82003,655,48484,Reject
98379,824,142247,Reject
45972,703,148904,Reject
52927,802,48831,Approve
96630,713,130455,Reject
82347,687,134829,Reject
118860,737,135084,Reject
116210,707,139825,Reject
99518,843,145507,Reject
75283,622,43665,Reject
111326,743,49205,Approve
42205,700,136243,Reject
119874,743,92590,Approve
42748,655,140582,Reject
51097,707,63468,Approve
33092,694,148609,Reject
83311,605,81725,Reject
52692,629,86564,Reject
53862,790,30368,Approve
109507,828,41435,Approve
110152,728,102590,Reject
100469,650,134426,Reject
34926,705,57362,Reject
33969,688,100147,Reject
65733,726,33394,Approve
99855,645,120159,Reject
71743,720,148117,Reject
69876,748,134623,Reject
50323,698,116284,Reject
46428,765,117260,Reject
64578,668,138117,Reject
116486,662,67753,Reject
94140,840,74428,Approve
113829,649,63038,Reject
36364,611,76138,Reject
65349,668,112118,Reject
30691,672,99133,Reject
96467,643,29880,Reject
75896,651,40815,Reject
87062,608,102489,Reject
109762,826,108376,Reject
43861,792,98422,Reject
118302,717,70298,Approve
93928,838,97502,Approve
113231,609,45440,Reject
71347,645,26514,Reject
33121,702,57668,Reject
113793,827,65369,Approve
58164,785,69179,Approve
55491,636,68069,Reject
89222,651,90885,Reject
53165,839,86565,Approve
33748,698,92152,Reject
56553,680,54764,Reject
90380,612,70493,Reject
74331,733,45824,Approve
69560,785,84544,Approve
83865,700,112248,Reject
76686,727,68461,Approve
105910,647,38471,Reject
34675,759,45256,Reject
96706,610,53142,Reject
107986,680,64329,Reject
106216,604,23045,Reject
40068,605,34728,Reject
84460,801,49713,Approve
76418,716,99374,Approve
56206,824,42659,Approve
30287,821,145217,Reject
52337,748,124253,Reject
50666,641,119109,Reject
31161,680,26352,Reject
68751,754,124774,Reject
112063,602,145919,Reject
119389,659,108566,Reject
44758,820,118582,Reject
95780,793,86941,Approve
33178,692,61747,Reject
61831,648,92686,Reject
32176,827,49623,Reject
63654,633,37716,Reject
56627,636,93601,Reject
82550,641,32564,Reject
74910,792,39531,Approve
88251,787,145225,Reject
65422,817,60760,Approve
41984,600,23449,Reject
119312,786,118736,Reject
91386,849,142714,Reject
113291,731,53777,Approve
37135,702,27279,Reject
30320,741,64809,Reject
51684,709,25191,Approve
85913,745,94044,Approve
118774,633,133684,Reject
51889,600,25307,Reject
78899,652,24216,Reject
40770,621,86901,Reject
69321,807,125100,Reject
115962,788,81743,Approve
71777,749,29127,Approve
76250,777,105438,Reject
103034,615,130283,Reject
70130,755,55536,Approve
111931,819,20495,Approve
79346,718,89128,Approve
32537,685,87768,Reject
114762,847,81362,Approve
45216,797,60816,Reject
114149,816,39319,Approve
33009,641,84295,Reject
119904,793,100203,Reject
59327,670,33000,Reject
44209,716,26719,Reject
78443,808,89981,Approve
45029,762,67941,Reject
97613,619,120671,Reject
109443,707,96312,Approve
86997,729,59323,Approve
92559,606,102825,Reject
94892,823,77320,Approve
100409,776,31419,Approve
38635,810,93436,Reject
63065,803,46403,Approve
63783,608,48298,Reject
64152,626,112692,Reject
88741,805,57365,Approve
81502,729,109573,Reject
59092,684,66233,Reject
47653,795,90545,Reject
70469,659,92771,Reject
116483,842,111627,Reject
89754,812,76360,Approve
59978,711,81966,Approve
117592,685,126262,Reject
73169,776,58056,Approve
78287,729,76965,Approve
84745,744,132618,Reject
35543,682,131302,Reject
86392,703,124440,Reject
51067,687,84237,Reject
81033,619,31195,Reject
75256,829,142991,Reject
99345,803,59374,Approve
52191,816,83539,Approve
116803,725,46248,Approve
102742,814,71454,Approve
116593,841,46226,Approve
58992,697,142013,Reject
111531,759,106315,Reject
78803,650,147933,Reject
93477,687,96202,Reject
43210,769,105915,Reject
113329,662,51709,Reject
56270,688,134439,Reject
92008,788,62850,Approve
35197,789,126802,Reject
37452,730,116354,Reject
71486,688,143000,Reject
44859,691,60537,Reject
57236,675,145981,Reject
61899,625,83458,Reject
62083,775,50949,Approve
97708,707,133290,Reject
46663,607,45853,Reject
49053,732,119731,Reject
41085,738,41997,Reject
60564,641,55870,Reject
119745,826,78529,Approve
89095,818,83371,Approve
99517,718,70607,Approve
51153,768,78523,Approve
35247,707,54114,Reject
40553,829,61588,Reject
50811,746,70366,Approve
36135,775,49871,Reject
35573,780,87497,Reject
109267,782,137683,Reject
37189,719,122916,Reject
110077,788,82284,Approve
73646,759,128043,Reject
106623,645,25690,Reject
83687,691,35168,Reject
98312,763,65875,Approve
57564,745,137546,Reject
58835,673,135449,Reject
91587,695,90994,Reject
37697,617,85116,Reject
110165,739,112478,Reject
103922,714,147086,Reject
47046,671,30033,Reject
87823,824,93583,Approve
103580,645,24902,Reject
83370,782,142793,Reject
39615,637,21496,Reject
35060,805,81263,Reject
106436,729,47664,Approve
90519,608,62203,Reject
101117,707,24582,Approve
91158,732,49482,Approve
64782,697,54811,Reject
115709,618,56144,Reject
108533,670,61476,Reject
88255,638,51872,Reject
102684,641,102754,Reject
86918,744,37007,Approve
114284,790,70199,Approve
109558,689,70716,Reject
115549,773,105902,Reject
111422,818,115363,Reject
55256,706,133195,Reject
60005,819,123744,Reject
36638,747,53264,Reject
67419,797,117143,Reject
63377,735,85230,Approve
73116,695,47005,Reject
66634,746,128759,Reject
112291,631,51475,Reject
53382,725,36926,Approve
86063,746,53683,Approve
52394,623,103721,Reject
97789,623,96810,Reject
30864,783,134769,Reject
70222,808,66049,Approve
43666,847,119483,Reject
50955,719,143045,Reject
111845,617,128751,Reject
99590,739,120375,Reject
96471,640,127302,Reject
118314,686,141718,Reject
73298,847,112850,Reject
93108,775,69483,Approve
78924,681,132177,Reject
46709,791,59913,Reject
39726,743,80934,Reject
90824,807,62494,Approve
70542,827,50288,Approve
50245,750,132880,Reject
64753,813,141667,Reject
109788,766,143060,Reject
51316,632,111428,Reject
114698,623,140800,Reject
45960,660,45682,Reject
60791,654,87125,Reject
55216,788,50809,Approve
62467,683,104406,Reject
94427,824,140522,Reject
92047,822,71742,Approve
103290,767,79584,Approve
77014,785,94215,Approve
34078,718,28803,Reject
108389,671,72572,Reject
80519,673,139896,Reject
34042,728,133594,Reject
79052,684,80538,Reject
44389,752,127893,Reject
98111,695,125518,Reject
80733,652,70608,Reject
64754,788,63153,Approve
48624,773,113186,Reject
115886,709,68657,Approve
56681,801,29529,Approve
119524,659,114534,Reject
111006,650,133627,Reject
54704,720,68208,Approve
37493,839,95928,Reject
99639,672,57265,Reject
84383,811,137555,Reject
32994,775,24583,Reject
99280,811,81226,Approve
77234,767,46690,Approve
77291,606,30328,Reject
35594,674,107174,Reject
37371,812,36238,Reject
77315,829,59113,Approve
113564,838,108491,Reject
109526,618,76235,Reject
46626,837,41682,Reject
116005,742,67442,Approve
37130,669,101998,Reject
36828,788,148596,Reject
87514,655,91188,Reject
82664,737,36761,Approve
47883,773,134852,Reject
73059,679,115771,Reject
114078,708,82188,Approve
72932,802,109887,Reject
91269,784,144600,Reject
105986,634,31176,Reject
115959,671,124245,Reject
32035,691,77498,Reject
70745,602,119450,Reject
47241,665,134262,Reject
82975,780,68329,Approve
53154,805,45639,Approve
55625,651,87752,Reject
74950,692,133733,Reject
86396,780,47415,Approve
43331,781,52657,Reject
93927,646,58217,Reject
116226,602,103383,Reject
114719,792,72622,Approve
93014,742,37900,Approve
69346,683,31242,Reject
100411,813,116609,Reject
84478,633,57191,Reject
42254,649,67601,Reject
85734,632,84930,Reject
58621,672,37910,Reject
106441,602,113722,Reject
76121,601,145272,Reject
111418,731,34978,Approve
90197,615,69940,Reject
114577,781,141208,Reject
72431,632,33606,Reject
34837,608,52031,Reject
113163,656,27421,Reject
101232,639,75729,Reject
78994,829,22548,Approve
109079,651,27252,Reject
42615,809,67624,Reject
31466,615,98385,Reject
60771,735,90144,Approve
113886,686,110627,Reject
95911,659,132131,Reject
50746,763,141328,Reject
118422,602,26745,Reject
90739,614,55830,Reject
103369,701,58049,Approve
31893,824,57530,Reject
60573,809,50222,Approve
70874,622,149388,Reject
107362,834,144447,Reject
117460,730,29640,Approve
63367,757,53734,Approve
51199,772,75228,Approve
104328,616,107614,Reject
87724,713,148956,Reject
116133,785,77707,Approve
66405,657,118411,Reject
45989,823,43565,Reject
58931,709,64054,Approve
39290,784,127118,Reject
68367,734,73568,Approve
109878,766,86045,Approve
109481,677,92351,Reject
106298,785,127560,Reject
60133,783,138553,Reject
57052,742,77647,Approve
115489,643,78312,Reject
70475,611,134319,Reject
112666,607,62398,Reject
87656,679,80865,Reject
34633,640,122175,Reject
47304,761,140201,Reject
76546,645,52408,Reject
37008,815,134257,Reject
78291,847,108428,Reject
57405,628,84225,Reject
66386,615,98812,Reject
50827,732,125468,Reject
63040,604,23500,Reject
90354,843,71351,Approve
108543,629,32546,Reject
48157,716,73053,Reject
65315,777,60526,Approve
65932,841,100578,Reject
51164,604,124374,Reject
44414,834,136958,Reject
44327,740,58153,Reject
30946,826,20229,Reject
44693,648,71638,Reject
57241,688,44725,Reject
45540,649,53677,Reject
102255,613,97256,Reject
94757,707,70129,Approve
71203,645,51879,Reject
55081,817,102554,Reject
91861,681,140677,Reject
41350,725,116654,Reject
85512,683,24717,Reject
86809,633,104110,Reject
72832,670,98771,Reject
58369,774,25189,Approve
61728,659,147029,Reject
47576,673,106859,Reject
59001,806,109001,Reject
113384,680,121778,Reject
30390,738,141383,Reject
117535,697,97508,Reject
75436,690,125498,Reject
41569,812,21865,Reject
43029,694,118602,Reject
52490,777,137427,Reject
75875,848,141389,Reject
35867,731,122029,Reject
110820,768,113503,Reject
39121,786,24540,Reject
31539,659,77441,Reject
47027,712,113309,Reject
104229,680,128601,Reject
38921,840,98000,Reject
80435,789,57582,Approve
40310,839,99132,Reject
93965,683,140822,Reject
99922,624,116921,Reject
112839,831,100922,Reject
42242,814,39906,Reject
38947,806,40802,Reject
101466,632,92354,Reject
91816,618,84761,Reject
78785,656,148699,Reject
30507,614,77276,Reject
96972,640,126466,Reject
57151,796,123793,Reject
41618,807,124389,Reject
104286,659,94573,Reject
46122,708,89721,Reject
37354,839,56994,Reject
60979,695,110016,Reject
116436,621,138569,Reject
109376,770,27692,Approve
82774,759,78396,Approve
35037,740,146728,Reject
58633,765,39999,Approve
54495,625,92341,Reject
94550,843,23157,Approve
111384,808,54873,Approve
66483,732,57944,Approve
103373,724,53761,Approve
64069,776,99241,Approve
37370,696,105016,Reject
101947,818,118493,Reject
69133,732,51678,Approve
30692,828,112235,Reject
58926,670,112530,Reject
103984,775,115106,Reject
73390,617,39282,Reject
79593,694,75008,Reject
105609,733,32793,Approve
35209,665,46542,Reject
36533,726,130774,Reject
116597,804,106169,Reject
37211,641,140076,Reject
39927,716,59814,Reject
107463,779,148929,Reject
54594,610,35637,Reject
104852,625,105331,Reject
107713,748,114058,Reject
106382,793,94774,Approve
37933,767,112685,Reject
70696,655,69757,Reject
95449,717,136054,Reject
97616,778,129422,Reject
36089,747,68179,Reject
86548,808,141170,Reject
56123,807,112070,Reject
37797,656,29256,Reject
80013,833,74947,Approve
38346,604,20517,Reject
115414,613,145334,Reject
63672,623,97961,Reject
47653,842,107138,Reject
79556,667,34676,Reject
56140,779,72959,Approve
31184,647,107355,Reject
64493,815,30781,Approve
74148,774,104192,Reject
54846,659,134501,Reject
52195,800,120612,Reject
35606,602,84758,Reject
33956,718,45678,Reject
46555,736,90328,Reject
48690,809,69962,Reject
88502,699,97491,Reject
78849,682,65528,Reject
56347,623,28268,Reject
79056,731,38693,Approve
93851,736,126212,Reject
111502,824,45601,Approve
111418,600,112176,Reject
100211,715,89975,Approve
71850,842,68139,Approve
108545,762,33227,Approve
57843,801,63701,Approve
92320,739,115053,Reject
59793,745,115238,Reject
69516,805,91925,Approve
47857,609,82425,Reject
49627,801,114111,Reject
91822,745,129724,Reject
114101,751,65229,Approve
82248,728,105478,Reject
85798,821,109928,Reject
74116,678,102765,Reject
105318,799,45268,Approve
117902,849,97776,Approve
58557,698,82448,Reject
101334,809,116536,Reject
105163,832,86868,Approve
108002,743,31229,Approve
72614,812,65292,Approve
42720,742,26300,Reject
87608,789,103194,Reject
102095,732,59934,Approve
114694,644,45820,Reject
117593,717,85873,Approve
65892,651,56062,Reject
107242,798,115442,Reject
107606,711,69488,Approve
30924,734,33445,Reject
81322,754,21867,Approve
56478,816,114117,Reject
101042,813,108834,Reject
76418,711,86030,Approve
92217,612,24642,Reject
110846,616,122190,Reject
103762,832,28352,Approve
41781,643,22036,Reject
35515,740,84092,Reject
66133,817,34722,Approve
112508,672,68324,Reject
106946,604,36186,Reject
115058,830,79085,Approve
39095,632,128003,Reject
118583,731,148501,Reject
50470,819,107003,Reject
73129,753,138248,Reject
38531,667,111487,Reject
67038,615,78897,Reject
117939,828,22281,Approve
72674,749,116231,Reject
112476,635,148893,Reject
59831,701,62828,Approve
87174,785,21601,Approve
41279,782,64787,Reject
68220,762,129976,Reject
90610,624,21299,Reject
82719,671,78054,Reject
83051,680,34794,Reject
102013,660,115684,Reject
86652,617,133052,Reject
95524,841,115249,Reject
112936,657,73319,Reject
36470,848,36026,Reject
97598,675,116633,Reject
71798,720,38430,Approve
83473,656,67785,Reject
49880,696,121185,Reject
74439,814,41858,Approve
44308,662,136505,Reject
65081,611,104118,Reject
105242,610,23332,Reject
80383,740,53871,Approve
39837,762,88713,Reject
82151,626,48170,Reject
66824,816,129970,Reject
63073,703,139503,Reject
56299,666,83455,Reject
88861,840,116139,Reject
60063,688,120481,Reject
99453,644,135882,Reject
98472,801,106421,Reject
44506,680,58809,Reject
109854,666,115264,Reject
56026,836,94263,Approve
57672,749,100068,Reject
68417,701,59828,Approve
82413,805,111181,Reject
95066,690,65329,Reject
89213,641,83206,Reject
80971,619,44708,Reject
57281,647,102183,Reject
58091,617,35956,Reject
80494,727,139150,Reject
48610,676,125272,Reject
31079,833,103972,Reject
76751,797,83756,Approve
116126,801,123250,Reject
85432,828,100604,Reject
60951,820,107745,Reject
110863,605,99268,Reject
108291,638,82809,Reject
89872,610,107964,Reject
37235,711,24089,Reject
112733,752,50788,Approve
92712,707,112959,Reject
51473,835,118661,Reject
97567,693,99535,Reject
109823,654,123809,Reject
62230,683,139108,Reject
114573,657,94478,Reject
98876,636,35840,Reject
70644,615,23250,Reject
78664,822,147231,Reject
75203,820,75714,Approve
96677,669,87794,Reject
55425,692,127406,Reject
114817,823,138498,Reject
115961,800,118887,Reject
99806,764,105358,Reject
72814,780,143456,Reject
100219,814,100037,Reject
79646,743,75509,Approve
69884,617,30768,Reject
99322,746,144751,Reject
51650,771,84684,Approve
39190,729,111264,Reject
68196,785,140834,Reject
69449,737,139678,Reject
69661,803,67999,Approve
59709,645,38167,Reject
110428,809,70245,Approve
105179,618,144979,Reject
39943,637,106452,Reject
73240,636,68505,Reject
75760,818,25117,Approve
51042,711,60706,Approve
73894,805,30333,Approve
36869,644,117838,Reject
91078,716,34922,Approve
86759,761,125050,Reject
74306,729,104053,Reject
85371,643,77861,Reject
50918,696,45317,Reject
58379,682,91656,Reject
113232,723,22477,Approve
32962,723,106878,Reject
43851,626,26137,Reject
75747,647,55644,Reject
82349,693,118346,Reject
100832,606,148823,Reject
86356,754,58597,Approve
44745,684,138129,Reject
35730,798,28595,Reject
43921,711,45902,Reject
101138,688,66261,Reject
113111,727,128712,Reject
49023,829,108266,Reject
75349,617,125153,Reject
111533,632,26686,Reject
113286,760,63109,Approve
71979,695,83039,Reject
52837,721,79737,Approve
44997,624,71802,Reject
118603,741,114649,Reject
75039,765,139033,Reject
50923,765,117462,Reject
38876,603,101197,Reject
90973,707,70029,Approve
32887,789,54654,Reject
93723,681,86839,Reject
72422,609,70892,Reject
81413,634,103032,Reject
32841,698,138564,Reject
58756,703,84936,Approve
101576,845,107960,Reject
40304,622,92988,Reject
60341,816,149694,Reject
34758,664,46474,Reject
47010,681,58886,Reject
90758,806,117409,Reject
61658,752,126743,Reject
79002,823,141483,Reject
31375,780,141732,Reject
52092,811,129756,Reject
30490,616,34426,Reject
33729,784,53335,Reject
35974,802,146689,Reject
115216,804,50541,Approve
113860,816,140646,Reject
51398,747,94916,Approve
64650,727,145475,Reject
51292,752,119657,Reject
33159,769,97340,Reject
92766,772,132719,Reject
47065,840,139717,Reject
51638,630,111092,Reject
31073,844,24965,Reject
76511,664,85704,Reject
114307,779,142400,Reject
59320,679,64124,Reject
99876,839,88207,Approve
64924,691,36762,Reject
111720,748,49904,Approve
70734,629,87468,Reject
98116,722,34213,Approve
70025,730,52961,Approve
32159,825,44839,Reject
78940,669,49942,Reject
109436,770,50325,Approve
106976,628,111583,Reject
44678,602,30207,Reject
91075,785,115971,Reject
77204,760,90152,Approve
42021,674,123318,Reject
36772,644,93414,Reject
97163,668,34814,Reject
103755,841,37684,Approve
53464,759,55968,Approve
81137,710,23373,Approve
60232,809,110685,Reject
91497,838,128033,Reject
104024,683,119687,Reject
81448,651,35178,Reject
114517,791,45956,Approve
30901,715,138225,Reject
117980,702,84683,Approve
113597,840,60692,Approve
32881,767,64119,Reject
59863,819,111635,Reject
35622,740,24991,Reject
31378,817,25202,Reject
113168,679,147492,Reject
101186,816,40316,Approve
75201,801,49695,Approve
89251,628,23622,Reject
102572,837,127391,Reject
69255,790,80737,Approve
93212,829,135152,Reject
80210,811,77132,Approve
52499,845,21610,Approve
81628,753,61572,Approve
91360,823,146092,Reject
34603,830,36988,Reject
115473,701,115862,Reject
42632,658,142655,Reject
60607,776,86156,Approve
95756,780,35335,Approve
76994,815,22602,Approve
93382,758,112295,Reject
100354,831,75625,Approve
86344,611,105720,Reject
83775,785,125402,Reject
37349,848,108458,Reject
101154,763,118459,Reject
57464,609,126464,Reject
72624,733,100934,Reject
67344,734,113465,Reject
113791,844,81255,Approve
54299,630,80261,Reject
77975,690,124985,Reject
31462,799,35903,Reject
111441,602,31309,Reject
111788,703,55483,Approve
70581,774,122643,Reject
101289,725,28070,Approve
44175,812,141378,Reject
36191,600,53217,Reject
113434,772,149301,Reject
114518,781,114961,Reject
110158,777,147381,Reject
96537,806,81305,Approve
77645,734,35106,Approve
53283,790,53837,Approve
116971,614,24017,Reject
89123,688,49420,Reject
60024,794,113703,Reject
79630,757,121123,Reject
60734,721,33582,Approve
30515,805,99403,Reject
96727,715,104205,Reject
76216,795,95763,Approve
101833,635,127686,Reject
88755,666,70551,Reject
57856,732,101483,Reject
103870,624,97468,Reject
54162,822,136936,Reject
36008,610,30985,Reject
37987,799,26375,Reject
92532,817,35805,Approve
33332,665,37107,Reject
96323,755,62401,Approve
68990,839,123577,Reject
39873,848,93071,Reject
112542,659,57588,Reject
115761,737,36470,Approve
66444,649,44081,Reject
65340,766,26846,Approve
35033,764,133459,Reject
103324,662,89685,Reject
45689,788,136439,Reject
117134,830,123465,Reject
30066,812,121724,Reject
75246,691,49925,Reject
37533,637,73989,Reject
110639,719,133333,Reject
100152,632,137171,Reject
89658,674,88748,Reject
68498,644,133951,Reject
41772,771,89458,Reject
119385,728,116080,Reject
79036,652,117601,Reject
88531,774,67697,Approve
42940,760,112601,Reject
46932,666,42694,Reject
86827,817,26042,Approve
91431,742,28013,Approve
54648,704,51285,Approve
62966,613,62446,Reject
57777,750,72679,Approve
62567,723,110184,Reject
47174,781,78068,Reject
72598,719,23754,Approve
89199,735,142850,Reject
43798,781,31187,Reject
95364,635,57133,Reject
47558,811,143098,Reject
91084,727,134311,Reject
74237,779,86082,Approve
95497,733,56497,Approve
30178,696,125654,Reject
116006,755,131693,Reject
47118,777,132947,Reject
52616,765,75036,Approve
30798,757,68455,Reject
37601,837,120272,Reject
55363,834,116135,Reject
32795,680,24516,Reject
75264,672,86795,Reject
102833,819,132449,Reject
33084,781,43376,Reject
106646,670,109676,Reject
30731,645,104853,Reject
31129,755,88045,Reject
58022,744,64968,Approve
31605,831,32264,Reject
107506,775,147560,Reject
74130,771,37946,Approve
59265,835,51635,Approve
62330,659,95813,Reject
98469,659,46365,Reject
45187,604,44459,Reject
55791,796,83913,Approve
100610,805,89205,Approve
69867,797,116100,Reject
30893,734,104401,Reject
49773,846,129926,Reject
34239,780,76350,Reject
50863,744,36588,Approve
81415,658,35040,Reject
98968,608,37125,Reject
90430,822,148180,Reject
31515,749,50759,Reject
44605,644,129384,Reject
86240,800,113606,Reject
35586,786,92585,Reject
61186,679,101052,Reject
56928,827,57031,Approve
113087,825,76989,Approve
117029,836,24737,Approve
50711,612,70257,Reject
84962,682,101563,Reject
50039,611,125134,Reject
66561,763,30015,Approve
105483,609,79991,Reject
111395,615,56965,Reject
118658,691,35095,Reject
31577,847,35053,Reject
58350,618,134776,Reject
63798,703,108408,Reject
111417,733,51519,Approve
40785,731,83386,Reject
102227,757,138069,Reject
91957,702,147583,Reject
95431,694,130007,Reject
47297,773,128702,Reject
101894,626,72337,Reject
93772,772,43063,Approve
49581,812,91842,Reject
85192,636,32573,Reject
31462,736,37248,Reject
94173,660,126550,Reject
45511,634,139359,Reject
106106,705,112192,Reject
78665,646,36941,Reject
74414,843,98554,Approve
111010,748,143872,Reject
102573,744,33088,Approve
43386,654,106211,Reject
84460,687,36124,Reject
36221,694,102367,Reject
53474,605,120125,Reject
51045,720,23819,Approve
34922,762,115822,Reject
52706,649,31164,Reject
72771,764,52701,Approve
82335,612,102011,Reject
82949,624,135295,Reject
100714,823,127747,Reject
45240,722,69437,Reject
32716,728,104841,Reject
46574,648,97034,Reject
113255,721,52869,Approve
103717,634,56603,Reject
74066,849,142857,Reject
91826,682,24235,Reject
50213,652,131426,Reject
101916,779,144558,Reject
96151,781,32015,Approve
80906,675,34601,Reject
30463,703,27509,Reject
61973,831,59484,Approve
104694,646,36918,Reject
50651,642,141354,Reject
98694,747,60975,Approve
50008,760,61520,Approve
100474,692,55693,Reject
68185,743,46959,Approve
117924,677,20909,Reject
104417,606,95141,Reject
101139,669,100041,Reject
64980,748,123312,Reject
52504,635,20118,Reject
84970,813,48638,Approve
46766,703,88649,Reject
41695,653,129556,Reject
47796,746,124457,Reject
72543,624,100301,Reject
44559,666,103411,Reject
63139,827,38480,Approve
38802,708,27944,Reject
103843,780,55022,Approve
70205,825,134342,Reject
64159,802,110625,Reject
41516,647,68707,Reject
80492,769,118099,Reject
59086,774,75255,Approve
60480,690,86769,Reject
82091,769,107178,Reject
77766,601,48708,Reject
68737,733,50937,Approve
39265,726,78823,Reject
100990,645,58399,Reject
45386,793,138037,Reject
67425,705,132819,Reject
73254,808,144420,Reject
119863,639,85665,Reject
83634,657,122020,Reject
116717,839,141442,Reject
77662,677,138431,Reject
116988,801,38155,Approve
117527,836,149682,Reject
105452,632,40838,Reject
40143,833,43154,Reject
45581,661,64035,Reject
97443,845,50294,Approve
59424,611,148557,Reject
118844,725,141938,Reject
71984,823,90809,Approve
71505,648,94233,Reject
92699,687,25628,Reject
56957,677,123217,Reject
55464,604,65849,Reject
53649,778,45414,Approve
72065,668,130367,Reject
64758,710,90254,Approve
35596,759,39060,Reject
46374,836,20096,Reject
33775,776,103883,Reject
57388,824,123705,Reject
51029,659,115932,Reject
113981,645,142455,Reject
83639,795,31058,Approve
44645,848,32218,Reject
61105,821,36982,Approve
43668,768,80325,Reject
45960,808,117817,Reject
41357,794,89499,Reject
94604,612,110540,Reject
81796,707,66622,Approve
45804,711,43677,Reject
44626,699,64741,Reject
58132,745,86860,Approve
37951,814,47166,Reject
36449,826,63374,Reject
49065,712,66908,Reject
39130,696,110031,Reject
119360,650,136455,Reject
92287,717,123468,Reject
81702,635,111628,Reject
66993,680,86875,Reject
61875,702,68316,Approve
36054,633,32286,Reject
78517,739,83539,Approve
106368,732,49235,Approve
59670,647,97131,Reject
79112,703,79890,Approve
118388,846,45552,Approve
119156,690,33629,Reject
58307,723,66489,Approve
97087,639,124770,Reject
77922,740,78958,Approve
93080,625,78928,Reject
109335,741,115461,Reject
56312,695,123767,Reject
96985,738,58258,Approve
87608,765,138749,Reject
119962,679,32843,Reject
70277,846,117571,Reject
61551,656,43988,Reject
119813,749,135958,Reject
86597,848,118219,Reject
75212,710,118522,Reject
39637,743,53301,Reject
73258,804,100513,Reject
65693,675,133158,Reject
39824,809,27951,Reject
56950,628,111607,Reject
53488,809,95101,Approve
30215,837,48715,Reject
41523,729,72975,Reject
105900,781,81293,Approve
98689,601,69216,Reject
53834,602,57109,Reject
64474,820,57850,Approve
73066,783,66664,Approve
40400,671,96870,Reject
40345,610,134372,Reject
63896,803,111836,Reject
115430,759,145085,Reject
58899,603,39369,Reject
58229,736,123898,Reject
35583,687,138601,Reject
34897,712,143928,Reject
101537,783,109937,Reject
34567,615,130150,Reject
104807,808,80216,Approve
107239,838,133886,Reject
43329,843,40639,Reject
101792,849,84305,Approve
30228,685,102924,Reject
112214,798,38506,Approve
67052,609,83625,Reject
87769,820,148917,Reject
76032,763,98302,Approve
118721,623,92232,Reject
63686,663,82766,Reject
106981,655,23981,Reject
93261,837,147362,Reject
32809,805,102391,Reject
71785,805,39789,Approve
66547,688,20308,Reject
72818,837,125999,Reject
101927,621,113046,Reject
95681,779,114908,Reject
109465,649,93243,Reject
119862,646,101058,Reject
67333,622,55815,Reject
46576,823,46497,Reject
69405,817,116060,Reject
103779,842,63959,Approve
61601,818,54785,Approve
97946,836,33366,Approve
97356,803,57649,Approve
82116,682,119782,Reject
92894,618,46928,Reject
64635,779,106117,Reject
37465,761,44105,Reject
86754,823,123174,Reject
115119,628,39843,Reject
68871,660,130250,Reject
92874,684,127727,Reject
107733,634,90970,Reject
59511,833,146000,Reject
110960,604,53339,Reject
78821,675,105509,Reject
95776,606,126643,Reject
100167,768,140606,Reject
105135,729,97171,Approve
74462,816,86132,Approve
91382,737,41457,Approve
62574,701,117951,Reject
71910,643,70222,Reject
103531,669,113857,Reject
55186,690,100370,Reject
52813,762,122554,Reject
108812,661,106245,Reject
115525,801,88907,Approve
108282,800,20157,Approve
48557,619,101568,Reject
58060,828,78266,Approve
88866,762,23318,Approve
102104,764,141399,Reject
114577,831,98998,Approve
36080,671,79690,Reject
43854,837,130546,Reject
97695,719,125525,Reject
57025,781,144126,Reject
82982,694,94493,Reject
71081,726,97379,Approve
34368,712,88148,Reject
57094,706,40946,Approve
76040,849,32020,Approve
96766,679,98309,Reject
113053,627,50247,Reject
53991,797,20443,Approve
31301,759,58741,Reject
58610,819,37288,Approve
111463,738,22910,Approve
64678,769,64169,Approve
54466,750,120105,Reject
110440,629,37309,Reject
70875,608,97449,Reject
56081,819,34265,Approve
54354,815,114499,Reject
48300,658,115441,Reject
94384,755,44235,Approve
90892,815,134360,Reject
65525,678,75082,Reject
56532,702,78095,Approve
36464,713,94962,Reject
46562,760,22922,Reject
85514,646,78006,Reject
104219,697,60323,Reject
62634,749,115627,Reject
30060,756,47771,Reject
39269,761,29776,Reject
93143,641,86455,Reject
53065,779,57772,Approve
32895,646,73371,Reject
110859,673,142947,Reject
42352,650,40954,Reject
79737,845,40837,Approve
62016,772,95494,Approve
91304,693,25575,Reject
41962,719,148345,Reject
63302,674,71105,Reject
115382,845,71720,Approve
34011,761,93481,Reject
49782,748,138396,Reject
97691,722,132498,Reject
69725,740,74080,Approve
39196,781,96399,Reject
73459,752,101393,Reject
117245,845,138087,Reject
108863,721,144233,Reject
62769,620,52309,Reject
54700,600,42954,Reject
110356,785,147984,Reject
106427,668,69594,Reject
35269,844,53368,Reject
73880,685,113278,Reject
38320,670,97670,Reject
79589,612,145689,Reject
106276,836,133594,Reject
65897,779,148450,Reject
88565,622,31580,Reject
60930,748,40966,Approve
87233,605,101573,Reject
112821,747,88322,Approve
44380,675,104615,Reject
106896,767,35231,Approve
100934,608,31840,Reject
85830,777,22052,Approve
35529,627,53399,Reject
112987,738,88978,Approve
79178,715,21754,Approve
36937,695,141708,Reject
69886,674,129529,Reject
79699,687,95306,Reject
106396,655,99035,Reject
55279,806,85525,Approve
68106,704,20025,Approve
109737,634,109866,Reject
70544,808,30401,Approve
38997,624,149768,Reject
115711,712,125601,Reject
70860,698,133172,Reject
33225,746,149906,Reject
89470,832,26553,Approve
93656,630,91295,Reject
81880,680,27755,Reject
91078,846,98920,Approve
118646,649,115464,Reject
106290,686,113014,Reject
86633,790,53897,Approve
56655,646,123300,Reject
73601,600,65064,Reject
33114,724,117910,Reject
56502,785,106065,Reject
79768,737,58409,Approve
78128,735,117904,Reject
50028,705,143321,Reject
85565,724,75049,Approve
113123,753,66669,Approve
65333,761,34371,Approve
33174,618,92905,Reject
65398,805,89431,Approve
65929,671,99989,Reject
34321,842,24797,Reject
85421,728,65809,Approve
102635,775,87364,Approve
53760,752,95263,Approve
41360,623,98053,Reject
40313,774,36943,Reject
115998,683,144053,Reject
35801,719,128374,Reject
44130,821,46831,Reject
44271,668,62044,Reject
46075,794,138602,Reject
48984,759,148116,Reject
118095,744,44814,Approve
90942,788,93586,Approve
42861,705,80258,Reject
112203,668,79439,Reject
101376,610,95199,Reject
91247,765,92436,Approve
99101,795,58355,Approve
50977,830,107332,Reject
80617,746,79389,Approve
87473,702,35784,Approve
116654,837,122916,Reject
118177,840,23683,Approve
102902,814,93932,Approve
45630,744,27347,Reject
50056,612,105520,Reject
37382,818,63097,Reject
85739,600,108563,Reject
111685,601,148107,Reject
78639,809,103133,Reject
89838,827,76499,Approve
76041,708,34072,Approve
30992,824,32026,Reject
102394,827,121395,Reject
97657,793,136070,Reject
57160,795,72832,Approve
75156,743,132349,Reject
81375,603,144559,Reject
116442,656,60966,Reject
49572,800,144765,Reject
34136,712,51041,Reject
91868,812,116523,Reject
112263,622,89034,Reject
62167,843,143175,Reject
45479,723,52256,Reject
61376,716,34905,Approve
34823,729,123810,Reject
100456,794,110375,Reject
49585,686,87673,Reject
47272,753,142343,Reject
56619,724,101482,Reject
105069,710,110044,Reject
69895,606,74100,Reject
33720,827,101156,Reject
49267,643,100359,Reject
45696,760,122169,Reject
59968,712,90996,Approve
83364,791,140136,Reject
53345,763,122800,Reject
81567,603,139140,Reject
91607,717,59666,Approve
49385,622,120850,Reject
113658,752,123233,Reject
96900,832,98258,Approve
98244,689,110230,Reject
95425,819,92750,Approve
108518,691,117447,Reject
112844,812,33310,Approve
62919,801,120699,Reject
87196,754,109591,Reject
109401,650,100410,Reject
30495,714,47943,Reject
74755,806,148512,Reject
97684,845,51917,Approve
63324,680,74666,Reject
108929,702,21702,Approve
31552,826,77873,Reject
81272,796,40058,Approve
65853,679,61262,Reject
62924,750,34537,Approve
104462,702,97795,Approve
53889,839,101428,Reject
84675,608,40635,Reject
103591,632,48544,Reject
100190,634,85549,Reject
52634,848,141875,Reject
62363,831,71955,Approve
93752,649,135576,Reject
107004,623,130024,Reject
86398,815,127692,Reject
70718,841,57308,Approve
112916,751,93626,Approve
56870,746,22169,Approve
67394,638,130064,Reject
82057,788,30423,Approve
109795,624,62803,Reject
110409,843,138339,Reject
43016,822,113988,Reject
72137,829,28017,Approve
30153,752,63678,Reject
37853,754,77392,Reject
42379,631,52948,Reject
45792,738,138566,Reject
68367,796,111529,Reject
48100,707,121768,Reject
93456,632,97147,Reject
41049,746,52219,Reject
30786,706,50860,Reject
99904,710,135217,Reject
60699,720,140459,Reject
77691,615,41063,Reject
67040,826,67574,Approve
87986,610,99601,Reject
68762,802,44324,Approve
53600,801,86822,Approve
49810,697,120494,Reject
115703,715,61666,Approve
117347,796,129713,Reject
87204,814,44869,Approve
50085,782,136249,Reject
76854,624,91164,Reject
104797,692,49093,Reject
114269,831,66650,Approve
69779,804,137299,Reject
86207,710,141248,Reject
63980,695,86196,Reject
86117,761,68016,Approve
44141,611,39562,Reject
39344,815,88925,Reject
45896,831,128602,Reject
119353,620,121367,Reject
59813,726,75553,Approve
114431,628,77279,Reject
95679,778,55608,Approve
40681,720,80840,Reject
102903,723,30770,Approve
33228,750,75461,Reject
34582,632,141880,Reject
108683,735,140742,Reject
41397,769,46627,Reject
68799,676,26146,Reject
67011,796,108481,Reject
109183,845,79753,Approve
74264,640,129449,Reject
72317,673,110480,Reject
77914,662,135226,Reject
114633,613,72079,Reject
75254,815,137081,Reject
70096,789,78074,Approve
83785,674,102816,Reject
82344,773,82507,Approve
112643,666,43251,Reject
98546,692,114771,Reject
101091,652,51896,Reject
95603,839,59113,Approve
58412,779,137056,Reject
81658,693,73711,Reject
79549,712,33322,Approve
41549,828,27747,Reject
101216,849,145560,Reject
55739,734,137068,Reject
51209,808,117748,Reject
117968,811,134702,Reject
45116,781,129624,Reject
50045,610,78697,Reject
56327,835,55903,Approve
65709,624,87813,Reject
73617,786,60970,Approve
90139,815,87192,Approve
56905,793,62207,Approve
94148,754,132352,Reject
102603,682,70812,Reject
72919,785,52403,Approve
113521,692,54531,Reject
113400,828,143421,Reject
118150,738,136217,Reject
88446,654,84009,Reject
82428,618,35413,Reject
77894,691,60633,Reject
111149,766,140526,Reject
36447,812,92446,Reject
35499,689,144060,Reject
69041,813,80032,Approve
61315,797,55385,Approve
31299,610,133044,Reject
34994,741,148398,Reject
111163,659,121058,Reject
37489,763,111040,Reject
62355,831,93637,Approve
103805,640,70578,Reject
98367,729,93603,Approve
107355,784,48235,Approve
117173,706,90744,Approve
31996,659,132481,Reject
74387,747,100464,Reject
33089,621,95961,Reject
50659,727,48485,Approve
75178,725,118059,Reject
111268,702,33182,Approve
115042,731,91758,Approve
100726,783,34480,Approve
100111,820,76960,Approve
64565,709,71213,Approve
119242,657,83094,Reject
52884,815,65057,Approve
47199,664,120867,Reject
90038,815,121107,Reject
87786,657,124513,Reject
79294,757,55061,Approve
108015,675,103545,Reject
64178,618,35789,Reject
42665,727,140497,Reject
30534,828,118875,Reject
66132,789,125703,Reject
66110,849,49107,Approve
88754,703,137088,Reject
93580,706,46287,Approve
52469,717,35014,Approve
94016,795,28574,Approve
76233,678,58597,Reject
96708,683,37467,Reject
88232,771,136637,Reject
116437,811,63477,Approve
64409,717,107450,Reject
49324,846,74354,Reject
38738,788,97897,Reject
54054,748,140118,Reject
59709,609,84965,Reject
115643,629,149049,Reject
30363,623,105417,Reject
40358,775,41880,Reject
33240,654,146194,Reject
102201,703,139618,Reject
75689,726,47251,Approve
31936,779,72546,Reject
73965,831,144083,Reject
107534,724,135461,Reject
30882,765,64016,Reject
50224,794,126097,Reject
60825,692,46889,Reject
100740,607,120901,Reject
58885,756,45979,Approve
70056,846,81516,Approve
33203,737,68741,Reject
90241,796,85035,Approve
32244,674,77133,Reject
98619,795,33360,Approve
51584,776,137749,Reject
38521,785,138013,Reject
80017,762,118138,Reject
63541,777,86939,Approve
59063,639,56088,Reject
100268,847,125543,Reject
94952,739,100318,Reject
69563,684,124953,Reject
69752,615,34020,Reject
32567,677,27420,Reject
46121,812,109059,Reject
31674,647,53637,Reject
106411,690,59210,Reject
96275,827,51453,Approve
97081,728,29275,Approve
59140,792,50052,Approve
39327,621,149180,Reject
100663,742,116597,Reject
53331,843,53741,Approve
53004,811,51613,Approve
40492,794,111337,Reject
84797,613,128298,Reject
88095,672,68162,Reject
43749,618,132382,Reject
93217,639,115766,Reject
119044,697,52199,Reject
39045,603,145844,Reject
50116,632,37572,Reject
48667,642,25147,Reject
105057,764,23443,Approve
104205,793,130430,Reject
57302,626,114521,Reject
41283,772,91220,Reject
60935,680,33595,Reject
102534,712,86857,Approve
61624,777,34810,Approve
43440,716,136711,Reject
76501,723,26740,Approve
117333,694,52712,Reject
31269,662,25468,Reject
37868,832,147611,Reject
60251,733,149468,Reject
107909,723,99054,Approve
114523,715,32704,Approve
68729,694,85974,Reject
45734,666,85700,Reject
72429,831,25678,Approve
71337,794,149443,Reject
70325,696,84882,Reject
113600,715,76987,Approve
92514,786,56105,Approve
38433,612,121654,Reject
39111,748,37371,Reject
93753,663,55297,Reject
110583,764,106532,Reject
103620,807,48753,Approve
51751,684,130710,Reject
46453,847,105765,Reject
115844,775,25756,Approve
68968,655,60873,Reject
60077,771,136014,Reject
64775,740,80630,Approve
88144,731,44603,Approve
78570,822,128520,Reject
76097,800,43308,Approve
54503,711,122897,Reject
32779,632,51256,Reject
116840,764,75814,Approve
30755,652,52961,Reject
69263,700,110703,Reject
85087,751,71641,Approve
72281,688,46433,Reject
81482,778,49731,Approve
84857,768,26401,Approve
47400,628,142992,Reject
70115,786,144197,Reject
44249,767,120041,Reject
76825,650,38445,Reject
54600,649,95418,Reject
67706,710,133550,Reject
49222,635,81012,Reject
71139,806,91819,Approve
71302,708,45970,Approve
117838,659,82890,Reject
98159,745,31360,Approve
38646,619,141528,Reject
43543,732,138247,Reject
52785,745,74613,Approve
108353,723,84357,Approve
61406,767,52235,Approve
118992,600,101395,Reject
81428,618,93135,Reject
53777,686,30428,Reject
87939,753,67185,Approve
83026,840,89419,Approve
116450,628,105171,Reject
59553,658,57821,Reject
53548,662,68001,Reject
93221,697,97660,Reject
67265,810,104934,Reject
70701,789,113598,Reject
81287,647,119432,Reject
36727,661,133020,Reject
80717,617,59633,Reject
62427,793,108392,Reject
46692,626,142104,Reject
61625,605,34407,Reject
54918,830,38080,Approve
71136,797,93860,Approve
82409,786,27407,Approve
45577,605,60013,Reject
115155,630,57433,Reject
111731,704,83948,Approve
57689,831,24220,Approve
41154,693,82474,Reject
51341,655,97267,Reject
104681,781,142262,Reject
76330,812,96716,Approve
117759,768,42554,Approve
98416,835,98030,Approve
116807,617,97021,Reject
63313,686,85847,Reject
76900,829,112541,Reject
108840,622,46361,Reject
64695,819,123738,Reject
60225,763,101103,Reject
116072,624,35980,Reject
79156,606,147271,Reject
107209,809,135089,Reject
117453,747,107474,Reject
57829,732,70748,Approve
110908,617,85657,Reject
55938,705,53518,Approve
89164,831,69257,Approve
84530,632,26934,Reject
98199,678,94787,Reject
90282,634,115781,Reject
77801,838,97895,Approve
39465,709,32855,Reject
33326,664,137926,Reject
33659,662,37628,Reject
90289,812,110187,Reject
57594,671,43249,Reject
34763,798,127505,Reject
118657,640,56050,Reject
40828,777,22275,Reject
77588,727,105728,Reject
41221,707,143332,Reject
41211,831,20765,Reject
43569,703,73734,Reject
67860,757,121019,Reject
101558,637,103417,Reject
75337,634,130442,Reject
82311,793,130228,Reject
43515,773,115037,Reject
101695,735,137526,Reject
117227,701,140724,Reject
54904,667,57834,Reject
89935,636,118793,Reject
73790,684,46999,Reject
98580,740,59142,Approve
105148,800,120239,Reject
35636,772,121053,Reject
107129,628,129792,Reject
32892,640,147450,Reject
51672,655,97419,Reject
35812,815,29295,Reject
30654,615,142500,Reject
84633,739,148685,Reject
47143,665,144479,Reject
85934,789,113393,Reject
97334,746,125768,Reject
59087,757,76929,Approve
41618,743,49867,Reject
38446,815,146040,Reject
117182,740,130441,Reject
78867,668,143105,Reject
81028,622,26286,Reject
90101,789,131299,Reject
57200,847,46290,Approve
118074,829,24149,Approve
91465,758,79587,Approve
116436,652,124152,Reject
117892,719,125960,Reject
118559,744,145772,Reject
69148,727,87881,Approve
112928,648,41933,Reject
50698,776,124984,Reject
72470,794,94306,Approve
81660,753,38082,Approve
83910,612,131091,Reject
65450,707,30863,Approve
86463,765,26984,Approve
63757,749,147181,Reject
108012,684,75189,Reject
100247,756,113039,Reject
102015,644,58024,Reject
61390,773,124855,Reject
86116,766,69430,Approve
43161,796,87004,Reject
62152,805,147652,Reject
110171,681,29132,Reject
50836,667,55086,Reject
96543,696,122840,Reject
85648,766,123651,Reject
56331,747,34462,Approve
40763,676,66349,Reject
99444,827,42323,Approve
49187,836,38167,Reject
41957,795,30067,Reject
34379,634,75782,Reject
57959,735,81987,Approve
112018,651,23226,Reject
57105,639,97456,Reject
30877,720,45561,Reject
78353,712,133576,Reject
113788,710,121123,Reject
114585,635,56738,Reject
113308,733,95794,Approve
81567,847,135112,Reject
87913,813,51655,Approve
32637,669,120409,Reject
102778,833,38854,Approve
72025,827,75046,Approve
112464,672,68675,Reject
58742,615,105714,Reject
41831,830,104811,Reject
115092,773,95411,Approve
118370,786,64133,Approve
76762,637,55915,Reject
118741,824,83388,Approve
48830,617,97789,Reject
85044,611,138739,Reject
103948,653,138339,Reject
99202,818,48737,Approve
67045,774,131406,Reject
116322,600,27901,Reject
101051,742,103094,Reject
56627,710,104869,Reject
45198,818,30001,Reject
99521,807,110548,Reject
59475,620,114997,Reject
49403,728,140804,Reject
33681,692,51811,Reject
72292,794,118538,Reject
35629,739,115946,Reject
107814,723,142600,Reject
38417,755,123074,Reject
64765,638,79489,Reject
104499,764,57896,Approve
86574,822,115134,Reject
57675,659,80919,Reject
102267,758,139544,Reject
70563,785,146441,Reject
41332,824,60927,Reject
49177,696,120778,Reject
119254,838,118530,Reject
98447,703,115984,Reject
87104,738,52330,Approve
114335,709,91696,Approve
110730,628,63570,Reject
34951,688,46851,Reject
58333,718,41185,Approve
51673,740,95543,Approve
70870,650,90893,Reject
101101,707,76700,Approve
52821,781,146734,Reject
55494,746,138683,Reject
104160,657,103330,Reject
30835,635,90300,Reject
48646,627,100125,Reject
107360,795,80723,Approve
67335,730,30037,Approve
99351,849,54105,Approve
32429,829,25420,Reject
71950,700,102037,Reject
90654,706,136556,Reject
98143,688,136785,Reject
107527,768,120117,Reject
116704,634,29779,Reject
61099,692,31444,Reject
69385,704,110654,Reject
65919,820,120678,Reject
90782,675,87062,Reject
101116,826,64527,Approve
102590,683,92623,Reject
119626,808,144149,Reject
70387,844,28793,Approve
45823,675,56382,Reject
76015,848,22149,Approve
45339,649,105221,Reject
33491,699,61347,Reject
30706,801,72832,Reject
45728,809,111714,Reject
36997,757,99551,Reject
90408,671,39666,Reject
88097,832,22696,Approve
68523,714,52173,Approve
55163,676,32626,Reject
47718,822,67287,Reject
117508,720,73303,Approve
113767,797,100850,Reject
69619,653,64793,Reject
42126,670,119609,Reject
119131,684,51291,Reject
94926,701,66207,Approve
70633,706,53484,Approve
107654,840,107765,Reject
33317,778,25758,Reject
74980,627,84495,Reject
74115,791,52251,Approve
91646,848,72807,Approve
73158,707,141047,Reject
85963,812,117369,Reject
77631,620,96719,Reject
79316,815,126809,Reject
89342,754,120584,Reject
45504,626,100616,Reject
98593,676,71774,Reject
56660,649,94615,Reject
67196,756,106262,Reject
95938,766,71641,Approve
38605,656,38306,Reject
87388,718,91814,Approve
111297,819,77267,Approve
85501,764,77201,Approve
83309,820,56797,Approve
57043,663,23063,Reject
63635,647,131617,Reject
109315,749,126656,Reject
110691,827,63147,Approve
63132,757,128847,Reject
119387,755,78827,Approve
45366,750,89428,Reject
102107,824,103657,Reject
92580,603,40604,Reject
87889,730,141768,Reject
109553,660,46484,Reject
69236,695,62330,Reject
34150,603,148593,Reject
49423,664,79321,Reject
34137,739,121699,Reject
59992,740,69127,Approve
74921,761,120758,Reject
109369,723,35828,Approve
96917,786,147139,Reject
103690,692,24957,Reject
64235,800,38671,Approve
108975,630,78580,Reject
49122,670,142838,Reject
53956,740,124596,Reject
93879,781,116839,Reject
88560,601,146054,Reject
112800,760,78550,Approve
98685,649,94232,Reject
54660,734,130263,Reject
116064,745,98348,Approve
31168,778,95131,Reject
75124,607,95495,Reject
65897,654,138421,Reject
45032,803,149798,Reject
82797,642,35383,Reject
65294,786,28892,Approve
73827,629,47780,Reject
33516,658,139801,Reject
49751,608,114257,Reject
60373,819,39389,Approve
60270,667,139478,Reject
40386,766,65081,Reject
94817,680,146962,Reject
95184,738,116905,Reject
109693,722,118314,Reject
67879,729,33095,Approve
79597,622,90757,Reject
69132,790,46634,Approve
33626,841,68239,Reject
115936,621,23677,Reject
111515,788,63779,Approve
107065,753,67873,Approve
85390,739,111084,Reject
46645,759,92870,Reject
84144,608,64752,Reject
43382,834,79798,Reject
34025,796,57932,Reject
73226,689,94569,Reject
109380,798,141548,Reject
99711,820,142793,Reject
104710,632,147334,Reject
33443,751,133193,Reject
51395,688,85820,Reject
40725,694,124847,Reject
63461,820,123874,Reject
71115,668,107651,Reject
113732,637,76763,Reject
109790,836,104355,Reject
109557,738,60291,Approve
101260,759,129327,Reject
58690,663,98248,Reject
31407,671,119333,Reject
103568,619,52297,Reject
88560,633,50591,Reject
77340,710,42968,Approve
47794,641,44475,Reject
49881,735,73603,Reject
116292,665,39350,Reject
79703,620,117020,Reject
74354,678,93291,Reject
108462,669,118857,Reject
44390,604,148862,Reject
117475,845,102187,Reject
57307,845,99739,Approve
54502,666,43519,Reject
52486,834,86776,Approve
68258,770,89695,Approve
87716,615,104409,Reject
111494,698,142546,Reject
112768,672,30780,Reject
40748,634,140082,Reject
92785,682,28661,Reject
106050,770,121591,Reject
52738,709,48512,Approve
104231,825,38403,Approve
103606,638,148812,Reject
71662,609,62983,Reject
112234,801,62549,Approve
45123,747,115085,Reject
55616,600,68719,Reject
41182,605,90849,Reject
92013,780,133351,Reject
61331,773,95788,Approve
76098,665,89853,Reject
56128,637,140512,Reject
61556,760,127915,Reject
117505,666,45456,Reject
51876,699,119142,Reject
38949,676,78095,Reject
81962,634,28461,Reject
101206,806,47945,Approve
54099,644,66690,Reject
42716,749,90363,Reject
82611,834,108907,Reject
68885,667,98439,Reject
83144,616,39887,Reject
95220,604,114072,Reject
37837,812,50103,Reject
79355,656,99936,Reject
77299,815,142512,Reject
49159,694,54843,Reject
81012,767,70464,Approve
89305,844,134583,Reject
117096,847,99726,Approve
47106,629,104204,Reject
88123,769,51869,Approve
38720,606,143263,Reject
67661,840,149349,Reject
117318,723,147060,Reject
51120,798,67852,Approve
49790,690,65301,Reject
88655,815,67491,Approve
89643,746,133568,Reject
77374,768,134550,Reject
72907,847,67369,Approve
80071,761,137496,Reject
64812,749,94531,Approve
79570,651,67331,Reject
80901,842,48911,Approve
90186,818,143976,Reject
80251,605,130238,Reject
95171,801,130979,Reject
66160,708,26521,Approve
49156,694,59123,Reject
106208,752,72871,Approve
109980,665,51514,Reject
102320,609,57539,Reject
47929,801,55464,Reject
96606,625,65226,Reject
118442,732,66231,Approve
92559,813,91332,Approve
84205,667,53576,Reject
98475,846,128647,Reject
94341,697,23293,Reject
72863,670,127801,Reject
111837,649,23459,Reject
95439,616,38803,Reject
37194,610,89760,Reject
101387,652,27571,Reject
111914,649,108283,Reject
96214,735,45772,Approve
59777,819,73719,Approve
56183,723,34171,Approve
57445,835,133627,Reject
97038,847,138212,Reject
117201,824,125055,Reject
46198,843,95253,Reject
51411,661,100947,Reject
80577,816,91773,Approve
45867,812,128095,Reject
92501,675,29236,Reject
44266,722,63113,Reject
69422,689,66927,Reject
65208,628,58087,Reject
61213,701,38251,Approve
37367,826,119679,Reject
109026,700,126434,Reject
65362,709,107321,Reject
81588,771,110723,Reject
68285,708,125296,Reject
104755,772,33850,Approve
101846,628,105236,Reject
66307,840,66003,Approve
110280,815,103518,Reject
49867,658,24949,Reject
86523,742,50581,Approve
114161,669,92108,Reject
36378,695,46553,Reject
114685,643,49733,Reject
106958,825,132034,Reject
57926,763,98125,Approve
43180,683,69790,Reject
66931,720,122470,Reject
54014,656,95650,Reject
109872,716,20645,Approve
88502,663,91420,Reject
117736,803,43052,Approve
35470,698,97997,Reject
44953,840,46574,Reject
68507,637,102009,Reject
36523,847,67471,Reject
116923,744,67904,Approve
87190,626,129774,Reject
77761,616,100957,Reject
61169,662,79710,Reject
75641,610,143703,Reject
52990,663,118854,Reject
59661,846,142939,Reject
43419,638,25224,Reject
44457,729,66318,Reject
97600,714,58349,Approve
106102,793,81566,Approve
63085,781,73330,Approve
80654,756,29435,Approve
36130,644,89015,Reject
32042,815,94673,Reject
100134,687,78984,Reject
72982,679,112064,Reject
95185,758,124395,Reject
63477,776,55401,Approve
82709,834,125094,Reject
58716,608,89037,Reject
108137,754,20889,Approve
66018,783,28765,Approve
38061,704,143392,Reject
38609,724,76398,Reject
65371,677,34197,Reject
113021,644,56928,Reject
50805,816,128460,Reject
37857,770,56819,Reject
41620,707,71382,Reject
38177,749,74337,Reject
60111,698,84322,Reject
118578,760,134531,Reject
114181,626,76527,Reject
119941,639,91733,Reject
41826,625,99068,Reject
43890,682,22283,Reject
112428,772,57752,Approve
88031,830,102531,Reject
105020,772,84446,Approve
35495,625,77781,Reject
58481,669,117259,Reject
41267,666,131718,Reject
36743,605,144339,Reject
84800,627,59605,Reject
78773,794,109026,Reject
87042,612,66500,Reject
79476,662,125579,Reject
58552,612,28715,Reject
95242,848,82906,Approve
75772,804,121881,Reject
73730,728,100275,Reject
58948,639,42870,Reject
106311,764,52341,Approve
99093,630,49471,Reject
99123,843,31590,Approve
46535,616,38645,Reject
96490,736,21023,Approve
76562,708,111691,Reject
119080,663,44897,Reject
88535,656,35437,Reject
71269,740,96854,Approve
110674,764,63791,Approve
72462,741,51575,Approve
33127,802,68198,Reject
53147,624,125539,Reject
75528,822,81619,Approve
107095,721,30619,Approve
98931,677,80324,Reject
96381,656,40141,Reject
93749,670,148680,Reject
68672,687,126372,Reject
43731,712,143329,Reject
84512,699,86820,Reject
81024,769,48094,Approve
33832,769,136348,Reject
62332,646,34466,Reject
42467,715,58121,Reject
71025,771,86439,Approve
43107,768,62137,Reject
107994,730,126825,Reject
73481,838,143516,Reject
32581,835,128385,Reject
105118,689,36365,Reject
81638,710,107930,Reject
38418,689,35971,Reject
59113,728,149076,Reject
114363,806,128363,Reject
93044,738,63475,Approve
109955,828,51359,Approve
91030,734,53180,Approve
41814,611,92175,Reject
40024,843,50212,Reject
93288,848,122137,Reject
87836,765,71567,Approve
37435,781,104506,Reject
97084,794,51356,Approve
100601,705,41955,Approve
118416,721,46140,Approve
33407,652,131106,Reject
62940,817,77824,Approve
35666,845,59325,Reject
67122,821,96003,Approve
55092,759,75432,Approve
105645,699,97568,Reject
56505,772,146191,Reject
66713,778,100662,Reject
84387,636,88418,Reject
73169,718,64703,Approve
103282,658,120823,Reject
107511,653,32805,Reject
81742,745,148460,Reject
70522,600,24400,Reject
111132,844,61614,Approve
33880,748,112089,Reject
73454,627,102100,Reject
85711,711,40509,Approve
73539,615,121323,Reject
98321,775,86300,Approve
117985,627,40519,Reject
44799,749,83674,Reject
90102,810,96094,Approve
80726,711,36175,Approve
78784,728,80642,Approve
73333,822,80123,Approve
70828,715,147867,Reject
99526,843,46947,Approve
84362,769,34214,Approve
83997,697,106958,Reject
80341,837,148042,Reject
49073,831,92335,Reject
44549,669,117557,Reject
113795,691,138078,Reject
86920,602,100045,Reject
115326,822,29974,Approve
105515,807,49356,Approve
50316,680,70216,Reject
56183,643,38840,Reject
54624,754,123985,Reject
92515,778,70498,Approve
115781,623,79571,Reject
76705,747,26997,Approve
119326,759,94910,Approve
56756,698,56900,Reject
90390,740,22453,Approve
98369,711,20538,Approve
100821,770,96151,Approve
39589,747,50593,Reject
44116,722,22303,Reject
103181,711,75573,Approve
74786,843,134936,Reject
106425,729,147668,Reject
60286,667,78384,Reject
45994,690,70543,Reject
56639,659,104092,Reject
47205,816,119639,Reject
86677,731,55027,Approve
62930,723,92151,Approve
103313,695,51468,Reject
48316,744,74686,Reject
57304,728,94227,Approve
117876,632,119114,Reject
115366,629,83175,Reject
43403,604,139672,Reject
110052,717,109268,Reject
114627,739,43940,Approve
103495,829,56481,Approve
61932,759,89240,Approve
66701,637,53978,Reject
33385,848,34211,Reject
87241,616,68866,Reject
40367,785,56513,Reject
95030,845,95714,Approve
76505,708,109711,Reject
63332,639,103411,Reject
115178,823,35816,Approve
106325,751,141989,Reject
65268,739,52441,Approve
116486,710,114382,Reject
55563,727,35620,Approve
66404,694,42844,Reject
85182,746,72200,Approve
62991,628,139607,Reject
77663,812,51589,Approve
95886,817,65986,Approve
113848,779,72086,Approve
54127,819,91646,Approve
87692,744,114476,Reject
67500,672,54585,Reject
63785,620,92149,Reject
114146,841,57087,Approve
119126,659,135963,Reject
77997,697,27231,Reject
37170,674,31214,Reject
43303,718,149930,Reject
101743,747,88413,Approve
107852,712,117743,Reject
65187,780,138702,Reject
95034,713,122391,Reject
101776,838,21147,Approve
31893,702,134245,Reject
43753,679,69389,Reject
68090,662,136810,Reject
94922,656,27609,Reject
106768,628,139283,Reject
89412,728,29737,Approve
86030,723,56751,Approve
47509,809,130859,Reject
98653,658,60902,Reject
66929,791,25606,Approve
78291,685,78330,Reject
34042,799,70775,Reject
92574,670,146001,Reject
67201,688,64686,Reject
44016,821,141914,Reject
55022,697,68581,Reject
57938,643,130397,Reject
73678,775,69874,Approve
91720,832,21095,Approve
86805,715,105747,Reject
104323,674,85262,Reject
31986,742,106205,Reject
106478,762,102915,Reject
112994,622,42065,Reject
42161,780,68844,Reject
50689,644,57429,Reject
90924,812,101717,Reject
104308,691,135680,Reject
93745,612,104703,Reject
31211,633,143035,Reject
30229,765,30087,Reject
78542,669,25682,Reject
44345,707,144656,Reject
61819,795,58729,Approve
77779,732,106688,Reject
112421,846,140448,Reject
95584,725,123508,Reject
49950,767,79460,Reject
45173,797,93088,Reject
88032,620,145300,Reject
58036,755,77398,Approve
101356,730,36468,Approve
44292,622,140664,Reject
33052,799,110067,Reject
74377,618,92620,Reject
119317,844,63848,Approve
97838,802,131183,Reject
97819,649,39163,Reject
45620,801,91591,Reject
60461,785,88205,Approve
50750,819,97564,Approve
118719,619,86544,Reject
39472,835,71516,Reject
99263,715,35523,Approve
87602,691,138374,Reject
55523,692,141456,Reject
60766,799,65307,Approve
96060,682,22199,Reject
39079,652,127855,Reject
38399,839,135597,Reject
90726,722,56207,Approve
46532,684,124186,Reject
112357,681,104833,Reject
73162,608,90231,Reject
33749,603,21006,Reject
41353,768,27114,Reject
58477,624,129548,Reject
54570,633,115331,Reject
116373,672,103063,Reject
41437,736,125856,Reject
68104,681,147278,Reject
93370,802,34027,Approve
34551,740,113332,Reject
98359,829,119528,Reject
84880,736,113990,Reject
42916,807,148002,Reject
110703,603,122799,Reject
71445,761,142947,Reject
77636,606,97977,Reject
103927,614,143894,Reject
108194,848,50189,Approve
59685,637,20181,Reject
81134,802,32812,Approve
118916,823,42716,Approve
97847,690,146995,Reject
69993,821,139634,Reject
74333,651,60218,Reject
88865,680,121249,Reject
109096,699,46633,Reject
79756,810,30939,Approve
91192,606,30072,Reject
90686,706,130098,Reject
78733,644,94382,Reject
55993,658,89222,Reject
60492,721,115534,Reject
50981,620,136976,Reject
54143,755,46775,Approve
107603,602,104751,Reject
119452,741,113520,Reject
90277,601,128731,Reject
79990,628,145391,Reject
92888,745,110833,Reject
99351,636,72400,Reject
79999,772,51619,Approve
100309,644,149729,Reject
42446,751,127696,Reject
60733,719,49552,Approve
106000,645,128958,Reject
78632,739,82017,Approve
51576,652,44885,Reject
33320,644,102945,Reject
40750,631,89948,Reject
83463,617,140590,Reject
56572,612,144412,Reject
47948,731,66075,Reject
68826,622,105563,Reject
119051,661,94095,Reject
57867,653,24650,Reject
90231,801,96380,Approve
96262,782,37633,Approve
102233,668,121287,Reject
74678,841,57343,Approve
42963,767,145908,Reject
94360,613,116029,Reject
79434,697,146014,Reject
96617,627,43831,Reject
50269,799,81439,Approve
106312,807,143819,Reject
109732,694,56877,Reject
111494,670,67131,Reject
118905,666,65197,Reject
107225,756,138711,Reject
112867,699,81035,Reject
67528,660,77121,Reject
108972,702,135277,Reject
95602,795,21782,Approve
63332,736,106488,Reject
108929,718,115755,Reject
99206,616,62167,Reject
32251,648,24412,Reject
75717,790,115592,Reject
57027,811,114652,Reject
116551,677,79687,Reject
39583,645,133043,Reject
80387,692,67855,Reject
53104,720,116169,Reject
42224,612,100134,Reject
90624,827,78190,Approve
86058,644,30616,Reject
59299,780,57448,Approve
108572,616,84579,Reject
115469,646,143678,Reject
107928,661,53238,Reject
103474,777,32101,Approve
34141,642,123131,Reject
53350,667,123371,Reject
105082,723,95822,Approve
100871,811,121298,Reject
35077,802,72281,Reject
76015,833,140855,Reject
101147,813,70465,Approve
89180,708,31070,Approve
70857,845,48091,Approve
89840,799,75698,Approve
89902,627,143927,Reject
35577,772,78431,Reject
50002,768,60702,Approve
80711,693,66739,Reject
69451,824,66707,Approve
79103,824,81025,Approve
58647,838,41742,Approve
64831,717,53050,Approve
96830,763,60377,Approve
110632,690,84811,Reject
66833,683,99964,Reject
54398,632,130144,Reject
91554,624,136086,Reject
80755,835,22733,Approve
47706,834,89603,Reject
52340,618,104277,Reject
94994,774,31127,Approve
93884,812,32010,Approve
114361,705,56006,Approve
47482,632,95500,Reject
84225,847,48653,Approve
88849,666,146982,Reject
104854,741,44373,Approve
71256,806,27210,Approve
111110,760,86323,Approve
44650,641,134003,Reject
76118,813,146104,Reject
58930,792,44618,Approve
115707,694,35060,Reject
41801,646,65256,Reject
81360,634,113054,Reject
117908,716,133306,Reject
46559,811,85243,Reject
62334,759,42168,Approve
43288,782,122947,Reject
52398,781,73473,Approve
106230,675,48481,Reject
42191,778,106648,Reject
48051,807,91176,Reject
91715,786,23410,Approve
40737,799,54126,Reject
95140,847,111316,Reject
55251,741,130100,Reject
80975,745,96721,Approve
35147,727,101167,Reject
80508,654,63201,Reject
82224,821,36921,Approve
49643,824,114123,Reject
68967,697,73020,Reject
70733,783,57344,Approve
114003,707,40909,Approve
64808,648,39967,Reject
97288,825,27898,Approve
88959,787,70502,Approve
31849,712,61904,Reject
98178,780,149934,Reject
97136,798,138544,Reject
90740,733,99752,Approve
116322,669,46399,Reject
74565,685,137313,Reject
50183,735,48474,Approve
31132,828,146367,Reject
68259,742,97934,Approve
93668,753,73459,Approve
68563,638,132298,Reject
40931,730,127346,Reject
103169,784,39309,Approve
80639,609,115194,Reject
88901,602,61955,Reject
31044,821,125018,Reject
76691,645,109117,Reject
54363,749,52010,Approve
76694,666,34287,Reject
31582,792,42390,Reject
109910,696,131257,Reject
96844,618,28541,Reject
51301,827,37921,Approve
104329,661,63937,Reject
31620,697,71880,Reject
92224,656,60149,Reject
86655,694,73498,Reject
67534,706,115774,Reject
69390,687,87902,Reject
101629,803,99030,Approve
85856,740,59796,Approve
79252,743,63196,Approve
85809,743,141556,Reject
52259,714,138563,Reject
50655,718,82759,Approve
63005,651,96822,Reject
61629,844,26041,Approve
53610,811,105521,Reject
87184,640,24174,Reject
51602,647,147521,Reject
115945,690,82933,Reject
41110,638,53691,Reject
36073,612,135306,Reject
110818,731,139088,Reject
40195,695,108262,Reject
31537,708,113374,Reject
47138,703,23303,Reject
74328,697,66653,Reject
76202,830,47177,Approve
70164,642,127543,Reject
119743,808,29890,Approve
84659,687,107500,Reject
116155,692,46806,Reject
79692,773,93136,Approve
54845,819,111980,Reject
119846,725,47230,Approve
60562,708,126426,Reject
58036,646,36466,Reject
90752,813,36476,Approve
104233,691,117557,Reject
113049,780,75912,Approve
98681,752,47732,Approve
57818,640,149596,Reject
60544,602,27375,Reject
92532,720,27837,Approve
108636,676,43108,Reject
87705,694,137736,Reject
50104,612,37851,Reject
99603,704,46600,Approve
89025,617,147749,Reject
62317,636,35188,Reject
61416,770,64777,Approve
72012,761,25489,Approve
98045,808,104618,Reject
51400,654,94519,Reject
78270,651,118779,Reject
102069,812,28695,Approve
79833,635,148846,Reject
93644,781,20230,Approve
110206,786,125325,Reject
99468,713,52103,Approve
89473,847,128082,Reject
75809,651,46350,Reject
68328,831,96818,Approve
66784,618,141521,Reject
53723,739,71408,Approve
90646,691,40354,Reject
96255,738,114338,Reject
30074,647,139526,Reject
56498,700,69535,Reject
95522,819,31355,Approve
50541,698,50238,Reject
75929,835,128905,Reject
56028,806,37144,Approve
59545,743,90779,Approve
109569,836,105872,Reject
61673,798,70094,Approve
60974,646,137383,Reject
88899,666,103216,Reject
53097,630,30594,Reject
94824,675,104067,Reject
53525,607,141562,Reject
87804,816,111751,Reject
45043,788,122700,Reject
71846,643,36992,Reject
107261,777,116059,Reject
80227,634,119185,Reject
83028,803,95978,Approve
67383,788,80436,Approve
59483,846,49893,Approve
37265,812,145039,Reject
52763,817,109236,Reject
105652,782,63388,Approve
45733,793,33042,Reject
67420,613,47577,Reject
39247,709,33494,Reject
53840,603,106811,Reject
95149,744,59248,Approve
51058,838,109425,Reject
64929,711,54762,Approve
114171,668,101709,Reject
61362,751,136011,Reject
116489,648,93304,Reject
114664,654,98045,Reject
77356,798,21011,Approve
107597,750,108823,Reject
36041,838,117688,Reject
108209,680,81382,Reject
91954,739,102608,Reject
91869,738,56836,Approve
51059,714,81557,Approve
74722,674,81613,Reject
47548,697,144122,Reject
45078,726,121751,Reject
35419,710,44281,Reject
65490,700,116574,Reject
106086,713,35948,Approve
88760,628,43639,Reject
60337,661,30236,Reject
31468,652,44459,Reject
54309,716,84589,Approve
96344,775,110552,Reject
102255,827,45800,Approve
111899,690,50271,Reject
58718,846,120766,Reject
67841,705,123427,Reject
103548,685,115157,Reject
113565,727,24178,Approve
76660,793,117984,Reject
80281,838,33276,Approve
30767,699,34828,Reject
33895,775,26149,Reject
88026,693,112864,Reject
72968,786,103672,Reject
70097,798,49018,Approve
45332,784,73781,Reject
44621,848,51376,Reject
106870,675,63962,Reject
48174,602,91452,Reject
70502,680,24546,Reject
66674,704,80560,Approve
67260,631,35361,Reject
72498,607,88895,Reject
97609,686,74165,Reject
79464,829,97670,Approve
101805,629,129792,Reject
94919,742,115161,Reject
84469,673,60372,Reject
47194,782,130805,Reject
56811,722,56782,Approve
102377,720,20899,Approve
73723,637,119493,Reject
105235,742,116628,Reject
106298,757,118956,Reject
89238,773,142684,Reject
32147,791,149530,Reject
68445,753,20982,Approve
83803,714,118879,Reject
91108,708,94060,Approve
32013,677,89843,Reject
115617,794,143168,Reject
112410,635,92289,Reject
83502,689,63173,Reject
67755,805,128669,Reject
38733,758,117436,Reject
39479,805,130329,Reject
105361,849,60508,Approve
51304,639,102975,Reject
65694,673,58794,Reject
111171,800,40753,Approve
116296,645,119628,Reject
39490,831,133684,Reject
51252,706,89131,Approve
36862,769,40211,Reject
99959,745,47238,Approve
40450,699,104243,Reject
86022,763,66086,Approve
91991,803,87418,Approve
70927,777,47639,Approve
118090,660,99302,Reject
79853,767,86689,Approve
61826,602,138058,Reject
72879,681,77440,Reject
87265,606,102196,Reject
102361,630,58172,Reject
107990,664,145727,Reject
119787,694,58060,Reject
116184,663,110443,Reject
70736,845,128748,Reject
54530,676,73350,Reject
108052,820,96779,Approve
77058,602,72848,Reject
104094,692,131546,Reject
104255,634,128903,Reject
34886,614,105122,Reject
67387,620,71238,Reject
51575,661,36690,Reject
69643,682,135571,Reject
40100,755,26663,Reject
90356,603,133517,Reject
37856,836,26189,Reject
68169,740,40673,Approve
58804,806,23589,Approve
65790,778,69007,Approve
60988,775,121945,Reject
106448,766,60104,Approve
68506,823,101017,Reject
117904,666,147224,Reject
97306,693,107028,Reject
42305,657,67310,Reject
39969,811,22162,Reject
42404,729,100110,Reject
38989,841,43093,Reject
95305,624,146027,Reject
65983,610,115400,Reject
69462,600,25167,Reject
49360,647,63743,Reject
115657,712,39525,Approve
56287,775,140819,Reject
95472,737,40987,Approve
91313,680,102074,Reject
64160,629,89166,Reject
36789,762,28652,Reject
57181,713,136084,Reject
44385,618,110902,Reject
112597,709,131817,Reject
95641,780,125101,Reject
74247,848,116572,Reject
116673,633,124898,Reject
35544,631,72861,Reject
43275,675,87403,Reject
93248,834,46264,Approve
64550,725,20576,Approve
83693,808,92799,Approve
49641,733,132535,Reject
101749,842,23764,Approve
110021,740,79887,Approve
45605,830,44937,Reject
80713,685,53224,Reject
50390,674,113361,Reject
105403,791,114336,Reject
88466,734,72713,Approve
33981,644,55878,Reject
39493,772,138217,Reject
101218,812,57675,Approve
101318,664,90504,Reject
46984,693,110461,Reject
52760,618,112804,Reject
31524,842,34202,Reject
79402,718,40931,Approve
95614,646,89619,Reject
65891,645,148379,Reject
69832,628,36492,Reject
75836,826,76903,Approve
103953,844,86767,Approve
43362,811,118880,Reject
96745,699,85776,Reject
67921,788,30830,Approve
100434,830,68215,Approve
48562,664,109486,Reject
94510,750,124113,Reject
106407,822,46617,Approve
37610,727,99109,Reject
45791,847,75873,Reject
88047,650,149348,Reject
97906,790,135058,Reject
49665,826,75206,Reject
100246,843,46728,Approve
95864,838,134785,Reject
76451,836,74758,Approve
116148,621,147071,Reject
75890,709,62908,Approve
36794,670,60924,Reject
62888,632,46071,Reject
36749,726,95821,Reject
76531,708,113049,Reject
50608,699,95806,Reject
110986,643,38839,Reject
99211,606,39830,Reject
113996,727,62365,Approve
86017,690,101806,Reject
87676,729,123115,Reject
41560,616,93363,Reject
84401,664,137379,Reject
80468,785,129241,Reject
62463,709,135660,Reject
61663,629,47324,Reject
98706,813,46088,Approve
88773,691,126110,Reject
63123,844,88459,Approve
39718,824,123305,Reject
92637,753,102728,Reject
30028,762,125780,Reject
92370,790,98422,Approve
77599,674,82406,Reject
47397,798,116888,Reject
75406,755,124267,Reject
77657,752,58703,Approve
97560,788,85422,Approve
43503,704,40614,Reject
84943,630,36711,Reject
105839,781,114406,Reject
112674,794,37066,Approve
55345,696,64291,Reject
80390,650,52891,Reject
89557,657,20753,Reject
95054,633,60882,Reject
31906,786,54374,Reject
70167,620,59293,Reject
37961,783,23578,Reject
56140,636,106586,Reject
88701,663,101004,Reject
107567,840,141896,Reject
110664,746,144348,Reject
111199,723,39229,Approve
111218,700,88474,Reject
110729,718,148145,Reject
58561,684,134461,Reject
80568,677,62886,Reject
103302,801,33875,Approve
59504,780,141007,Reject
67146,798,82742,Approve
70297,820,120731,Reject
116394,790,110276,Reject
98607,703,99686,Approve
46939,789,29701,Reject
80715,671,142844,Reject
74460,702,69121,Approve
96576,676,43291,Reject
98222,709,114822,Reject
42666,618,44116,Reject
92119,802,25886,Approve
65321,729,33672,Approve
31779,840,34508,Reject
43186,733,114204,Reject
46459,756,129306,Reject
116246,768,94928,Approve
117755,778,57936,Approve
35057,732,66190,Reject
90663,768,23281,Approve
48733,661,132375,Reject
49157,757,148686,Reject
65030,848,94346,Approve
49613,702,71864,Reject
113028,789,123258,Reject
116282,699,115386,Reject
35188,754,122027,Reject
59680,777,119990,Reject
90119,809,142128,Reject
104400,651,67659,Reject
85718,648,136294,Reject
66445,789,32924,Approve
35796,699,101559,Reject
77218,787,84966,Approve
69131,725,114044,Reject
38123,717,48468,Reject
38222,807,48379,Reject
54074,653,81654,Reject
59825,718,111465,Reject
66839,732,122543,Reject
98322,736,77962,Approve
86321,761,74255,Approve
55988,697,126849,Reject
65507,635,36664,Reject
53806,822,33633,Approve
66901,843,64337,Approve
47043,747,24932,Reject
105761,680,36205,Reject
39752,811,105470,Reject
98993,819,71111,Approve
72616,684,69541,Reject
82127,848,90719,Approve
104777,682,105787,Reject
30453,662,40744,Reject
105432,666,22053,Reject
117362,757,123312,Reject
40976,796,28359,Reject
100404,833,132994,Reject
111932,797,148971,Reject
107707,602,141004,Reject
119647,776,131441,Reject
63688,641,54934,Reject
116840,623,60874,Reject
32017,643,84737,Reject
37957,728,32461,Reject
34792,841,129502,Reject
85982,714,75424,Approve
43237,781,134874,Reject
81586,779,41566,Approve
111787,635,65006,Reject
49252,806,113052,Reject
40707,832,78641,Reject
64206,637,120949,Reject
33543,771,132849,Reject
74135,681,66064,Reject
65031,814,70368,Approve
72929,774,117005,Reject
95747,628,90163,Reject
87851,778,31191,Approve
85311,640,119509,Reject
95867,813,92239,Approve
118780,791,102147,Reject
87196,687,71765,Reject
103705,836,131205,Reject
87894,647,54904,Reject
117640,804,43695,Approve
44591,824,130227,Reject
78893,713,83205,Approve
30727,621,26958,Reject
51359,698,102169,Reject
73822,616,22272,Reject
118534,685,80294,Reject
40929,732,107958,Reject
90091,660,23018,Reject
110378,688,98496,Reject
53519,733,87751,Approve
47393,780,120461,Reject
64318,680,103716,Reject
104531,694,39628,Reject
77934,744,101406,Reject
111103,658,77198,Reject
58840,824,20296,Approve
119367,766,120231,Reject
43265,653,34578,Reject
35424,725,136944,Reject
50625,775,33554,Approve
109622,764,125725,Reject
59187,647,41585,Reject
65929,667,54225,Reject
91892,706,23546,Approve
50539,677,66622,Reject
86630,676,131619,Reject
39215,626,125665,Reject
69385,687,47703,Reject
117580,754,145188,Reject
107462,671,23664,Reject
55008,844,111701,Reject
78928,790,51099,Approve
113096,779,125958,Reject
119876,646,102015,Reject
54976,841,73084,Approve
57626,702,62319,Approve
89789,620,141600,Reject
34700,714,26140,Reject
93645,656,70891,Reject
103396,704,146674,Reject
37526,802,103272,Reject
69500,694,85007,Reject
98049,818,139612,Reject
103366,769,42141,Approve
110317,709,70694,Approve
89117,775,147901,Reject
86096,626,41628,Reject
37910,727,132398,Reject
111383,799,47243,Approve
101185,760,83747,Approve
80248,675,102750,Reject
104656,634,103525,Reject
31951,697,106565,Reject
95212,743,85198,Approve
105701,635,145627,Reject
109888,665,64770,Reject
105282,803,27937,Approve
71954,818,76004,Approve
119719,655,115239,Reject
38804,744,65618,Reject
30595,747,124820,Reject
59592,812,102141,Reject
70643,693,73103,Reject
92665,705,110642,Reject
50823,683,26493,Reject
35972,735,118038,Reject
45882,745,147006,Reject
96394,848,117871,Reject
101055,617,45957,Reject
53769,745,24117,Approve
55020,724,123712,Reject
72748,601,119057,Reject
115374,675,32501,Reject
74912,823,147687,Reject
42879,833,21188,Reject
63798,799,67243,Approve
119826,778,52113,Approve
76073,737,141796,Reject
105791,802,76639,Approve
96983,741,126904,Reject
73005,625,128981,Reject
32850,646,86332,Reject
58400,629,132652,Reject
41953,655,100372,Reject
53535,718,90681,Approve
105536,769,75829,Approve
105039,731,70012,Approve
111029,830,122475,Reject
34055,738,93711,Reject
68170,751,135053,Reject
58251,845,87050,Approve
34532,813,35451,Reject
34924,794,123240,Reject
78037,764,72086,Approve
108082,849,68393,Approve
101621,729,144463,Reject
107926,739,102418,Reject
108816,620,96969,Reject
119654,796,21369,Approve
100400,798,34068,Approve
40702,791,144131,Reject
45385,667,61658,Reject
39336,725,28116,Reject
95421,642,63687,Reject
61225,781,112362,Reject
66021,832,63453,Approve
33782,699,51237,Reject
118877,722,143011,Reject
119630,789,25364,Approve
79111,813,85626,Approve
119402,692,97622,Reject
114585,800,96925,Approve
72719,817,36855,Approve
79037,739,124388,Reject
110103,839,127761,Reject
33513,728,147477,Reject
43335,799,112920,Reject
74140,760,73634,Approve
110373,791,74278,Approve
107658,715,21111,Approve
64840,714,118901,Reject
61007,795,78251,Approve
86947,741,80258,Approve
56393,718,31408,Approve
87480,692,44002,Reject
118290,741,103274,Reject
116335,608,126181,Reject
39107,672,97674,Reject
35993,625,96963,Reject
82066,776,96432,Approve
72942,838,87925,Approve
46138,705,35360,Reject
74527,744,122379,Reject
39190,832,113762,Reject
108422,667,36847,Reject
85698,787,146818,Reject
112315,709,67565,Approve
59086,730,37456,Approve
47322,820,149842,Reject
113569,624,90982,Reject
115610,620,102393,Reject
33435,739,123287,Reject
83331,653,119242,Reject
58942,600,100239,Reject
89635,727,103230,Reject
59059,600,59959,Reject
87557,772,35058,Approve
82389,773,71492,Approve
83014,775,72672,Approve
62826,734,89592,Approve
60297,609,135774,Reject
73890,742,98391,Approve
51322,639,146409,Reject
65739,738,76849,Approve
39719,783,82313,Reject
109553,773,43488,Approve
38314,644,101308,Reject
105164,686,108652,Reject
107028,740,118563,Reject
66113,626,87192,Reject
45357,832,129451,Reject
50365,808,114391,Reject
69029,649,129615,Reject
31737,660,124594,Reject
104632,842,91449,Approve
115474,612,85387,Reject
108218,739,93509,Approve
57499,756,36975,Approve
76157,684,140555,Reject
86247,683,62392,Reject
71034,619,33305,Reject
30294,630,96215,Reject
54596,607,41961,Reject
41434,623,20228,Reject
88382,802,101179,Reject
68098,766,148572,Reject
34655,632,112891,Reject
113029,641,127864,Reject
76228,742,103544,Reject
33771,795,43474,Reject
104099,792,23979,Approve
86799,759,66343,Approve
92257,738,20739,Approve
47558,693,124825,Reject
88436,636,39558,Reject
62376,746,57817,Approve
117458,778,71799,Approve
107924,827,112182,Reject
59332,633,141124,Reject
76737,798,58154,Approve
119031,787,52272,Approve
103970,836,57339,Approve
81952,811,133591,Reject
50991,652,99796,Reject
57472,739,26594,Approve
89946,789,33185,Approve
56849,695,144914,Reject
31541,793,32572,Reject
32765,813,125784,Reject
73074,704,37569,Approve
59283,647,102509,Reject
30769,639,89753,Reject
47806,751,93184,Reject
32972,777,37519,Reject
48256,822,131854,Reject
48653,795,51953,Reject
116669,687,39804,Reject
69339,642,96286,Reject
55757,616,85537,Reject
72399,831,37275,Approve
74013,810,93418,Approve
44706,831,131390,Reject
68231,701,82068,Approve
57909,782,83344,Approve
106631,761,98284,Approve
87572,710,142750,Reject
115879,824,52601,Approve
93767,669,47575,Reject
56469,659,72705,Reject
31313,778,75221,Reject
37847,827,134612,Reject
80222,676,52369,Reject
104702,838,64617,Approve
39930,800,78315,Reject
33285,634,148240,Reject
65863,761,35317,Approve
46704,615,76109,Reject
48705,809,130645,Reject
30555,745,48318,Reject
51323,637,132082,Reject
100968,841,122508,Reject
96922,770,61239,Approve
83915,631,107704,Reject
40619,606,38082,Reject
102390,814,82520,Approve
89274,814,31079,Approve
103173,645,22884,Reject
51225,788,113397,Reject
56739,617,56347,Reject
77708,670,92731,Reject
83019,833,87787,Approve
106154,639,90176,Reject
37373,687,38740,Reject
65281,677,134297,Reject
50187,777,32815,Approve
97863,604,85177,Reject
114085,837,62891,Approve
69220,781,72566,Approve
37642,848,61968,Reject
109971,685,49913,Reject
85556,785,98440,Approve
63760,621,74860,Reject
68192,673,38462,Reject
34381,689,138883,Reject
49558,678,55482,Reject
60782,765,92483,Approve
34782,832,21338,Reject
84712,833,32782,Approve
49462,718,105609,Reject
90030,776,26614,Approve
98519,728,20741,Approve
86411,677,50210,Reject
85206,635,86269,Reject
76950,694,33944,Reject
32523,627,76991,Reject
90926,697,21806,Reject
39677,634,33285,Reject
105828,787,128874,Reject
45089,830,96993,Reject
34581,661,87289,Reject
41907,686,60126,Reject
35609,773,100123,Reject
81153,707,25857,Approve
80539,810,53792,Approve
74143,724,127978,Reject
52936,809,107684,Reject
80182,678,74361,Reject
43163,724,145445,Reject
89758,660,56322,Reject
76057,792,95507,Approve
42537,816,31908,Reject
52419,625,84627,Reject
72578,762,140904,Reject
104991,656,83643,Reject
104599,806,41202,Approve
30834,790,112228,Reject
62214,731,90102,Approve
32413,806,79883,Reject
39505,641,116555,Reject
32105,829,99558,Reject
98104,772,140013,Reject
88408,766,129461,Reject
67679,849,63720,Approve
109731,845,59662,Approve
95131,792,47030,Approve
94280,621,59850,Reject
45762,738,149603,Reject
88703,837,130250,Reject
111434,829,144825,Reject
93079,764,105288,Reject
51577,842,55397,Approve
31214,689,76094,Reject
116339,778,110640,Reject
78114,818,40616,Approve
119234,657,116474,Reject
93230,804,85334,Approve
62980,606,26661,Reject
97194,735,77029,Approve
107806,837,46047,Approve
67792,650,59043,Reject
75807,842,128531,Reject
52301,750,66442,Approve
35141,689,81378,Reject
43777,707,45943,Reject
68346,846,54487,Approve
84703,818,94769,Approve
77819,608,89023,Reject
58469,773,44559,Approve
33845,637,91380,Reject
53290,710,61519,Approve
60699,612,111676,Reject
74252,606,147903,Reject
33293,738,31416,Reject
87089,801,42859,Approve
46608,824,107789,Reject
96273,830,124766,Reject
46619,777,38184,Reject
108006,846,47846,Approve
117908,666,115757,Reject
111653,640,62771,Reject
44779,756,106995,Reject
81040,764,145961,Reject
86325,846,35498,Approve
51630,783,89798,Approve
42178,836,52914,Reject
49935,807,72980,Reject
77258,615,149962,Reject
52784,643,65500,Reject
93722,649,54885,Reject
53027,834,58215,Approve
87853,840,84320,Approve
97359,798,106934,Reject
102388,806,129159,Reject
108608,829,49924,Approve
106669,733,75099,Approve
45111,617,83113,Reject
62312,746,20318,Approve
54161,843,97697,Approve
97313,650,97859,Reject
80374,793,25749,Approve
54014,602,118558,Reject
110308,837,29528,Approve
76389,845,41441,Approve
48161,688,28526,Reject
37490,827,129587,Reject
54502,653,57161,Reject
65757,648,21044,Reject
71111,627,98301,Reject
113245,637,38175,Reject
88645,627,68887,Reject
89055,631,71671,Reject
38998,842,20961,Reject
58906,640,89285,Reject
100192,635,122869,Reject
80477,702,125820,Reject
66901,635,71966,Reject
82021,706,36973,Approve
59092,845,103908,Reject
31242,725,129335,Reject
31831,686,138553,Reject
80721,665,63393,Reject
58511,737,121293,Reject
102782,669,146828,Reject
48302,799,58433,Reject
85568,678,90077,Reject
33232,836,50678,Reject
81507,692,38344,Reject
106508,790,65154,Approve
40683,691,28846,Reject
53664,621,53846,Reject
63172,825,121378,Reject
113641,619,127851,Reject
94340,632,90565,Reject
117236,742,78802,Approve
41017,734,36272,Reject
66613,815,68613,Approve
116130,689,109306,Reject
106920,649,146162,Reject
60348,609,33104,Reject
46448,678,35855,Reject
39491,636,57524,Reject
108648,658,141063,Reject
88759,687,122999,Reject
74553,802,86455,Approve
30968,703,62706,Reject
30368,662,54526,Reject
103960,620,120135,Reject
65010,703,29363,Approve
84154,829,72430,Approve
65851,678,69511,Reject
55496,806,76738,Approve
60936,636,99791,Reject
108858,644,89346,Reject
97005,741,21440,Approve
67493,642,129415,Reject
99795,715,87255,Approve
66390,684,140360,Reject
40292,835,64213,Reject
58365,683,20555,Reject
47207,760,127729,Reject
52912,602,97648,Reject
110771,703,146919,Reject
86572,686,87833,Reject
49276,771,21535,Reject
35534,710,34931,Reject
65670,686,91818,Reject
92147,690,139773,Reject
66486,634,114170,Reject
95557,752,64262,Approve
64268,695,111021,Reject
111335,685,120265,Reject
56336,735,142830,Reject
33641,847,44587,Reject
117132,842,119283,Reject
62959,715,53040,Approve
43306,789,65543,Reject
76182,829,109177,Reject
104123,745,46573,Approve
86326,691,90680,Reject
51498,755,139321,Reject
100198,802,77262,Approve
57197,739,21688,Approve
50719,791,133624,Reject
55032,846,103515,Reject
89624,601,51803,Reject
108177,786,36154,Approve
71964,764,137930,Reject
60028,723,122987,Reject
84646,603,100659,Reject
111187,768,43998,Approve
38536,772,140527,Reject
86747,708,149944,Reject
75712,710,25786,Approve
36273,633,79059,Reject
101820,686,115825,Reject
104353,612,90665,Reject
115914,606,114450,Reject
80830,631,45777,Reject
47127,622,88381,Reject
113488,776,93984,Approve
41539,799,75290,Reject
76761,841,134997,Reject
76219,838,47139,Approve
44692,646,107254,Reject
113656,764,69030,Approve
43334,825,43581,Reject
58615,775,47993,Approve
37903,628,62048,Reject
58527,764,32923,Approve
45629,622,33084,Reject
88008,637,103096,Reject
113276,820,42567,Approve
56708,726,39481,Approve
40860,643,117552,Reject
47438,604,31422,Reject
97300,779,87260,Approve
101545,639,116007,Reject
50842,738,88164,Approve
90213,677,75296,Reject
72372,847,147054,Reject
98906,840,47875,Approve
68744,705,37734,Approve
87442,729,109645,Reject
115990,762,86155,Approve
33650,772,71700,Reject
75117,648,33786,Reject
82772,722,144258,Reject
33190,634,74395,Reject
78113,705,114170,Reject
38789,819,85171,Reject
62125,671,135665,Reject
47459,759,107463,Reject
65418,795,84763,Approve
77085,708,95265,Approve
48768,724,107773,Reject
79961,670,122076,Reject
111099,638,80922,Reject
57885,775,55301,Approve
117421,690,126973,Reject
91082,636,80998,Reject
36895,787,136582,Reject
80311,680,79724,Reject
119494,801,78976,Approve
97067,731,41735,Approve
101017,622,120344,Reject
53932,741,103485,Reject
51360,604,40509,Reject
84847,793,114934,Reject
115468,709,89804,Approve
68931,751,55607,Approve
85823,617,135155,Reject
68032,626,64507,Reject
111426,623,144855,Reject
48807,628,133362,Reject
41767,738,72540,Reject
38071,839,60944,Reject
83413,745,59308,Approve
56149,722,32412,Approve
45540,727,76399,Reject
100248,711,121047,Reject
115435,716,47150,Approve
49787,731,91178,Reject
50982,632,78763,Reject
52606,805,95605,Approve
40150,835,51832,Reject
115929,847,86562,Approve
76936,641,139319,Reject
38593,759,143480,Reject
47358,778,89128,Reject
112143,724,86523,Approve
67381,603,101453,Reject
58074,619,143485,Reject
50595,812,27238,Approve
74194,794,121051,Reject
79377,816,93866,Approve
56853,667,144937,Reject
103719,789,80930,Approve
50661,657,25650,Reject
80493,774,138913,Reject
66495,802,57264,Approve
43703,679,144124,Reject
83080,786,110753,Reject
60815,827,69588,Approve
59565,733,37807,Approve
93321,694,45712,Reject
88453,767,122025,Reject
118478,804,82915,Approve
63161,750,74826,Approve
85991,779,47865,Approve
39716,603,110169,Reject
63349,764,135824,Reject
77098,769,110811,Reject
30132,828,21145,Reject
81990,643,145335,Reject
98921,824,107499,Reject
66538,724,94836,Approve
37213,847,132233,Reject
74223,641,106415,Reject
98371,628,75651,Reject
98274,828,26242,Approve
34134,746,33832,Reject
69601,842,84005,Approve
103889,811,110219,Reject
45690,759,79328,Reject
31909,643,99821,Reject
110032,654,114359,Reject
42062,679,94633,Reject
105386,732,139633,Reject
64731,712,67852,Approve
35153,773,21992,Reject
40481,803,56890,Reject
96425,772,114326,Reject
93600,620,49394,Reject
114981,677,145027,Reject
101997,828,130594,Reject
58205,749,69957,Approve
118887,629,103912,Reject
111542,622,85353,Reject
74149,604,43880,Reject
79112,662,105520,Reject
40940,820,148105,Reject
89010,658,99077,Reject
106794,821,48975,Approve
54485,681,81616,Reject
119299,837,24010,Approve
31067,841,93811,Reject
50607,651,73510,Reject
91597,664,140003,Reject
104554,638,56088,Reject
78521,808,142237,Reject
45187,602,104425,Reject
33985,769,60596,Reject
73052,670,60653,Reject
49563,754,137144,Reject
77322,755,125552,Reject
91245,835,126172,Reject
81514,781,52155,Approve
48608,822,26349,Reject
97262,614,43347,Reject
101327,846,88598,Approve
87225,780,89388,Approve
103994,839,82241,Approve
47221,671,74142,Reject
78506,669,33160,Reject
50968,819,101858,Reject
112606,603,85923,Reject
57937,693,66891,Reject
92435,834,125341,Reject
79508,744,92446,Approve
71831,633,35758,Reject
72933,723,22003,Approve
77307,733,45607,Approve
78340,635,58513,Reject
116338,698,136228,Reject
73601,830,110561,Reject
105956,766,89083,Approve
102178,679,81781,Reject
115311,665,45672,Reject
58754,735,61819,Approve
73310,742,99992,Approve
99893,790,85837,Approve
116799,690,125408,Reject
78367,679,51603,Reject
43201,792,136707,Reject
32739,658,127376,Reject
43231,609,128777,Reject
72495,606,106081,Reject
51168,711,134917,Reject
62624,801,78265,Approve
40635,675,60478,Reject
39964,808,101714,Reject
57785,836,103752,Reject
112797,611,93778,Reject
114790,678,149682,Reject
106928,645,138366,Reject
42336,842,27496,Reject
107475,631,106402,Reject
57412,759,148037,Reject
112212,714,48357,Approve
105379,817,143632,Reject
75591,805,66252,Approve
91750,713,51212,Approve
65454,725,25887,Approve
92672,689,103398,Reject
57228,660,54856,Reject
44429,796,26040,Reject
114294,843,110072,Reject
97808,660,137681,Reject
112886,701,33440,Approve
83015,713,148053,Reject
118074,773,132725,Reject
98936,795,48371,Approve
110907,691,39724,Reject
87378,782,87879,Approve
67310,728,27188,Approve
113683,804,119542,Reject
98827,706,114632,Reject
65256,794,79580,Approve
106428,648,65216,Reject
68889,841,92392,Approve
81428,624,42044,Reject
67207,833,30620,Approve
80255,615,40723,Reject
35409,812,61142,Reject
72438,740,61503,Approve
37869,779,137514,Reject
86862,707,109011,Reject
117937,763,50243,Approve
55958,799,52860,Approve
106302,643,87951,Reject
49768,682,24254,Reject
56145,646,96173,Reject
105622,723,44510,Approve
56442,679,122837,Reject
111948,675,92052,Reject
55596,619,89937,Reject
105791,745,121336,Reject
72406,781,52122,Approve
70524,611,79317,Reject
53332,711,105209,Reject
45764,752,49653,Reject
57563,659,63336,Reject
117675,843,83328,Approve
66370,674,40822,Reject
35062,813,92403,Reject
74645,843,66944,Approve
37244,709,56002,Reject
36372,633,107917,Reject
115501,740,124605,Reject
94471,837,37517,Approve
46956,765,97366,Reject
70473,739,30589,Approve
43894,830,80117,Reject
99586,635,147340,Reject
46709,627,79264,Reject
111258,818,54830,Approve
45210,638,79544,Reject
79510,676,24627,Reject
68674,770,145894,Reject
47733,703,138159,Reject
50080,690,148051,Reject
83412,714,131446,Reject
88971,758,86004,Approve
69709,601,86880,Reject
89846,716,45454,Approve
95480,681,149619,Reject
82960,689,81806,Reject
71152,844,91634,Approve
57250,641,130405,Reject
115765,630,52229,Reject
78137,660,122111,Reject
112011,701,123040,Reject
76412,655,41341,Reject
73876,813,145821,Reject
103664,827,35375,Approve
80227,682,115642,Reject
62450,727,72497,Approve
114433,613,69740,Reject
103704,613,122187,Reject
36861,841,111441,Reject
91914,756,85627,Approve
93888,808,135145,Reject
109286,777,146221,Reject
91293,649,82515,Reject
112524,790,21884,Approve
98515,700,98968,Reject
53524,800,132586,Reject
37065,792,105041,Reject
67684,667,99738,Reject
118720,849,95767,Approve
63365,670,125946,Reject
88876,610,140299,Reject
53704,613,60720,Reject
87857,705,29595,Approve
35622,810,105623,Reject
113797,703,90018,Approve
117700,730,54749,Approve
109332,727,33918,Approve
96201,607,148660,Reject
62694,820,49984,Approve
119766,841,128288,Reject
52995,828,35813,Approve
110141,843,24466,Approve
112999,770,54999,Approve
38419,736,78115,Reject
77952,618,107701,Reject
63837,739,61164,Approve
100799,754,98777,Approve
78877,828,128715,Reject
75687,711,98648,Approve
67276,657,110333,Reject
64523,624,94919,Reject
96055,644,39699,Reject
84615,701,31481,Approve
40514,647,90711,Reject
77456,649,103518,Reject
37233,680,51334,Reject
31102,643,79252,Reject
96133,658,138950,Reject
76715,760,103462,Reject
115193,702,28333,Approve
36256,677,99996,Reject
94800,755,85625,Approve
71548,617,114097,Reject
102090,782,40790,Approve
108200,760,25490,Approve
72367,715,68055,Approve
119922,705,128759,Reject
100382,742,97240,Approve
56205,788,138394,Reject
55570,610,118163,Reject
60255,763,37593,Approve
51182,742,57746,Approve
69373,780,55992,Approve
73019,661,57624,Reject
92619,647,109713,Reject
46043,693,42623,Reject
75532,849,141541,Reject
95936,742,111471,Reject
49239,790,136226,Reject
40416,840,20148,Reject
33412,686,35263,Reject
111976,770,44449,Approve
54406,649,109619,Reject
31875,659,147690,Reject
67066,839,117138,Reject
35752,658,70577,Reject
116753,614,136405,Reject
108025,628,62314,Reject
31353,802,33538,Reject
56986,836,132419,Reject
116907,809,112517,Reject
44691,639,71787,Reject
99847,630,134492,Reject
78075,672,87899,Reject
40794,813,85246,Reject
98470,610,47508,Reject
46406,680,88643,Reject
105930,824,25628,Approve
56872,661,136189,Reject
71708,802,86987,Approve
50800,830,134499,Reject
73397,735,61409,Approve
67909,650,136523,Reject
51352,656,35180,Reject
45438,731,32377,Reject
118921,763,63548,Approve
74999,746,147151,Reject
48482,623,144323,Reject
62471,640,75003,Reject
77279,648,149671,Reject
84213,809,72100,Approve
43026,824,40319,Reject
115184,773,50685,Approve
35435,635,134637,Reject
38493,609,43214,Reject
102227,846,72861,Approve
89321,677,146122,Reject
32763,734,116649,Reject
50389,739,103209,Reject
61498,685,69655,Reject
93755,818,117413,Reject
65825,775,77103,Approve
46934,764,139739,Reject
35574,802,121401,Reject
68179,763,131892,Reject
31587,659,104067,Reject
72782,804,29657,Approve
84412,695,24520,Reject
90561,607,136585,Reject
107224,734,131645,Reject
34409,706,56484,Reject
101319,770,49577,Approve
56751,657,67599,Reject
68174,680,50558,Reject
86572,685,127146,Reject
91416,773,115205,Reject
42041,633,113374,Reject
53227,683,148902,Reject
65201,716,21210,Approve
66069,799,120491,Reject
112190,621,83807,Reject
56370,818,93594,Approve
41586,825,72972,Reject
80231,748,135056,Reject
35322,614,63304,Reject
95294,732,118235,Reject
109468,701,96999,Approve
59299,744,22843,Approve
100793,799,99871,Approve
76501,746,39834,Approve
87134,604,113263,Reject
39777,622,72670,Reject
41249,682,92180,Reject
51390,613,130850,Reject
50369,609,128132,Reject
42881,630,115775,Reject
39587,740,105780,Reject
104327,726,103064,Reject
117911,749,72278,Approve
118147,636,60428,Reject
37833,766,85553,Reject
77013,737,131924,Reject
93620,630,91535,Reject
45754,770,103576,Reject
108113,698,97933,Reject
116784,804,65386,Approve
65282,821,136284,Reject
66737,825,143825,Reject
54124,763,54055,Approve
100102,634,36651,Reject
32196,710,53202,Reject
91527,667,71187,Reject
115395,782,55265,Approve
41345,716,59208,Reject
64077,795,58805,Approve
96400,725,60574,Approve
42055,774,72360,Reject
115283,605,119917,Reject
74484,718,127214,Reject
107514,755,64938,Approve
65771,629,109084,Reject
87654,754,68524,Approve
76540,668,136919,Reject
113151,707,67515,Approve
59377,766,130168,Reject
79573,634,108383,Reject
72733,702,110852,Reject
41760,643,91231,Reject
55762,742,99173,Approve
80986,810,99414,Approve
64332,821,143684,Reject
70100,829,122816,Reject
34944,759,126264,Reject
78825,831,131473,Reject
43877,628,24886,Reject
59990,790,23771,Approve
85283,605,116183,Reject
33258,817,79070,Reject
61629,626,140711,Reject
67579,826,58672,Approve
52958,627,66686,Reject
69465,732,67193,Approve
115853,768,100630,Reject
45775,655,105432,Reject
106575,711,111210,Reject
64207,653,145501,Reject
52553,679,64765,Reject
83632,704,66346,Approve
30055,617,145890,Reject
118697,804,113095,Reject
62873,642,44487,Reject
110720,688,146584,Reject
96205,673,97111,Reject
108199,756,103764,Reject
55318,609,23924,Reject
63734,733,145979,Reject
112227,807,68469,Approve
48522,688,114633,Reject
41656,835,65938,Reject
45893,731,116045,Reject
46493,828,41265,Reject
33632,633,36918,Reject
118648,682,60345,Reject
91779,760,91266,Approve
68452,731,28476,Approve
43266,771,60755,Reject
91607,697,30861,Reject
46940,803,81130,Reject
54003,630,111241,Reject
64815,679,126999,Reject
60869,793,89677,Approve
79297,840,60704,Approve
90107,785,82910,Approve
112793,659,49839,Reject
46682,601,143416,Reject
49622,635,77405,Reject
60408,797,107781,Reject
38837,724,74353,Reject
94210,787,38767,Approve
45407,750,77554,Reject
59309,702,104367,Reject
101918,846,123108,Reject
48895,774,145274,Reject
116912,715,132619,Reject
30370,835,105189,Reject
30486,700,28568,Reject
53762,645,62145,Reject
56613,679,47855,Reject
33196,706,141652,Reject
106349,643,125366,Reject
94839,746,72650,Approve
71916,648,34379,Reject
38572,687,88383,Reject
58225,657,109578,Reject
75853,690,43830,Reject
79390,734,44467,Approve
62275,693,78130,Reject
102379,768,53500,Approve
31105,677,74215,Reject
89896,721,81212,Approve
73209,843,125617,Reject
72487,835,43620,Approve
48051,742,137387,Reject
107400,675,65577,Reject
96961,652,120462,Reject
90156,844,146500,Reject
87175,820,138352,Reject
36849,622,79999,Reject
48976,676,143958,Reject
86866,672,44195,Reject
77078,687,64254,Reject
61113,702,84383,Approve
45401,693,48222,Reject
42884,792,142841,Reject
114360,659,24619,Reject
67563,609,136881,Reject
64414,701,96039,Approve
46142,657,52287,Reject
101492,774,139251,Reject
109464,742,78928,Approve
105257,608,149895,Reject
106693,612,72158,Reject
65135,750,40428,Approve
102232,760,86746,Approve
57862,736,31606,Approve
35190,730,71138,Reject
100199,821,121474,Reject
34331,672,145606,Reject
82186,715,109393,Reject
74648,752,38132,Approve
58549,724,101094,Reject
111782,710,69909,Approve
55761,815,144057,Reject
33262,823,86454,Reject
81259,670,45695,Reject
102572,763,149598,Reject
83472,688,28897,Reject
117858,619,107974,Reject
114667,680,41313,Reject
34677,781,129926,Reject
103508,827,88397,Approve
110865,689,73646,Reject
80617,618,54575,Reject
116029,787,111511,Reject
48595,764,88185,Reject
117459,711,24423,Approve
90148,730,135983,Reject
76926,706,62580,Approve
105271,720,84806,Approve
64457,691,55210,Reject
72531,813,93175,Approve
103263,838,22595,Approve
103300,746,107057,Reject
93171,780,65974,Approve
75771,847,65132,Approve
96354,773,135760,Reject
67289,679,89611,Reject
63892,783,117777,Reject
101196,797,95177,Approve
68409,828,105862,Reject
64470,630,54539,Reject
48385,652,74827,Reject
53296,712,70169,Approve
91716,839,121996,Reject
119152,633,81568,Reject
56382,630,45094,Reject
106675,787,104271,Reject
52419,738,62095,Approve
111238,827,104692,Reject
69291,605,119215,Reject
42397,626,29007,Reject
87888,606,70125,Reject
65169,648,62922,Reject
92182,695,80210,Reject
72249,799,79754,Approve
58341,659,33377,Reject
105603,632,137790,Reject
76144,848,142150,Reject
91772,646,21800,Reject
109360,843,37192,Approve
43444,771,74590,Reject
75647,806,57901,Approve
40974,718,127065,Reject
68383,626,20969,Reject
111552,821,56847,Approve
32956,621,71031,Reject
38077,646,101137,Reject
66490,692,132992,Reject
85612,832,56087,Approve
66159,775,57473,Approve
69710,757,59379,Approve
113536,601,50655,Reject
43806,742,35259,Reject
108345,646,85923,Reject
110391,626,132289,Reject
36458,798,126371,Reject
65524,626,65814,Reject
36853,812,140645,Reject
70477,740,88025,Approve
62222,782,142197,Reject
48320,744,127011,Reject
82243,674,140625,Reject
75615,786,72996,Approve
47352,609,88426,Reject
102833,720,65100,Approve
33203,632,119746,Reject
69267,805,86258,Approve
67941,764,28947,Approve
112809,725,55018,Approve
55368,607,136596,Reject
107186,760,120890,Reject
60984,734,126881,Reject
71941,761,85461,Approve
102918,670,42510,Reject
82683,734,125077,Reject
30801,640,31207,Reject
77965,717,35073,Approve
115269,827,98183,Approve
39969,654,28190,Reject
65969,606,56855,Reject
112269,683,144371,Reject
62449,745,57846,Approve
55705,836,28142,Approve
90303,770,112079,Reject
58363,832,130796,Reject
60720,677,72470,Reject
39972,767,121342,Reject
63351,652,127568,Reject
66145,613,81805,Reject
117948,748,112412,Reject
119614,712,99949,Approve
118116,656,20768,Reject
86235,690,47255,Reject
44855,645,61946,Reject
66169,753,147392,Reject
76404,690,129602,Reject
49569,751,25557,Reject
84437,732,63319,Approve
78506,769,139950,Reject
55738,701,134884,Reject
36772,819,113156,Reject
49731,705,38691,Reject
40131,770,119693,Reject
96324,727,125043,Reject
84097,849,74463,Approve
111720,631,138246,Reject
32889,815,96309,Reject
39569,605,30263,Reject
117193,673,72142,Reject
105677,837,98922,Approve
115192,843,107917,Reject
117154,794,128165,Reject
107470,734,100794,Reject
118822,628,45993,Reject
37612,633,145606,Reject
81644,606,134121,Reject
62069,680,124557,Reject
111741,676,124537,Reject
57331,657,32324,Reject
85897,684,112981,Reject
43934,758,82432,Reject
40095,672,46162,Reject
48706,644,90203,Reject
73516,646,149607,Reject
64629,676,52383,Reject
76910,808,40786,Approve
118540,799,75357,Approve
50431,800,147280,Reject
86733,672,95954,Reject
70088,767,51259,Approve
74135,839,68879,Approve
68015,715,51651,Approve
61385,629,99591,Reject
100199,789,81080,Approve
68677,670,94659,Reject
42818,744,59756,Reject
118222,702,33755,Approve
93001,829,95270,Approve
53977,732,68704,Approve
79832,808,120296,Reject
70931,703,64666,Approve
113990,721,122363,Reject
108894,728,109123,Reject
102204,807,59661,Approve
75784,808,97277,Approve
39921,821,39528,Reject
64959,630,133693,Reject
62328,762,108802,Reject
38859,708,43854,Reject
119506,671,101242,Reject
104408,839,82236,Approve
114766,847,62494,Approve
56708,757,101412,Reject
48847,726,80480,Reject
85989,830,65802,Approve
34922,684,39058,Reject
99928,614,90084,Reject
82335,847,49502,Approve
43541,825,82197,Reject
49551,655,78204,Reject
49381,787,34263,Reject
85673,626,87088,Reject
52948,601,91550,Reject
89072,673,33106,Reject
97560,663,103312,Reject
112249,604,35396,Reject
32486,690,46455,Reject
96691,667,134547,Reject
40082,838,126876,Reject
114105,740,74490,Approve
37086,680,20648,Reject
97853,684,130837,Reject
100027,622,113733,Reject
45916,696,75546,Reject
45248,777,122964,Reject
98047,723,84396,Approve
54226,806,97145,Approve
55025,805,53588,Approve
78380,800,84202,Approve
37848,835,135159,Reject
44274,636,142742,Reject
84545,629,112128,Reject
65233,820,101456,Reject
46304,750,134809,Reject
41294,761,41829,Reject
56425,846,69058,Approve
98711,791,93231,Approve
39425,782,123180,Reject
74990,798,104715,Reject
103746,716,56984,Approve
98295,608,136874,Reject
46091,841,87670,Reject
30002,731,22177,Reject
80411,665,38683,Reject
70958,719,75133,Approve
50707,723,117042,Reject
45248,818,103303,Reject
101309,760,83276,Approve
108322,759,31693,Approve
81720,848,24142,Approve
45037,643,136656,Reject
97421,708,64622,Approve
111867,837,108564,Reject
70612,636,111945,Reject
118031,818,85440,Approve
43450,819,81291,Reject
39491,666,22472,Reject
104804,659,74646,Reject
36791,786,100836,Reject
58314,635,50549,Reject
81883,648,98554,Reject
117086,778,97934,Approve
95629,706,45826,Approve
39967,607,140594,Reject
111754,835,88646,Approve
73220,777,126630,Reject
104163,841,99142,Approve
34947,640,28801,Reject
69419,700,143937,Reject
86131,844,129530,Reject
118714,712,108491,Reject
58876,708,144868,Reject
118444,765,117347,Reject
49971,847,89310,Reject
92539,685,112358,Reject
79228,677,139343,Reject
104495,806,20258,Approve
58261,654,26868,Reject
91260,709,26817,Approve
111371,795,58512,Approve
114793,745,50856,Approve
33346,664,32092,Reject
86176,663,78259,Reject
82300,739,149959,Reject
41340,717,116636,Reject
63012,768,73094,Approve
65393,641,102157,Reject
105133,716,56123,Approve
55557,787,78031,Approve
94204,649,93440,Reject
103273,808,108521,Reject
47276,810,74858,Reject
84639,763,21158,Approve
37310,647,79473,Reject
65167,798,118898,Reject
114880,672,145581,Reject
40391,735,84720,Reject
80621,752,38134,Approve
40892,734,36786,Reject
106733,705,110933,Reject
108586,607,72990,Reject
66142,815,95963,Approve
75679,808,71692,Approve
71615,803,75030,Approve
77553,709,30494,Approve
109071,630,93026,Reject
71002,611,46273,Reject
100658,726,114040,Reject
39852,656,34760,Reject
35387,793,58302,Reject
69994,739,90822,Approve
63725,626,87149,Reject
102682,645,65540,Reject
30560,734,108499,Reject
86565,660,52430,Reject
31312,785,58419,Reject
48205,657,138367,Reject
41595,612,23552,Reject
117566,780,79571,Approve
51329,699,130174,Reject
98187,792,43622,Approve
105542,648,68829,Reject
65645,634,24996,Reject
117502,693,54232,Reject
117310,694,82083,Reject
99619,744,124586,Reject
63513,671,74034,Reject
38749,794,124549,Reject
60783,722,59379,Approve
90645,609,51002,Reject
112861,761,55868,Approve
83175,813,89649,Approve
114216,603,46532,Reject
92709,823,56861,Approve
47323,724,93660,Reject
80762,628,41235,Reject
118220,645,110798,Reject
94222,802,128532,Reject
64493,773,23579,Approve
88328,676,77944,Reject
42213,658,45619,Reject
76930,788,41829,Approve
57713,795,95107,Approve
102723,665,40912,Reject
62583,761,60334,Approve
109944,706,62001,Approve
52369,685,54341,Reject
77928,732,32663,Approve
98950,608,42104,Reject
49510,619,62323,Reject
42120,748,68277,Reject
35295,726,127506,Reject
50460,616,131307,Reject
44963,611,37640,Reject
107116,819,37511,Approve
117822,681,78367,Reject
57328,666,118235,Reject
114629,732,64654,Approve
51605,787,137472,Reject
74813,652,114428,Reject
76371,779,75233,Approve
77598,805,21049,Approve
90776,775,123487,Reject
102258,817,87837,Approve
70969,746,84760,Approve
66912,832,149759,Reject
68374,744,115033,Reject
102302,653,78498,Reject
92784,830,134717,Reject
79882,833,143666,Reject
45928,667,130601,Reject
51274,833,129656,Reject
64416,634,116685,Reject
116148,687,127666,Reject
90998,768,55966,Approve
59047,740,63705,Approve
73356,760,149147,Reject
67134,614,132234,Reject
97042,790,136052,Reject
81310,614,128037,Reject
110758,630,81490,Reject
42363,706,73645,Reject
115149,755,110425,Reject
74563,609,88231,Reject
60628,656,147489,Reject
99672,798,92181,Approve
76246,760,110641,Reject
41161,606,75032,Reject
119110,732,93685,Approve
32810,817,35032,Reject
89860,724,84221,Approve
107199,718,42243,Approve
101688,679,65915,Reject
95548,723,128962,Reject
92363,656,95969,Reject
41162,671,110423,Reject
117858,813,37379,Approve
103535,825,92401,Approve
37219,767,99146,Reject
100864,627,109416,Reject
33621,837,96251,Reject
119792,635,22631,Reject
74433,655,149140,Reject
106850,774,118567,Reject
96188,798,60452,Approve
84951,715,81196,Approve
111718,767,33830,Approve
66558,658,44596,Reject
45659,770,63484,Reject
64413,819,114756,Reject
40435,722,45772,Reject
83911,665,123347,Reject
58067,608,25116,Reject
117794,733,101839,Reject
99224,718,105053,Reject
103225,721,143085,Reject
31379,664,21636,Reject
57624,730,61590,Approve
118427,801,112338,Reject
87745,764,27811,Approve
81805,726,35223,Approve
42516,835,30581,Reject
109422,686,40919,Reject
115843,632,103018,Reject
54843,736,69441,Approve
35912,652,22604,Reject
51514,804,84655,Approve
117359,691,149672,Reject
87032,650,20207,Reject
58797,670,113926,Reject
36449,753,28463,Reject
31725,743,56446,Reject
111406,639,110526,Reject
39304,849,121772,Reject
103058,817,32671,Approve
43663,778,29476,Reject
100320,638,24986,Reject
105008,782,128158,Reject
105591,823,48590,Approve
42676,763,35526,Reject
55192,833,62001,Approve
54722,720,73242,Approve
37446,792,26803,Reject
34725,840,71446,Reject
115597,684,31905,Reject
118207,804,148295,Reject
87632,842,22461,Approve
96945,817,126249,Reject
103741,772,78687,Approve
46365,736,25673,Reject
95792,636,96490,Reject
94857,686,66772,Reject
45704,728,148860,Reject
80575,793,95956,Approve
59902,662,138055,Reject
31195,642,132271,Reject
83517,755,102863,Reject
64012,699,49564,Reject
41415,758,89692,Reject
69534,704,32251,Approve
51686,796,99056,Approve
107198,828,102085,Reject
58743,816,21905,Approve
62161,607,72208,Reject
91313,761,95051,Approve
32402,830,82094,Reject
93190,648,36734,Reject
82551,695,133724,Reject
43275,785,46886,Reject
58182,722,83611,Approve
44915,802,56077,Reject
30909,646,25661,Reject
95908,624,119235,Reject
52620,730,23838,Approve
64112,772,132496,Reject
104051,713,62073,Approve
32431,779,30378,Reject
116590,823,28058,Approve
92175,843,87525,Approve
62624,698,95113,Reject
106121,695,105404,Reject
91264,633,133499,Reject
61958,828,109806,Reject
31695,843,53884,Reject
79932,796,143013,Reject
74225,708,48527,Approve
31403,691,62187,Reject
113346,819,125266,Reject
104391,607,58735,Reject
68636,754,35981,Approve
40839,807,145989,Reject
95546,662,82457,Reject
77829,681,47080,Reject
39230,624,31797,Reject
81977,785,77056,Approve
70232,775,46457,Approve
55651,728,40917,Approve
69963,607,28871,Reject
85872,723,145574,Reject
109198,748,39053,Approve
43739,697,111359,Reject
93294,815,86727,Approve
78356,700,103050,Reject
31789,817,103323,Reject
49420,710,79415,Reject
119297,805,58398,Approve
67606,849,117064,Reject
68640,756,95058,Approve
74135,757,25030,Approve
67067,602,21381,Reject
88420,734,36753,Approve
47357,699,25092,Reject
69851,610,72946,Reject
68262,759,141002,Reject
106853,658,107620,Reject
88643,849,100093,Reject
51534,739,145370,Reject
62872,678,78520,Reject
37689,637,149885,Reject
99103,721,28567,Approve
116268,751,100152,Reject
116310,664,104680,Reject
118731,745,47866,Approve
67412,645,54711,Reject
77734,724,135645,Reject
117793,655,68743,Reject
99930,790,45386,Approve
52228,606,106842,Reject
107924,833,132437,Reject
41319,704,43013,Reject
36475,793,136221,Reject
113694,639,114542,Reject
44728,781,26885,Reject
59545,758,126905,Reject
111686,696,52821,Reject
91756,651,123100,Reject
98775,821,34045,Approve
68699,630,111210,Reject
66821,761,38780,Approve
60615,606,45550,Reject
43746,816,109771,Reject
116457,743,147368,Reject
52745,749,98377,Approve
31245,827,68284,Reject
54853,780,80238,Approve
57632,690,67184,Reject
42856,616,80623,Reject
86893,724,41305,Approve
100641,603,60021,Reject
98049,788,106759,Reject
88182,721,148446,Reject
32801,698,63184,Reject
109431,832,38942,Approve
69749,813,97418,Approve
103757,838,44714,Approve
85654,779,129669,Reject
101574,762,71672,Approve
85381,771,132437,Reject
88601,742,106557,Reject
45082,660,63201,Reject
44648,843,83296,Reject
30364,831,72979,Reject
64568,771,108549,Reject
109646,620,103257,Reject
101494,676,97817,Reject
104632,646,34008,Reject
37436,674,80196,Reject
116713,648,22294,Reject
56754,780,39061,Approve
90194,847,75733,Approve
54544,626,118376,Reject
90180,630,60004,Reject
93295,771,100625,Reject
42638,631,142007,Reject
95715,843,145758,Reject
99409,757,134650,Reject
113106,617,71293,Reject
47157,724,73682,Reject
75565,662,144686,Reject
99996,727,30237,Approve
95888,615,31694,Reject
86095,762,106472,Reject
94947,789,121805,Reject
117122,736,30468,Approve
100880,661,38461,Reject
34507,638,95376,Reject
73988,778,94062,Approve
46865,828,139443,Reject
57213,714,147544,Reject
85954,737,98000,Approve
87450,779,96599,Approve
34477,739,120919,Reject
92222,671,100280,Reject
36533,661,33064,Reject
79395,730,107276,Reject
53396,682,33589,Reject
42755,722,73324,Reject
30865,738,20932,Reject
41173,735,37019,Reject
88905,817,75835,Approve
68097,708,42157,Approve
63371,721,72381,Approve
41254,750,37574,Reject
34018,718,68312,Reject
35192,737,91044,Reject
32015,617,52779,Reject
98916,675,130498,Reject
58343,766,50888,Approve
99306,753,131422,Reject
35829,610,46025,Reject
64381,737,28060,Approve
111081,730,53216,Approve
48263,661,93197,Reject
83260,670,120800,Reject
73306,660,84617,Reject
88418,731,91421,Approve
30148,660,20426,Reject
31754,831,125403,Reject
56745,735,45491,Approve
102914,701,39553,Approve
85833,612,32918,Reject
50140,611,32513,Reject
104907,634,36830,Reject
90653,829,79254,Approve
91521,781,64695,Approve
108315,650,50171,Reject
61075,642,22250,Reject
60697,827,76263,Approve
84544,710,82114,Approve
39795,665,99144,Reject
94555,614,22681,Reject
82204,776,83503,Approve
99754,761,103321,Reject
94860,638,23407,Reject
81529,625,59529,Reject
41672,711,68901,Reject
84238,796,37427,Approve
65950,775,149463,Reject
41009,816,41747,Reject
77096,650,33555,Reject
49544,825,113130,Reject
85728,710,85927,Approve
59381,731,90355,Approve
55287,697,43263,Reject
94610,754,91520,Approve
98122,718,135973,Reject
98184,769,91899,Approve
70081,845,25127,Approve
113637,655,124893,Reject
75312,820,81453,Approve
117228,668,128930,Reject
102943,745,143521,Reject
112790,788,78389,Approve
110770,603,32512,Reject
82726,728,83722,Approve
52211,649,134004,Reject
59480,683,24037,Reject
77780,669,113159,Reject
87138,747,26854,Approve
72503,619,45733,Reject
87893,773,105169,Reject
76193,626,113739,Reject
91358,625,54311,Reject
110857,759,37175,Approve
108182,609,132154,Reject
52117,681,110548,Reject
89056,704,107090,Reject
88706,739,75195,Approve
100429,801,48090,Approve
39476,687,83479,Reject
112806,623,65636,Reject
85006,716,58866,Approve
117238,778,118248,Reject
99918,765,125752,Reject
93155,645,125515,Reject
97321,816,73934,Approve
75798,735,93334,Approve
107271,654,130956,Reject
60177,677,73111,Reject
112215,834,106284,Reject
73013,758,21716,Approve
112600,687,56404,Reject
83450,615,64324,Reject
77928,747,93406,Approve
75382,637,76513,Reject
115038,710,99218,Approve
30760,614,42055,Reject
54142,677,65133,Reject
47290,844,93916,Reject
101035,675,91262,Reject
30364,761,27557,Reject
86921,671,117304,Reject
49797,618,109702,Reject
62535,837,148301,Reject
76300,796,55486,Approve
77176,719,71557,Approve
46105,818,60655,Reject
37939,662,82398,Reject
109472,704,114042,Reject
72029,804,146045,Reject
45863,631,126307,Reject
108097,822,109638,Reject
40447,832,83823,Reject
76940,709,133827,Reject
107947,764,94630,Approve
115001,793,126836,Reject
49642,606,104801,Reject
97643,775,43094,Approve
37928,738,149095,Reject
78002,802,33353,Approve
114853,686,81850,Reject
55017,630,65953,Reject
109064,771,100709,Reject
43313,644,53411,Reject
31559,799,134708,Reject
80893,655,31264,Reject
45167,759,53445,Reject
110879,839,35931,Approve
68598,748,62059,Approve
37523,630,22650,Reject
79777,600,89005,Reject
58439,804,126190,Reject
111060,738,138871,Reject
43285,692,148593,Reject
40973,667,63024,Reject
52694,635,31592,Reject
65774,678,76238,Reject
34302,786,142065,Reject
52391,666,63831,Reject
34611,783,63390,Reject
39372,650,91220,Reject
54312,756,71839,Approve
44080,812,33457,Reject
110618,729,92132,Approve
50874,605,100687,Reject
92537,758,136104,Reject
103914,653,139093,Reject
31597,687,27074,Reject
41600,767,118795,Reject
33747,744,135447,Reject
109415,604,72653,Reject
108553,601,77344,Reject
54815,657,136776,Reject
114500,611,72808,Reject
54714,604,73919,Reject
48890,705,52979,Reject
91509,787,66412,Approve
91824,768,126279,Reject
34725,747,89258,Reject
73205,799,31709,Approve
50684,728,62925,Approve
87911,655,36687,Reject
43092,669,85066,Reject
69770,655,139474,Reject
55457,653,56540,Reject
101667,738,38165,Approve
92894,602,66889,Reject
91305,694,121529,Reject
42612,627,82055,Reject
108627,710,49194,Approve
67089,706,144952,Reject
82137,719,61767,Approve
30559,732,147000,Reject
96249,723,75891,Approve
67361,689,76425,Reject
110720,615,144656,Reject
45261,844,31382,Reject
50372,630,114154,Reject
85355,627,106123,Reject
87920,734,86889,Approve
62544,829,93907,Approve
30037,736,94608,Reject
73032,638,140962,Reject
108233,826,136518,Reject
71420,770,90234,Approve
64600,626,138690,Reject
78285,675,39184,Reject
92008,716,26902,Approve
119520,688,40647,Reject
35167,706,69374,Reject
30432,820,49140,Reject
99687,822,81717,Approve
101947,721,120541,Reject
80903,725,71730,Approve
84149,697,115757,Reject
117640,632,148996,Reject
86768,690,54546,Reject
90184,783,37004,Approve
95792,719,69073,Approve
63439,601,78557,Reject
63257,741,73206,Approve
74674,612,32505,Reject
81248,623,76618,Reject
113602,668,107350,Reject
75371,633,124683,Reject
97996,846,57031,Approve
67297,686,63787,Reject
84273,618,120544,Reject
91256,629,34577,Reject
64743,648,82625,Reject
98752,770,28043,Approve
109803,743,54130,Approve
105117,779,112950,Reject
100051,713,79846,Approve
52076,715,71392,Approve
105312,831,74673,Approve
117483,825,124839,Reject
32963,776,26744,Reject
102322,738,148041,Reject
43866,677,126588,Reject
62305,839,70390,Approve
92403,774,59260,Approve
112896,806,73760,Approve
62813,634,125806,Reject
96729,849,23470,Approve
90686,670,51643,Reject
34512,756,113347,Reject
52666,707,24201,Approve
46630,653,90887,Reject
104519,813,100863,Reject
30636,622,134221,Reject
33775,751,47340,Reject
97957,826,113716,Reject
94591,842,33488,Approve
108561,609,115910,Reject
104816,660,25413,Reject
41351,735,60200,Reject
85184,647,80179,Reject
99180,711,42355,Approve
111678,803,33831,Approve
103309,820,109357,Reject
40778,725,138589,Reject
42501,756,148211,Reject
32108,686,96962,Reject
66382,625,84310,Reject
105787,764,56396,Approve
53341,823,82356,Approve
107214,651,70920,Reject
44367,765,131668,Reject
99868,848,58120,Approve
42002,605,113621,Reject
115820,607,121205,Reject
89949,616,67786,Reject
45700,675,37925,Reject
109305,789,66006,Approve
92543,813,87627,Approve
59318,805,30842,Approve
119859,633,95459,Reject
57610,746,99363,Approve
102499,669,133272,Reject
103374,681,44126,Reject
95226,827,93819,Approve
75167,717,90390,Approve
107779,764,78074,Approve
57939,637,57817,Reject
91365,742,25557,Approve
97381,701,24432,Approve
76710,639,32006,Reject
46766,736,49989,Reject
42780,652,78043,Reject
78458,845,126291,Reject
86221,797,57788,Approve
31509,717,84167,Reject
119493,665,72166,Reject
64346,679,46887,Reject
112799,651,42632,Reject
76874,728,136704,Reject
56148,757,116479,Reject
61533,723,113602,Reject
108467,711,86513,Approve
31359,824,106130,Reject
90313,600,59802,Reject
50344,766,54026,Approve
99778,615,130351,Reject
50601,744,103217,Reject
49116,711,95706,Reject
86985,711,92933,Approve
60782,701,125176,Reject
79819,681,138817,Reject
114416,749,50083,Approve
99035,813,21732,Approve
74458,698,134164,Reject
38080,758,22942,Reject
118743,639,79853,Reject
63957,754,135136,Reject
43908,635,117084,Reject
108287,724,29429,Approve
77482,846,115277,Reject
68314,603,57268,Reject
104921,840,77676,Approve
113768,717,42517,Approve
45831,796,83727,Reject
50125,624,115485,Reject
92451,694,48899,Reject
75708,677,35068,Reject
47682,757,133530,Reject
112824,774,85701,Approve
65794,848,98408,Approve
89372,611,106752,Reject
69477,626,115742,Reject
83863,772,49269,Approve
119941,815,114800,Reject
68737,662,32219,Reject
32620,654,104694,Reject
65057,757,79043,Approve
70138,681,45989,Reject
109390,613,85263,Reject
83024,655,62406,Reject
39677,746,123324,Reject
74111,685,113594,Reject
54074,625,109668,Reject
47824,798,139432,Reject
30765,691,144567,Reject
75439,765,36830,Approve
78926,796,48050,Approve
66860,635,52864,Reject
42975,745,120730,Reject
104877,784,63677,Approve
107870,677,39641,Reject
111371,711,115911,Reject
56548,622,33555,Reject
68736,718,106646,Reject
91562,715,43235,Approve
70409,741,126998,Reject
114101,823,48959,Approve
39834,796,60957,Reject
30840,621,130960,Reject
109409,627,126560,Reject
61568,642,81601,Reject
40846,675,125044,Reject
35899,617,84414,Reject
116038,699,108634,Reject
96101,822,35309,Approve
68773,804,34105,Approve
104723,811,69813,Approve
102762,723,80833,Approve
34311,708,94208,Reject
86888,635,50328,Reject
71616,846,83756,Approve
82134,724,99614,Approve
36083,846,125183,Reject
42598,606,57430,Reject
112476,622,60583,Reject
32580,761,56029,Reject
87395,716,20405,Approve
72321,849,74012,Approve
39386,713,23560,Reject
83171,695,31575,Reject
49522,620,97395,Reject
95532,669,116148,Reject
44635,807,33153,Reject
30671,826,126160,Reject
63545,845,62077,Approve
84079,774,47013,Approve
56855,652,26690,Reject
65790,683,129978,Reject
81012,705,107251,Reject
44260,640,81053,Reject
95139,802,138128,Reject
31074,759,86277,Reject
72676,727,96967,Approve
39475,741,27181,Reject
108414,687,51305,Reject
45120,835,27731,Reject
53147,702,121225,Reject
31986,706,125678,Reject
62430,822,79175,Approve
85479,616,114250,Reject
112966,624,92559,Reject
32176,663,123865,Reject
114258,800,123938,Reject
114153,685,20910,Reject
91918,718,114124,Reject
57115,836,57470,Approve
107442,775,136106,Reject
70002,634,67341,Reject
87124,636,107718,Reject
36610,654,76850,Reject
79752,744,49390,Approve
108947,755,84229,Approve
104716,728,83891,Approve
77993,652,130805,Reject
40073,672,24038,Reject
67251,782,48215,Approve
101437,712,117101,Reject
68897,788,105365,Reject
80906,612,52899,Reject
81616,646,63016,Reject
34482,791,42246,Reject
102936,759,69304,Approve
69574,627,38862,Reject
73284,652,77826,Reject
102932,630,42500,Reject
37338,607,102224,Reject
72718,671,101818,Reject
42500,723,149307,Reject
41545,697,22519,Reject
91480,686,26112,Reject
35241,673,20992,Reject
119314,700,145117,Reject
52821,839,25647,Approve
34695,624,129055,Reject
107066,714,114550,Reject
44318,632,27597,Reject
80934,836,143594,Reject
52331,795,136397,Reject
82672,734,84167,Approve
106860,696,77170,Reject
98754,793,45633,Approve
115677,711,36854,Approve
32837,773,138153,Reject
70077,695,143620,Reject
109915,604,89102,Reject
34239,720,61472,Reject
116348,709,129889,Reject
59669,616,139922,Reject
78624,675,88821,Reject
105147,651,97565,Reject
34150,739,128688,Reject
41109,661,98382,Reject
56016,762,98615,Approve
41936,789,148177,Reject
41036,620,132340,Reject
69236,684,94087,Reject
44021,849,118588,Reject
66943,793,146196,Reject
111007,780,100636,Reject
80016,848,88813,Approve
53244,620,39015,Reject
93027,742,21757,Approve
68985,802,52085,Approve
31502,801,80118,Reject
83836,809,41863,Approve
33770,750,46098,Reject
72865,727,66220,Approve
83811,758,35295,Approve
34001,653,58555,Reject
90848,782,45821,Approve
82635,847,62372,Approve
50946,625,41833,Reject
96134,652,73990,Reject
73744,665,111528,Reject
69159,766,149677,Reject
53671,606,28549,Reject
46450,815,138153,Reject
44908,766,107968,Reject
87275,631,59498,Reject
74358,753,40519,Approve
79047,686,145829,Reject
65518,805,67376,Approve
87813,756,68547,Approve
36806,752,23141,Reject
70891,783,31068,Approve
113551,758,116878,Reject
69220,793,73705,Approve
47158,601,34256,Reject
110992,814,83721,Approve
57588,849,52964,Approve
92576,774,136562,Reject
118027,674,25830,Reject
54188,628,35868,Reject
88830,726,26679,Approve
34019,833,126290,Reject
42419,826,119241,Reject
63697,648,136882,Reject
114932,800,84061,Approve
37973,631,31722,Reject
116649,757,84578,Approve
41136,614,106045,Reject
114739,661,140938,Reject
92502,677,33989,Reject
61285,842,143269,Reject
53039,616,129422,Reject
96720,621,142850,Reject
118263,843,75701,Approve
89155,757,131736,Reject
46911,680,109098,Reject
30916,743,34919,Reject
89052,779,61306,Approve
99110,607,133916,Reject
47790,791,31036,Reject
113161,766,126614,Reject
35206,630,109974,Reject
115053,611,40999,Reject
79950,632,78582,Reject
86361,785,129276,Reject
91451,611,128623,Reject
67696,624,137154,Reject
111641,765,61543,Approve
98226,647,137447,Reject
76728,809,87244,Approve
85401,682,74560,Reject
96226,654,91913,Reject
55103,730,42788,Approve
64263,724,99805,Approve
106621,826,141764,Reject
80044,668,80048,Reject
87730,762,115253,Reject
55825,650,108141,Reject
106256,626,41221,Reject
67271,764,127167,Reject
107256,837,51757,Approve
76732,812,79115,Approve
96433,743,68275,Approve
112630,819,103605,Reject
53572,624,128573,Reject
68546,632,137173,Reject
45150,661,128192,Reject
84165,744,44324,Approve
93690,770,72753,Approve
83664,629,48734,Reject
112335,640,70605,Reject
105199,716,39590,Approve
66948,603,114364,Reject
67030,665,43096,Reject
57007,659,72142,Reject
106772,736,114984,Reject
52024,845,63261,Approve
69384,630,133646,Reject
112912,688,96986,Reject
48157,828,116111,Reject
115481,699,117128,Reject
118553,718,76698,Approve
31756,668,70502,Reject
98112,751,124646,Reject
88051,623,67984,Reject
94595,820,76490,Approve
108210,841,58202,Approve
73094,772,81445,Approve
117889,822,105869,Reject
34535,764,103199,Reject
86035,785,140686,Reject
77367,847,69972,Approve
47118,810,29535,Reject
89812,622,58887,Reject
89884,762,38679,Approve
96168,662,118010,Reject
43280,717,134691,Reject
44746,713,88096,Reject
83251,605,108901,Reject
114821,605,96281,Reject
113583,847,20030,Approve
40207,828,140640,Reject
101127,629,78996,Reject
57757,600,28132,Reject
46226,662,111410,Reject
91407,735,131300,Reject
57206,627,102805,Reject
50256,688,76644,Reject
63822,760,144080,Reject
71340,652,146238,Reject
82234,637,112091,Reject
73351,651,41227,Reject
78671,677,122342,Reject
105320,738,112238,Reject
65157,729,38674,Approve
49937,652,89430,Reject
84290,693,24596,Reject
76707,693,36588,Reject
41219,795,127979,Reject
39399,804,74654,Reject
57657,606,112882,Reject
50047,829,114540,Reject
106095,666,47226,Reject
115693,736,32453,Approve
102154,805,79552,Approve
74891,715,110117,Reject
36780,790,126124,Reject
57050,738,83692,Approve
103551,636,44524,Reject
98666,741,135219,Reject
112016,746,51843,Approve
83010,607,83140,Reject
68165,734,128588,Reject
41528,658,32744,Reject
79608,722,126320,Reject
35914,790,102146,Reject
67136,606,58910,Reject
41179,719,27482,Reject
116008,782,136787,Reject
42076,602,60081,Reject
54783,666,52024,Reject
76716,617,109210,Reject
80298,644,34030,Reject
84304,696,139254,Reject
109360,828,45472,Approve
99835,691,95048,Reject
38118,763,39045,Reject
106292,743,47135,Approve
86911,678,84273,Reject
103489,756,119968,Reject
45185,658,70677,Reject
71792,745,105670,Reject
110210,776,115433,Reject
80613,837,100286,Reject
63927,773,141445,Reject
30386,682,121958,Reject
102728,756,33733,Approve
106281,797,137255,Reject
60020,708,82113,Approve
72678,777,103016,Reject
116695,849,83832,Approve
91394,838,23098,Approve
98945,654,105160,Reject
86414,754,129318,Reject
84816,734,77119,Approve
85918,690,75880,Reject
92694,682,74480,Reject
59455,725,60546,Approve
68735,680,63887,Reject
42109,768,109999,Reject
75802,738,131489,Reject
98020,604,34250,Reject
64622,665,56382,Reject
32597,710,69999,Reject
70597,783,67022,Approve
70954,611,121920,Reject
99519,769,149748,Reject
86115,705,55472,Approve
73151,843,108674,Reject
47040,674,23893,Reject
74772,737,97109,Approve
93832,627,96799,Reject
57916,606,121298,Reject
74871,741,149203,Reject
56372,676,82086,Reject
91707,796,57301,Approve
69080,660,119804,Reject
72722,650,71594,Reject
59048,769,87261,Approve
115205,735,128061,Reject
39777,777,149617,Reject
84711,728,132696,Reject
66331,796,60109,Approve
50968,610,79087,Reject
83969,843,102245,Reject
41292,706,122721,Reject
70794,647,63190,Reject
109459,737,83722,Approve
80192,742,22666,Approve
57703,702,127705,Reject
114193,646,73513,Reject
99165,820,134307,Reject
97650,752,92688,Approve
86516,711,135529,Reject
52257,605,114536,Reject
113509,610,114013,Reject
81672,616,129932,Reject
93308,742,90314,Approve
107583,615,36169,Reject
52113,655,136759,Reject
30694,665,37668,Reject
45588,763,103298,Reject
91756,682,124643,Reject
94085,765,71810,Approve
91142,841,39945,Approve
94373,812,75159,Approve
115603,674,107372,Reject
36704,832,149636,Reject
70136,726,30079,Approve
97507,730,138700,Reject
77361,825,38362,Approve
88847,617,32919,Reject
41441,806,40800,Reject
44677,688,99294,Reject
57818,781,74648,Approve
31868,841,114410,Reject
113591,842,129657,Reject
97264,806,77026,Approve
103168,693,71376,Reject
42043,616,114834,Reject
101939,809,34156,Approve
45732,822,63039,Reject
85244,713,36239,Approve
48526,706,27089,Reject
39340,809,33014,Reject
52394,846,70105,Approve
34102,698,80211,Reject
49159,612,108854,Reject
95092,662,112402,Reject
36212,613,25917,Reject
67405,786,126565,Reject
107061,763,35350,Approve
85186,617,94822,Reject
74239,732,25742,Approve
40532,613,122557,Reject
109054,624,135236,Reject
102012,643,87375,Reject
115279,720,103871,Reject
96540,638,100197,Reject
33271,739,127554,Reject
75482,703,31743,Approve
30209,788,38891,Reject
35539,661,48483,Reject
49977,652,51135,Reject
104142,652,84058,Reject
98684,755,115093,Reject
35607,762,31682,Reject
115122,717,32798,Approve
81939,664,114575,Reject
48594,730,63919,Reject
88382,642,34198,Reject
37399,649,127378,Reject
55117,798,75502,Approve
63617,736,52104,Approve
37498,635,27603,Reject
80624,622,39009,Reject
39628,815,58661,Reject
30329,673,49965,Reject
68619,649,43784,Reject
37032,654,49340,Reject
78094,839,87689,Approve
68034,724,90297,Approve
116158,611,43569,Reject
85264,682,89102,Reject
77850,631,69411,Reject
34722,751,128004,Reject
47772,685,143192,Reject
116105,794,47254,Approve
71679,831,120148,Reject
98771,754,125573,Reject
34576,788,47160,Reject
56707,618,32206,Reject
71632,800,64211,Approve
71476,650,21533,Reject
60285,663,91132,Reject
54154,840,106689,Reject
50054,804,62383,Approve
47165,729,136708,Reject
44439,763,116605,Reject
74518,820,26358,Approve
118051,727,140190,Reject
56962,738,74395,Approve
83934,825,52035,Approve
67763,795,54459,Approve
94094,795,144608,Reject
49464,843,61287,Reject
72036,663,119892,Reject
63270,600,40137,Reject
72299,688,145774,Reject
115805,625,102017,Reject
61541,738,57522,Approve
103545,686,112459,Reject
112543,601,58941,Reject
107078,810,62057,Approve
112970,692,132811,Reject
59765,767,49689,Approve
53769,718,93588,Approve
118001,843,106938,Reject
117404,731,132723,Reject
50156,848,133624,Reject
115836,679,91240,Reject
80481,710,60679,Approve
43435,764,115521,Reject
99650,725,114846,Reject
76336,788,77428,Approve
66135,818,54045,Approve
103631,604,63671,Reject
67909,742,66903,Approve
99487,814,69670,Approve
51468,840,31715,Approve
77655,794,41810,Approve
64341,809,60583,Approve
94182,834,85719,Approve
81786,625,127468,Reject
98304,605,113497,Reject
76514,722,120692,Reject
63979,643,40706,Reject
110981,845,41316,Approve
85107,657,56595,Reject
31160,680,79655,Reject
117897,645,22497,Reject
102577,701,33562,Approve
114303,769,121783,Reject
40846,647,114377,Reject
49924,713,28757,Reject
43882,754,120239,Reject
110274,619,108195,Reject
116555,797,29018,Approve
31095,714,49277,Reject
70983,762,64077,Approve
44123,675,102269,Reject
96615,775,69250,Approve
75278,794,103689,Reject
81999,839,54572,Approve
61153,795,62020,Approve
48344,720,130005,Reject
67656,779,77264,Approve
100515,708,145936,Reject
31212,667,24170,Reject
39001,731,79449,Reject
108784,766,113202,Reject
111144,748,102321,Reject
66427,835,61147,Approve
61368,665,64944,Reject
100819,743,44714,Approve
91160,734,69294,Approve
55854,682,52711,Reject
40715,834,130699,Reject
111701,824,20220,Approve
88784,608,89776,Reject
56797,828,59769,Approve
77573,849,81949,Approve
106120,616,145303,Reject
44780,818,97828,Reject
67905,824,48604,Approve
51573,712,36771,Approve
63359,739,133207,Reject
96062,784,81182,Approve
103391,772,96759,Approve
73463,719,52714,Approve
46571,610,50429,Reject
49142,740,58759,Reject
55104,758,86095,Approve
38625,804,21839,Reject
69199,829,146114,Reject
45926,625,87307,Reject
61218,662,148759,Reject
74472,758,44940,Approve
50566,621,110528,Reject
86125,733,27676,Approve
63205,747,128131,Reject
59717,812,103988,Reject
79984,609,141445,Reject
55135,682,36900,Reject
58164,762,81375,Approve
104489,625,62180,Reject
68562,670,86196,Reject
99110,636,138104,Reject
50169,735,110441,Reject
89858,732,85913,Approve
51604,771,31474,Approve
119670,827,20159,Approve
118738,725,114865,Reject
30684,714,35929,Reject
38007,691,149377,Reject
71787,841,144143,Reject
79582,794,56942,Approve
104791,830,22199,Approve
113629,799,112676,Reject
35782,806,145310,Reject
96770,716,32980,Approve
87645,818,62997,Approve
61996,648,63359,Reject
59204,842,111336,Reject
47152,635,66006,Reject
85186,807,26276,Approve
115024,625,38372,Reject
49689,644,108697,Reject
80690,660,141000,Reject
113251,771,28168,Approve
87320,731,119169,Reject
94226,675,44966,Reject
86091,808,148857,Reject
109301,657,127904,Reject
51942,704,24915,Approve
68712,835,59009,Approve
95277,625,68921,Reject
79632,694,125439,Reject
68031,678,146910,Reject
50478,843,84267,Approve
52551,825,101733,Reject
78068,727,49011,Approve
65561,756,103474,Reject
32892,736,24047,Reject
54395,677,36515,Reject
48756,635,89215,Reject
117710,731,42737,Approve
64651,658,104996,Reject
96333,829,49048,Approve
103745,847,32927,Approve
79306,764,84565,Approve
51346,723,54289,Approve
58024,687,72421,Reject
70818,680,69592,Reject
35947,740,95469,Reject
105153,747,119507,Reject
116240,616,143120,Reject
97428,650,116017,Reject
59754,818,105311,Reject
93355,654,34836,Reject
88241,760,105641,Reject
98960,748,65078,Approve
43418,680,59543,Reject
118593,749,109080,Reject
85184,752,35953,Approve
34833,794,77027,Reject
105430,818,94931,Approve
71833,818,71039,Approve
30565,709,89806,Reject
70180,739,93925,Approve
48402,742,142393,Reject
72845,829,97253,Approve
105851,811,122498,Reject
42834,685,53512,Reject
97850,601,41930,Reject
67180,731,69604,Approve
33883,644,23262,Reject
105587,612,31213,Reject
41695,654,44129,Reject
53123,759,115989,Reject
88481,621,86034,Reject
103438,688,130183,Reject
47573,818,80606,Reject
86494,654,36524,Reject
42288,744,38098,Reject
76978,797,96548,Approve
102420,834,145102,Reject
106095,778,79811,Approve
84672,807,69827,Approve
91821,735,56273,Approve
113661,788,82903,Approve
99224,696,89138,Reject
119405,737,43059,Approve
84796,825,61877,Approve
74706,618,62782,Reject
34023,727,42888,Reject
112636,741,48398,Approve
66735,666,149469,Reject
102959,782,30795,Approve
69218,660,106723,Reject
42213,783,103650,Reject
58460,662,97156,Reject
94680,704,91512,Approve
61017,814,49232,Approve
60990,703,33284,Approve
49515,738,147034,Reject
59991,774,142499,Reject
37634,733,125332,Reject
107034,633,82630,Reject
106452,792,122022,Reject
59377,698,131558,Reject
63001,816,125392,Reject
31391,663,119928,Reject
95206,820,54574,Approve
72215,686,81702,Reject
109720,809,111566,Reject
57114,805,85139,Approve
41882,680,83683,Reject
47273,665,94081,Reject
75647,758,121237,Reject
112665,682,53708,Reject
94892,823,27787,Approve
72679,789,89481,Approve
30427,781,108978,Reject
96267,691,48718,Reject
30799,832,74000,Reject
85659,735,148308,Reject
37025,769,28421,Reject
44481,768,97210,Reject
55411,786,50596,Approve
44961,767,74004,Reject
51767,830,75611,Approve
81690,749,106777,Reject
82870,751,82540,Approve
66135,637,132701,Reject
94514,729,93274,Approve
116928,724,134925,Reject
108798,640,89308,Reject
100765,832,76887,Approve
53772,618,32365,Reject
48799,704,137469,Reject
53555,729,96334,Approve
49333,691,59855,Reject
34261,695,84137,Reject
99002,661,35775,Reject
76553,810,87520,Approve
33088,615,129591,Reject
75783,693,119356,Reject
31115,749,142346,Reject
100114,741,58022,Approve
98126,715,85886,Approve
102908,655,86448,Reject
99109,664,57213,Reject
32978,772,78648,Reject
39422,653,30715,Reject
73626,793,53059,Approve
119233,685,111324,Reject
86174,773,76902,Approve
67743,760,101314,Reject
100461,806,35223,Approve
87199,649,53235,Reject
59430,704,88813,Approve
58834,621,74513,Reject
54435,639,34641,Reject
117212,638,74455,Reject
85797,704,145405,Reject
73554,768,72727,Approve
84555,802,31391,Approve
115350,667,108512,Reject
44716,606,40709,Reject
90261,684,53832,Reject
57528,798,57656,Approve
31995,731,133313,Reject
52414,675,31655,Reject
43844,849,33111,Reject
66659,690,46269,Reject
45522,786,82275,Reject
104034,808,84532,Approve
72322,683,38778,Reject
97638,822,128553,Reject
38524,753,110198,Reject
60846,630,112704,Reject
103643,698,146922,Reject
90096,800,137608,Reject
113804,796,66418,Approve
77703,651,125162,Reject
54399,711,85539,Approve
105160,671,145974,Reject
118667,620,82660,Reject
78591,615,58708,Reject
50714,778,126352,Reject
65877,615,78865,Reject
114106,745,129444,Reject
108018,774,130353,Reject
89136,655,132912,Reject
63414,755,71129,Approve
116576,681,62434,Reject
108943,677,94858,Reject
75468,783,143760,Reject
109702,839,45977,Approve
102108,636,79319,Reject
76835,831,98759,Approve
93333,743,99702,Approve
72464,812,103670,Reject
52923,792,118305,Reject
91855,659,94872,Reject
97445,788,46214,Approve
97619,610,61108,Reject
76146,725,51667,Approve
90032,802,40631,Approve
47140,665,109652,Reject
32670,725,52421,Reject
66519,631,42419,Reject
74512,845,63313,Approve
87811,746,87579,Approve
44691,655,21702,Reject
64262,604,58715,Reject
84892,730,63889,Approve
55595,755,32762,Approve
87207,689,54155,Reject
63440,814,147782,Reject
38630,693,33382,Reject
61250,671,111775,Reject
107518,699,112192,Reject
104191,628,49852,Reject
94791,804,148329,Reject
114118,658,133417,Reject
93753,624,68843,Reject
90520,749,74978,Approve
34008,837,52130,Reject
74464,696,30188,Reject
30496,700,48268,Reject
53212,716,113342,Reject
50637,798,67898,Approve
75227,622,134629,Reject
112413,669,66618,Reject
113346,678,45826,Reject
39884,678,51995,Reject
98259,767,24462,Approve
79810,697,116008,Reject
34761,613,54804,Reject
103166,628,108325,Reject
46375,743,43173,Reject
55218,820,124423,Reject
60565,686,69689,Reject
62975,609,144434,Reject
57073,646,116271,Reject
99726,846,79496,Approve
31883,603,28982,Reject
98422,611,115434,Reject
79629,641,92399,Reject
94170,825,38332,Approve
104489,603,99525,Reject
38381,683,123482,Reject
53238,691,41488,Reject
43795,691,106063,Reject
92999,605,98483,Reject
79907,741,111547,Reject
39638,846,64209,Reject
100467,634,39232,Reject
72623,774,142993,Reject
68492,785,137031,Reject
56411,664,118009,Reject
50534,746,73685,Approve
59181,656,116521,Reject
49996,792,36545,Reject
102089,612,97640,Reject
113609,735,77847,Approve
102666,617,33347,Reject
59405,845,22634,Approve
101325,762,145385,Reject
58930,686,25101,Reject
47529,713,107686,Reject
83546,843,45970,Approve
37942,625,37893,Reject
37548,832,38703,Reject
48296,765,113362,Reject
81016,811,42489,Approve
30296,665,126975,Reject
97945,625,131548,Reject
89980,725,130750,Reject
86782,656,78098,Reject
64229,827,56767,Approve
83444,624,128332,Reject
65036,629,143083,Reject
69322,809,80186,Approve
57167,734,101912,Reject
81667,626,39733,Reject
113337,738,96942,Approve
81468,700,113703,Reject
102894,735,147487,Reject
83084,610,50659,Reject
93138,725,122515,Reject
52588,815,69543,Approve
92901,629,129910,Reject
47671,693,129940,Reject
113038,715,27951,Approve
61645,843,141519,Reject
37637,614,84417,Reject
30660,783,104693,Reject
36922,634,137104,Reject
74721,638,54006,Reject
87256,623,148510,Reject
99506,607,75864,Reject
98943,642,113060,Reject
57843,769,20740,Approve
39046,683,113995,Reject
119336,768,141158,Reject
93985,646,97860,Reject
110083,625,147961,Reject
60346,779,51099,Approve
118284,815,129339,Reject
83526,749,29727,Approve
103143,732,142179,Reject
66787,742,85904,Approve
63583,763,128767,Reject
42563,700,46533,Reject
76060,662,123213,Reject
63690,692,50408,Reject
44925,806,123523,Reject
116787,818,85305,Approve
113184,776,127594,Reject
50108,654,145651,Reject
106515,671,125908,Reject
98258,659,35038,Reject
35355,784,127887,Reject
76069,628,124510,Reject
84471,618,70799,Reject
62705,822,95759,Approve
73909,672,69061,Reject
118606,737,46254,Approve
83739,700,46722,Reject
106820,737,39208,Approve
117273,845,80640,Approve
53241,824,106090,Reject
57414,816,75061,Approve
80818,656,40165,Reject
50895,781,145111,Reject
92409,783,113476,Reject
85324,667,39512,Reject
96920,844,95000,Approve
83555,796,21979,Approve
95453,686,113809,Reject
52689,702,26612,Approve
94356,782,46763,Approve
38252,796,26022,Reject
60844,843,124385,Reject
53365,671,79750,Reject
36026,808,95304,Reject
58523,728,48055,Approve
40482,717,80889,Reject
78888,841,93368,Approve
80110,739,144349,Reject
30493,762,143859,Reject
86194,715,37639,Approve
112001,805,81032,Approve
69767,839,144521,Reject
59550,681,20299,Reject
43833,801,142497,Reject
32970,846,139209,Reject
112681,806,104962,Reject
79177,833,132800,Reject
97342,760,143280,Reject
101200,810,148377,Reject
91501,825,116190,Reject
58900,708,132533,Reject
44126,752,103200,Reject
100690,615,33028,Reject
117744,735,45437,Approve
109303,634,24589,Reject
115579,812,93669,Approve
77994,810,124936,Reject
97061,773,82645,Approve
46978,738,79917,Reject
86344,788,100995,Reject
76648,643,39168,Reject
31055,738,83845,Reject
105582,738,92934,Approve
111214,749,43092,Approve
74876,684,141861,Reject
68725,818,32377,Approve
35255,681,138847,Reject
104947,789,94839,Approve
83380,833,111168,Reject
83333,775,127591,Reject
72459,831,66635,Approve
66163,701,120604,Reject
63971,821,75402,Approve
95149,662,109889,Reject
114730,778,100801,Reject
49476,772,122295,Reject
98580,838,102433,Reject
116593,836,122535,Reject
99050,632,129172,Reject
105526,812,124856,Reject
37507,659,28312,Reject
100393,722,127997,Reject
42118,601,104767,Reject
80529,740,82263,Approve
98682,793,53885,Approve
84176,656,77848,Reject
34414,770,83494,Reject
113030,644,63951,Reject
115973,630,128119,Reject
92137,737,60629,Approve
33937,622,55006,Reject
66731,813,124904,Reject
116862,838,99567,Approve
68665,628,87969,Reject
104510,824,45378,Approve
47500,630,43393,Reject
31750,805,27166,Reject
95018,801,122677,Reject
34027,617,126450,Reject
35745,610,87007,Reject
91731,702,94554,Approve
116984,646,49616,Reject
58451,602,50771,Reject
101474,729,37812,Approve
91536,781,145323,Reject
42150,671,74026,Reject
43406,758,142611,Reject
49781,735,35029,Reject
87417,770,89842,Approve
48325,775,33177,Reject
98684,729,89317,Approve
103469,621,46601,Reject
39436,723,38701,Reject
47669,732,26688,Reject
102010,734,37390,Approve
106764,619,119941,Reject
31843,819,110956,Reject
95609,676,57879,Reject
80812,729,109369,Reject
46059,631,98221,Reject
116269,689,52492,Reject
70768,602,39671,Reject
55395,768,146383,Reject
50202,641,140128,Reject
43273,847,121165,Reject
78889,676,69790,Reject
103048,848,94220,Approve
118810,812,47574,Approve
75510,772,91261,Approve
117945,700,31849,Reject
100649,814,71327,Approve
32881,798,116329,Reject
75913,744,140283,Reject
114785,819,51171,Approve
95037,727,119789,Reject
92457,646,52651,Reject
65343,821,26581,Approve
92389,796,84767,Approve
108250,751,73695,Approve
38656,798,25221,Reject
35741,722,143438,Reject
46661,633,72900,Reject
58690,847,111081,Reject
62833,777,101663,Reject
101240,641,25032,Reject
107711,632,59194,Reject
87141,722,56777,Approve
108232,626,100631,Reject
69023,805,41707,Approve
70209,658,142965,Reject
116612,746,107363,Reject
110522,839,50620,Approve
44440,714,91843,Reject
37960,829,147852,Reject
52462,803,55896,Approve
47821,730,57069,Reject
87772,798,91563,Approve
57258,727,148428,Reject
118952,719,79539,Approve
92524,826,133964,Reject
52115,752,147766,Reject
76433,712,130549,Reject
118267,614,140097,Reject
118321,682,133684,Reject
109364,787,102866,Reject
100077,682,137896,Reject
70644,622,79337,Reject
92643,610,88976,Reject
43311,786,21545,Reject
60531,812,65612,Approve
44588,715,72659,Reject
79416,761,51480,Approve
42380,702,52797,Reject
72645,842,127967,Reject
47818,606,116480,Reject
60857,705,136097,Reject
51711,771,48336,Approve
35097,846,121983,Reject
58393,818,100300,Reject
52076,791,77872,Approve
114274,713,107067,Reject
87609,622,85661,Reject
59317,701,57676,Approve
88480,657,48432,Reject
37044,619,26642,Reject
101033,754,72410,Approve
85486,716,61613,Approve
85162,787,117651,Reject
109287,735,147113,Reject
59882,700,110061,Reject
84078,794,66416,Approve
88734,601,127236,Reject
73826,621,71413,Reject
117985,669,60721,Reject
74028,702,44866,Approve
81331,703,96719,Approve
62543,635,80985,Reject
59362,707,116626,Reject
57315,623,96305,Reject
57746,739,30931,Approve
40057,808,38077,Reject
72915,621,124191,Reject
51061,845,73796,Approve
81370,682,45895,Reject
64157,672,88357,Reject
41322,803,72814,Reject
99812,723,117272,Reject
107842,823,100290,Reject
64017,844,68793,Approve
86792,822,83848,Approve
57742,680,101754,Reject
94808,750,64189,Approve
47629,673,74346,Reject
38245,790,21395,Reject
73870,629,72119,Reject
94829,746,23961,Approve
40588,625,55382,Reject
30442,817,133357,Reject
107339,727,108790,Reject
70721,610,37928,Reject
67145,619,123529,Reject
40599,717,32093,Reject
102594,655,100238,Reject
112742,772,65457,Approve
107430,795,111892,Reject
32939,646,27986,Reject
52149,803,46726,Approve
96567,688,139570,Reject
40208,847,132964,Reject
96098,657,98196,Reject
79492,609,73585,Reject
50951,621,92570,Reject
78920,670,78400,Reject
76766,623,84619,Reject
87014,793,127941,Reject
58351,695,33580,Reject
114216,812,128464,Reject
79386,788,103016,Reject
117122,606,79225,Reject
39308,671,21204,Reject
89252,844,128416,Reject
105145,842,44331,Approve
113211,726,142007,Reject
58064,637,23583,Reject
83879,748,101792,Reject
38720,735,64099,Reject
72940,720,146854,Reject
109993,688,27539,Reject
98475,627,64379,Reject
77113,691,76292,Reject
78926,653,120342,Reject
68203,758,142867,Reject
118901,715,144612,Reject
35392,827,107846,Reject
55905,816,28223,Approve
103508,715,95696,Approve
80385,719,104894,Reject
60653,640,51339,Reject
114720,636,84590,Reject
44799,724,31522,Reject
90103,765,121872,Reject
45052,778,113037,Reject
36044,675,145102,Reject
49871,636,48014,Reject
119303,700,142894,Reject
50234,630,64082,Reject
51381,789,93834,Approve
47274,745,72945,Reject
117840,689,147444,Reject
113108,605,85737,Reject
79892,736,93492,Approve
80521,738,27385,Approve
113920,694,84552,Reject
113391,718,91543,Approve
47920,709,54562,Reject
46702,719,86944,Reject
31894,729,20916,Reject
60985,722,85226,Approve
58287,628,73583,Reject
103527,709,93314,Approve
45439,720,128180,Reject
72235,778,132744,Reject
57659,833,91882,Approve
54976,668,134173,Reject
112643,750,55934,Approve
97865,827,125648,Reject
98306,606,36448,Reject
86697,727,139336,Reject
100382,655,73471,Reject
46651,726,56418,Reject
79044,676,34715,Reject
44633,833,124702,Reject
109164,661,54783,Reject
30569,673,45897,Reject
89900,827,134244,Reject
97509,807,122328,Reject
63038,614,42698,Reject
79088,652,61572,Reject
103177,770,28843,Approve
104466,810,131309,Reject
102216,812,51551,Approve
96793,719,119691,Reject
103786,634,47442,Reject
68138,806,46696,Approve
93310,839,107099,Reject
58757,613,108518,Reject
100394,692,108399,Reject
109027,796,24763,Approve
86151,721,47771,Approve
79272,776,117734,Reject
36908,617,106029,Reject
40844,778,25535,Reject
81455,728,52519,Approve
98447,724,149050,Reject
104527,626,32020,Reject
107108,663,49745,Reject
73066,659,50906,Reject
70004,818,55896,Approve
68333,816,106786,Reject
113029,768,149690,Reject
69697,748,123389,Reject
47634,613,31297,Reject
54561,715,69689,Approve
48033,844,77081,Reject
102887,747,148996,Reject
85063,691,74183,Reject
55921,684,79762,Reject
49340,686,83573,Reject
92781,738,46783,Approve
44901,719,149448,Reject
40638,793,101793,Reject
68596,683,124302,Reject
116914,623,66791,Reject
74324,718,129673,Reject
118356,688,50086,Reject
62642,636,109599,Reject
55378,685,128818,Reject
80867,726,115520,Reject
103686,751,103957,Reject
72875,614,147233,Reject
119595,611,61922,Reject
113729,837,21243,Approve
94377,694,76269,Reject
84691,834,149550,Reject
94303,791,143412,Reject
90839,630,62829,Reject
79063,780,72282,Approve
108343,693,41863,Reject
113071,832,52337,Approve
35492,683,119957,Reject
61357,671,44688,Reject
101838,643,27974,Reject
62314,629,29491,Reject
78697,634,22304,Reject
100283,620,49000,Reject
89567,710,108840,Reject
77006,831,31498,Approve
90011,662,97874,Reject
40686,849,144581,Reject
67449,691,23814,Reject
91606,830,110332,Reject
48891,744,145710,Reject
82115,611,112755,Reject
90719,843,49925,Approve
103030,841,81224,Approve
66723,745,98045,Approve
59877,838,57806,Approve
44026,846,68793,Reject
50422,691,33365,Reject
39244,659,115862,Reject
63481,666,56549,Reject
119180,714,54726,Approve
88031,614,70448,Reject
38521,615,59109,Reject
31746,621,83615,Reject
113127,717,140411,Reject
98232,712,29224,Approve
42012,694,90618,Reject
110224,790,106242,Reject
53457,758,79949,Approve
100572,600,60069,Reject
59960,674,67043,Reject
117695,605,100911,Reject
37910,686,50934,Reject
32693,736,113295,Reject
45858,779,49526,Reject
58810,807,39612,Approve
50092,661,141256,Reject
118779,657,103395,Reject
78700,829,145245,Reject
88105,707,55175,Approve
60505,618,109463,Reject
103228,708,135623,Reject
58555,740,131549,Reject
101934,722,63927,Approve
102788,759,145829,Reject
107257,699,123719,Reject
47939,608,120549,Reject
41825,837,42073,Reject
54151,837,149421,Reject
30036,648,145517,Reject
113707,764,106257,Reject
69051,630,26572,Reject
110738,758,23950,Approve
103596,658,104578,Reject
90071,782,75301,Approve
103601,746,30006,Approve
59873,790,60253,Approve
66648,729,105203,Reject
101468,644,103216,Reject
56470,695,47731,Reject
95129,642,54415,Reject
38328,697,67813,Reject
36333,600,77703,Reject
76638,812,138140,Reject
41268,788,146491,Reject
100603,730,94892,Approve
47045,690,60860,Reject
70741,643,42013,Reject
118306,734,23244,Approve
72770,632,109107,Reject
37887,736,122329,Reject
54918,629,83440,Reject
65497,745,97428,Approve
91009,655,61462,Reject
41929,817,99413,Reject
91762,811,42754,Approve
109099,829,40588,Approve
58546,704,82182,Approve
108424,846,78687,Approve
67338,630,80723,Reject
64283,799,138500,Reject
112494,790,127306,Reject
108170,814,43638,Approve
114787,777,20785,Approve
76566,688,20227,Reject
115464,838,90483,Approve
111991,600,27477,Reject
58013,709,37211,Approve
82132,681,135066,Reject
117412,618,99430,Reject
58084,714,48387,Approve
51143,725,30217,Approve
44179,833,67488,Reject
88726,663,124560,Reject
40222,843,31556,Reject
89965,652,97104,Reject
94068,605,46914,Reject
53949,616,45704,Reject
46116,645,42466,Reject
81052,836,94018,Approve
81369,799,39932,Approve
78817,717,93224,Approve
113203,833,145604,Reject
104311,672,85595,Reject
59655,700,58199,Reject
87802,782,48777,Approve
77632,690,39054,Reject
44193,827,67192,Reject
110212,605,23339,Reject
60776,797,104709,Reject
73225,708,118118,Reject
90010,795,121958,Reject
112735,813,80534,Approve
95451,639,65955,Reject
78812,690,112604,Reject
110602,828,58316,Approve
48895,665,107022,Reject
95782,736,76670,Approve
51209,610,50641,Reject
112336,747,81745,Approve
91807,715,39046,Approve
53086,642,36585,Reject
115637,830,27087,Approve
112027,657,131638,Reject
57207,805,146041,Reject
50897,753,61430,Approve
93083,637,60711,Reject
96957,693,137714,Reject
108506,635,121660,Reject
37283,829,113866,Reject
111481,826,63316,Approve
30255,782,122277,Reject
106555,605,98556,Reject
45487,730,63543,Reject
49346,664,24471,Reject
65050,723,81129,Approve
38744,791,47122,Reject
54756,785,145563,Reject
91596,716,138925,Reject
113397,785,88659,Approve
55146,617,96869,Reject
85032,750,71459,Approve
72687,695,148697,Reject
76103,756,58771,Approve
51976,750,89326,Approve
92863,727,52036,Approve
30591,635,75087,Reject
36277,669,124825,Reject
91860,808,55878,Approve
32260,809,110459,Reject
95883,694,21601,Reject
54741,733,31788,Approve
67211,761,72929,Approve
71542,643,41307,Reject
36869,643,47129,Reject
117616,626,83869,Reject
94732,699,32712,Reject
49422,839,42303,Reject
65613,651,66515,Reject
87016,769,36004,Approve
90110,624,105698,Reject
118529,673,126817,Reject
107922,638,113773,Reject
64033,837,96025,Approve
75213,766,140551,Reject
91993,739,102099,Reject
42938,738,40349,Reject
106695,712,66059,Approve
32274,834,79056,Reject
114390,844,77372,Approve
61815,602,113679,Reject
106018,714,68805,Approve
48961,621,35685,Reject
50044,603,112145,Reject
51975,735,61697,Approve
44706,613,122023,Reject
35974,811,141018,Reject
106464,815,134742,Reject
51213,613,96653,Reject
31950,819,108577,Reject
115013,615,46009,Reject
40411,759,142686,Reject
117231,663,136752,Reject
76156,838,130138,Reject
92744,803,138871,Reject
47771,615,39678,Reject
99810,651,56623,Reject
65053,618,33369,Reject
82076,668,55519,Reject
37045,739,113745,Reject
87623,692,119028,Reject
59714,604,127749,Reject
64386,641,94905,Reject
38562,849,62256,Reject
85048,616,126353,Reject
42026,710,98893,Reject
61589,671,134537,Reject
56844,703,111006,Reject
53447,831,104419,Reject
107502,693,21329,Reject
113268,609,112586,Reject
84708,811,149141,Reject
93925,836,51407,Approve
100825,615,139805,Reject
81574,832,71779,Approve
115548,743,98074,Approve
48812,641,38834,Reject
85309,602,132357,Reject
94230,750,145848,Reject
71628,813,67303,Approve
70581,720,127665,Reject
76628,755,115282,Reject
118628,837,59825,Approve
55105,772,97167,Approve
109830,827,77017,Approve
99157,795,63327,Approve
62442,829,89830,Approve
117235,623,62424,Reject
32347,618,79536,Reject
77650,674,131674,Reject
47110,639,103650,Reject
92170,645,93685,Reject
34923,639,67246,Reject
81801,661,80638,Reject
92771,837,119427,Reject
111147,846,43577,Approve
78135,830,52175,Approve
49199,844,139309,Reject
39066,617,83609,Reject
82136,739,136176,Reject
66575,741,134952,Reject
119796,838,133670,Reject
76733,681,103949,Reject
46991,788,125178,Reject
52553,707,78587,Approve
119710,833,23766,Approve
117493,611,126891,Reject
30634,703,59824,Reject
42771,754,46056,Reject
48298,733,28299,Reject
109876,687,56331,Reject
65999,714,77223,Approve
101887,632,63866,Reject
89648,836,147611,Reject
92668,717,27849,Approve
99374,679,33771,Reject
97509,777,49604,Approve
105783,611,26035,Reject
74440,694,100640,Reject
61655,784,84520,Approve
73039,828,146318,Reject
85255,652,93495,Reject
102219,612,23196,Reject
84989,721,70337,Approve
41244,799,56899,Reject
88595,701,39459,Approve
69551,730,85948,Approve
93230,848,113270,Reject
58371,791,94210,Approve
99358,849,96687,Approve
58878,811,56615,Approve
66157,657,28794,Reject
35914,603,44358,Reject
113700,835,53849,Approve
57180,772,82603,Approve
33688,665,114379,Reject
110219,714,139043,Reject
108616,635,109582,Reject
39916,622,93752,Reject
86363,836,28389,Approve
57360,618,137314,Reject
67805,639,61382,Reject
43453,671,103061,Reject
52703,743,76087,Approve
89021,657,95781,Reject
104176,706,103040,Reject
111614,617,97895,Reject
118919,635,117184,Reject
111072,751,24527,Approve
37410,728,76258,Reject
111462,600,130971,Reject
78268,663,111905,Reject
64248,661,26693,Reject
61159,709,57671,Approve
72039,763,52823,Approve
77800,674,108678,Reject
70761,745,98950,Approve
116103,615,120567,Reject
73663,616,77364,Reject
110903,623,113810,Reject
70412,697,141041,Reject
65367,795,126786,Reject
35813,826,100586,Reject
89894,806,38378,Approve
81444,729,37218,Approve
64269,847,138971,Reject
91748,842,123574,Reject
71190,822,99808,Approve
70318,800,34526,Approve
67018,737,100278,Reject
69759,780,138997,Reject
46498,816,62874,Reject
55989,778,129097,Reject
55568,796,119805,Reject
96577,613,100831,Reject
60099,833,101089,Reject
119900,711,64281,Approve
70639,829,106608,Reject
53482,848,89672,Approve
99212,831,34705,Approve
85261,665,36403,Reject
117317,681,37416,Reject
60048,692,61784,Reject
33065,780,132251,Reject
32036,844,105194,Reject
65814,844,83376,Approve
89694,811,31853,Approve
46924,791,48369,Reject
90204,671,67121,Reject
62844,700,20747,Reject
111943,648,146961,Reject
51518,839,63326,Approve
47059,689,134375,Reject
53052,789,59772,Approve
99803,636,102887,Reject
101524,776,68409,Approve
119572,795,89083,Approve
38680,760,118247,Reject
97021,749,147227,Reject
110249,669,49011,Reject
50043,632,104718,Reject
32419,627,121319,Reject
86892,687,75757,Reject
47140,603,70956,Reject
73484,665,80022,Reject
93869,676,87559,Reject
75210,709,94128,Approve
87600,648,79762,Reject
108497,727,83769,Approve
36487,738,51109,Reject
90692,634,106352,Reject
92112,766,46499,Approve
61110,737,45944,Approve
46360,834,117798,Reject
79410,673,63280,Reject
113038,799,121628,Reject
103167,668,141851,Reject
33017,750,38261,Reject
116261,633,63647,Reject
90124,723,78741,Approve
80949,710,121979,Reject
88268,631,43345,Reject
96320,615,30111,Reject
111301,667,36389,Reject
61127,653,123837,Reject
33196,723,77929,Reject
105088,755,29713,Approve
71300,711,123479,Reject
79714,835,56646,Approve
61921,659,39853,Reject
34746,677,29013,Reject
98535,675,139021,Reject
95350,659,141321,Reject
80345,684,23093,Reject
79220,711,67544,Approve
111131,679,96840,Reject
52063,717,70009,Approve
101736,771,118057,Reject
118913,601,46881,Reject
108946,622,125922,Reject
75971,847,50767,Approve
33598,820,60745,Reject
40564,645,120854,Reject
79725,834,79530,Approve
116134,672,53993,Reject
89940,653,101547,Reject
92085,670,47132,Reject
47862,820,61613,Reject
40265,835,125757,Reject
39705,724,76552,Reject
85279,680,95067,Reject
92471,608,90092,Reject
109834,669,22717,Reject
92979,771,121696,Reject
85828,683,44538,Reject
76104,673,131790,Reject
70934,672,62022,Reject
36050,611,58890,Reject
73952,824,73680,Approve
116570,631,129028,Reject
38484,761,95336,Reject
92648,682,135769,Reject
89945,632,59407,Reject
83678,663,43402,Reject
61323,647,140793,Reject
116332,615,47224,Reject
117363,777,83248,Approve
65361,713,131749,Reject
40315,750,90286,Reject
77968,625,33820,Reject
56519,836,148962,Reject
39107,653,120958,Reject
85781,771,134843,Reject
33869,832,138984,Reject
110983,636,55837,Reject
57370,608,103883,Reject
92695,821,40978,Approve
90422,612,33713,Reject
37971,839,60431,Reject
55651,659,51207,Reject
86974,705,91839,Approve
53446,725,144114,Reject
68108,679,26142,Reject
105179,837,127972,Reject
33823,727,23755,Reject
43454,848,133733,Reject
33932,729,86366,Reject
40220,822,147947,Reject
104090,659,131929,Reject
97965,784,59342,Approve
58208,714,99229,Approve
102980,642,26121,Reject
40510,746,48304,Reject
74045,723,68294,Approve
40537,738,107994,Reject
102683,805,84902,Approve
99134,646,119646,Reject
102254,816,128660,Reject
43782,662,63704,Reject
95587,734,109599,Reject
112238,806,65258,Approve
105720,693,142017,Reject
108004,722,54612,Approve
52072,630,66017,Reject
111015,815,135149,Reject
118938,654,116081,Reject
102746,752,137679,Reject
75702,799,43227,Approve
36057,629,78922,Reject
60916,635,85736,Reject
57268,649,102435,Reject
73978,741,91407,Approve
53259,628,131821,Reject
83583,754,41834,Approve
109400,716,51325,Approve
64293,777,106759,Reject
37043,635,49546,Reject
80430,761,108410,Reject
68893,620,46972,Reject
70642,637,85459,Reject
108065,674,72383,Reject
60868,824,23696,Approve
56309,806,127771,Reject
53284,803,72445,Approve
99000,815,108921,Reject
114179,777,38013,Approve
92107,725,40402,Approve
95049,636,57257,Reject
59265,802,142251,Reject
111490,719,87552,Approve
53880,844,82417,Approve
114579,746,61126,Approve
30255,717,53743,Reject
31502,600,149004,Reject
100192,808,106467,Reject
95424,767,60073,Approve
105838,654,37243,Reject
100966,807,40328,Approve
71366,753,20209,Approve
57425,849,131359,Reject
82328,770,29800,Approve
97396,658,85749,Reject
101694,650,107817,Reject
35806,847,48007,Reject
116274,706,58550,Approve
47106,742,60170,Reject
86731,607,45548,Reject
105010,693,48375,Reject
112533,741,148396,Reject
62599,696,85839,Reject
101326,833,141964,Reject
105706,606,76152,Reject
39004,617,111947,Reject
81364,611,110094,Reject
55792,601,70012,Reject
94912,777,105967,Reject
84645,692,71007,Reject
37232,748,92487,Reject
108210,606,97189,Reject
84766,843,54935,Approve
111588,818,91495,Approve
78542,611,103553,Reject
35913,683,117489,Reject
40567,656,55242,Reject
68379,677,99391,Reject
104968,673,106960,Reject
30319,832,120681,Reject
116120,622,148225,Reject
34791,629,46326,Reject
30329,710,112794,Reject
104387,657,105331,Reject
91032,694,73811,Reject
74078,651,89811,Reject
118662,655,73537,Reject
51300,609,130778,Reject
105700,746,77829,Approve
80945,746,29552,Approve
85609,707,92811,Approve
90562,686,35485,Reject
91901,786,53540,Approve
35703,771,97505,Reject
93115,832,70984,Approve
118090,786,66113,Approve
57676,823,27605,Approve
91710,683,119603,Reject
90077,603,101389,Reject
119340,696,44757,Reject
75440,711,144142,Reject
66923,792,64865,Approve
59802,740,82811,Approve
92904,666,28337,Reject
90162,739,123467,Reject
95169,692,97670,Reject
98147,782,21839,Approve
52075,788,122898,Reject
112015,694,102722,Reject
104716,640,95726,Reject
39304,763,73102,Reject
89622,601,37702,Reject
84215,621,36359,Reject
110146,749,108038,Reject
103973,640,52514,Reject
42521,694,122930,Reject
54028,715,97526,Approve
69328,719,63218,Approve
57301,836,22940,Approve
68015,613,43953,Reject
117276,692,81405,Reject
66845,634,92934,Reject
116818,777,58226,Approve
106394,608,22052,Reject
74159,838,75606,Approve
73714,717,64812,Approve
110722,695,26305,Reject
55230,658,28407,Reject
79262,655,20785,Reject
71722,818,125283,Reject
76359,609,87171,Reject
92796,624,99815,Reject
70159,840,142026,Reject
117052,772,34272,Approve
35239,824,30491,Reject
80886,610,97480,Reject
57195,700,23109,Reject
64674,608,32515,Reject
48105,734,140741,Reject
59739,670,57772,Reject
61969,761,42140,Approve
44497,682,92981,Reject
31816,619,53052,Reject
89254,713,64541,Approve
117695,833,149672,Reject
99385,688,128506,Reject
117148,604,22413,Reject
63826,711,38027,Approve
93365,820,92771,Approve
114242,654,29319,Reject
80100,818,48048,Approve
34359,688,78613,Reject
42809,828,50372,Reject
94450,614,91871,Reject
68428,845,113890,Reject
102790,775,69795,Approve
32093,603,84807,Reject
74498,677,141999,Reject
70985,719,84394,Approve
62009,712,112890,Reject
112094,808,60985,Approve
47718,620,146202,Reject
46705,807,128541,Reject
117618,817,134270,Reject
92598,736,122241,Reject
107878,665,90343,Reject
42239,706,34950,Reject
76622,806,91872,Approve
76665,762,26524,Approve
62274,815,102945,Reject
41419,711,81174,Reject
45003,716,58490,Reject
60866,778,70220,Approve
51988,845,61898,Approve
85894,727,56866,Approve
35674,701,35265,Reject
100538,677,142703,Reject
96446,828,95200,Approve
59072,636,113759,Reject
63717,605,49830,Reject
117345,681,99138,Reject
56651,685,30517,Reject
74291,681,102095,Reject
93350,650,28095,Reject
112020,665,67385,Reject
34646,695,70295,Reject
69713,744,42277,Approve
97936,664,109261,Reject
74331,608,105430,Reject
52185,740,116714,Reject
114263,827,73214,Approve
82107,700,60565,Reject
96554,785,86486,Approve
47563,757,122740,Reject
100729,630,121048,Reject
45701,750,68882,Reject
99072,662,149749,Reject
78217,841,143000,Reject
74610,755,73822,Approve
114422,658,21920,Reject
80131,609,29876,Reject
59410,688,41996,Reject
88715,723,26419,Approve
68665,699,29160,Reject
45957,689,51706,Reject
78127,625,58940,Reject
93589,836,58698,Approve
76008,676,89344,Reject
91920,616,131276,Reject
62875,767,64275,Approve
31626,667,67424,Reject
93822,622,57506,Reject
101765,762,42879,Approve
102413,802,149555,Reject
63642,803,135792,Reject
68311,608,99140,Reject
62356,806,40773,Approve
33809,644,99344,Reject
73371,764,129001,Reject
64875,796,98570,Approve
39465,746,23884,Reject
96095,674,119036,Reject
103844,800,134345,Reject
95250,826,103501,Reject
116889,841,51803,Approve
45250,626,40063,Reject
76023,740,40236,Approve
76624,784,51262,Approve
46427,787,71579,Reject
63276,739,102243,Reject
101643,608,122003,Reject
109012,833,90717,Approve
33439,691,80336,Reject
115848,676,142001,Reject
117331,683,117098,Reject
108672,843,126857,Reject
109703,676,38484,Reject
47300,754,114609,Reject
90289,817,83026,Approve
47182,790,98504,Reject
100507,820,128388,Reject
80912,628,33280,Reject
56909,749,149892,Reject
49659,672,22754,Reject
61403,687,103392,Reject
63586,705,70258,Approve
40360,746,63386,Reject
51424,637,51365,Reject
78791,694,101353,Reject
33065,638,49604,Reject
98795,742,21803,Approve
42300,653,144907,Reject
63370,759,28272,Approve
99831,842,116986,Reject
57209,709,141345,Reject
50927,711,101204,Reject
64579,773,145848,Reject
39032,788,125210,Reject
108413,820,47117,Approve
70731,848,107275,Reject
83767,651,64699,Reject
102302,761,88524,Approve
79954,800,27204,Approve
118365,634,98564,Reject
115757,797,140464,Reject
55102,636,94052,Reject
64433,677,82519,Reject
45932,660,51864,Reject
55714,710,120665,Reject
87803,713,70386,Approve
69743,776,118051,Reject
32552,608,36486,Reject
86627,618,34774,Reject
75987,814,123216,Reject
109810,720,86282,Approve
75380,704,34373,Approve
59250,755,57676,Approve
98344,679,23691,Reject
94686,625,64445,Reject
75028,765,45823,Approve
45295,639,121368,Reject
85248,624,74564,Reject
110205,698,87255,Reject
40523,717,71354,Reject
75530,668,107071,Reject
43769,670,113417,Reject
93042,750,26026,Approve
74645,688,63496,Reject
92142,664,34073,Reject
55557,749,126041,Reject
109782,663,41836,Reject
108382,844,85186,Approve
67085,795,27184,Approve
80708,657,80829,Reject
81357,755,21789,Approve
43470,711,50353,Reject
108712,722,46340,Approve
109082,805,67343,Approve
36805,696,47933,Reject
112324,795,116601,Reject
92028,705,33686,Approve
80772,802,99887,Approve
82104,830,49258,Approve
103616,823,145877,Reject
119300,603,53027,Reject
36630,728,38302,Reject
45701,625,141192,Reject
44859,632,107438,Reject
51183,808,75755,Approve
70438,626,67002,Reject
72244,641,110095,Reject
104312,796,133570,Reject
45021,670,46362,Reject
99863,663,27252,Reject
85565,624,141918,Reject
78043,671,85635,Reject
103150,825,89441,Approve
94361,704,35090,Approve
31245,731,55110,Reject
71011,611,93627,Reject
40355,657,72385,Reject
78692,694,25024,Reject
79004,738,31441,Approve
59714,700,132059,Reject
47198,707,102247,Reject
96951,658,62311,Reject
31652,716,47387,Reject
73625,763,148041,Reject
115982,708,87825,Approve
48740,621,136053,Reject
33810,664,96890,Reject
46569,649,31291,Reject
109120,603,147434,Reject
56783,827,51386,Approve
108047,799,113814,Reject
39471,816,136096,Reject
36163,819,29702,Reject
93087,779,118523,Reject
92071,701,115066,Reject
46065,827,124711,Reject
113456,827,63128,Approve
78348,642,100941,Reject
49154,704,131895,Reject
50229,773,47762,Approve
82587,603,23239,Reject
79713,740,81874,Approve
56997,765,135957,Reject
51101,772,83971,Approve
70391,752,125846,Reject
105863,666,32567,Reject
102723,654,105737,Reject
89405,695,141877,Reject
64948,766,26857,Approve
83031,664,85603,Reject
67921,674,95399,Reject
102571,729,78086,Approve
107007,796,109145,Reject
58460,719,52270,Approve
51071,685,140071,Reject
96118,661,22012,Reject
78282,773,79049,Approve
88445,804,111558,Reject
111067,711,104989,Reject
112208,814,109586,Reject
84816,838,85826,Approve
115779,758,59080,Approve
33060,826,76879,Reject
43731,829,148461,Reject
107830,832,89215,Approve
50719,762,73062,Approve
77042,725,122955,Reject
79116,772,85888,Approve
56325,676,135951,Reject
52597,781,38210,Approve
97439,798,57146,Approve
44551,796,117728,Reject
54278,721,136293,Reject
45141,756,113948,Reject
97913,799,56166,Approve
63615,607,139239,Reject
92751,653,23006,Reject
57452,734,21004,Approve
52725,682,67580,Reject
80391,702,25967,Approve
105060,750,91964,Approve
41698,699,54846,Reject
116711,833,38879,Approve
107850,631,22261,Reject
32365,661,48340,Reject
73372,772,87273,Approve
74134,795,52323,Approve
67823,629,55864,Reject
101158,842,27927,Approve
31949,705,84884,Reject
79396,638,55212,Reject
61912,732,102256,Reject
86947,794,104903,Reject
74387,621,61927,Reject
93965,755,141686,Reject
46508,749,74150,Reject
75592,727,127167,Reject
31919,813,78647,Reject
72595,825,33056,Approve
39617,628,30862,Reject
105268,770,30798,Approve
63298,641,126491,Reject
36929,659,79058,Reject
44456,718,71747,Reject
116676,676,55738,Reject
113721,798,121573,Reject
67924,801,79945,Approve
54240,819,102398,Reject
117381,795,37227,Approve
39228,786,54393,Reject
51686,695,103800,Reject
41920,685,146531,Reject
37432,811,79461,Reject
93575,711,77848,Approve
101725,683,44685,Reject
63910,605,111517,Reject
60226,672,139180,Reject
103150,755,23480,Approve
89099,676,126846,Reject
116760,630,144437,Reject
48013,638,35860,Reject
51446,649,88578,Reject
100375,677,137524,Reject
92509,813,77230,Approve
30557,725,77026,Reject
60666,764,26564,Approve
67389,845,40012,Approve
77700,708,74169,Approve
54578,687,128537,Reject
104779,799,110222,Reject
39596,614,114416,Reject
87500,650,46341,Reject
102534,832,76758,Approve
40129,797,103121,Reject
93394,622,129474,Reject
96046,752,66841,Approve
41596,822,112584,Reject
95355,773,63335,Approve
42974,820,75155,Reject
96673,750,118314,Reject
100202,609,101147,Reject
104442,672,49527,Reject
51818,712,115466,Reject
73246,676,68775,Reject
85598,631,145181,Reject
32654,712,128085,Reject
63758,778,70653,Approve
54204,836,44704,Approve
64928,768,126209,Reject
83609,664,121907,Reject
60552,792,138883,Reject
40336,700,53057,Reject
77037,767,123992,Reject
46206,617,27393,Reject
64831,763,95404,Approve
73563,630,131740,Reject
48361,653,60373,Reject
71335,662,111956,Reject
104469,600,130131,Reject
55816,838,104613,Reject
45619,779,79171,Reject
56819,827,49336,Approve
41741,784,78714,Reject
38798,608,32985,Reject
55143,813,32014,Approve
79695,719,28374,Approve
62747,691,135038,Reject
51182,689,105506,Reject
39415,715,42299,Reject
41085,801,111513,Reject
45008,655,47331,Reject
117638,774,25584,Approve
48452,602,32965,Reject
94075,729,104769,Reject
38120,653,40819,Reject
94385,636,146092,Reject
103356,783,48782,Approve
48170,758,124708,Reject
46259,696,130463,Reject
52099,823,99035,Approve
39649,834,105847,Reject
89258,611,108434,Reject
71037,785,80773,Approve
41805,794,43824,Reject
73147,846,140504,Reject
104280,711,34110,Approve
76053,753,67707,Approve
106215,677,108512,Reject
40985,739,25825,Reject
42391,843,23488,Reject
34861,689,87431,Reject
93582,743,88444,Approve
81928,780,86947,Approve
64364,671,25457,Reject
112399,776,97110,Approve
72923,776,128439,Reject
37919,691,138687,Reject
85896,606,58216,Reject
115818,614,113230,Reject
77396,704,28847,Approve
64840,763,108212,Reject
72255,671,61309,Reject
101160,673,34658,Reject
38176,742,108928,Reject
63529,846,146878,Reject
86406,661,37527,Reject
42941,745,49676,Reject
31669,645,36781,Reject
115782,828,20645,Approve
74859,704,117476,Reject
85786,708,98236,Approve
81083,660,43990,Reject
70076,720,106052,Reject
50323,842,38618,Approve
36021,642,81859,Reject
69807,771,96500,Approve
80355,698,78827,Reject
74732,793,117389,Reject
38711,654,145114,Reject
93079,813,116726,Reject
37904,806,148077,Reject
94033,828,144863,Reject
116478,766,21962,Approve
119787,827,148373,Reject
85096,732,135497,Reject
33093,784,59241,Reject
54918,711,146076,Reject
102743,742,60251,Approve
92636,690,82397,Reject
88806,615,89951,Reject
39394,656,75770,Reject
43280,827,134152,Reject
66303,701,51545,Approve
57453,809,28705,Approve
90695,826,143213,Reject
98449,624,115302,Reject
55765,621,30704,Reject
32340,847,52119,Reject
68057,758,48671,Approve
30597,722,41203,Reject
87988,828,101927,Reject
45025,761,140503,Reject
37145,686,112115,Reject
85797,743,32451,Approve
71723,797,44516,Approve
103230,786,131372,Reject
34830,742,140102,Reject
53930,681,116613,Reject
53752,701,95856,Approve
106025,740,149797,Reject
111304,623,78642,Reject
92040,740,65976,Approve
97696,792,39330,Approve
94648,839,107656,Reject
85030,635,54612,Reject
86815,648,138299,Reject
115669,681,133561,Reject
65690,647,51790,Reject
118406,696,125863,Reject
87923,701,149848,Reject
66572,770,142872,Reject
84030,605,107606,Reject
97904,808,39449,Approve
59203,667,94830,Reject
107088,613,52256,Reject
35608,629,118983,Reject
75667,709,27190,Approve
85547,811,123651,Reject
52485,607,65493,Reject
39862,781,31561,Reject
105948,665,40431,Reject
116890,828,49617,Approve
101880,731,33571,Approve
87560,801,129319,Reject
113529,683,116931,Reject
58415,787,20009,Approve
94523,719,134291,Reject
49323,652,130749,Reject
83214,698,100739,Reject
47997,839,63791,Reject
87003,673,148157,Reject
33679,819,141151,Reject
70308,742,146827,Reject
105024,699,90857,Reject
69842,728,73368,Approve
95408,749,95914,Approve
99532,818,143553,Reject
83938,820,68847,Approve
35695,614,142422,Reject
88499,801,93042,Approve
53382,811,95755,Approve
44235,621,115491,Reject
92223,777,54224,Approve
32366,647,118347,Reject
57467,716,60094,Approve
89316,672,147791,Reject
36764,719,82818,Reject
91836,778,114305,Reject
61923,823,146489,Reject
46292,616,30086,Reject
31614,705,113893,Reject
50939,682,60544,Reject
48800,703,112398,Reject
86440,690,139258,Reject
53246,778,38955,Approve
82805,764,67660,Approve
79648,825,144295,Reject
86851,838,93736,Approve
61688,648,91168,Reject
59764,658,99236,Reject
62470,737,54630,Approve
68501,629,70385,Reject
87207,684,105045,Reject
92157,620,24711,Reject
33216,845,50871,Reject
52072,633,22457,Reject
67132,672,142889,Reject
47861,697,96732,Reject
94186,777,98375,Approve
34960,675,59467,Reject
48781,774,33167,Reject
61126,684,93995,Reject
52578,848,27157,Approve
47883,683,130357,Reject
59782,733,22714,Approve
86387,777,106466,Reject
46979,708,47217,Reject
63746,827,60132,Approve
96266,662,116653,Reject
30056,611,100792,Reject
61457,768,76371,Approve
32243,758,130302,Reject
85031,601,76788,Reject
31701,743,29583,Reject
86381,728,109461,Reject
80438,731,62042,Approve
103839,646,110405,Reject
110636,843,97807,Approve
96483,792,88371,Approve
50505,651,28013,Reject
36553,646,142643,Reject
63525,698,98775,Reject
110402,804,49540,Approve
74348,649,56973,Reject
101187,644,132157,Reject
37273,641,87690,Reject
94236,822,107028,Reject
105569,811,128840,Reject
33535,783,89459,Reject
48677,670,51558,Reject
113024,656,128350,Reject
30908,831,108004,Reject
100153,632,60030,Reject
118989,755,56636,Approve
65079,713,89326,Approve
111556,643,129528,Reject
79323,713,110956,Reject
75320,655,79051,Reject
119909,643,117751,Reject
76105,811,83566,Approve
60164,695,71159,Reject
31885,672,86809,Reject
87819,633,76025,Reject
31049,613,147314,Reject
83281,795,46680,Approve
73271,756,129463,Reject
96697,724,32434,Approve
96351,678,82185,Reject
66534,744,66096,Approve
88097,682,67471,Reject
83813,829,76004,Approve
55037,736,94940,Approve
66007,626,60579,Reject
109478,776,30487,Approve
57278,806,95925,Approve
38272,764,114921,Reject
87183,755,80628,Approve
68294,649,120568,Reject
103277,654,68133,Reject
92509,731,116925,Reject
34694,812,133500,Reject
88150,847,103530,Reject
97470,697,29610,Reject
51556,746,103706,Reject
94471,636,73551,Reject
79855,849,33869,Approve
79086,731,105402,Reject
48907,636,108466,Reject
101695,778,95605,Approve
78487,759,129403,Reject
59158,772,68954,Approve
50293,711,94107,Approve
75761,611,42979,Reject
63387,768,31492,Approve
70750,655,135381,Reject
98602,679,80920,Reject
51256,613,115826,Reject
35594,653,132784,Reject
32460,790,114257,Reject
102356,664,144327,Reject
84698,715,117379,Reject
46191,846,96118,Reject
114631,657,43409,Reject
40529,695,136443,Reject
62175,620,85162,Reject
47675,603,92569,Reject
73158,672,44077,Reject
76798,847,80428,Approve
100910,726,46455,Approve
55976,842,47385,Approve
93116,645,20847,Reject
108678,813,96699,Approve
92821,611,73213,Reject
42204,727,135883,Reject
85665,629,29704,Reject
37394,693,64862,Reject
94814,823,140166,Reject
63593,659,51849,Reject
71964,699,91868,Reject
107188,670,142842,Reject
83365,680,25648,Reject
30443,792,51793,Reject
119439,741,105240,Reject
58180,710,104377,Reject
78791,643,113574,Reject
116655,707,23450,Approve
105899,701,28418,Approve
73665,753,68718,Approve
33465,690,54575,Reject
98247,708,130804,Reject
81559,615,117260,Reject
55198,709,134009,Reject
84740,606,53186,Reject
52488,759,134426,Reject
68515,688,46451,Reject
119144,694,23155,Reject
57898,615,29110,Reject
31919,846,109284,Reject
80070,704,49448,Approve
92613,721,146934,Reject
116135,805,148529,Reject
112501,688,149244,Reject
77003,661,118122,Reject
78478,629,105738,Reject
44434,847,65231,Reject
76246,798,55399,Approve
66649,739,40058,Approve
89030,666,144225,Reject
83061,818,90166,Approve
31999,645,92404,Reject
44849,810,123817,Reject
106439,642,120133,Reject
82800,828,95391,Approve
35445,782,68698,Reject
48040,644,65379,Reject
94315,787,110196,Reject
30246,833,117275,Reject
61153,798,23812,Approve
35212,840,37270,Reject
33339,679,43978,Reject
118678,631,31531,Reject
86238,607,48783,Reject
49394,712,80019,Reject
83871,804,33236,Approve
107722,661,137485,Reject
64607,802,50093,Approve
82055,619,89683,Reject
34395,745,38515,Reject
45290,700,113806,Reject
117687,605,22759,Reject
95078,683,129274,Reject
33691,823,45316,Reject
37470,837,88412,Reject
33841,707,65480,Reject
93197,756,33332,Approve
85773,603,95439,Reject
47776,670,69207,Reject
101596,770,121666,Reject
57584,683,63819,Reject
34300,761,78150,Reject
33338,699,137744,Reject
92601,670,73902,Reject
35487,632,29198,Reject
66282,742,123307,Reject
106816,843,35732,Approve
58804,823,126209,Reject
39915,813,106023,Reject
41158,719,75419,Reject
104157,767,21781,Approve
40547,692,98948,Reject
118713,816,70141,Approve
32459,732,117090,Reject
58768,805,81277,Approve
93146,777,129660,Reject
80870,698,76704,Reject
80460,665,51485,Reject
112970,816,74351,Approve
90817,653,138057,Reject
68247,807,46654,Approve
45419,773,53145,Reject
65577,679,71529,Reject
32921,738,124349,Reject
34676,723,66378,Reject
115961,776,36665,Approve
79684,826,82475,Approve
43463,750,98462,Reject
55474,654,104839,Reject
70935,604,67802,Reject
97005,791,97892,Approve
88596,634,59752,Reject
102828,692,56362,Reject
119062,838,70990,Approve
85152,718,67126,Approve
119001,796,98160,Approve
116569,653,59338,Reject
102467,602,113004,Reject
82576,605,116464,Reject
96627,686,110326,Reject
55772,709,41114,Approve
46363,655,114630,Reject
58490,601,22120,Reject
89004,681,130289,Reject
83806,693,121174,Reject
30260,765,20785,Reject
105992,783,76925,Approve
52320,604,86473,Reject
108971,773,148747,Reject
72145,840,128185,Reject
93688,738,49969,Approve
78581,792,85236,Approve
50754,737,113823,Reject
99837,640,127752,Reject
37207,715,121416,Reject
57920,643,36297,Reject
117739,689,42816,Reject
117081,632,141386,Reject
54016,818,125741,Reject
90522,655,90070,Reject
104092,841,29529,Approve
84068,739,42013,Approve
50102,601,50089,Reject
31924,600,26171,Reject
115015,792,61229,Approve
84333,720,37874,Approve
114458,724,58809,Approve
114196,632,79465,Reject
76099,813,79024,Approve
87346,803,41153,Approve
105481,702,124693,Reject
80062,635,48429,Reject
30306,748,77753,Reject
118495,683,26641,Reject
99767,763,62401,Approve
42207,625,109075,Reject
69426,774,145138,Reject
36336,822,45367,Reject
105166,728,41726,Approve
47256,765,135047,Reject
79817,741,24677,Approve
63719,689,25139,Reject
72017,645,77766,Reject
75704,641,44696,Reject
60013,734,71372,Approve
109991,654,106049,Reject
100258,655,96693,Reject
108348,846,77414,Approve
66776,717,32832,Approve
40060,675,133413,Reject
108592,662,149807,Reject
36655,751,131559,Reject
118110,682,121996,Reject
79923,800,139318,Reject
108563,698,146609,Reject
34030,731,93741,Reject
119779,836,25425,Approve
63289,641,23900,Reject
49739,695,97347,Reject
91687,709,93998,Approve
66491,669,140580,Reject
102115,627,146004,Reject
113778,725,123917,Reject
34781,691,144463,Reject
50448,639,49134,Reject
81550,778,102442,Reject
79294,756,22817,Approve
51446,641,90486,Reject
106579,717,55607,Approve
115389,796,132637,Reject
115615,604,109809,Reject
47101,700,93027,Reject
96178,768,93550,Approve
58016,660,27691,Reject
48932,782,85978,Reject
74653,755,42778,Approve
82802,640,77154,Reject
37549,710,116415,Reject
108933,608,112195,Reject
55362,756,68788,Approve
77842,805,113039,Reject
76539,765,29413,Approve
63717,661,134113,Reject
84596,653,97177,Reject
53016,779,63400,Approve
85200,703,49899,Approve
110268,725,132683,Reject
90287,633,112474,Reject
113402,764,65463,Approve
72607,776,20894,Approve
57621,641,130398,Reject
42823,613,55021,Reject
59986,809,115472,Reject
94325,632,116296,Reject
87771,717,149611,Reject
84973,697,120314,Reject
44690,691,108777,Reject
69107,699,66442,Reject
87888,836,139681,Reject
40956,839,114302,Reject
116839,828,106555,Reject
86227,686,47791,Reject
66533,833,149082,Reject
86234,744,109728,Reject
97594,723,125301,Reject
86901,802,114716,Reject
41519,631,63520,Reject
61115,700,129342,Reject
96266,806,127541,Reject
31832,795,123137,Reject
71368,638,49899,Reject
118425,693,67802,Reject
99715,609,121238,Reject
101835,814,143350,Reject
103366,751,98107,Approve
67570,699,20371,Reject
117977,843,50193,Approve
36615,657,80747,Reject
102298,796,100922,Reject
68311,700,125302,Reject
53434,834,34464,Approve
116879,663,103323,Reject
45739,618,106522,Reject
96202,700,138634,Reject
109599,716,69025,Approve
63649,735,114187,Reject
77445,670,131710,Reject
69470,639,106593,Reject
104965,612,49872,Reject
78621,700,96248,Reject
62926,723,84997,Approve
67997,754,102927,Reject
89940,681,113458,Reject
70724,687,20667,Reject
61704,704,36325,Approve
58391,729,86982,Approve
93291,615,35890,Reject
119723,613,138654,Reject
32526,727,46483,Reject
54686,744,112479,Reject
103339,659,112217,Reject
36574,797,122672,Reject
38733,826,58085,Reject
80290,616,141934,Reject
102793,644,121333,Reject
66051,637,61000,Reject
45909,723,33025,Reject
119682,703,140580,Reject
107338,663,49940,Reject
103432,720,141878,Reject
58133,605,139492,Reject
81571,787,108299,Reject
109062,711,44701,Approve
80908,701,102697,Reject
41278,648,61795,Reject
81458,620,149163,Reject
94265,826,110990,Reject
86782,622,122793,Reject
85415,675,33115,Reject
84160,784,59038,Approve
84399,663,76433,Reject
55298,756,66999,Approve
52191,626,94564,Reject
86964,733,61484,Approve
63092,748,127747,Reject
119407,670,27688,Reject
105257,706,122545,Reject
92513,768,142018,Reject
81097,807,127230,Reject
60279,732,43255,Approve
44404,742,99747,Reject
100022,748,102088,Reject
65198,657,66617,Reject
79997,731,62108,Approve
108692,796,61259,Approve
30567,734,97049,Reject
91032,634,90569,Reject
32179,763,86057,Reject
32019,720,116360,Reject
111455,742,143497,Reject
115239,819,98792,Approve
48704,729,130080,Reject
48030,719,46293,Reject
99445,784,50607,Approve
103551,604,32793,Reject
33420,670,110413,Reject
89875,685,127148,Reject
77653,840,56069,Approve
46740,694,106079,Reject
95263,759,47213,Approve
94559,799,38663,Approve
49465,640,62582,Reject
81432,769,84694,Approve
34131,674,114526,Reject
40652,792,54449,Reject
94973,838,33116,Approve
117043,767,118395,Reject
77147,682,23706,Reject
77671,835,36147,Approve
119342,637,119264,Reject
49171,641,40543,Reject
116129,847,119147,Reject
85692,764,134906,Reject
88541,655,28895,Reject
39470,670,82058,Reject
91344,830,42412,Approve
74308,654,53014,Reject
80639,816,33251,Approve
51326,781,148472,Reject
34597,621,130533,Reject
60788,626,25109,Reject
95020,704,44632,Approve
79477,774,115276,Reject
63071,637,32151,Reject
100603,711,66165,Approve
91923,638,75276,Reject
100560,742,115269,Reject
103251,718,26325,Approve
87492,793,108227,Reject
61770,788,114964,Reject
106762,659,95586,Reject
65399,735,21912,Approve
108948,643,56989,Reject
87439,642,27374,Reject
74415,733,53034,Approve
42569,811,132993,Reject
32369,754,105402,Reject
30528,772,66678,Reject
60314,622,111792,Reject
48047,839,113305,Reject
49748,831,70683,Reject
65109,808,30198,Approve
43919,721,114817,Reject
77498,740,90100,Approve
85808,795,147776,Reject
110792,683,56996,Reject
100441,705,80794,Approve
104420,663,27155,Reject
58906,752,67952,Approve
101486,724,143899,Reject
96896,813,118621,Reject
51946,651,78944,Reject
77020,647,86246,Reject
104266,660,31388,Reject
52161,616,94178,Reject
57738,639,46457,Reject
33925,674,38127,Reject
38463,688,54091,Reject
87153,668,31752,Reject
112948,684,71832,Reject
91009,625,24237,Reject
117938,807,23051,Approve
71552,783,115705,Reject
86271,639,84346,Reject
39797,812,106584,Reject
116130,839,63311,Approve
101942,695,39088,Reject
43965,795,25675,Reject
43733,829,59555,Reject
83223,849,22640,Approve
56926,716,83328,Approve
58783,735,32317,Approve
113360,672,64408,Reject
66394,644,125680,Reject
94796,616,126442,Reject
58287,768,123666,Reject
112104,676,53462,Reject
60436,736,106173,Reject
116916,797,95921,Approve
103567,690,77683,Reject
117483,705,35201,Approve
33188,700,54536,Reject
36765,702,44667,Reject
81626,834,130920,Reject
118707,623,85707,Reject
40807,672,55517,Reject
40204,720,55870,Reject
87944,705,135308,Reject
72120,738,132911,Reject
52658,634,57982,Reject
67081,756,78332,Approve
64986,735,52844,Approve
109322,616,104118,Reject
80304,798,24237,Approve
95592,739,143110,Reject
88548,839,50465,Approve
69986,806,26027,Approve
104095,844,98777,Approve
118281,692,30367,Reject
96151,708,47483,Approve
103598,649,75007,Reject
58214,713,100567,Reject
68745,623,120848,Reject
72548,636,117559,Reject
40681,805,83268,Reject
36984,610,113724,Reject
57579,698,134675,Reject
84933,808,121161,Reject
57399,786,119857,Reject
61481,654,91810,Reject
30944,626,82924,Reject
39114,835,98092,Reject
69846,666,145545,Reject
113666,846,72892,Approve
107848,787,127457,Reject
62596,601,83034,Reject
105287,667,54395,Reject
36907,745,46543,Reject
58114,747,97059,Approve
55009,812,21074,Approve
114846,662,105124,Reject
80241,805,33990,Approve
65725,671,117064,Reject
48996,729,102948,Reject
36047,817,102567,Reject
58767,682,65793,Reject
46347,641,100373,Reject
54102,755,58071,Approve
34263,756,133048,Reject
97438,796,39546,Approve
60540,706,66515,Approve
105726,627,65875,Reject
93769,787,37286,Approve
70843,704,149212,Reject
57690,711,73219,Approve
32994,817,29695,Reject
97546,732,57844,Approve
37377,614,31054,Reject
108572,709,81822,Approve
56467,672,22897,Reject
30048,759,29537,Reject
66978,779,41946,Approve
77606,689,77325,Reject
111574,636,28681,Reject
103414,742,139940,Reject
79222,768,93387,Approve
78115,603,110537,Reject
119606,844,100121,Reject
70647,780,125532,Reject
84607,827,67038,Approve
87410,683,74833,Reject
51996,754,68123,Approve
84921,748,50117,Approve
113697,659,91131,Reject
76022,685,43774,Reject
70148,791,134101,Reject
97764,670,63691,Reject
38888,774,73143,Reject
118666,781,95135,Approve
69159,630,91998,Reject
72197,616,33307,Reject
114326,777,59136,Approve
54474,606,143302,Reject
47333,725,47531,Reject
66355,682,62174,Reject
103903,627,56710,Reject
96258,609,54568,Reject
61145,626,148755,Reject
105675,740,34414,Approve
79854,793,82294,Approve
97664,813,51723,Approve
116153,811,114572,Reject
65285,787,30261,Approve
47533,726,81987,Reject
62624,642,87913,Reject
76996,668,125627,Reject
76947,662,71255,Reject
57956,669,134530,Reject
81030,698,21271,Reject
88597,792,123324,Reject
72443,826,65316,Approve
95464,794,48419,Approve
33952,781,53202,Reject
86880,763,39982,Approve
82201,670,146429,Reject
72460,692,89307,Reject
52796,742,100409,Reject
61746,802,127030,Reject
116785,745,61340,Approve
30015,835,104070,Reject
79757,731,56892,Approve
55957,815,97653,Approve
111541,610,25602,Reject
51292,733,146008,Reject
61876,721,100957,Reject
90727,778,117210,Reject
77046,785,25167,Approve
44817,787,91022,Reject
39759,617,73201,Reject
78432,806,69698,Approve
36412,666,113728,Reject
87757,744,106342,Reject
50504,696,85249,Reject
38507,633,83753,Reject
51050,757,95479,Approve
34820,746,90360,Reject
37835,736,84687,Reject
43587,767,55883,Reject
87732,643,20218,Reject
81921,694,52893,Reject
75499,786,33169,Approve
36840,690,134629,Reject
95077,710,66458,Approve
61440,752,65374,Approve
65183,846,78672,Approve
32389,670,94951,Reject
85076,652,24180,Reject
96299,775,57928,Approve
119461,670,104690,Reject
69023,811,118145,Reject
80029,652,29766,Reject
69941,707,50058,Approve
118993,776,21942,Approve
83950,770,31532,Approve
116959,827,106377,Reject
106054,618,63374,Reject
95363,665,115412,Reject
91742,761,86790,Approve
75215,847,53755,Approve
77857,808,141925,Reject
85476,815,79192,Approve
58173,800,100459,Reject
39395,781,117218,Reject
89768,600,126415,Reject
114743,705,109875,Reject
76229,819,67592,Approve
56639,654,140041,Reject
92583,614,130397,Reject
58924,726,132044,Reject
102969,812,33118,Approve
60104,614,130215,Reject
67594,720,133305,Reject
33664,750,127813,Reject
40528,844,119675,Reject
58190,665,84610,Reject
96033,773,98699,Approve
91161,827,53128,Approve
103177,713,28104,Approve
100179,736,99722,Approve
100592,793,28549,Approve
62899,793,146081,Reject
100979,745,117798,Reject
47241,744,115614,Reject
76211,832,109704,Reject
93472,671,77240,Reject
104248,697,114002,Reject
103757,761,142417,Reject
61346,796,121087,Reject
111196,791,52831,Approve
107124,643,148395,Reject
72220,756,104148,Reject
47942,789,79978,Reject
79167,819,122153,Reject
66373,615,108252,Reject
97143,677,117462,Reject
32016,651,89474,Reject
99110,601,136203,Reject
76309,847,127075,Reject
37274,831,108233,Reject
45748,660,32609,Reject
50175,731,99019,Approve
41826,725,30523,Reject
113008,651,142474,Reject
64129,640,46989,Reject
100009,779,120462,Reject
53490,630,71277,Reject
71435,753,130265,Reject
105017,754,124700,Reject
38520,720,87819,Reject
113106,650,91772,Reject
91877,825,60577,Approve
49798,694,130262,Reject
84638,775,23105,Approve
99072,610,121856,Reject
97309,735,105395,Reject
59894,611,21838,Reject
92963,698,110333,Reject
84567,644,44437,Reject
65326,633,102815,Reject
85059,804,140297,Reject
35079,818,91449,Reject
55838,671,138099,Reject
117340,774,134176,Reject
77109,847,137696,Reject
115211,620,45560,Reject
55594,640,46208,Reject
72749,802,138358,Reject
66292,621,55658,Reject
104534,620,67355,Reject
109233,755,63003,Approve
81818,794,134027,Reject
43429,670,75437,Reject
87748,613,34646,Reject
78807,678,70560,Reject
37140,672,138560,Reject
93226,651,106597,Reject
44901,770,78679,Reject
118815,798,60214,Approve
58525,675,64597,Reject
50491,618,42873,Reject
98816,626,23458,Reject
64980,745,57165,Approve
38078,612,107803,Reject
119521,706,83994,Approve
78704,728,34582,Approve
46997,829,117925,Reject
109810,684,34823,Reject
30868,761,60856,Reject
56398,740,27406,Approve
111578,708,138288,Reject
51246,714,50619,Approve
50561,832,27071,Approve
46254,650,41852,Reject
64512,814,131382,Reject
119532,600,68872,Reject
107395,814,123311,Reject
87865,720,127871,Reject
53580,755,108217,Reject
100959,722,128029,Reject
102144,631,30144,Reject
72485,799,129753,Reject
80621,782,31183,Approve
80665,753,41074,Approve
100412,741,74838,Approve
80603,815,105416,Reject
51038,839,32349,Approve
44325,692,138160,Reject
65892,667,47493,Reject
31753,662,109146,Reject
47996,681,29357,Reject
98811,741,24561,Approve
104283,754,115380,Reject
75211,640,93150,Reject
92820,838,84685,Approve
30824,602,22358,Reject
43880,693,51805,Reject
96617,658,31430,Reject
41517,827,36041,Reject
51683,750,131407,Reject
46876,617,112262,Reject
86354,837,30267,Approve
103802,838,97395,Approve
106719,703,131099,Reject
116602,673,95909,Reject
108413,719,110170,Reject
39982,675,92793,Reject
104504,844,42597,Approve
56598,768,128454,Reject
44639,607,126680,Reject
100210,759,43989,Approve
99852,680,39003,Reject
39695,768,50169,Reject
78582,772,128176,Reject
61094,805,67271,Approve
90635,700,36961,Reject
52187,608,32146,Reject
31214,848,74395,Reject
53940,849,82676,Approve
74406,689,65237,Reject
73481,647,61030,Reject
45977,714,86091,Reject
74839,751,135539,Reject
87874,686,62178,Reject
88414,694,23640,Reject
55538,830,148291,Reject
86241,771,66136,Approve
103501,785,87448,Approve
105133,793,104650,Reject
90481,713,58187,Approve
57740,617,137053,Reject
93328,807,43922,Approve
102105,628,133746,Reject
80643,802,49500,Approve
41881,601,34429,Reject
66996,677,134954,Reject
62177,667,56684,Reject
67177,830,33687,Approve
96126,697,109248,Reject
86531,716,147589,Reject
56119,709,34837,Approve
57915,766,78744,Approve
32708,800,133775,Reject
68749,831,32865,Approve
74989,640,64653,Reject
52106,798,98455,Approve
47131,714,55094,Reject
76553,680,55569,Reject
88144,721,107472,Reject
36553,686,68787,Reject
47881,836,50961,Reject
31379,802,71186,Reject
99306,621,131837,Reject
49726,809,96558,Reject
39088,648,35297,Reject
64314,755,76605,Approve
85041,615,102904,Reject
46350,833,106019,Reject
111397,667,26463,Reject
109509,789,33632,Approve
47769,763,49703,Reject
77249,621,135763,Reject
112862,738,102943,Reject
76365,684,66221,Reject
80185,720,138585,Reject
32786,831,131370,Reject
31620,832,141658,Reject
66303,679,126775,Reject
49589,769,103031,Reject
32882,654,45759,Reject
92248,800,107000,Reject
79322,634,142669,Reject
54524,784,136763,Reject
39745,633,80943,Reject
45861,672,82249,Reject
84261,676,105862,Reject
32837,797,53039,Reject
104135,731,144003,Reject
111447,773,130475,Reject
84380,819,144107,Reject
116089,724,134877,Reject
79831,610,143425,Reject
119349,825,96069,Approve
68255,660,32158,Reject
59520,721,148979,Reject
59541,634,40398,Reject
95772,668,126446,Reject
57350,656,101685,Reject
74397,830,57711,Approve
107085,738,82807,Approve
93865,611,139554,Reject
85956,724,102688,Reject
57453,642,50772,Reject
92345,746,130271,Reject
42906,676,47307,Reject
44988,667,25166,Reject
57723,805,143890,Reject
63800,835,27589,Approve
69107,658,123102,Reject
57430,601,67986,Reject
62535,735,20464,Approve
98476,749,22600,Approve
117329,842,20916,Approve
107798,804,95180,Approve
82284,620,26126,Reject
86232,812,27151,Approve
74420,819,97196,Approve
67710,824,147169,Reject
102497,756,20065,Approve
70498,700,79946,Reject
61283,685,111837,Reject
96169,721,98424,Approve
102358,817,127995,Reject
92457,674,99535,Reject
55968,674,71056,Reject
92508,836,27193,Approve
93220,825,84610,Approve
115366,682,139259,Reject
35738,839,141404,Reject
33098,849,48540,Reject
103633,764,96537,Approve
108672,677,81434,Reject
68244,756,29078,Approve
38253,810,76125,Reject
84333,764,72960,Approve
80969,620,81521,Reject
100423,815,109485,Reject
74411,817,44245,Approve
105028,832,136648,Reject
65421,719,104667,Reject
31454,611,134056,Reject
47522,775,52811,Reject
68575,682,51543,Reject
33192,774,82941,Reject
85268,712,56610,Approve
111311,821,24705,Approve
40402,614,38272,Reject
108610,794,51834,Approve
110781,712,73050,Approve
66527,740,99176,Approve
82181,786,101548,Reject
57002,800,148413,Reject
111219,723,81236,Approve
42460,740,91419,Reject
60482,807,45295,Approve
46447,714,102610,Reject
78228,805,68937,Approve
113265,799,144825,Reject
80126,845,26842,Approve
50545,746,117092,Reject
85114,784,28301,Approve
105350,847,147194,Reject
87801,631,122862,Reject
43890,698,51579,Reject
82482,686,45090,Reject
93397,748,142408,Reject
31740,809,28828,Reject
60121,711,72480,Approve
41218,741,123616,Reject
101591,807,86162,Approve
118241,623,118373,Reject
64722,648,79850,Reject
79431,843,43933,Approve
81543,631,81233,Reject
72000,674,107533,Reject
101975,708,52591,Approve
60921,610,34432,Reject
118747,787,113911,Reject
60614,667,30042,Reject
91189,788,40703,Approve
47601,689,42345,Reject
101543,709,31070,Approve
50514,732,97080,Approve
113312,763,138665,Reject
97612,824,142188,Reject
46292,791,93595,Reject
61510,805,59552,Approve
58000,631,38018,Reject
60383,670,34093,Reject
41785,673,129972,Reject
70910,793,88079,Approve
69028,737,36118,Approve
54855,698,92889,Reject
54281,620,83219,Reject
34841,639,33349,Reject
90155,641,86304,Reject
56918,671,34163,Reject
86313,645,35095,Reject
47443,681,140452,Reject
62250,672,149511,Reject
31922,717,88139,Reject
61976,640,86527,Reject
41991,693,46304,Reject
83744,731,62988,Approve
52733,698,78873,Reject
32473,741,102408,Reject
38108,741,93715,Reject
58715,652,24152,Reject
62210,839,69663,Approve
67317,828,113431,Reject
95516,727,112263,Reject
63362,811,47180,Approve
84604,628,144987,Reject
34889,622,140385,Reject
119557,847,86270,Approve
103748,838,91214,Approve
61971,684,56077,Reject
80551,758,110482,Reject
33201,695,46649,Reject
119882,832,67496,Approve
67958,670,83282,Reject
109251,804,90237,Approve
35681,788,114317,Reject
76870,750,84903,Approve
112256,607,33060,Reject
97203,675,112413,Reject
58152,699,95558,Reject
80061,615,103779,Reject
87619,753,60487,Approve
88235,756,132419,Reject
103740,692,20916,Reject
67890,605,141597,Reject
91401,636,43648,Reject
41217,760,124985,Reject
78351,694,64135,Reject
63741,773,71814,Approve
50654,660,129130,Reject
91314,768,57460,Approve
31408,617,101391,Reject
72903,829,78581,Approve
114208,710,112272,Reject
31218,694,21335,Reject
80572,615,112728,Reject
88798,703,74202,Approve
60105,778,145823,Reject
99634,764,82564,Approve
95063,613,135449,Reject
37619,702,113830,Reject
41939,667,147913,Reject
48226,629,30892,Reject
55322,659,136819,Reject
88215,652,139502,Reject
46878,824,62913,Reject
36560,763,67971,Reject
68278,757,45524,Approve
66212,663,85837,Reject
103079,613,146904,Reject
53946,622,126044,Reject
61740,775,115448,Reject
37253,755,34903,Reject
109311,721,112700,Reject
62813,606,72846,Reject
94331,769,132731,Reject
57632,609,121005,Reject
78365,795,62435,Approve
97593,771,110725,Reject
63431,701,140902,Reject
67436,612,91180,Reject
48413,812,25520,Reject
68485,760,53436,Approve
98232,831,22128,Approve
46101,819,100995,Reject
38831,814,125042,Reject
114583,759,102137,Reject
81897,726,80275,Approve
35004,647,28940,Reject
118241,604,122524,Reject
75924,660,44776,Reject
51509,721,117281,Reject
67170,689,104541,Reject
73555,702,123443,Reject
44662,689,117238,Reject
95930,602,86257,Reject
77403,623,127447,Reject
66365,716,120185,Reject
92188,697,79571,Reject
106060,761,136120,Reject
56673,683,107101,Reject
93471,718,104240,Reject
47156,821,59718,Reject
87287,641,29968,Reject
31645,747,100634,Reject
89076,640,141865,Reject
105351,681,94426,Reject
80151,701,145848,Reject
97384,747,86157,Approve
63541,605,79931,Reject
102847,721,115193,Reject
117099,784,36843,Approve
110739,769,111196,Reject
80955,624,76377,Reject
39290,640,44875,Reject
88942,768,79888,Approve
112667,602,101234,Reject
60143,707,144155,Reject
54509,770,46006,Approve
117780,773,44525,Approve
66741,656,123679,Reject
56898,682,72604,Reject
115674,673,109232,Reject
92948,778,116846,Reject
91768,732,112500,Reject
73262,685,25925,Reject
35506,800,136509,Reject
50605,696,51122,Reject
108590,614,59199,Reject
58231,687,53756,Reject
109397,693,44789,Reject
107123,725,36915,Approve
43515,699,22917,Reject
117211,849,92421,Approve
68622,638,148575,Reject
46600,797,121923,Reject
57892,678,79328,Reject
113279,765,79602,Approve
99310,638,30410,Reject
51801,651,114745,Reject
67695,813,33574,Approve
58853,730,117057,Reject
34429,844,82115,Reject
34606,756,114597,Reject
34478,820,59332,Reject
113816,725,79453,Approve
70134,758,50805,Approve
99963,836,121364,Reject
100897,665,144488,Reject
55475,826,34826,Approve
96177,644,133535,Reject
51730,800,50779,Approve
51113,621,55292,Reject
50011,682,32607,Reject
85746,841,135377,Reject
72853,828,79443,Approve
115195,737,65712,Approve
66818,837,65883,Approve
67321,748,21100,Approve
51309,616,28310,Reject
48688,666,63728,Reject
58176,606,58069,Reject
98879,832,143385,Reject
97592,700,109737,Reject
114728,635,67740,Reject
119012,666,136888,Reject
39416,849,29233,Reject
69994,676,129631,Reject
96422,832,20496,Approve
38584,757,115979,Reject
48830,686,24174,Reject
115825,798,77402,Approve
107066,821,91066,Approve
33591,756,35098,Reject
51395,671,76121,Reject
84182,801,129628,Reject
46738,760,113650,Reject
32631,658,54421,Reject
47905,619,60014,Reject
49056,820,66828,Reject
119082,756,116070,Reject
65447,780,144586,Reject
84418,812,66567,Approve
67190,728,102163,Reject
56014,842,38639,Approve
102999,761,92535,Approve
80278,771,131702,Reject
31780,846,111786,Reject
89258,823,59511,Approve
72192,708,88228,Approve
89300,613,26073,Reject
73923,764,126534,Reject
119196,762,88783,Approve
32395,786,108541,Reject
45779,623,103535,Reject
101028,840,20019,Approve
59722,792,69372,Approve
37111,709,34160,Reject
39984,733,67378,Reject
102328,840,40155,Approve
56924,795,60089,Approve
82703,637,124910,Reject
62577,728,60344,Approve
37711,640,52398,Reject
115548,630,77594,Reject
34096,635,81651,Reject
96555,800,68605,Approve
119848,704,126132,Reject
105012,781,84174,Approve
38254,708,98242,Reject
107120,814,148171,Reject
35965,630,135194,Reject
107000,756,90277,Approve
107975,712,50323,Approve
87987,812,110980,Reject
62963,730,133866,Reject
33273,785,48566,Reject
45330,817,57355,Reject
51494,660,108358,Reject
106422,605,75752,Reject
33212,619,62129,Reject
113441,710,123661,Reject
117594,660,69891,Reject
31080,773,29982,Reject
62675,740,126919,Reject
52007,832,121359,Reject
112641,622,139075,Reject
76815,678,38587,Reject
113482,837,95711,Approve
30639,630,73074,Reject
93593,603,145277,Reject
108038,802,52185,Approve
33736,717,103877,Reject
46473,665,130834,Reject
64019,743,74478,Approve
116623,714,101323,Reject
66820,630,87325,Reject
114861,775,100843,Reject
87589,722,141089,Reject
95807,830,20584,Approve
48414,642,58946,Reject
54220,835,137888,Reject
90531,603,149453,Reject
72425,789,136030,Reject
39387,647,56958,Reject
106815,755,67323,Approve
57584,849,147276,Reject
74783,743,115868,Reject
69809,830,94936,Approve
84327,688,133700,Reject
40857,725,129318,Reject
72261,676,31885,Reject
103588,796,47023,Approve
46995,757,41169,Reject
43580,664,111277,Reject
48240,668,98816,Reject
113446,845,34469,Approve
105752,613,101340,Reject
76111,674,123060,Reject
64866,761,91561,Approve
110974,783,27455,Approve
103401,628,83365,Reject
112093,809,30497,Approve
42211,678,86598,Reject
88985,837,48976,Approve
63268,752,80698,Approve
33646,693,128343,Reject
85371,836,45101,Approve
72816,665,139190,Reject
119460,714,95110,Approve
74112,639,139669,Reject
81048,818,67481,Approve
84911,845,141300,Reject
105446,840,41352,Approve
31778,742,91602,Reject
75752,631,49661,Reject
114977,619,41784,Reject
100726,652,123988,Reject
110840,805,48682,Approve
57289,818,30914,Approve
74788,794,59606,Approve
34747,648,142041,Reject
104822,794,54755,Approve
30045,804,89603,Reject
37758,688,139756,Reject
53437,681,122408,Reject
49585,600,32315,Reject
39854,766,133462,Reject
82076,660,28877,Reject
86950,782,117743,Reject
47349,796,142494,Reject
51348,729,43038,Approve
64296,693,145429,Reject
49455,616,32869,Reject
108824,756,32058,Approve
84021,716,31017,Approve
101923,705,89270,Approve
69293,731,108724,Reject
118552,800,135929,Reject
76116,791,23500,Approve
70484,684,144541,Reject
60215,642,112162,Reject
111638,849,82650,Approve
33404,675,65098,Reject
67260,739,91266,Approve
95642,649,149798,Reject
110731,795,74682,Approve
76009,660,88797,Reject
59605,819,130633,Reject
83205,800,141952,Reject
67569,703,72995,Approve
35580,650,90361,Reject
35400,847,21981,Reject
69643,823,102567,Reject
116173,676,73075,Reject
69015,697,145584,Reject
101713,682,35876,Reject
102805,677,21982,Reject
44974,604,84368,Reject
44037,818,144808,Reject
114292,755,90791,Approve
46167,817,96285,Reject
118754,737,50214,Approve
73148,687,114244,Reject
102153,808,22019,Approve
51534,779,78166,Approve
116078,807,122978,Reject
86879,616,60839,Reject
95839,664,92516,Reject
59756,723,63524,Approve
42683,620,71984,Reject
79485,781,29212,Approve
41025,710,133518,Reject
116426,776,111193,Reject
48715,706,109022,Reject
100097,621,83642,Reject
117116,668,107911,Reject
105705,791,128518,Reject
47116,635,40592,Reject
66744,849,52203,Approve
117579,748,56443,Approve
32124,783,80227,Reject
68051,672,54547,Reject
37176,690,111931,Reject
94818,775,73848,Approve
48676,725,122841,Reject
75177,803,146641,Reject
30997,745,143107,Reject
89330,845,102793,Reject
73769,698,64610,Reject
108653,614,49817,Reject
41231,841,106686,Reject
102976,643,105348,Reject
115447,821,78635,Approve
85965,772,131286,Reject
111144,696,107524,Reject
91517,635,31108,Reject
57387,767,29219,Approve
34090,778,138237,Reject
54945,844,110232,Reject
70239,629,45317,Reject
33743,625,23881,Reject
60924,684,128005,Reject
40196,700,62202,Reject
98860,834,139477,Reject
71400,720,109365,Reject
115177,630,40736,Reject
110399,847,76623,Approve
78795,783,79434,Approve
81553,788,31109,Approve
54111,616,108979,Reject
93083,808,91185,Approve
91600,697,64741,Reject
80022,725,79056,Approve
33199,623,112747,Reject
80897,721,106928,Reject
68038,824,81108,Approve
85038,731,92853,Approve
37897,736,77937,Reject
94541,729,135721,Reject
44892,762,96567,Reject
38271,722,134899,Reject
54815,637,99499,Reject
75612,772,52003,Approve
63357,742,140745,Reject
105088,834,78749,Approve
46267,769,25508,Reject
48268,730,57785,Reject
44263,758,81155,Reject
100935,779,93658,Approve
89660,768,44509,Approve
95527,656,141167,Reject
93379,641,129572,Reject
71271,652,45497,Reject
96612,718,34418,Approve
37235,720,79383,Reject
118757,655,63159,Reject
46417,686,89598,Reject
64609,675,66814,Reject
63902,799,92884,Approve
53645,780,126246,Reject
92873,684,27945,Reject
117218,684,137926,Reject
94558,759,21493,Approve
92233,680,81517,Reject
53401,781,98235,Approve
37771,764,136265,Reject
71335,815,103517,Reject
104451,607,55196,Reject
109434,809,31187,Approve
97449,610,133429,Reject
31942,781,36696,Reject
50388,787,117119,Reject
113251,737,96170,Approve
87042,817,114093,Reject
83740,838,59454,Approve
95873,797,138763,Reject
77024,714,85539,Approve
53450,680,147084,Reject
86965,686,125365,Reject
40057,641,61845,Reject
38983,636,32380,Reject
49995,691,41602,Reject
107681,807,134879,Reject
68886,803,87916,Approve
119025,785,37619,Approve
32673,684,93298,Reject
64890,658,47854,Reject
107513,751,65682,Approve
53466,755,31225,Approve
80406,636,77083,Reject
33688,620,65628,Reject
99284,760,55171,Approve
43665,729,58789,Reject
50641,828,76572,Approve
62500,846,125038,Reject
65797,682,98019,Reject
114766,755,110373,Reject
75950,742,87905,Approve
55046,600,22467,Reject
39638,706,52241,Reject
116363,627,62894,Reject
51173,649,139115,Reject
43222,634,99143,Reject
80064,823,54027,Approve
67010,755,131272,Reject
48095,736,54822,Reject
31439,751,36917,Reject
115550,790,120423,Reject
35375,731,37907,Reject
119023,783,129161,Reject
50600,836,63146,Approve
32466,640,105377,Reject
75097,666,55357,Reject
83276,647,57187,Reject
80117,685,92628,Reject
76971,831,59512,Approve
36928,657,120244,Reject
118016,638,105656,Reject
85309,848,69224,Approve
104647,846,104807,Reject
70888,840,66468,Approve
73832,624,25357,Reject
39404,659,111099,Reject
63639,839,86881,Approve
108118,716,146292,Reject
90598,685,29978,Reject
96399,713,33616,Approve
57684,839,94759,Approve
98591,774,118273,Reject
107722,825,136694,Reject
32682,788,29422,Reject
68046,683,28602,Reject
51832,827,30497,Approve
46997,828,70971,Reject
64640,830,141482,Reject
106882,754,109133,Reject
70491,723,67229,Approve
93043,710,88628,Approve
102725,840,74441,Approve
75520,823,88127,Approve
92919,641,76735,Reject
94442,651,120806,Reject
51770,820,94389,Approve
77498,832,111341,Reject
91477,647,78700,Reject
30244,631,39476,Reject
62788,751,92597,Approve
109453,730,101697,Reject
87737,717,87209,Approve
76489,754,111200,Reject
101303,800,113760,Reject
58390,767,83575,Approve
40247,622,116066,Reject
99051,734,80894,Approve
89719,808,98890,Approve
64678,726,91538,Approve
117802,636,128456,Reject
106286,606,27308,Reject
59583,821,129941,Reject
38076,676,141347,Reject
48006,681,53267,Reject
45051,694,99126,Reject
34314,621,118629,Reject
58670,677,99265,Reject
97551,681,49224,Reject
40236,826,140721,Reject
65568,744,86423,Approve
90314,618,127491,Reject
46352,694,121977,Reject
75650,638,96768,Reject
40346,716,126239,Reject
55156,635,53696,Reject
85904,614,80312,Reject
44035,790,89939,Reject
46108,756,34992,Reject
32853,659,140114,Reject
114156,783,128418,Reject
34176,767,27990,Reject
55920,743,81909,Approve
84850,760,64215,Approve
36829,688,78998,Reject
103927,615,102544,Reject
114860,757,116546,Reject
70667,848,24344,Approve
95842,697,71523,Reject
65843,793,132058,Reject
80808,703,41083,Approve
60543,643,44634,Reject
102780,834,25116,Approve
36611,765,79660,Reject
118242,650,82781,Reject
114612,787,124541,Reject
76902,617,127773,Reject
63043,604,61646,Reject
35271,838,109547,Reject
102867,767,24610,Approve
107089,605,69684,Reject
88745,675,80519,Reject
92077,714,81248,Approve
89119,611,57265,Reject
41573,611,23852,Reject
51409,672,117222,Reject
115970,847,39788,Approve
54464,705,121072,Reject
72840,749,145804,Reject
78785,648,104575,Reject
50662,777,120444,Reject
48228,807,27724,Reject
90721,603,69725,Reject
79223,777,70717,Approve
37386,602,66026,Reject
36862,743,29997,Reject
70108,613,69588,Reject
105023,663,145961,Reject
110140,719,30695,Approve
112963,768,63422,Approve
57201,829,89125,Approve
98578,667,83442,Reject
79966,658,21398,Reject
84774,729,128050,Reject
40386,718,93227,Reject
107228,609,68500,Reject
45225,674,96479,Reject
46693,830,99462,Reject
102197,689,80273,Reject
73021,848,65817,Approve
48261,700,81171,Reject
57378,753,32113,Approve
116755,731,50134,Approve
41937,817,23266,Reject
96330,829,26408,Approve
77366,627,34842,Reject
102322,729,145573,Reject
70160,665,31136,Reject
75313,743,23497,Approve
57032,723,81415,Approve
47358,656,41340,Reject
91710,750,54742,Approve
116157,750,116944,Reject
78821,804,127362,Reject
58365,620,115330,Reject
43189,702,94781,Reject
106749,752,123714,Reject
37248,657,109662,Reject
34369,636,88070,Reject
93763,848,76725,Approve
38050,776,67018,Reject
58605,804,142907,Reject
79616,742,55985,Approve
84479,755,104255,Reject
110934,794,73828,Approve
70883,814,80341,Approve
63055,731,75547,Approve
98731,646,109249,Reject
37450,777,65982,Reject
32925,787,104077,Reject
110051,789,99712,Approve
80272,794,39075,Approve
35310,702,141229,Reject
61817,671,39726,Reject
74528,770,21555,Approve
85779,688,36659,Reject
114816,845,137424,Reject
112641,657,146562,Reject
114083,704,50966,Approve
106310,779,45923,Approve
45457,803,88625,Reject
72311,668,100279,Reject
33980,824,93114,Reject
50886,645,142656,Reject
107112,752,120476,Reject
80877,624,47967,Reject
66181,720,134840,Reject
63262,634,136292,Reject
30947,788,43185,Reject
30022,614,60492,Reject
31128,705,148877,Reject
109522,817,63027,Approve
62322,727,54594,Approve
78929,673,143126,Reject
111696,687,107429,Reject
39808,762,37754,Reject
82882,628,64507,Reject
51725,637,90858,Reject
102534,796,41512,Approve
69950,623,25811,Reject
118954,618,54459,Reject
113576,773,59442,Approve
50557,648,46726,Reject
51825,643,84757,Reject
38998,800,96372,Reject
66080,753,121694,Reject
87797,752,137086,Reject
45802,634,128777,Reject
41167,841,29862,Reject
72407,763,118340,Reject
43338,741,129912,Reject
106289,655,103547,Reject
101520,733,55107,Approve
48895,631,108080,Reject
77910,625,34425,Reject
95898,742,54139,Approve
33454,776,53444,Reject
116540,822,90608,Approve
90797,655,148443,Reject
113137,636,20252,Reject
80637,724,121168,Reject
35349,829,136304,Reject
69963,652,30208,Reject
105583,785,104151,Reject
37750,700,75585,Reject
52463,810,102680,Reject
104935,677,105206,Reject
88792,635,59069,Reject
43686,700,76218,Reject
93528,610,43218,Reject
52787,626,53160,Reject
44776,601,96819,Reject
87427,621,64502,Reject
91086,665,45006,Reject
93308,811,146610,Reject
45797,835,119300,Reject
35302,711,59916,Reject
93172,616,45667,Reject
68059,731,135788,Reject
30908,613,110213,Reject
90252,606,96427,Reject
110659,678,143772,Reject
42877,821,67688,Reject
44239,743,100078,Reject
116971,703,136948,Reject
57313,793,34414,Approve
72103,746,84624,Approve
78408,600,144668,Reject
113251,630,38564,Reject
118771,727,25316,Approve
40534,846,64056,Reject
73060,731,98295,Approve
47189,690,81028,Reject
116067,657,136468,Reject
40967,655,48190,Reject
111991,780,81357,Approve
95563,816,108353,Reject
38660,813,62239,Reject
69823,642,56776,Reject
85842,673,92909,Reject
39616,841,82938,Reject
105976,824,68110,Approve
78738,648,68195,Reject
43107,711,56054,Reject
91404,707,96409,Approve
45954,659,122821,Reject
46943,821,149581,Reject
70725,693,39012,Reject
75434,743,102458,Reject
115751,672,99530,Reject
40110,808,38164,Reject
117091,698,26605,Reject
46462,787,97254,Reject
109232,713,68109,Approve
84081,774,55116,Approve
82799,614,36145,Reject
96567,662,41791,Reject
119301,839,36120,Approve
81224,627,43553,Reject
86063,747,136648,Reject
85240,824,36362,Approve
111352,790,121395,Reject
47868,760,134140,Reject
105973,635,59865,Reject
110989,724,105482,Reject
52222,740,57849,Approve
109794,661,90437,Reject
93924,795,120608,Reject
108513,750,128996,Reject
84649,799,22485,Approve
113749,612,142616,Reject
40223,687,79789,Reject
78166,639,131768,Reject
69369,837,142863,Reject
116379,757,118952,Reject
99392,723,30461,Approve
89526,821,77042,Approve
42661,624,99548,Reject
45591,824,50131,Reject
101718,800,72967,Approve
85235,753,124583,Reject
37970,623,29743,Reject
77922,696,147601,Reject
60755,638,49447,Reject
49416,816,144182,Reject
43672,843,22632,Reject
113468,708,44287,Approve
76996,806,47108,Approve
104095,660,85057,Reject
30064,832,119572,Reject
98835,839,120077,Reject
100385,776,64049,Approve
35639,768,92556,Reject
41055,797,56395,Reject
89220,619,135854,Reject
117594,771,88084,Approve
59427,615,119854,Reject
112516,748,38524,Approve
94666,614,58270,Reject
94274,766,75160,Approve
40866,641,59190,Reject
33889,788,25846,Reject
78226,603,105440,Reject
61335,751,142616,Reject
80547,730,92661,Approve
56162,713,130150,Reject
119449,728,28812,Approve
54687,821,90943,Approve
40995,740,137211,Reject
86488,653,117137,Reject
32631,681,24767,Reject
64954,639,147776,Reject
35967,726,93898,Reject
118294,738,42028,Approve
117278,641,38803,Reject
94471,692,30971,Reject
67116,603,127912,Reject
64227,624,140765,Reject
31942,699,100056,Reject
77664,763,109597,Reject
58069,791,68559,Approve
117342,724,119242,Reject
44407,771,106850,Reject
89201,639,75504,Reject
110093,691,84481,Reject
84348,772,141631,Reject
111981,735,83486,Approve
47878,684,84840,Reject
113100,634,99208,Reject
108629,771,62991,Approve
85420,745,43995,Approve
73168,646,44448,Reject
84862,752,115672,Reject
119622,837,51088,Approve
112025,768,23177,Approve
58004,604,47347,Reject
50471,791,35684,Approve
90167,789,41735,Approve
113828,724,25100,Approve
95308,710,122100,Reject
113969,671,39268,Reject
44568,686,62691,Reject
39466,602,103192,Reject
87324,835,99164,Approve
45467,764,26407,Reject
105955,822,136440,Reject
82948,692,44054,Reject
46676,640,60198,Reject
61514,747,46532,Approve
52650,794,149705,Reject
118290,686,64447,Reject
107701,767,115120,Reject
40683,684,103611,Reject
89819,804,48741,Approve
110978,735,29449,Approve
34860,732,143311,Reject
33729,624,41557,Reject
61351,638,81609,Reject
92744,764,46659,Approve
54346,724,23905,Approve
104155,704,58814,Approve
106700,604,58848,Reject
36955,735,114466,Reject
95642,835,96026,Approve
100290,603,75308,Reject
74293,768,141502,Reject
91336,659,92220,Reject
51662,653,54872,Reject
36408,749,139787,Reject
70403,677,29376,Reject
31225,618,118740,Reject
42196,804,67881,Reject
99786,698,106245,Reject
45372,667,33118,Reject
47279,632,131432,Reject
84240,749,49888,Approve
68187,792,114827,Reject
78481,738,67460,Approve
58475,615,112511,Reject
74552,795,125312,Reject
97969,726,131873,Reject
106534,692,77965,Reject
36858,830,48289,Reject
104486,643,61594,Reject
104474,829,47588,Approve
55168,815,136681,Reject
62099,843,120979,Reject
101180,608,75013,Reject
91455,849,55108,Approve
84240,799,111521,Reject
104796,677,56584,Reject
84592,678,78172,Reject
77458,844,55049,Approve
88046,789,76615,Approve
46488,685,91358,Reject
88841,828,45112,Approve
30395,614,111514,Reject
82669,605,36037,Reject
40845,600,28996,Reject
66059,619,99860,Reject
48394,832,97009,Reject
75906,763,43066,Approve
89332,729,110963,Reject
67305,669,145105,Reject
72628,601,60865,Reject
51352,730,69707,Approve
116682,606,146023,Reject
112971,683,28067,Reject
81993,840,25341,Approve
69386,791,41427,Approve
86624,768,100694,Reject
87065,653,81667,Reject
115504,640,46440,Reject
38539,714,142088,Reject
31263,732,101163,Reject
43305,816,124333,Reject
83817,701,81693,Approve
54398,681,108738,Reject
105801,662,99877,Reject
79107,600,87630,Reject
62152,624,138166,Reject
60624,808,39314,Approve
86132,773,63587,Approve
82979,742,110365,Reject
88013,796,23520,Approve
93797,744,69210,Approve
81798,748,52136,Approve
46650,780,72854,Reject
56014,654,79065,Reject
106421,814,38991,Approve
37434,706,25110,Reject
60028,737,66270,Approve
96558,808,61224,Approve
54331,784,120011,Reject
97573,664,132173,Reject
104292,636,80558,Reject
76326,711,104213,Reject
112979,606,129783,Reject
34123,675,55252,Reject
46603,639,71887,Reject
95941,777,52583,Approve
72597,600,96251,Reject
93238,747,105375,Reject
114238,707,135625,Reject
72719,758,53645,Approve
71751,667,63664,Reject
116978,817,94274,Approve
47693,611,55230,Reject
119541,749,146083,Reject
67697,728,118095,Reject
59992,725,57261,Approve
93825,600,130074,Reject
39522,730,117432,Reject
75406,716,124439,Reject
42121,803,44365,Reject
44219,845,130127,Reject
31617,748,104135,Reject
73016,612,68817,Reject
80672,788,81190,Approve
54276,740,140414,Reject
102240,844,42331,Approve
85735,704,117058,Reject
47959,809,44805,Reject
58522,760,49374,Approve
86087,733,37811,Approve
39953,624,124591,Reject
56567,750,134581,Reject
90523,687,38083,Reject
92708,700,66610,Reject
52560,625,32161,Reject
88390,731,34403,Approve
98149,701,145945,Reject
66660,762,136833,Reject
75104,840,142886,Reject
87805,802,92494,Approve
54496,699,73424,Reject
113301,624,45805,Reject
33515,747,114506,Reject
34454,600,120127,Reject
52873,693,138672,Reject
103920,667,30468,Reject
43727,622,31135,Reject
99070,826,77974,Approve
79979,705,110381,Reject
55465,749,147056,Reject
83900,694,83135,Reject
89799,661,84699,Reject
51330,728,40155,Approve
38302,786,115027,Reject
108443,667,86036,Reject
119966,746,149729,Reject
102717,629,41990,Reject
42875,728,93475,Reject
57219,647,41991,Reject
66182,618,66045,Reject
110541,726,99325,Approve
72269,779,39134,Approve
109781,812,70464,Approve
36457,749,104073,Reject
36749,649,57504,Reject
63064,793,20608,Approve
39821,733,64003,Reject
108655,791,139792,Reject
37664,748,99423,Reject
59281,824,38047,Approve
61821,746,23294,Approve
54647,818,140612,Reject
99918,764,136685,Reject
111985,662,112541,Reject
112799,756,100709,Reject
104944,787,42406,Approve
119142,819,147079,Reject
57603,761,112823,Reject
76458,728,105105,Reject
100605,647,54299,Reject
49623,688,67043,Reject
74440,726,49750,Approve
112427,748,56984,Approve
37704,761,76536,Reject
57460,753,23706,Approve
113045,635,31266,Reject
112805,826,109179,Reject
103511,750,106422,Reject
36565,680,143555,Reject
118003,646,67544,Reject
34870,833,95382,Reject
48909,803,98255,Reject
39117,771,106924,Reject
97474,747,65116,Approve
74322,830,84213,Approve
50128,626,105464,Reject
99001,833,66326,Approve
30440,788,89354,Reject
90955,764,28087,Approve
79613,811,141770,Reject
100949,651,133508,Reject
41663,674,121747,Reject
49547,691,68416,Reject
111662,661,107629,Reject
30005,665,86583,Reject
37038,751,63413,Reject
36414,679,144211,Reject
117659,739,130578,Reject
99506,743,104580,Reject
106586,763,117651,Reject
32606,729,93466,Reject
46482,816,101530,Reject
101873,789,46838,Approve
63948,663,81701,Reject
119987,628,125362,Reject
50875,819,134507,Reject
43057,801,148412,Reject
62400,836,59034,Approve
101458,686,110875,Reject
98607,695,30559,Reject
117561,630,77229,Reject
57503,682,23408,Reject
53765,742,140989,Reject
76612,782,43878,Approve
114335,632,38068,Reject
111748,808,66144,Approve
39428,779,81808,Reject
61419,699,119173,Reject
95195,747,123427,Reject
103695,672,47309,Reject
119846,765,52391,Approve
69142,730,111025,Reject
101540,781,75027,Approve
68289,793,113243,Reject
106948,617,109132,Reject
88951,814,108647,Reject
41755,725,78974,Reject
114553,810,102462,Reject
33890,606,54971,Reject
47175,762,104855,Reject
104727,723,102671,Reject
95687,713,120415,Reject
114983,683,143300,Reject
118287,683,145250,Reject
54288,682,92812,Reject
76629,704,111598,Reject
77800,807,74851,Approve
67367,701,69698,Approve
107810,812,100122,Reject
107754,692,41345,Reject
119328,835,104477,Reject
98513,659,87107,Reject
112762,701,59352,Approve
59022,836,77797,Approve
99329,623,71843,Reject
89414,828,141648,Reject
31659,820,29949,Reject
87941,822,57542,Approve
67930,708,98097,Approve
73473,843,52827,Approve
85598,766,114549,Reject
46040,739,111529,Reject
99806,693,145040,Reject
43286,780,132406,Reject
99139,663,108131,Reject
85916,603,103258,Reject
47600,693,110578,Reject
32291,732,27001,Reject
43123,615,112422,Reject
33811,626,27948,Reject
108883,731,117410,Reject
61276,671,104391,Reject
84145,647,133930,Reject
76619,735,45295,Approve
111049,680,45811,Reject
100678,773,61522,Approve
118782,643,61942,Reject
56714,794,80310,Approve
85685,818,79679,Approve
42194,651,139208,Reject
103062,633,49225,Reject
94037,789,131350,Reject
49362,836,126405,Reject
84499,620,70882,Reject
76281,834,40723,Approve
92813,623,93415,Reject
74852,643,142725,Reject
77836,713,126104,Reject
34595,768,137735,Reject
45402,756,95085,Reject
95283,702,79719,Approve
118131,733,112874,Reject
72723,655,139913,Reject
81322,613,103705,Reject
76764,777,132502,Reject
54911,805,54730,Approve
49405,700,35136,Reject
88122,779,125550,Reject
119756,815,62148,Approve
33447,804,91501,Reject
83143,600,88214,Reject
92906,611,108025,Reject
40662,714,131672,Reject
93001,705,82399,Approve
88282,751,63967,Approve
34899,636,58075,Reject
58582,811,39507,Approve
97471,797,121447,Reject
72213,803,121104,Reject
105871,812,69475,Approve
113205,602,81027,Reject
104081,754,52081,Approve
113805,837,136890,Reject
67830,652,108122,Reject
37066,699,142130,Reject
40712,616,120098,Reject
111527,712,128744,Reject
95365,709,22342,Approve
117185,742,146273,Reject
60806,766,64360,Approve
42210,603,30167,Reject
66972,744,82853,Approve
64136,829,137733,Reject
74297,738,119611,Reject
45945,611,68303,Reject
72477,838,133249,Reject
109180,631,132988,Reject
100453,754,86991,Approve
115404,771,78306,Approve
107413,642,46293,Reject
43224,818,128925,Reject
33052,776,123695,Reject
57272,703,22539,Approve
71150,835,121922,Reject
47316,692,120682,Reject
83389,800,110986,Reject
93332,642,146550,Reject
37240,730,38589,Reject
98774,830,32719,Approve
73175,756,119443,Reject
30565,684,23591,Reject
117298,634,41098,Reject
101094,716,90250,Approve
46375,775,129169,Reject
55710,801,147410,Reject
79895,814,111657,Reject
106639,766,112955,Reject
45174,816,49603,Reject
117329,751,24667,Approve
57597,619,93993,Reject
104289,742,134061,Reject
68397,684,93829,Reject
101854,716,84574,Approve
63069,705,68100,Approve
115687,803,44238,Approve
70274,745,145636,Reject
104237,787,109078,Reject
102498,814,84311,Approve
68197,846,105893,Reject
78634,704,46110,Approve
60041,692,120573,Reject
37248,640,145842,Reject
115365,699,104403,Reject
32203,668,103133,Reject
81986,830,139423,Reject
55370,817,31184,Approve
65247,830,106349,Reject
105922,802,45482,Approve
30434,705,111693,Reject
92982,738,62564,Approve
95180,847,35660,Approve
64474,783,100222,Reject
54644,745,124299,Reject
68493,739,118873,Reject
113824,848,44479,Approve
33959,743,84215,Reject
77289,626,149138,Reject
41143,699,119849,Reject
69593,744,86444,Approve
69115,840,57230,Approve
52540,684,89619,Reject
65481,718,23340,Approve
107097,828,125251,Reject
52578,630,51829,Reject
42787,708,27039,Reject
102048,762,125416,Reject
82879,626,137113,Reject
40596,686,96946,Reject
90669,759,27155,Approve
49930,616,145045,Reject
77950,610,111125,Reject
48687,728,146086,Reject
82833,819,59438,Approve
65989,681,136560,Reject
60183,648,123213,Reject
50758,640,93933,Reject
31082,619,133896,Reject
75891,670,135503,Reject
75810,636,134753,Reject
76901,725,32237,Approve
113512,743,120355,Reject
101062,638,20002,Reject
51563,708,142114,Reject
102008,772,66794,Approve
32775,663,85860,Reject
45828,774,82703,Reject
47974,622,58902,Reject
52388,631,102524,Reject
110591,776,41275,Approve
48615,808,71734,Reject
67886,722,83261,Approve
52838,618,52061,Reject
70728,705,145526,Reject
108000,825,55890,Approve
82798,805,109896,Reject
102776,846,101365,Reject
100478,666,149855,Reject
49622,766,39498,Reject
43536,688,97003,Reject
97136,659,85882,Reject
35700,610,33369,Reject
68839,648,65114,Reject
40248,742,80071,Reject
75291,727,33997,Approve
112629,810,63518,Approve
114891,660,129885,Reject
47177,770,121747,Reject
49483,742,136942,Reject
73815,806,44686,Approve
68533,829,118326,Reject
30026,806,82891,Reject
90611,800,105736,Reject
117242,604,95691,Reject
54660,810,33074,Approve
85103,815,38091,Approve
82253,628,129578,Reject
72082,789,26715,Approve
46258,787,58821,Reject
119690,668,40199,Reject
45389,749,110858,Reject
57685,612,86050,Reject
89220,777,75439,Approve
57195,715,23039,Approve
51797,840,25861,Approve
101310,774,85032,Approve
96332,709,72008,Approve
92907,756,104261,Reject
37188,679,77668,Reject
53696,699,59104,Reject
32024,616,56130,Reject
103202,747,142494,Reject
65985,805,56258,Approve
36584,713,137195,Reject
57044,605,50691,Reject
35285,621,110068,Reject
93115,831,123471,Reject
37370,736,88714,Reject
47903,759,43815,Reject
62499,687,105244,Reject
52995,632,111674,Reject
65200,804,103464,Reject
118377,826,107771,Reject
100402,669,129725,Reject
43566,648,45101,Reject
67822,703,115126,Reject
81222,757,124476,Reject
80668,701,106553,Reject
93853,743,95477,Approve
84643,792,140974,Reject
52333,705,147602,Reject
45958,681,45416,Reject
82442,685,104185,Reject
50954,817,131184,Reject
105174,613,94440,Reject
39675,783,61026,Reject
119590,764,45336,Approve
61661,648,140975,Reject
94289,805,25260,Approve
47184,817,33657,Reject
77963,649,143344,Reject
55822,763,122495,Reject
92303,779,49079,Approve
106465,622,96917,Reject
35267,665,148829,Reject
82647,830,101592,Reject
92814,798,41283,Approve
66025,830,21467,Approve
107605,772,106772,Reject
30981,714,26101,Reject
73436,813,93083,Approve
48472,627,22760,Reject
49336,829,124725,Reject
55587,619,32648,Reject
107192,776,54161,Approve
114046,784,121997,Reject
83013,809,130803,Reject
114511,720,107298,Reject
39665,815,38083,Reject
57097,696,37504,Reject
82474,786,58097,Approve
101973,718,70723,Approve
55185,708,98601,Approve
105911,625,68739,Reject
60484,746,132660,Reject
75610,839,102648,Reject
80807,705,31696,Approve
80907,740,102535,Reject
87389,801,118674,Reject
55835,661,146344,Reject
83790,725,125071,Reject
106960,741,107258,Reject
39643,800,115735,Reject
105846,844,82071,Approve
48951,738,114968,Reject
45233,666,74094,Reject
43200,831,94675,Reject
82275,611,70271,Reject
117084,634,62415,Reject
106068,830,108251,Reject
119001,709,47124,Approve
51291,766,43403,Approve
72448,759,22422,Approve
60580,830,149457,Reject
51346,613,125894,Reject
40619,835,33455,Reject
31766,792,48187,Reject
33549,754,112658,Reject
48693,700,67109,Reject
92019,659,95068,Reject
78328,642,146725,Reject
107701,792,33541,Approve
119100,654,35481,Reject
55301,708,62478,Approve
74763,692,58593,Reject
50765,815,92296,Approve
74787,846,62919,Approve
37425,808,61670,Reject
42857,762,40954,Reject
82771,694,53341,Reject
52444,833,47419,Approve
71457,759,69659,Approve
109741,746,108655,Reject
30704,694,22222,Reject
35452,766,76840,Reject
68862,747,114899,Reject
91471,627,135982,Reject
99217,602,46273,Reject
116058,759,86323,Approve
48300,685,113901,Reject
39566,707,122971,Reject
37501,785,136921,Reject
31845,781,45162,Reject
69181,769,96893,Approve
87263,716,72802,Approve
108766,707,65569,Approve
93038,614,137937,Reject
113290,829,47277,Approve
64404,810,124375,Reject
52564,661,69116,Reject
87435,630,105956,Reject
48227,788,77899,Reject
77475,625,120013,Reject
47215,796,69029,Reject
101074,784,32167,Approve
51699,747,65350,Approve
42454,665,35590,Reject
78217,748,47883,Approve
51711,714,107132,Reject
45059,659,87046,Reject
78398,662,116299,Reject
31286,778,79930,Reject
64297,827,107823,Reject
56485,819,64506,Approve
89967,811,34374,Approve
84583,700,44551,Reject
81630,766,109472,Reject
57086,699,114188,Reject
46484,738,121810,Reject
98623,718,140766,Reject
89263,656,75584,Reject
48675,730,147223,Reject
90664,636,89169,Reject
54680,811,112518,Reject
47077,823,37845,Reject
68174,710,107834,Reject
106968,752,26352,Approve
33491,748,120475,Reject
76126,849,131566,Reject
33392,841,83317,Reject
92257,807,77080,Approve
97804,711,28594,Approve
68400,769,28475,Approve
66551,600,141494,Reject
58088,622,149599,Reject
110015,706,108035,Reject
55465,712,126736,Reject
78155,751,114374,Reject
117893,774,115983,Reject
35969,688,57424,Reject
38981,734,85210,Reject
51032,848,95923,Approve
84091,849,127196,Reject
54408,637,22670,Reject
54241,838,79263,Approve
77940,646,89896,Reject
112938,702,55316,Approve
81105,762,38710,Approve
91050,805,137484,Reject
33657,661,59814,Reject
51230,672,120510,Reject
48680,602,25179,Reject
112694,701,81938,Approve
114731,747,101212,Reject
72340,832,136298,Reject
65950,824,45063,Approve
108515,704,69616,Approve
37867,643,73475,Reject
110691,759,78009,Approve
108542,699,91011,Reject
34329,625,29681,Reject
118087,647,92501,Reject
65865,604,53566,Reject
96940,658,137488,Reject
67869,660,47874,Reject
96905,648,72392,Reject
113984,757,56123,Approve
119711,744,105849,Reject
96252,669,65317,Reject
109386,785,81217,Approve
31711,790,86395,Reject
55801,788,44939,Approve
117287,790,67102,Approve
83270,614,99854,Reject
101622,600,60456,Reject
85535,740,146812,Reject
106759,775,30337,Approve
46220,727,82475,Reject
43392,761,31023,Reject
115587,724,98406,Approve
32246,757,123326,Reject
50010,618,125888,Reject
98358,718,80916,Approve
47234,663,149158,Reject
79451,665,124706,Reject
105205,844,111027,Reject
51784,656,67620,Reject
59672,643,34274,Reject
31082,611,103694,Reject
41148,721,105285,Reject
57494,767,44398,Approve
105093,835,101506,Reject
81952,623,50135,Reject
66719,738,93878,Approve
78737,793,132096,Reject
89453,600,125729,Reject
69536,848,147843,Reject
80604,785,31412,Approve
80833,627,121325,Reject
44039,667,122541,Reject
97839,704,124698,Reject
77931,693,35293,Reject
69925,723,72969,Approve
81003,786,33194,Approve
113817,798,133283,Reject
78897,723,111182,Reject
117745,621,80787,Reject
72287,817,114301,Reject
63012,756,102680,Reject
71783,688,57219,Reject
115727,801,122931,Reject
98315,811,55507,Approve
113766,805,76591,Approve
76491,824,128513,Reject
118941,796,107468,Reject
88584,644,59559,Reject
42803,797,109836,Reject
79625,813,108765,Reject
43698,723,26867,Reject
64560,744,94644,Approve
45376,678,116319,Reject
113654,638,23943,Reject
43117,767,84413,Reject
86381,627,35523,Reject
67956,844,121764,Reject
78786,729,87028,Approve
117778,809,56389,Approve
96480,754,28918,Approve
61695,748,66610,Approve
31511,686,65821,Reject
83233,734,46185,Approve
52502,788,41402,Approve
80010,651,142850,Reject
103905,775,114860,Reject
76489,725,49576,Approve
113533,746,117296,Reject
111165,672,43134,Reject
61949,739,106761,Reject
98376,837,94667,Approve
109587,693,142156,Reject
97310,798,69239,Approve
108798,601,50505,Reject
99407,616,135250,Reject
103809,802,21268,Approve
47229,841,127986,Reject
57385,724,91097,Approve
72176,803,84624,Approve
33260,730,114649,Reject
33145,620,75197,Reject
37802,677,31271,Reject
32263,678,144452,Reject
56913,650,122958,Reject
87788,705,137859,Reject
38155,704,27512,Reject
30922,609,142540,Reject
102231,715,88336,Approve
50672,654,117156,Reject
68526,635,83968,Reject
75344,650,141534,Reject
49014,673,80757,Reject
103352,616,41422,Reject
70324,835,127753,Reject
68698,816,74040,Approve
107169,660,116381,Reject
53384,690,114897,Reject
33512,824,32764,Reject
36066,802,41164,Reject
61500,740,128915,Reject
108743,792,86679,Approve
115642,694,49213,Reject
109858,824,92239,Approve
84800,812,114386,Reject
93140,679,129661,Reject
114954,702,30806,Approve
32387,814,135435,Reject
86160,801,27094,Approve
89241,647,75597,Reject
103567,824,36158,Approve
31799,685,80833,Reject
65548,832,134523,Reject
63895,669,47209,Reject
110171,646,33763,Reject
70379,827,56256,Approve
75414,838,79191,Approve
103071,609,97753,Reject
98344,784,62105,Approve
108591,679,120408,Reject
34297,612,105776,Reject
116479,842,123423,Reject
35008,788,74410,Reject
116813,657,33510,Reject
46820,683,137456,Reject
101548,667,138747,Reject
52253,683,87344,Reject
59202,685,41864,Reject
59236,756,85945,Approve
97156,743,20645,Approve
90263,834,81264,Approve
104855,662,103471,Reject
46575,774,33926,Reject
42204,642,140050,Reject
41952,750,21113,Reject
113323,757,72739,Approve
81142,784,69213,Approve
63872,629,45811,Reject
59376,834,81687,Approve
96084,666,136415,Reject
41640,783,24592,Reject
56437,623,132695,Reject
117681,840,44552,Approve
37903,700,81898,Reject
113704,804,72118,Approve
56863,705,39744,Approve
73381,823,42046,Approve
58548,700,109990,Reject
79956,803,101365,Reject
104526,607,127908,Reject
41467,815,84932,Reject
87954,771,146464,Reject
53901,807,128229,Reject
85983,695,43084,Reject
53301,761,56398,Approve
115180,634,117219,Reject
99903,695,52477,Reject
46204,649,89405,Reject
49755,744,25200,Reject
89817,601,128987,Reject
32093,817,22039,Reject
99537,781,98615,Approve
52940,643,109374,Reject
103346,808,119611,Reject
74040,701,81356,Approve
67322,776,26634,Approve
114437,729,84899,Approve
117725,671,21724,Reject
39236,709,107590,Reject
102597,797,122994,Reject
114124,736,22455,Approve
33902,728,132966,Reject
64364,796,135629,Reject
50096,702,92628,Approve
42020,736,74447,Reject
88473,741,46612,Approve
74153,626,60456,Reject
71277,736,62773,Approve
117221,763,116638,Reject
68502,692,23061,Reject
45675,811,52001,Reject
54365,806,30586,Approve
117812,699,114479,Reject
108229,730,95012,Approve
119049,847,110507,Reject
82148,716,23763,Approve
119157,750,65209,Approve
119247,721,44078,Approve
98078,845,78434,Approve
112598,709,55656,Approve
100902,672,95450,Reject
56465,629,73595,Reject
62286,618,24006,Reject
84795,701,37470,Approve
70178,666,92035,Reject
109183,649,119608,Reject
79986,647,96840,Reject
73201,602,115771,Reject
73315,825,42894,Approve
105396,665,37398,Reject
85178,849,65332,Approve
40745,754,110332,Reject
102354,814,140536,Reject
109637,705,97533,Approve
35028,823,50780,Reject
78566,710,62086,Approve
73722,826,113368,Reject
116623,639,46506,Reject
104974,724,128618,Reject
113692,617,94200,Reject
114084,754,123424,Reject
69879,738,135103,Reject
54767,766,115700,Reject
98099,618,115596,Reject
78657,688,71020,Reject
38498,734,33985,Reject
103667,822,122416,Reject
55107,656,103453,Reject
58793,729,142610,Reject
32696,637,21462,Reject
83839,732,132494,Reject
119241,805,44082,Approve
53397,681,21865,Reject
37704,635,56777,Reject
46442,795,31322,Reject
93788,687,111848,Reject
39765,804,47762,Reject
40002,718,34538,Reject
41390,684,77125,Reject
74436,784,93246,Approve
114482,824,110583,Reject
36641,747,23177,Reject
63709,732,47502,Approve
69309,623,149988,Reject
45624,826,39249,Reject
39966,629,23197,Reject
119350,627,55229,Reject
64189,780,44166,Approve
101301,778,132290,Reject
47223,708,89117,Reject
108183,734,28692,Approve
34959,769,126298,Reject
57257,634,118424,Reject
80802,718,21775,Approve
117748,821,52656,Approve
57215,633,20606,Reject
85046,702,77281,Approve
64094,800,27375,Approve
68669,716,147325,Reject
66126,675,20819,Reject
109036,653,96992,Reject
46772,628,51373,Reject
78586,737,20783,Approve
81943,626,70998,Reject
98868,810,27560,Approve
79855,612,49168,Reject
52218,641,85927,Reject
111008,764,44264,Approve
87205,788,146625,Reject
34959,823,119436,Reject
112979,806,145856,Reject
75134,620,96245,Reject
55874,730,122749,Reject
31301,735,98598,Reject
88017,669,66801,Reject
73319,820,95924,Approve
119616,810,67359,Approve
116219,744,48036,Approve
52455,609,25318,Reject
34112,824,83371,Reject
87033,740,74714,Approve
88360,818,50544,Approve
112418,705,40823,Approve
62145,611,69828,Reject
62735,793,124555,Reject
102781,801,36978,Approve
97641,727,48460,Approve
51711,812,64111,Approve
35630,750,23324,Reject
95488,792,108088,Reject
33206,824,75578,Reject
86289,727,142418,Reject
48953,779,22934,Reject
40068,660,25033,Reject
108930,625,125067,Reject
85916,614,26086,Reject
31067,621,57101,Reject
80658,688,63945,Reject
82165,664,112475,Reject
110781,753,135527,Reject
39859,620,38894,Reject
59164,832,81113,Approve
110913,751,24687,Approve
50773,830,22887,Approve
87295,615,23043,Reject
63939,759,38015,Approve
78599,615,37789,Reject
36114,804,76784,Reject
42818,641,26115,Reject
39335,759,48821,Reject
85008,777,42879,Approve
101745,640,137177,Reject
73148,707,73642,Approve
33577,724,80780,Reject
103916,751,69157,Approve
34076,612,137269,Reject
62925,802,52717,Approve
81869,678,126715,Reject
89314,737,80262,Approve
71205,641,60971,Reject
41095,768,121146,Reject
114715,848,91040,Approve
86680,720,141535,Reject
58400,730,94185,Approve
114297,782,112384,Reject
97346,615,83823,Reject
117110,643,44742,Reject
58562,808,101211,Reject
70663,816,125587,Reject
48510,757,132453,Reject
91608,838,120277,Reject
102489,720,46520,Approve
82182,826,34833,Approve
117667,764,71347,Approve
56883,787,81475,Approve
101427,804,93110,Approve
65844,623,28143,Reject
48728,829,109472,Reject
41094,625,122132,Reject
32407,657,107005,Reject
85412,608,68538,Reject
42644,725,83795,Reject
115834,788,123041,Reject
90746,618,102159,Reject
82748,627,143796,Reject
89021,734,121256,Reject
92651,644,97166,Reject
66807,813,37239,Approve
64072,727,116559,Reject
68398,693,47240,Reject
58669,790,121542,Reject
60161,764,20553,Approve
37282,615,44518,Reject
56539,827,129309,Reject
33307,604,128381,Reject
47745,756,33612,Reject
69433,651,96673,Reject
64555,842,84459,Approve
31073,750,45804,Reject
62683,605,61154,Reject
55741,763,60106,Approve
52286,784,118041,Reject
33599,760,130183,Reject
57293,648,75146,Reject
45389,768,29617,Reject
42318,679,35398,Reject
78875,782,146699,Reject
33055,697,22693,Reject
112579,706,50971,Approve
36320,753,146633,Reject
34642,636,87507,Reject
39321,804,74554,Reject
109968,715,100078,Reject
118293,616,94227,Reject
89618,823,98990,Approve
56044,631,106034,Reject
51971,755,89309,Approve
55727,820,105567,Reject
52559,624,60677,Reject
103820,774,88402,Approve
113201,621,69838,Reject
57476,818,118104,Reject
92683,660,87603,Reject
40991,725,42291,Reject
115097,643,48497,Reject
100047,701,135135,Reject
40796,619,51969,Reject
33881,708,128262,Reject
45668,777,62084,Reject
64312,687,116994,Reject
58106,774,36677,Approve
45729,646,50245,Reject
100320,799,73312,Approve
84913,650,55314,Reject
87026,782,28267,Approve
89402,805,59812,Approve
67282,638,23775,Reject
104638,613,145562,Reject
68218,796,96924,Approve
47950,774,95802,Reject
89739,620,83078,Reject
34507,742,45875,Reject
76303,847,115803,Reject
109059,699,145607,Reject
54667,696,138866,Reject
33992,808,67589,Reject
103563,848,23534,Approve
117680,811,87589,Approve
55530,600,59880,Reject
45305,807,38083,Reject
82129,708,81807,Approve
117267,681,71670,Reject
116209,737,95465,Approve
82044,750,74720,Approve
119363,617,62890,Reject
88817,840,59600,Approve
76666,657,61329,Reject
56173,725,117619,Reject
48909,672,23739,Reject
93967,709,40757,Approve
61007,844,53107,Approve
42985,821,22862,Reject
52525,804,102533,Reject
67403,651,37487,Reject
67193,843,48353,Approve
33830,822,28984,Reject
86144,645,43130,Reject
30533,706,93794,Reject
50946,612,98038,Reject
53504,695,57279,Reject
85715,616,60080,Reject
58255,666,32839,Reject
86441,660,113907,Reject
66855,664,74557,Reject
71721,780,118874,Reject
71850,732,61499,Approve
64723,759,25356,Approve
65739,688,102036,Reject
35539,772,95926,Reject
103029,655,49778,Reject
94509,604,125528,Reject
51311,700,83192,Reject
99180,686,72183,Reject
115981,803,105376,Reject
65934,761,148219,Reject
39511,660,49980,Reject
30183,814,55819,Reject
39475,807,34065,Reject
114766,840,145361,Reject
93130,789,30559,Approve
89577,668,144514,Reject
56008,662,93969,Reject
106868,643,28656,Reject
77941,838,63210,Approve
72756,627,81988,Reject
100258,797,51477,Approve
110730,612,132060,Reject
57912,770,126111,Reject
112702,629,125606,Reject
80659,753,49529,Approve
76840,808,38262,Approve
111512,662,85087,Reject
68623,672,57649,Reject
93303,656,73788,Reject
76062,663,71686,Reject
86690,807,62865,Approve
107582,776,56577,Approve
53634,651,94299,Reject
34090,662,107525,Reject
75266,847,109653,Reject
60008,809,84327,Approve
117643,740,80052,Approve
88704,692,133044,Reject
92866,706,56409,Approve
38382,708,48080,Reject
77774,687,48195,Reject
104570,849,86192,Approve
104062,644,35609,Reject
119609,707,39535,Approve
76698,645,143828,Reject
31110,676,24110,Reject
111981,816,129518,Reject
30386,768,27207,Reject
88513,645,82544,Reject
114120,728,68637,Approve
77801,800,53074,Approve
101857,795,61664,Approve
119976,691,106412,Reject
61566,611,94405,Reject
62521,687,117225,Reject
53798,837,63872,Approve
43565,672,32185,Reject
53027,762,126706,Reject
35631,701,40878,Reject
119865,698,21396,Reject
86878,760,23460,Approve
75206,657,122657,Reject
88582,845,71314,Approve
88334,727,65389,Approve
102323,716,114556,Reject
83619,634,128776,Reject
56875,773,27676,Approve
54514,683,57312,Reject
52580,665,23148,Reject
115827,771,32272,Approve
34288,625,86363,Reject
36734,641,22655,Reject
113000,676,63105,Reject
69008,629,75863,Reject
79349,715,81045,Approve
37814,759,65517,Reject
73154,635,94227,Reject
37851,618,63638,Reject
31600,621,94789,Reject
86614,664,142552,Reject
102402,656,93061,Reject
33692,610,99089,Reject
88027,625,74322,Reject
50373,775,121800,Reject
92805,618,140782,Reject
110383,682,24222,Reject
44507,739,111238,Reject
92931,666,71141,Reject
105499,846,30716,Approve
101642,655,80644,Reject
102869,617,145650,Reject
69423,712,108499,Reject
116120,604,107424,Reject
96600,711,89716,Approve
71848,751,21382,Approve
36820,805,82225,Reject
38512,714,99898,Reject
66725,765,84347,Approve
81534,666,24167,Reject
115151,669,137854,Reject
69776,803,137323,Reject
90945,651,123849,Reject
113420,802,78373,Approve
77455,726,139897,Reject
113488,766,115823,Reject
82433,786,101117,Reject
39711,753,111730,Reject
89262,664,68721,Reject
116009,679,48823,Reject
113785,775,80972,Approve
39597,712,94963,Reject
90067,710,96358,Approve
117520,652,74534,Reject
78022,736,56751,Approve
111924,732,136093,Reject
48782,715,44121,Reject
81782,671,91736,Reject
102144,788,100297,Reject
85013,620,42126,Reject
102036,824,81581,Approve
65342,702,108631,Reject
115745,706,46123,Approve
50977,662,71036,Reject
87396,747,98855,Approve
80021,785,35590,Approve
99057,844,66265,Approve
96836,772,74324,Approve
57075,749,87720,Approve
119515,676,42701,Reject
60802,830,92539,Approve
107761,674,61178,Reject
107017,809,125734,Reject
116753,790,57118,Approve
85822,757,45387,Approve
81603,662,77613,Reject
110291,824,66666,Approve
65592,771,59135,Approve
86006,666,49554,Reject
56269,785,139387,Reject
80138,792,113317,Reject
92398,635,62146,Reject
49874,733,120037,Reject
87228,636,32988,Reject
92670,692,72119,Reject
37925,674,36456,Reject
33107,843,139681,Reject
116388,782,124421,Reject
57617,804,142573,Reject
104258,802,90578,Approve
80075,786,49214,Approve
52631,765,93597,Approve
92444,714,81405,Approve
37883,752,135318,Reject
49708,806,31034,Reject
76221,844,107523,Reject
47197,676,20877,Reject
51134,833,117950,Reject
63550,760,82718,Approve
44642,612,78100,Reject
50439,637,112777,Reject
54583,844,106213,Reject
109538,785,29642,Approve
92014,815,120844,Reject
49523,747,85143,Reject
100543,835,118385,Reject
115971,616,70483,Reject
106830,722,85293,Approve
75538,713,95450,Approve
77310,751,126259,Reject
40908,625,116629,Reject
87290,767,134227,Reject
83634,631,133140,Reject
42699,820,69508,Reject
96912,805,127815,Reject
44255,764,20579,Reject
109183,685,32587,Reject
90282,697,86181,Reject
88249,690,68470,Reject
68176,819,91799,Approve
38163,720,35928,Reject
84210,813,112345,Reject
101979,787,63591,Approve
108860,656,51901,Reject
51143,706,113411,Reject
34920,785,28499,Reject
112911,794,20233,Approve
67996,621,37418,Reject
41748,785,79566,Reject
111251,711,145700,Reject
77252,684,98466,Reject
93179,679,35246,Reject
36450,672,58785,Reject
82756,676,123425,Reject
80235,673,133400,Reject
30020,726,54503,Reject
110253,776,24277,Approve
39664,720,86477,Reject
96635,684,20349,Reject
53225,776,112798,Reject
98173,769,86941,Approve
115333,767,93000,Approve
70225,798,33508,Approve
40807,773,117565,Reject
113274,749,130123,Reject
36402,681,87081,Reject
34521,620,139008,Reject
93165,778,79095,Approve
38382,841,136434,Reject
45065,741,48957,Reject
115470,673,27896,Reject
44425,824,103274,Reject
43111,608,130128,Reject
70799,745,125634,Reject
83257,612,24288,Reject
91177,616,45744,Reject
111046,725,41150,Approve
67851,686,107877,Reject
38816,752,130540,Reject
107853,781,125139,Reject
32175,615,120889,Reject
41341,623,41091,Reject
93908,822,20900,Approve
55654,674,66702,Reject
90895,750,39725,Approve
89696,768,48722,Approve
87889,702,44078,Approve
117144,685,102047,Reject
113115,760,38059,Approve
60194,704,38161,Approve
64837,641,90701,Reject
98894,775,110345,Reject
114358,844,30687,Approve
71576,617,102503,Reject
49727,790,119770,Reject
64579,677,28694,Reject
46555,691,59518,Reject
83294,610,147897,Reject
79777,751,147260,Reject
35906,788,119459,Reject
70751,791,50641,Approve
99599,763,78843,Approve
104180,725,60728,Approve
103678,810,70087,Approve
61644,804,63551,Approve
63521,696,135043,Reject
41564,652,103914,Reject
100640,682,90692,Reject
57299,646,115869,Reject
77958,651,75433,Reject
86078,823,127941,Reject
43421,806,115676,Reject
118747,656,96387,Reject
41202,674,76561,Reject
72185,750,25364,Approve
33685,658,148538,Reject
72637,668,97008,Reject
48366,783,23974,Reject
54276,685,104424,Reject
110946,769,104066,Reject
78239,745,44053,Approve
105214,670,60072,Reject
54575,632,21210,Reject
71401,602,108099,Reject
71230,627,61589,Reject
109424,600,96445,Reject
112263,725,148478,Reject
98617,790,139570,Reject
53021,712,125128,Reject
39449,646,58966,Reject
45657,636,46070,Reject
65059,685,86643,Reject
31532,647,129573,Reject
80805,707,123290,Reject
111551,618,121738,Reject
67756,741,126327,Reject
101880,794,31246,Approve
104642,682,39199,Reject
64206,824,59829,Approve
82168,812,81125,Approve
105188,664,103955,Reject
54550,625,125111,Reject
36389,737,125277,Reject
117897,698,20169,Reject
65847,676,113943,Reject
109239,669,112408,Reject
48642,642,32949,Reject
66509,669,67313,Reject
109417,826,98735,Approve
79237,807,80131,Approve
45414,832,146195,Reject
93176,799,100012,Reject
109865,658,127127,Reject
92059,602,61764,Reject
79150,732,50899,Approve
118367,684,106935,Reject
71091,694,67740,Reject
103124,677,85490,Reject
30903,700,43281,Reject
84235,682,132339,Reject
88565,764,88570,Approve
85342,844,33328,Approve
72723,683,64047,Reject
65572,779,139168,Reject
47610,793,39796,Reject
64052,720,90524,Approve
117063,790,92666,Approve
67550,734,133408,Reject
84033,824,122173,Reject
59011,652,75251,Reject
64764,713,20791,Approve
83533,833,32333,Approve
54064,605,129047,Reject
79581,734,56609,Approve
58702,771,80558,Approve
115701,617,88892,Reject
38631,834,60290,Reject
117388,653,24925,Reject
100043,726,30764,Approve
96063,756,74226,Approve
58981,810,97632,Approve
65764,624,59468,Reject
80513,662,22094,Reject
96198,795,65583,Approve
54940,714,69021,Approve
101792,740,91786,Approve
58432,759,35362,Approve
38367,754,61575,Reject
55511,650,66021,Reject
38573,761,107172,Reject
45582,627,32185,Reject
35378,672,59771,Reject
95296,671,101678,Reject
43500,684,138984,Reject
95841,709,55069,Approve
51881,629,63190,Reject
100233,820,90805,Approve
81542,608,29764,Reject
95285,740,129524,Reject
89547,681,47113,Reject
92151,663,36888,Reject
37222,637,34748,Reject
37933,718,136633,Reject
113385,621,71013,Reject
119772,758,50203,Approve
108437,698,138410,Reject
36940,769,138371,Reject
114590,789,135091,Reject
89145,705,40715,Approve
73610,663,62579,Reject
87520,801,22906,Approve
34544,608,113125,Reject
84812,725,31808,Approve
101610,694,41112,Reject
81500,771,109629,Reject
69618,847,84945,Approve
55444,790,87105,Approve
115982,767,130212,Reject
86586,687,149231,Reject
54789,768,85675,Approve
31617,712,90219,Reject
33333,671,125034,Reject
70002,649,46419,Reject
93620,747,146258,Reject
117688,680,31156,Reject
119627,819,25062,Approve
30511,797,73817,Reject
67850,769,47745,Approve
112172,632,54940,Reject
116053,819,42463,Approve
61786,844,56188,Approve
104356,662,91813,Reject
66244,784,113155,Reject
104714,792,54017,Approve
97261,704,140752,Reject
48477,779,134375,Reject
76533,698,50244,Reject
64469,815,22697,Approve
38496,605,148719,Reject
42270,734,121057,Reject
106008,608,34903,Reject
50724,700,130930,Reject
60416,660,74086,Reject
65575,807,108385,Reject
111190,761,56652,Approve
106614,762,27254,Approve
103108,698,118398,Reject
47408,747,89827,Reject
49359,657,81631,Reject
38698,814,100527,Reject
100392,659,65577,Reject
69492,833,98576,Approve
104781,781,124084,Reject
73634,634,139771,Reject
72864,646,133645,Reject
67355,645,79019,Reject
67690,686,93740,Reject
67814,603,120605,Reject
61645,609,40467,Reject
114814,706,140807,Reject
102739,674,124528,Reject
86630,639,85233,Reject
78171,726,20372,Approve
51658,782,122793,Reject
45797,718,99737,Reject
88799,672,91387,Reject
82236,639,91564,Reject
36265,803,143297,Reject
102134,808,148058,Reject
112678,695,83615,Reject
83494,622,135504,Reject
82268,742,49445,Approve
56998,714,79147,Approve
91339,819,105532,Reject
44306,715,113516,Reject
94006,829,129435,Reject
77345,732,83769,Approve
41885,767,44131,Reject
73826,745,42734,Approve
85597,844,142127,Reject
37443,620,54100,Reject
47084,806,34738,Reject
119447,602,96974,Reject
34383,645,141049,Reject
64361,689,68799,Reject
110294,678,67429,Reject
91331,726,20755,Approve
50529,836,82716,Approve
88574,652,89061,Reject
118627,747,49884,Approve
60932,786,21796,Approve
31908,620,33754,Reject
60358,689,32161,Reject
60412,832,137747,Reject
113710,814,87713,Approve
111032,712,113668,Reject
32928,650,87586,Reject
95158,752,71141,Approve
60632,667,142206,Reject
62309,715,110666,Reject
39280,737,133796,Reject
70449,813,58577,Approve
117171,794,74765,Approve
56957,682,44841,Reject
66895,694,45498,Reject
100499,736,128567,Reject
51695,628,110645,Reject
104893,764,124280,Reject
93123,709,132642,Reject
55176,670,97711,Reject
48409,844,87229,Reject
86967,637,147855,Reject
30987,815,83914,Reject
84462,726,71203,Approve
97501,671,113802,Reject
56015,825,131399,Reject
96404,658,112943,Reject
80281,784,34838,Approve
67146,817,81671,Approve
78231,787,121224,Reject
59032,627,106765,Reject
58305,755,89703,Approve
84306,645,42615,Reject
118176,845,73775,Approve
48318,670,61845,Reject
43246,794,141434,Reject
63844,843,116705,Reject
62602,813,58907,Approve
51584,782,51158,Approve
45169,637,85043,Reject
55968,716,119762,Reject
36385,837,105715,Reject
103758,707,96883,Approve
55444,745,121714,Reject
92497,803,73176,Approve
35362,694,75421,Reject
38250,662,53330,Reject
98354,702,68145,Approve
66368,604,75244,Reject
74109,771,92528,Approve
110589,832,97754,Approve
87645,756,141696,Reject
86997,706,60564,Approve
57426,827,115867,Reject
69023,741,123963,Reject
89267,657,108004,Reject
54892,771,104891,Reject
89232,745,69496,Approve
89225,606,141299,Reject
46007,686,141812,Reject
109777,696,140972,Reject
74858,789,82469,Approve
75073,644,22716,Reject
119438,615,52361,Reject
113098,663,47254,Reject
50239,636,62632,Reject
92969,842,123964,Reject
43065,752,83141,Reject
71291,608,125536,Reject
68805,782,129623,Reject
48443,755,41277,Reject
39290,736,146833,Reject
30211,739,37503,Reject
113634,745,95640,Approve
49072,818,145882,Reject
73290,689,120566,Reject
115186,783,135430,Reject
45115,817,147033,Reject
35149,673,106921,Reject
71992,785,52235,Approve
47716,724,96180,Reject
43621,808,41687,Reject
36820,650,68409,Reject
72800,631,129264,Reject
85043,687,60098,Reject
60399,834,133752,Reject
44002,775,53550,Reject
73098,735,52864,Approve
75511,757,28778,Approve
83243,625,49783,Reject
58750,751,75813,Approve
47310,754,116923,Reject
85398,806,98910,Approve
112542,819,65596,Approve
105207,802,41295,Approve
74345,766,38622,Approve
81843,665,69081,Reject
40222,778,45492,Reject
119322,672,149739,Reject
61509,649,39733,Reject
30386,644,129082,Reject
94334,686,32372,Reject
97170,632,131950,Reject
70878,618,55256,Reject
99669,740,72945,Approve
68349,805,93353,Approve
51952,823,104757,Reject
51529,712,84683,Approve
101303,621,148851,Reject
71521,747,134687,Reject
48383,696,137074,Reject
34901,604,148667,Reject
72889,725,125700,Reject
44633,811,38225,Reject
92244,677,78546,Reject
49163,818,140054,Reject
89019,817,147979,Reject
40707,759,28064,Reject
118112,629,123073,Reject
113597,690,33986,Reject
75101,753,61689,Approve
74706,681,85852,Reject
107084,836,76605,Approve
45115,814,52843,Reject
105379,835,106989,Reject
69979,838,64006,Approve
70641,687,52195,Reject
99377,731,20203,Approve
36416,704,60663,Reject
40633,666,92103,Reject
30594,717,66814,Reject
44393,770,65248,Reject
65380,629,27460,Reject
75056,710,138463,Reject
118279,743,113056,Reject
34861,798,77230,Reject
66126,638,76076,Reject
110382,685,142268,Reject
63682,640,74710,Reject
48228,630,83788,Reject
54009,776,24355,Approve
30094,740,51935,Reject
110636,832,137739,Reject
82221,768,22663,Approve
47430,843,61391,Reject
65571,820,112875,Reject
84486,755,114903,Reject
92294,726,142072,Reject
50860,835,39546,Approve
102812,663,93925,Reject
96087,716,106998,Reject
38486,618,20038,Reject
113063,814,67812,Approve
79607,710,79862,Approve
39745,713,30318,Reject
108533,799,28920,Approve
48330,624,81243,Reject
70078,765,137853,Reject
85332,720,73931,Approve
84532,829,124490,Reject
73336,698,130723,Reject
38070,689,104044,Reject
31320,602,99793,Reject
119043,729,43783,Approve
68921,604,56902,Reject
36589,788,117845,Reject
94409,619,108214,Reject
45589,803,56539,Reject
66375,637,100847,Reject
73085,807,91074,Approve
90840,700,68949,Reject
73200,727,88793,Approve
56732,701,124765,Reject
52426,635,66543,Reject
60982,773,132047,Reject
89720,820,31398,Approve
46746,698,115734,Reject
58514,712,101580,Reject
94889,636,107308,Reject
33851,653,34772,Reject
49796,748,84114,Reject
106034,748,93436,Approve
92798,691,96326,Reject
92985,669,49011,Reject
64592,683,129809,Reject
74845,787,70396,Approve
45930,763,130583,Reject
51159,804,86193,Approve
119788,831,129461,Reject
54003,610,103619,Reject
65139,687,40840,Reject
82452,810,75220,Approve
52205,686,109967,Reject
86955,630,47619,Reject
37464,700,118119,Reject
112646,764,84258,Approve
102657,659,100061,Reject
39840,660,83900,Reject
70768,666,65384,Reject
39461,825,144679,Reject
50927,756,49917,Approve
119934,794,91499,Approve
45329,678,132301,Reject
45791,670,108155,Reject
82627,666,90071,Reject
44372,727,76425,Reject
78469,710,100116,Reject
117073,834,133968,Reject
64370,615,64586,Reject
81408,644,81321,Reject
53703,633,84396,Reject
45234,811,87512,Reject
37532,643,77089,Reject
65416,716,82272,Approve
102439,724,121973,Reject
48242,702,138880,Reject
80254,824,67055,Approve
109324,805,20937,Approve
65249,719,149977,Reject
115078,769,107516,Reject
62294,634,37673,Reject
89784,725,122974,Reject
33684,674,136838,Reject
53795,845,92957,Approve
90301,683,68582,Reject
99187,757,49500,Approve
40431,652,77856,Reject
105667,657,32953,Reject
119627,755,87052,Approve
85372,742,66340,Approve
100366,765,63042,Approve
102870,649,119708,Reject
77387,740,139180,Reject
82927,710,91706,Approve
39304,762,46507,Reject
47032,710,144765,Reject
89486,751,22353,Approve
95552,719,31999,Approve
103844,664,96474,Reject
59654,705,83134,Approve
69244,815,20580,Approve
35942,690,145092,Reject
80697,745,105249,Reject
32693,785,93829,Reject
86751,625,90086,Reject
111098,756,65248,Approve
36259,671,113954,Reject
34942,643,137651,Reject
77419,689,147873,Reject
86105,732,82249,Approve
95907,760,85834,Approve
57383,831,56884,Approve
53404,723,36428,Approve
102656,604,27647,Reject
35702,726,88079,Reject
103883,712,105779,Reject
86332,710,90314,Approve
69419,763,83153,Approve
118078,676,100094,Reject
103844,808,73546,Approve
69242,612,72704,Reject
64142,752,100919,Reject
37393,657,50033,Reject
99939,729,105075,Reject
99082,687,146011,Reject
58893,635,134975,Reject
39388,624,105625,Reject
92969,633,118820,Reject
66660,739,149921,Reject
119244,618,87737,Reject
54726,713,51000,Approve
109544,705,92113,Approve
92996,821,32629,Approve
30111,636,126406,Reject
47545,706,81525,Reject
70168,728,56426,Approve
32379,659,26922,Reject
117346,666,89822,Reject
71120,776,113435,Reject
47809,817,146956,Reject
82813,678,115299,Reject
104005,773,89472,Approve
57967,847,111281,Reject
39748,710,119294,Reject
53424,647,106891,Reject
116512,819,81049,Approve
53914,795,116155,Reject
108478,746,27721,Approve
49491,687,136539,Reject
79454,848,60957,Approve
100069,639,121013,Reject
81925,733,73159,Approve
119119,807,137309,Reject
67049,695,131870,Reject
57821,821,87714,Approve
59945,790,119142,Reject
47384,762,115166,Reject
58410,799,131992,Reject
107734,660,29747,Reject
93766,604,144102,Reject
37169,636,41318,Reject
70129,803,149244,Reject
33830,816,46619,Reject
86306,824,127929,Reject
116940,830,93640,Approve
95267,815,67746,Approve
57757,738,27338,Approve
93867,705,86704,Approve
65650,698,149511,Reject
63766,767,100723,Reject
111478,792,116609,Reject
62419,607,76500,Reject
46668,686,86483,Reject
46246,683,118464,Reject
54996,823,114671,Reject
81312,610,31323,Reject
33065,670,100086,Reject
40467,785,88163,Reject
80646,693,148951,Reject
51007,722,101768,Reject
98079,775,148191,Reject
58702,830,38919,Approve
105569,740,38656,Approve
83952,705,138151,Reject
88065,787,73956,Approve
64169,648,36544,Reject
46829,794,70936,Reject
90135,606,79288,Reject
34522,834,108518,Reject
115687,804,39566,Approve
65319,700,146854,Reject
56543,752,34880,Approve
60473,750,72776,Approve
37699,650,31936,Reject
98165,774,116284,Reject
70455,824,143646,Reject
105692,604,103947,Reject
47441,823,32198,Reject
60716,821,28376,Approve
92175,822,87432,Approve
36834,612,129791,Reject
48179,641,55172,Reject
56219,724,104459,Reject
45782,732,37116,Reject
111363,750,83295,Approve
104967,661,29813,Reject
39496,728,118881,Reject
118867,673,71313,Reject
69238,713,126873,Reject
76025,818,40232,Approve
89886,653,103228,Reject
53563,799,97920,Approve
33712,715,53609,Reject
75489,730,136859,Reject
62664,682,77499,Reject
42420,791,59021,Reject
84610,778,65108,Approve
35315,729,111814,Reject
100917,648,96363,Reject
105033,630,105305,Reject
109030,839,24821,Approve
93910,844,140501,Reject
90972,673,37797,Reject
85919,716,85580,Approve
112486,807,115143,Reject
111288,828,38070,Approve
34132,811,25236,Reject
71598,602,46745,Reject
50551,723,26625,Approve
98206,762,113353,Reject
104900,825,39109,Approve
56296,684,45999,Reject
48066,763,60777,Reject
58892,663,24014,Reject
105577,759,58548,Approve
104590,845,90131,Approve
107173,617,61033,Reject
106293,633,72170,Reject
94771,655,59060,Reject
57484,829,87096,Approve
107865,666,78235,Reject
57115,780,96860,Approve
56038,794,112001,Reject
66622,690,115285,Reject
65886,793,45822,Approve
81284,791,97530,Approve
39901,666,102392,Reject
86377,808,140123,Reject
112910,709,54985,Approve
79862,766,45276,Approve
62806,845,63039,Approve
47659,844,101972,Reject
53453,765,22987,Approve
60498,639,28330,Reject
100393,746,45973,Approve
46312,810,84558,Reject
31436,835,38521,Reject
57569,732,119131,Reject
88813,796,95811,Approve
103229,741,110084,Reject
75986,690,68119,Reject
83177,648,134619,Reject
39305,663,47552,Reject
62646,711,135936,Reject
106126,699,114761,Reject
70430,784,57603,Approve
98659,703,48940,Approve
34158,762,65965,Reject
104236,812,28377,Approve
106067,604,88978,Reject
57738,718,82308,Approve
39879,687,92938,Reject
35543,848,55961,Reject
77924,766,116679,Reject
72348,726,24928,Approve
114117,841,29604,Approve
66679,623,68029,Reject
109118,767,113300,Reject
73888,706,33777,Approve
60276,837,60364,Approve
34799,649,72068,Reject
90558,804,45591,Approve
66534,829,90073,Approve
61668,836,81478,Approve
34111,657,76203,Reject
54686,600,51905,Reject
102551,770,132236,Reject
102392,766,123949,Reject
46490,737,24261,Reject
65194,601,54703,Reject
44497,662,77193,Reject
83516,615,111580,Reject
118730,636,57306,Reject
74104,615,89962,Reject
35316,686,82432,Reject
68130,689,21358,Reject
100229,679,98959,Reject
59954,626,54537,Reject
51652,790,47337,Approve
44178,710,145762,Reject
81163,832,149162,Reject
44751,821,148778,Reject
95961,663,83247,Reject
33044,696,111301,Reject
93165,759,66493,Approve
41480,736,37576,Reject
95439,610,55584,Reject
73874,828,59035,Approve
96775,669,113733,Reject
36566,757,43409,Reject
115311,831,24856,Approve
83149,742,115980,Reject
33006,786,107137,Reject
102561,647,133723,Reject
49423,693,102962,Reject
63952,809,107163,Reject
57326,675,61185,Reject
61139,846,95706,Approve
92103,659,92291,Reject
90857,667,108387,Reject
103638,656,56745,Reject
102652,663,49712,Reject
42937,781,32023,Reject
60161,679,145524,Reject
34383,686,120187,Reject
115856,802,82919,Approve
100043,781,20540,Approve
44735,786,28837,Reject
89919,815,139773,Reject
112055,813,41185,Approve
97561,766,123030,Reject
115455,719,84889,Approve
67622,742,43406,Approve
68135,840,81630,Approve
65658,678,69054,Reject
114677,801,70840,Approve
59696,755,29046,Approve
33773,635,124938,Reject
54956,653,118708,Reject
45819,744,72495,Reject
31528,699,60579,Reject
116491,685,125322,Reject
74588,814,79821,Approve
100585,820,110631,Reject
50511,621,115877,Reject
40119,674,96668,Reject
105893,635,54175,Reject
46167,835,29012,Reject
86503,628,27030,Reject
117789,782,142047,Reject
64889,769,130170,Reject
75678,759,106450,Reject
90262,741,93464,Approve
34681,617,118275,Reject
110291,637,32027,Reject
96008,700,138755,Reject
43690,633,91742,Reject
55912,720,113399,Reject
36473,772,38565,Reject
71298,686,117213,Reject
48669,759,49290,Reject
111998,709,121536,Reject
50943,666,133921,Reject
68785,790,45000,Approve
93427,782,70703,Approve
92001,642,53125,Reject
91724,722,31638,Approve
40832,621,103514,Reject
35385,686,74280,Reject
44708,795,111122,Reject
88600,676,77540,Reject
53438,724,82580,Approve
112747,695,29225,Reject
110107,721,45437,Approve
90062,756,116774,Reject
95428,639,102268,Reject
116843,703,48353,Approve
41002,846,68531,Reject
66153,772,21658,Approve
52440,718,45150,Approve
97501,737,33315,Approve
62556,804,38203,Approve
97963,772,141159,Reject
36563,719,58649,Reject
109923,616,59423,Reject
35840,701,127426,Reject
45154,729,83617,Reject
54194,744,40392,Approve
95020,707,26043,Approve
76861,689,147562,Reject
52448,718,36867,Approve
53528,765,122216,Reject
59402,764,20357,Approve
34352,662,65440,Reject
30184,604,44829,Reject
40384,624,146874,Reject
44319,672,61794,Reject
50449,723,53958,Approve
86333,819,50408,Approve
71205,621,46279,Reject
40426,692,49467,Reject
37504,790,122868,Reject
86578,634,75131,Reject
88209,654,61452,Reject
63368,727,115127,Reject
82185,619,88945,Reject
110221,604,147026,Reject
38724,766,96855,Reject
35084,662,46696,Reject
64810,835,146745,Reject
112277,631,149623,Reject
112297,830,126547,Reject
108872,790,83612,Approve
50872,673,110373,Reject
108950,767,47578,Approve
100333,744,21908,Approve
98843,700,118059,Reject
32596,678,89182,Reject
47167,800,76867,Reject
117844,759,99368,Approve
119751,622,104297,Reject
107331,802,31586,Approve
110520,787,40720,Approve
88326,804,90940,Approve
107670,809,107878,Reject
40782,840,21625,Reject
72002,655,117543,Reject
117187,736,58186,Approve
54022,705,111340,Reject
114458,668,57154,Reject
44618,789,91890,Reject
47245,791,54157,Reject
113796,834,75061,Approve
40027,621,37871,Reject
43986,631,149742,Reject
33526,774,132961,Reject
74361,601,75653,Reject
97158,722,29108,Approve
68286,684,95869,Reject
59533,819,135398,Reject
48316,779,103806,Reject
38699,815,54984,Reject
109491,815,103240,Reject
88465,613,101840,Reject
46673,636,83478,Reject
53395,626,44290,Reject
53707,751,145443,Reject
114749,663,34433,Reject
105937,669,117984,Reject
116732,753,118057,Reject
86416,781,89981,Approve
38758,614,57599,Reject
97009,628,30818,Reject
43281,827,109737,Reject
62548,673,26984,Reject
48371,627,61360,Reject
107593,658,86286,Reject
49644,842,132066,Reject
53874,672,25594,Reject
118659,748,82260,Approve
44281,849,99266,Reject
98787,609,27171,Reject
52289,731,142179,Reject
35054,845,116624,Reject
96846,661,136575,Reject
79769,731,105605,Reject
59312,726,70570,Approve
34257,605,137291,Reject
45846,817,115350,Reject
52483,831,72923,Approve
56558,679,148742,Reject
73188,671,139788,Reject
43012,819,82405,Reject
63236,615,131606,Reject
75076,637,82653,Reject
78402,776,30210,Approve
62076,788,79380,Approve
110337,664,62605,Reject
105164,725,121791,Reject
104264,682,94541,Reject
47335,777,140598,Reject
73773,616,50825,Reject
82158,712,140996,Reject
58570,755,139421,Reject
117995,771,101241,Reject
70658,739,121473,Reject
89184,669,53791,Reject
102613,670,95237,Reject
88194,799,112150,Reject
97507,730,100202,Reject
63959,648,136081,Reject
83072,620,134105,Reject
75588,735,90775,Approve
70533,663,101748,Reject
98582,819,104266,Reject
91743,786,86391,Approve
74518,757,94894,Approve
42703,631,137442,Reject
79456,802,70817,Approve
85491,619,89574,Reject
38043,841,148900,Reject
98340,615,62932,Reject
40176,752,83404,Reject
33936,659,40071,Reject
61174,772,103036,Reject
112632,736,64328,Approve
118768,778,73694,Approve
55909,702,149503,Reject
74158,660,20733,Reject
38366,840,81127,Reject
115125,767,116031,Reject
84337,703,55689,Approve
89331,660,64289,Reject
92197,794,98345,Approve
102042,807,128202,Reject
80924,675,33686,Reject
58842,614,89034,Reject
47458,780,127620,Reject
117367,731,24717,Approve
95382,750,24854,Approve
104319,754,120162,Reject
41170,702,128787,Reject
110145,834,34358,Approve
74942,847,41857,Approve
118571,764,120817,Reject
46208,804,101120,Reject
65178,770,24960,Approve
109172,764,56283,Approve
39039,831,46576,Reject
44990,812,111909,Reject
36441,756,38700,Reject
104221,756,63540,Approve
109314,776,71166,Approve
75959,674,67417,Reject
56862,778,120471,Reject
57273,777,39412,Approve
72500,627,117760,Reject
33956,673,79291,Reject
102089,732,111255,Reject
118789,724,147685,Reject
119451,655,24231,Reject
32365,663,105068,Reject
102204,726,27521,Approve
35000,720,84569,Reject
87072,688,143815,Reject
82499,824,31349,Approve
99211,616,52768,Reject
42907,840,126572,Reject
47336,824,115168,Reject
115220,816,82985,Approve
82331,696,27611,Reject
110672,654,39012,Reject
107755,845,108054,Reject
98783,736,128691,Reject
99951,818,69725,Approve
82509,816,21548,Approve
36472,795,110297,Reject
52380,800,33988,Approve
57280,709,114729,Reject
51859,806,81186,Approve
78402,615,34497,Reject
38262,743,91581,Reject
41066,612,39876,Reject
45554,677,46819,Reject
37008,813,110145,Reject
117851,684,27839,Reject
110799,672,111732,Reject
46238,790,58457,Reject
112025,718,136584,Reject
47153,768,137143,Reject
89353,780,128296,Reject
82092,667,123720,Reject
73152,673,148919,Reject
79104,698,81976,Reject
54283,716,30275,Approve
76429,736,58151,Approve
107223,778,54173,Approve
118534,775,99985,Approve
84957,807,113800,Reject
58887,776,63612,Approve
76172,745,35960,Approve
34355,737,24538,Reject
63701,812,70338,Approve
71534,714,48709,Approve
101442,653,22139,Reject
91274,678,55446,Reject
108108,614,56562,Reject
42279,738,39103,Reject
73491,767,67204,Approve
106147,717,44432,Approve
38261,711,57370,Reject
34474,705,95954,Reject
58390,704,145211,Reject
56925,646,130519,Reject
112174,717,122754,Reject
89051,725,116135,Reject
119007,828,97096,Approve
34787,747,40341,Reject
103398,697,99382,Reject
88177,749,26069,Approve
73724,647,94215,Reject
40663,681,33293,Reject
46120,615,118582,Reject
52740,732,120895,Reject
32035,792,143529,Reject
87443,810,47554,Approve
97388,673,118658,Reject
82335,620,133982,Reject
73315,660,104162,Reject
94165,804,57667,Approve
76627,782,124540,Reject
38303,623,71632,Reject
79334,622,118861,Reject
85892,686,66106,Reject
91196,738,89022,Approve
95700,774,102081,Reject
69726,601,108164,Reject
105751,797,135386,Reject
79606,652,128469,Reject
60694,738,89080,Approve
61253,614,105697,Reject
54230,800,54973,Approve
83974,739,135179,Reject
93545,721,38376,Approve
46925,722,149942,Reject
36033,763,70184,Reject
92461,691,105203,Reject
32665,622,80854,Reject
57025,754,107936,Reject
53533,687,90455,Reject
75897,741,131270,Reject
107661,781,75126,Approve
50998,698,143665,Reject
91248,626,136521,Reject
53057,620,119295,Reject
109244,648,97934,Reject
113608,789,108904,Reject
100631,804,42730,Approve
97173,799,38167,Approve
110206,643,74336,Reject
68734,835,83178,Approve
92072,643,37568,Reject
94175,727,145341,Reject
93783,825,119972,Reject
100739,788,92369,Approve
117054,769,91360,Approve
81042,622,79657,Reject
82357,800,20571,Approve
38669,728,57068,Reject
97902,724,40122,Approve
48910,635,20583,Reject
86959,654,142011,Reject
30366,709,145100,Reject
78415,615,143187,Reject
39907,688,81889,Reject
62780,617,77405,Reject
87879,825,142228,Reject
115159,637,41963,Reject
65085,794,122874,Reject
95499,619,101276,Reject
50426,618,48364,Reject
78197,612,91227,Reject
37485,616,95861,Reject
79527,805,136647,Reject
94600,629,133806,Reject
111439,813,109950,Reject
98748,642,25126,Reject
88528,647,149318,Reject
57799,642,112144,Reject
76339,692,23762,Reject
46087,713,22786,Reject
37446,665,87078,Reject
80460,718,136363,Reject
88260,652,98349,Reject
44877,671,36417,Reject
54723,677,81305,Reject
42943,761,36294,Reject
40306,804,88335,Reject
66784,673,142184,Reject
50455,671,103775,Reject
101448,798,130176,Reject
59974,612,92459,Reject
57371,817,120989,Reject
33936,783,70209,Reject
63166,658,26938,Reject
55727,631,106421,Reject
93969,682,115249,Reject
58368,719,142285,Reject
98531,806,124875,Reject
69097,653,63921,Reject
64984,601,24388,Reject
80859,717,91558,Approve
74291,636,88163,Reject
95228,810,138508,Reject
52150,696,27247,Reject
52061,702,129653,Reject
59178,713,89179,Approve
86790,760,42575,Approve
95696,600,40146,Reject
45648,727,42371,Reject
91779,702,112243,Reject
66672,755,127102,Reject
99109,744,71507,Approve
90521,656,46875,Reject
64593,669,33792,Reject
43786,779,114028,Reject
39815,643,130771,Reject
51966,811,68723,Approve
43794,774,103253,Reject
61423,740,105928,Reject
51302,675,104393,Reject
91064,757,91679,Approve
116800,684,80901,Reject
115140,665,122037,Reject
57835,652,38470,Reject
103356,617,39734,Reject
79282,627,33103,Reject
82714,731,67728,Approve
97035,641,110487,Reject
53814,834,87488,Approve
54089,725,56478,Approve
103162,716,144968,Reject
85831,733,70845,Approve
62746,701,132333,Reject
111673,736,50766,Approve
81940,747,64515,Approve
116796,836,65240,Approve
66476,821,110183,Reject
56283,828,51288,Approve
31769,637,87310,Reject
72278,795,135261,Reject
76994,829,141173,Reject
92898,649,57432,Reject
45634,659,90595,Reject
40965,740,140050,Reject
57566,718,138754,Reject
82196,698,124775,Reject
78285,693,42497,Reject
85499,769,48283,Approve
49420,667,132597,Reject
55236,752,61112,Approve
36218,758,140062,Reject
79892,838,61688,Approve
104031,739,132039,Reject
94057,663,96007,Reject
108609,678,95280,Reject
106907,788,89199,Approve
113130,652,80911,Reject
41226,848,32463,Reject
82271,625,101914,Reject
40046,788,108614,Reject
67117,849,58909,Approve
34965,737,140974,Reject
89478,739,26160,Approve
108872,849,130840,Reject
87277,749,47682,Approve
115379,831,147776,Reject
89613,780,111111,Reject
47373,620,125446,Reject
75452,762,116401,Reject
80089,670,41405,Reject
36654,681,108790,Reject
61280,754,59076,Approve
86141,659,29326,Reject
117943,698,57510,Reject
97894,646,105065,Reject
56583,793,44527,Approve
36360,823,121019,Reject
83968,742,101622,Reject
33743,836,61313,Reject
37159,623,41777,Reject
62151,811,82382,Approve
30518,609,62262,Reject
46652,719,106002,Reject
108461,815,56499,Approve
101011,751,35390,Approve
72348,687,65581,Reject
105422,703,148534,Reject
107001,839,77853,Approve
106757,723,37921,Approve
54395,784,60860,Approve
32335,839,52945,Reject
100112,633,38760,Reject
30500,640,60506,Reject
38083,767,127296,Reject
111256,610,75983,Reject
35543,817,23243,Reject
98812,600,115627,Reject
82237,757,23666,Approve
119716,844,102857,Reject
36613,770,39411,Reject
96863,681,103940,Reject
70540,625,80126,Reject
106202,652,43586,Reject
56255,724,100168,Reject
115666,774,130036,Reject
52068,847,87510,Approve
79057,608,78862,Reject
48946,608,129165,Reject
50547,728,21258,Approve
115237,798,125356,Reject
35769,771,39494,Reject
54883,658,62202,Reject
91340,783,33528,Approve
109199,705,104673,Reject
65162,778,107714,Reject
118388,724,137363,Reject
115924,615,148839,Reject
63434,637,100544,Reject
52102,738,97400,Approve
51536,842,118723,Reject
107891,752,127148,Reject
97770,820,88407,Approve
80388,810,80589,Approve
80775,809,51432,Approve
61147,848,35202,Approve
80526,838,98637,Approve
53659,658,119171,Reject
112096,628,147088,Reject
53088,807,36238,Approve
98464,837,31179,Approve
89998,767,110285,Reject
70382,607,147986,Reject
58184,697,50793,Reject
50099,733,28004,Approve
99810,772,134462,Reject
67739,708,41116,Approve
38389,780,144439,Reject
47352,821,106047,Reject
51148,707,133917,Reject
61828,825,106512,Reject
98040,748,51856,Approve
86795,843,120546,Reject
88620,656,98351,Reject
87114,675,22488,Reject
70711,712,103432,Reject
47748,605,91152,Reject
118636,830,137459,Reject
63691,790,136331,Reject
118517,723,52791,Approve
95282,733,120641,Reject
90360,652,137631,Reject
40246,731,51027,Reject
89395,844,32591,Approve
62486,608,126326,Reject
60340,668,24726,Reject
114874,673,136404,Reject
80300,710,125398,Reject
33086,799,24133,Reject
44860,686,75681,Reject
47013,603,86280,Reject
37407,785,83044,Reject
63542,636,106097,Reject
54935,670,49813,Reject
79079,605,110105,Reject
64111,836,25940,Approve
86550,650,118353,Reject
105697,833,43196,Approve
119117,806,26217,Approve
116936,698,39433,Reject
106955,777,30934,Approve
70565,695,74377,Reject
49283,741,93404,Reject
96470,826,105809,Reject
116916,610,126255,Reject
109552,609,46198,Reject
68233,788,85373,Approve
52695,808,64357,Approve
72734,612,67787,Reject
111257,720,46363,Approve
31505,761,67459,Reject
35363,659,44019,Reject
78708,836,74927,Approve
73614,778,105275,Reject
31010,604,45589,Reject
49861,839,83672,Reject
54125,801,61113,Approve
39369,759,31093,Reject
99393,611,91797,Reject
56671,779,137002,Reject
105400,740,105376,Reject
94512,684,67940,Reject
105656,839,145182,Reject
115759,781,43792,Approve
74138,716,106186,Reject
83420,721,146893,Reject
98089,824,127112,Reject
45489,781,72201,Reject
89789,640,41027,Reject
99925,647,123608,Reject
79703,650,103845,Reject
117486,774,92381,Approve
106625,777,26810,Approve
88228,717,35228,Approve
33051,695,55225,Reject
68090,675,92418,Reject
58805,645,142508,Reject
74557,826,46187,Approve
32555,699,24241,Reject
80241,637,39493,Reject
108303,839,30729,Approve
95994,691,32549,Reject
46066,740,58013,Reject
34721,803,128123,Reject
107982,749,44347,Approve
36304,835,57208,Reject
72967,729,84772,Approve
108763,692,60378,Reject
70462,676,21998,Reject
101834,826,80270,Approve
80155,612,70283,Reject
105842,656,54760,Reject
32589,761,132172,Reject
67078,746,142735,Reject
84918,736,134100,Reject
43601,715,45089,Reject
37711,694,123344,Reject
116900,760,135400,Reject
89430,754,47737,Approve
93327,772,85750,Approve
33970,729,58514,Reject
99535,678,82782,Reject
116570,810,77947,Approve
66176,656,76133,Reject
71730,694,56537,Reject
112168,656,123171,Reject
43385,743,143549,Reject
35950,706,70232,Reject
103511,678,114766,Reject
83009,733,95153,Approve
116850,613,30461,Reject
53398,626,102394,Reject
55277,637,29323,Reject
56761,746,135550,Reject
94435,764,94539,Approve
93944,726,67283,Approve
61533,834,57040,Approve
102502,603,28678,Reject
102123,657,34749,Reject
52880,817,143571,Reject
100627,736,105028,Reject
71753,832,112734,Reject
112597,712,102187,Reject
117829,767,110896,Reject
31561,742,105793,Reject
83205,832,96699,Approve
89810,828,124835,Reject
94482,603,104321,Reject
99192,817,106829,Reject
117154,651,47917,Reject
116066,745,80415,Approve
117408,832,137004,Reject
58330,780,77328,Approve
46139,786,142297,Reject
62977,698,133968,Reject
34983,781,115477,Reject
69909,768,37585,Approve
94480,832,107106,Reject
79029,787,36660,Approve
51329,692,140015,Reject
66734,716,77650,Approve
72837,815,115781,Reject
104354,603,135318,Reject
106454,684,137273,Reject
96786,766,75813,Approve
34758,606,76593,Reject
97699,724,92936,Approve
112673,750,119441,Reject
51832,831,145061,Reject
31868,684,117704,Reject
80665,662,26968,Reject
71862,792,87249,Approve
49728,722,29240,Reject
69857,768,62543,Approve
58183,688,56119,Reject
118321,694,126397,Reject
48940,718,50038,Reject
35280,643,33100,Reject
32164,701,62794,Reject
109624,644,124519,Reject
48405,796,68121,Reject
32821,716,29143,Reject
85090,822,79376,Approve
52516,650,103144,Reject
40473,849,107365,Reject
76454,664,126528,Reject
72530,653,102016,Reject
107714,783,89894,Approve
112633,821,100745,Reject
109632,809,98737,Approve
99081,671,88677,Reject
54798,719,142668,Reject
30863,817,132932,Reject
46148,767,149940,Reject
116545,785,112889,Reject
84459,742,97006,Approve
113345,618,36555,Reject
114224,609,74005,Reject
96189,815,115133,Reject
38129,615,50090,Reject
53118,770,66335,Approve
30443,758,45476,Reject
57041,707,84775,Approve
119379,615,84004,Reject
51053,679,82473,Reject
67204,627,147246,Reject
72240,789,94469,Approve
91102,747,140119,Reject
38291,762,60305,Reject
46285,786,145494,Reject
91589,608,95650,Reject
43944,703,116808,Reject
118876,737,63657,Approve
84391,644,143270,Reject
31607,809,119262,Reject
32953,708,51858,Reject
74941,836,139358,Reject
101469,742,61303,Approve
106922,836,23481,Approve
91683,629,136257,Reject
100218,647,82841,Reject
41154,823,27931,Reject
39047,767,126951,Reject
118529,690,74694,Reject
105874,690,28635,Reject
44323,810,65252,Reject
67693,673,96643,Reject
88730,643,79754,Reject
119170,773,89017,Approve
56292,733,142619,Reject
75111,716,42077,Approve
105453,623,86953,Reject
105681,800,107776,Reject
69491,818,93212,Approve
79336,606,92547,Reject
46905,605,75861,Reject
60273,717,37054,Approve
56234,760,74565,Approve
108885,684,75153,Reject
96538,709,116280,Reject
62573,847,38668,Approve
94320,765,98284,Approve
41330,771,140128,Reject
110516,744,61059,Approve
102553,630,71939,Reject
71353,764,142545,Reject
46011,738,135095,Reject
113537,819,51898,Approve
90985,732,119281,Reject
47044,663,68561,Reject
68292,675,112910,Reject
35250,730,107473,Reject
53289,655,143022,Reject
63087,662,149552,Reject
105952,704,43836,Approve
66368,637,80420,Reject
100815,653,116778,Reject
91040,729,28911,Approve
88900,817,46035,Approve
45494,601,44993,Reject
75166,845,111216,Reject
55333,739,69696,Approve
63050,639,141841,Reject
109566,601,92496,Reject
118257,704,93080,Approve
78070,724,91838,Approve
35166,679,42289,Reject
37121,821,51346,Reject
44677,784,129784,Reject
86561,646,78116,Reject
111909,837,128189,Reject
117409,843,45644,Approve
67664,763,48279,Approve
31293,731,115446,Reject
52443,802,68638,Approve
79212,844,138911,Reject
114131,751,133917,Reject
105276,809,54341,Approve
42559,690,139660,Reject
95231,700,138481,Reject
69044,789,43903,Approve
51747,729,120957,Reject
103509,614,86076,Reject
110869,802,54979,Approve
60129,818,145576,Reject
30037,847,128054,Reject
78503,648,126626,Reject
58207,711,85109,Approve
63241,838,129239,Reject
30058,814,81943,Reject
98172,634,41927,Reject
44834,715,89356,Reject
111113,693,104151,Reject
57190,774,45401,Approve
102832,623,71870,Reject
51383,810,51701,Approve
54660,659,93226,Reject
32674,820,119326,Reject
52820,676,145481,Reject
115040,647,123658,Reject
55666,750,24226,Approve
73794,739,110808,Reject
32076,840,127533,Reject
94854,839,86349,Approve
82342,640,138525,Reject
67555,756,127154,Reject
85208,797,47003,Approve
62406,778,103003,Reject
91572,727,121278,Reject
70262,750,117571,Reject
116661,630,78527,Reject
53216,836,74718,Approve
98117,748,108601,Reject
111136,623,88160,Reject
60284,799,25505,Approve
50171,835,33381,Approve
44333,608,27549,Reject
60535,749,121036,Reject
119023,731,71149,Approve
105940,676,30203,Reject
63700,825,78592,Approve
113583,730,76827,Approve
71516,828,31928,Approve
45577,719,116295,Reject
119834,755,33457,Approve
45015,689,145293,Reject
51236,841,142465,Reject
96640,716,57111,Approve
113190,709,44587,Approve
75704,720,79354,Approve
72369,697,121911,Reject
33646,614,45312,Reject
117007,735,86045,Approve
55906,775,127764,Reject
116643,826,26094,Approve
77728,815,97994,Approve
44878,843,58513,Reject
39145,651,106736,Reject
118578,654,121346,Reject
48226,636,90446,Reject
32802,731,26572,Reject
54119,654,135746,Reject
93560,611,57068,Reject
87353,746,29081,Approve
92126,806,107423,Reject
101641,784,104872,Reject
81712,821,47913,Approve
82189,836,107616,Reject
87784,636,60378,Reject
98285,803,130177,Reject
72949,810,71896,Approve
64129,825,82189,Approve
54512,606,46084,Reject
109031,819,117240,Reject
93554,654,142325,Reject
32064,627,80681,Reject
81567,820,88569,Approve
60011,636,42418,Reject
101152,811,62727,Approve
103511,788,94860,Approve
40960,674,52232,Reject
88920,841,86737,Approve
51387,713,102168,Reject
45324,766,28003,Reject
93960,705,46471,Approve
101779,750,82468,Approve
62628,779,74428,Approve
105096,709,44805,Approve
77452,683,88211,Reject
71098,811,95012,Approve
100459,610,39259,Reject
69235,665,94048,Reject
116861,612,60062,Reject
57949,804,69179,Approve
52821,768,63858,Approve
101612,776,86045,Approve
52032,614,100099,Reject
103537,655,37024,Reject
45303,781,81980,Reject
111993,758,105170,Reject
42303,788,89283,Reject
80701,785,71871,Approve
80511,814,40287,Approve
110664,787,139693,Reject
48280,652,45887,Reject
69427,813,148493,Reject
36967,845,121640,Reject
36661,660,144370,Reject
107952,807,37802,Approve
96046,848,93135,Approve
65200,727,29650,Approve
97442,641,39843,Reject
91671,628,74056,Reject
88168,811,50232,Approve
78322,819,60080,Approve
111984,754,125646,Reject
67696,643,63527,Reject
100246,820,62297,Approve
68892,732,48268,Approve
45583,779,139936,Reject
112720,712,49185,Approve
85215,705,137769,Reject
54853,829,20346,Approve
36109,780,69268,Reject
89757,779,63418,Approve
36659,637,29612,Reject
31238,771,62814,Reject
45064,780,105002,Reject
61115,714,132013,Reject
61952,729,21631,Approve
35620,708,87535,Reject
74258,781,77211,Approve
34470,683,35452,Reject
52003,834,109189,Reject
57571,838,145025,Reject
54668,804,98105,Approve
107259,817,60900,Approve
62046,762,42482,Approve
100977,645,143686,Reject
107255,799,125307,Reject
35397,691,119995,Reject
113481,704,55472,Approve
52233,806,107460,Reject
113336,782,138123,Reject
90308,841,61170,Approve
99726,671,111802,Reject
93219,738,87313,Approve
31130,628,100379,Reject
44071,796,55915,Reject
115517,790,115554,Reject
32118,646,28057,Reject
30663,710,38883,Reject
92408,849,69838,Approve
81786,606,80014,Reject
111271,716,41450,Approve
49158,663,45505,Reject
61087,681,81457,Reject
118114,663,45890,Reject
83121,691,71985,Reject
49874,611,128269,Reject
113443,611,55013,Reject
70821,635,53953,Reject
90582,628,22464,Reject
52787,738,94111,Approve
94703,780,132839,Reject
51705,797,66825,Approve
99381,684,49566,Reject
74653,673,114035,Reject
112018,823,21521,Approve
116217,646,37363,Reject
62252,760,100938,Reject
103332,680,106097,Reject
102799,794,89146,Approve
92185,720,142159,Reject
108313,642,91236,Reject
71538,745,31462,Approve
50343,673,93109,Reject
110398,652,71105,Reject
71232,832,74698,Approve
83106,638,127980,Reject
111227,706,102803,Reject
83079,799,47103,Approve
55028,761,139511,Reject
72135,636,36507,Reject
61066,768,116783,Reject
113470,696,83101,Reject
50910,648,118829,Reject
37141,727,136774,Reject
75950,609,68326,Reject
85723,639,30347,Reject
46225,745,108331,Reject
117123,752,26099,Approve
62959,705,95104,Approve
79192,640,24406,Reject
109711,763,48037,Approve
40051,601,122439,Reject
101428,810,77178,Approve
33449,801,24876,Reject
71095,776,110692,Reject
107929,794,50871,Approve
59190,652,103913,Reject
56141,746,116442,Reject
53908,842,122829,Reject
62322,625,132631,Reject
80710,653,64895,Reject
44012,842,143336,Reject
64889,650,63760,Reject
47412,838,66306,Reject
54657,752,95179,Approve
35656,713,36587,Reject
38967,616,96554,Reject
114958,801,24213,Approve
45764,719,30044,Reject
45873,788,107843,Reject
81030,645,64425,Reject
97807,842,146925,Reject
31607,654,124669,Reject
49523,649,41376,Reject
78447,674,42590,Reject
79757,610,63403,Reject
99201,739,46628,Approve
111844,767,109421,Reject
101388,647,125763,Reject
35462,720,147483,Reject
61795,655,22192,Reject
99806,607,41433,Reject
78465,815,104629,Reject
91109,613,144062,Reject
80528,814,50617,Approve
66230,713,137516,Reject
78242,783,127454,Reject
95883,844,51682,Approve
31783,653,122378,Reject
58390,827,140638,Reject
38417,616,30250,Reject
102102,772,52836,Approve
47426,732,132319,Reject
60750,730,87173,Approve
88188,608,147939,Reject
40872,811,123967,Reject
78086,721,126697,Reject
96770,713,126761,Reject
113514,619,26251,Reject
118177,842,121429,Reject
64720,682,76246,Reject
48079,620,142193,Reject
47338,807,141021,Reject
33291,632,53006,Reject
104084,732,106966,Reject
79393,751,116598,Reject
99770,790,60785,Approve
56720,806,118594,Reject
43368,625,146274,Reject
84313,707,26464,Approve
77969,688,87344,Reject
78838,691,30281,Reject
38734,632,70106,Reject
42197,837,115429,Reject
98895,617,141720,Reject
86831,617,114840,Reject
88073,765,120234,Reject
102925,632,125293,Reject
110488,626,65040,Reject
114475,648,143163,Reject
80302,777,28998,Approve
45624,742,34517,Reject
97271,707,126083,Reject
54315,804,74282,Approve
47422,779,62866,Reject
69137,825,133384,Reject
102663,667,42969,Reject
78232,698,120980,Reject
108142,618,35783,Reject
62743,822,138259,Reject
45636,624,51107,Reject
40108,703,65631,Reject
103634,675,23759,Reject
66180,675,34789,Reject
48883,705,114181,Reject
74400,752,95346,Approve
75999,632,33214,Reject
77951,787,90657,Approve
37160,636,49482,Reject
85262,691,52472,Reject
49929,723,131857,Reject
113133,843,94536,Approve
41123,642,68187,Reject
58357,725,51087,Approve
100496,608,138474,Reject
63556,613,20941,Reject
113791,730,142919,Reject
91934,668,119642,Reject
108886,783,139340,Reject
60881,625,21321,Reject
48409,726,103574,Reject
85416,652,83467,Reject
97982,640,65972,Reject
60657,681,88604,Reject
116743,701,106658,Reject
78951,620,59361,Reject
38752,720,61354,Reject
43440,638,86327,Reject
74864,807,80977,Approve
79691,831,67191,Approve
102035,750,75828,Approve
116675,820,30136,Approve
110303,801,35747,Approve
52343,785,86279,Approve
49673,668,92060,Reject
89954,674,99402,Reject
84698,756,59342,Approve
56520,661,85046,Reject
45784,780,101851,Reject
68079,644,115447,Reject
74220,626,65332,Reject
50491,715,52961,Approve
78720,761,126198,Reject
44718,741,89810,Reject
65597,640,49838,Reject
91217,705,34332,Approve
56832,673,138585,Reject
84818,659,83001,Reject
42864,641,110329,Reject
118378,721,56350,Approve
38177,778,139771,Reject
76115,802,100954,Reject
86210,610,68473,Reject
81954,762,131148,Reject
41844,746,60897,Reject
104130,815,31682,Approve
43418,717,41727,Reject
64854,664,76669,Reject
118644,803,63775,Approve
105955,788,76941,Approve
118075,646,89439,Reject
73950,613,32115,Reject
95227,666,70937,Reject
42835,779,65132,Reject
47533,708,93498,Reject
117858,841,82038,Approve
40223,759,32025,Reject
40273,807,115439,Reject
63519,829,78526,Approve
54160,609,36907,Reject
104385,723,88832,Approve
78988,616,148357,Reject
40348,840,76108,Reject
113460,767,40863,Approve
97519,795,126015,Reject
44629,790,25685,Reject
79056,742,26647,Approve
41273,696,50145,Reject
70416,766,149265,Reject
37894,656,143248,Reject
76073,737,60562,Approve
75693,670,123894,Reject
81466,696,40767,Reject
54343,616,118702,Reject
73095,675,136839,Reject
61174,616,25430,Reject
80801,710,23880,Approve
102436,719,85662,Approve
99336,743,136775,Reject
72926,718,80487,Approve
102590,677,103690,Reject
68827,602,59793,Reject
74775,842,133584,Reject
71201,707,130549,Reject
59373,650,77590,Reject
57525,713,91461,Approve
102651,693,72470,Reject
60486,773,132951,Reject
108604,715,87617,Approve
48640,782,83616,Reject
91455,704,120361,Reject
66136,698,90823,Reject
92425,753,58671,Approve
86539,846,25335,Approve
111664,675,88525,Reject
54942,758,125879,Reject
98363,843,132367,Reject
88596,680,113709,Reject
111526,828,91257,Approve
65255,671,76230,Reject
92129,746,133681,Reject
115523,817,102259,Reject
92286,795,22728,Approve
116437,742,103511,Reject
46277,842,109763,Reject
31643,710,42167,Reject
53729,657,55929,Reject
116623,677,95036,Reject
51818,757,93711,Approve
95555,647,57397,Reject
83629,655,146218,Reject
85438,641,82248,Reject
39457,623,67536,Reject
89629,709,92437,Approve
63922,651,96426,Reject
39820,770,96851,Reject
62750,633,100962,Reject
67790,787,51316,Approve
118405,810,55065,Approve
64421,602,140138,Reject
98038,667,100775,Reject
112201,738,100286,Reject
92325,740,43674,Approve
55600,649,99049,Reject
59394,681,144933,Reject
109622,618,139632,Reject
66171,643,46085,Reject
91526,760,58086,Approve
43149,847,138495,Reject
60394,765,134700,Reject
44396,602,83493,Reject
53324,712,73186,Approve
77198,826,140218,Reject
112705,664,68248,Reject
61016,762,46156,Approve
33194,763,105353,Reject
62398,765,90169,Approve
34789,638,120355,Reject
115695,846,23876,Approve
94967,752,91444,Approve
91134,663,75282,Reject
100886,703,91963,Approve
54977,612,65777,Reject
30129,667,68119,Reject
89683,669,87359,Reject
75331,674,138118,Reject
64626,600,121044,Reject
78503,799,120092,Reject
57549,781,136640,Reject
42342,697,35641,Reject
66417,703,96432,Approve
106514,715,78295,Approve
82249,736,98451,Approve
82664,763,105340,Reject
38833,712,39411,Reject
90658,702,23101,Approve
59473,833,48536,Approve
30737,636,124177,Reject
76647,705,23588,Approve
94054,786,34709,Approve
31299,707,105765,Reject
93281,620,107657,Reject
95875,747,111259,Reject
62920,829,97245,Approve
84836,728,145938,Reject
72381,826,21417,Approve
114971,786,40293,Approve
86298,627,73897,Reject
54509,798,64649,Approve
72095,834,55540,Approve
81524,783,82251,Approve
96909,707,139863,Reject
102618,608,75427,Reject
55532,792,80172,Approve
90285,763,112281,Reject
48866,825,55017,Reject
37593,761,134383,Reject
39495,808,40242,Reject
37837,844,83429,Reject
106708,631,136313,Reject
48680,665,88285,Reject
85476,699,117544,Reject
60346,752,104525,Reject
53412,834,120151,Reject
118399,778,132457,Reject
60804,790,141895,Reject
95206,847,28770,Approve
40934,817,21136,Reject
60723,772,31602,Approve
50405,845,121437,Reject
48748,753,30466,Reject
100766,620,30413,Reject
76413,681,66075,Reject
52354,820,21157,Approve
104490,778,27452,Approve
118675,623,97586,Reject
47388,710,46225,Reject
66523,691,60043,Reject
87693,611,34478,Reject
65732,848,114776,Reject
71646,738,107333,Reject
51021,754,57140,Approve
82776,622,25611,Reject
49116,760,103506,Reject
102009,807,144838,Reject
118271,819,50166,Approve
106620,691,38707,Reject
74771,836,20233,Approve
58756,765,78609,Approve
112604,782,117537,Reject
32919,797,60684,Reject
53550,769,85567,Approve
66524,722,48014,Approve
84606,756,111483,Reject
98819,633,28951,Reject
100227,724,88739,Approve
53212,656,124198,Reject
70118,602,87330,Reject
58602,605,131384,Reject
47540,647,82831,Reject
65829,701,86297,Approve
86309,791,48936,Approve
95403,719,83702,Approve
101455,612,35574,Reject
52277,635,138768,Reject
89673,806,118585,Reject
47676,669,24071,Reject
72844,632,97631,Reject
94708,704,41009,Approve
39752,803,48631,Reject
111548,656,42362,Reject
104711,654,50700,Reject
70670,706,67105,Approve
97603,740,51232,Approve
61478,824,61775,Approve
56439,650,73711,Reject
64747,691,37854,Reject
59810,652,148362,Reject
48302,635,88823,Reject
96236,732,138947,Reject
94467,718,66782,Approve
64841,624,42090,Reject
74713,680,47161,Reject
79546,636,36894,Reject
33048,618,132389,Reject
63290,634,126265,Reject
88906,706,66300,Approve
106637,761,110666,Reject
59778,653,64665,Reject
57425,773,59552,Approve
113388,605,85288,Reject
88176,810,78650,Approve
42674,728,113254,Reject
92402,798,132500,Reject
118731,633,74645,Reject
119907,655,134946,Reject
63053,810,59356,Approve
41957,696,62184,Reject
102644,625,70817,Reject
83616,832,144283,Reject
47829,844,54633,Reject
35837,840,68720,Reject
94141,769,86301,Approve
45032,690,117694,Reject
56352,637,44640,Reject
60215,753,121753,Reject
86319,826,71857,Approve
104642,658,25765,Reject
71247,726,100997,Reject
73048,811,100872,Reject
105532,623,50761,Reject
96714,710,57742,Approve
65319,620,134883,Reject
46025,659,21383,Reject
39780,845,83235,Reject
52706,689,35458,Reject
72916,747,22435,Approve
105503,605,48736,Reject
60856,794,49992,Approve
39179,609,119754,Reject
68623,739,77566,Approve
47587,696,60692,Reject
53733,749,134358,Reject
118306,789,43442,Approve
33975,788,43700,Reject
108455,679,123932,Reject
105138,616,102361,Reject
75463,737,111549,Reject
72154,739,47763,Approve
105676,682,115110,Reject
116706,639,67556,Reject
58830,750,87903,Approve
102126,767,24865,Approve
76745,673,61842,Reject
60609,673,59927,Reject
47401,649,69602,Reject
57729,609,141727,Reject
75167,702,90734,Approve
87391,693,143622,Reject
88171,731,51076,Approve
118096,728,92822,Approve
36647,642,115817,Reject
51106,682,144424,Reject
36015,732,39734,Reject
51506,821,22829,Approve
54067,817,120917,Reject
32056,703,21915,Reject
59328,633,59980,Reject
107712,793,29440,Approve
82832,623,135215,Reject
72771,741,24819,Approve
116805,640,93415,Reject
76515,769,110352,Reject
94538,612,149637,Reject
98650,756,52225,Approve
108978,792,30334,Approve
70151,773,126860,Reject
31629,761,103128,Reject
113463,790,115367,Reject
119432,731,89656,Approve
58155,627,148936,Reject
48288,682,96093,Reject
80588,728,124780,Reject
116951,763,22961,Approve
66085,706,98385,Approve
41251,612,106696,Reject
55574,713,52545,Approve
39623,705,95875,Reject
116472,604,71569,Reject
84715,696,21616,Reject
36123,613,143915,Reject
33061,679,94447,Reject
69095,719,149100,Reject
89618,849,73834,Approve
58451,759,45549,Approve
111897,777,92361,Approve
111443,754,38230,Approve
64814,634,136059,Reject
115141,602,70618,Reject
106868,603,134676,Reject
67832,734,28882,Approve
39445,804,118391,Reject
63490,832,101844,Reject
59767,730,137200,Reject
76057,680,64808,Reject
110746,710,110605,Reject
119695,658,135933,Reject
103100,673,42500,Reject
71043,838,101410,Reject
116755,728,29333,Approve
57946,755,73383,Approve
66587,658,86513,Reject
33364,717,46810,Reject
99854,780,45117,Approve
86088,737,92258,Approve
107015,798,101206,Reject
37398,702,33217,Reject
32452,730,144282,Reject
117208,734,61770,Approve
63193,608,106427,Reject
109401,831,121796,Reject
55345,698,65272,Reject
115895,817,149693,Reject
104335,796,117350,Reject
89196,740,90461,Approve
53053,836,103053,Reject
113220,821,81724,Approve
35015,767,35218,Reject
38657,713,57633,Reject
81116,661,109689,Reject
51951,661,132488,Reject
56521,830,61528,Approve
84431,609,72152,Reject
40731,833,29513,Reject
48744,686,60434,Reject
93094,610,108624,Reject
48423,803,63704,Reject
47568,661,116966,Reject
77411,676,98353,Reject
33934,703,92901,Reject
106945,840,80922,Approve
38172,655,124936,Reject
57358,709,120071,Reject
96313,648,120378,Reject
49763,842,144923,Reject
78673,615,70293,Reject
115997,672,119381,Reject
97975,715,106519,Reject
37804,801,75272,Reject
77594,692,143031,Reject
108748,736,90368,Approve
117189,632,28670,Reject
117507,687,47809,Reject
97525,762,38069,Approve
103404,802,115447,Reject
54604,638,100702,Reject
52135,713,138179,Reject
67918,676,119675,Reject
80849,846,25459,Approve
60847,686,48476,Reject
73774,752,82289,Approve
90709,713,47177,Approve
40680,807,23423,Reject
85037,655,128192,Reject
88914,775,81001,Approve
56309,812,40360,Approve
40349,737,86934,Reject
105079,640,50232,Reject
90820,703,64940,Approve
104996,810,131918,Reject
64553,698,25361,Reject
58525,658,21401,Reject
35948,755,111820,Reject
44498,721,86948,Reject
48991,719,42814,Reject
89790,640,23230,Reject
37660,665,125825,Reject
56245,778,124153,Reject
30238,661,128998,Reject
49920,757,58824,Reject
76659,639,139410,Reject
104874,841,142797,Reject
72517,639,70416,Reject
105885,796,101715,Reject
76350,701,120563,Reject
107179,789,135050,Reject
58274,833,79989,Approve
75013,614,91812,Reject
69913,723,85291,Approve
75819,827,78876,Approve
112168,730,75572,Approve
107857,623,107304,Reject
94910,768,108668,Reject
53485,790,134266,Reject
32860,647,82096,Reject
79875,788,95111,Approve
44919,647,93367,Reject
103947,646,69818,Reject
39586,783,83623,Reject
81986,704,88348,Approve
119848,712,55243,Approve
53055,844,43357,Approve
64890,803,88636,Approve
93081,846,133234,Reject
58807,607,105321,Reject
115920,805,57783,Approve
77177,617,145985,Reject
98625,707,71703,Approve
44242,837,130395,Reject
86317,683,136839,Reject
69978,750,132542,Reject
46433,796,108557,Reject
63282,664,84882,Reject
106519,708,85923,Approve
73578,645,42248,Reject
100207,665,84748,Reject
54133,679,51454,Reject
80317,796,98728,Approve
95950,749,137849,Reject
89612,792,22380,Approve
94873,739,143256,Reject
116778,746,57103,Approve
92002,845,133369,Reject
82508,749,114389,Reject
68379,782,119584,Reject
45231,705,20743,Reject
117385,835,60124,Approve
71163,725,33128,Approve
61676,789,138174,Reject
117592,778,126327,Reject
115483,775,99102,Approve
85535,744,70220,Approve
76110,612,78352,Reject
76978,830,141659,Reject
102369,627,65653,Reject
34752,722,66072,Reject
54507,666,130792,Reject
115705,604,142214,Reject
71495,699,61302,Reject
90886,787,97011,Approve
100559,742,102550,Reject
30982,680,118601,Reject
109841,643,126452,Reject
46146,718,51898,Reject
84843,645,127193,Reject
106737,756,123620,Reject
112446,667,116080,Reject
118567,727,37889,Approve
53636,823,30952,Approve
112850,648,65985,Reject
57332,770,71977,Approve
81434,701,94106,Approve
113866,795,80139,Approve
91271,676,28897,Reject
92726,619,38798,Reject
110901,710,25656,Approve
40108,745,45346,Reject
98896,791,32193,Approve
72553,776,127590,Reject
70880,714,25147,Approve
82077,769,97192,Approve
33625,828,146474,Reject
68237,611,122748,Reject
31223,816,33429,Reject
89303,821,125851,Reject
95197,678,62191,Reject
104693,718,103366,Reject
67760,635,48764,Reject
109182,607,83628,Reject
87966,627,22402,Reject
59024,715,25642,Approve
100323,685,103746,Reject
53202,787,27918,Approve
81524,648,138535,Reject
73908,765,134438,Reject
66067,679,37476,Reject
39360,785,41061,Reject
42941,604,136408,Reject
45993,645,70034,Reject
44620,697,118427,Reject
50193,840,72642,Approve
81559,701,50429,Approve
51248,802,113706,Reject
75852,601,58565,Reject
35027,816,118906,Reject
93410,624,40215,Reject
34260,600,140148,Reject
67596,822,133613,Reject
39012,796,61264,Reject
55823,767,76098,Approve
103851,667,88764,Reject
77027,842,113271,Reject
108167,668,29443,Reject
113794,796,143816,Reject
55099,847,59276,Approve
66992,615,51711,Reject
40977,781,64677,Reject
86234,790,137001,Reject
77376,617,79475,Reject
63978,706,97011,Approve
39218,616,56057,Reject
51788,724,59764,Approve
50501,826,24844,Approve
107989,681,136886,Reject
45210,603,127181,Reject
104225,714,122539,Reject
75489,694,44630,Reject
93721,694,105132,Reject
72653,736,40553,Approve
116678,630,121510,Reject
70950,732,115204,Reject
38916,827,63915,Reject
95911,615,35164,Reject
61449,641,79288,Reject
119333,768,37025,Approve
50782,807,24839,Approve
50243,811,58937,Approve
59379,845,93191,Approve
67780,629,133074,Reject
60740,625,66660,Reject
49984,776,85597,Reject
30050,630,135911,Reject
36590,649,145417,Reject
70205,742,53260,Approve
45162,651,116200,Reject
79746,832,43206,Approve
43105,765,75763,Reject
67499,637,103059,Reject
66641,834,41874,Approve
41628,848,26794,Reject
72032,787,37639,Approve
95029,619,55263,Reject
68516,698,137973,Reject
117157,814,71407,Approve
31476,643,61961,Reject
70800,710,86661,Approve
65788,830,105801,Reject
119973,688,73257,Reject
56240,662,31736,Reject
40922,717,53914,Reject
94198,777,69938,Approve
88739,749,79395,Approve
103602,838,100338,Reject
42089,671,134946,Reject
62600,653,84208,Reject
76176,736,99757,Approve
38167,742,89385,Reject
108352,647,85285,Reject
51164,747,42814,Approve
115965,762,140862,Reject
61415,700,66767,Reject
103653,794,24616,Approve
101895,659,110100,Reject
109900,697,86251,Reject
105829,761,119947,Reject
88650,699,85659,Reject
88981,698,103693,Reject
104868,672,111033,Reject
30615,821,87713,Reject
75612,718,76041,Approve
107937,781,84003,Approve
71936,727,37887,Approve
59372,817,66811,Approve
97875,739,35109,Approve
111782,687,123965,Reject
91700,704,76246,Approve
38109,618,83387,Reject
53758,835,111964,Reject
118627,679,22124,Reject
43317,625,121558,Reject
112298,750,87949,Approve
99001,720,40771,Approve
81423,632,26089,Reject
55622,705,25833,Approve
36800,784,35748,Reject
65539,629,69308,Reject
32600,750,62083,Reject
101054,801,41387,Approve
115163,725,91289,Approve
59369,635,135605,Reject
46689,724,99674,Reject
111459,822,124557,Reject
68469,834,21702,Approve
30958,723,54433,Reject
90012,813,41773,Approve
99074,770,32425,Approve
90021,834,141851,Reject
118940,845,58575,Approve
80782,829,104031,Reject
105519,838,40098,Approve
89315,793,145434,Reject
54642,780,92519,Approve
109003,814,41494,Approve
30205,717,148699,Reject
42442,826,96752,Reject
35691,722,130531,Reject
68909,787,145716,Reject
49504,636,22397,Reject
94270,660,46770,Reject
88051,695,58222,Reject
68798,719,70707,Approve
79330,834,101721,Reject
117087,780,113737,Reject
108919,611,96637,Reject
112032,721,69033,Approve
71716,634,90038,Reject
104624,832,85879,Approve
76982,666,98475,Reject
57444,825,87080,Approve
54734,637,35950,Reject
71745,623,89532,Reject
64571,829,116081,Reject
45389,680,68787,Reject
114218,767,108768,Reject
75038,792,80162,Approve
102795,784,148135,Reject
75168,671,110150,Reject
108082,845,115551,Reject
97690,678,122686,Reject
104302,713,126350,Reject
41230,644,147943,Reject
113301,816,82926,Approve
35902,799,24986,Reject
96758,724,98485,Approve
57050,843,105343,Reject
104586,695,94756,Reject
99110,841,20235,Approve
106693,612,149259,Reject
49575,709,27993,Reject
88940,806,111080,Reject
70244,605,34836,Reject
113481,696,90760,Reject
44962,670,103150,Reject
107332,824,53006,Approve
54450,646,111966,Reject
83494,692,41308,Reject
75037,829,85587,Approve
113040,700,46731,Reject
60041,643,95108,Reject
40715,631,86592,Reject
51803,849,110133,Reject
98906,602,28498,Reject
91726,781,65066,Approve
31908,683,66718,Reject
67075,805,109529,Reject
94587,819,38993,Approve
83648,765,32485,Approve
51134,603,89136,Reject
86143,806,103885,Reject
99123,744,66123,Approve
75153,764,66264,Approve
32413,687,92068,Reject
52555,829,65606,Approve
40952,705,56346,Reject
98993,704,123865,Reject
104000,635,55311,Reject
96686,657,135192,Reject
62264,768,143016,Reject
77553,607,107004,Reject
84359,794,62262,Approve
39808,757,73166,Reject
82330,685,59075,Reject
68345,779,56382,Approve
99617,696,98675,Reject
69222,752,123446,Reject
87755,779,75223,Approve
38933,658,24806,Reject
98207,629,69658,Reject
73739,700,49357,Reject
77738,666,78877,Reject
114544,731,130137,Reject
51883,692,73155,Reject
73401,784,78051,Approve
45380,662,144503,Reject
48212,631,93147,Reject
58174,686,147117,Reject
36861,847,46904,Reject
36094,810,96742,Reject
81319,806,117486,Reject
76728,650,21707,Reject
54363,662,94029,Reject
117846,679,71596,Reject
69300,686,94045,Reject
84808,831,42290,Approve
35943,709,104875,Reject
110105,700,39311,Reject
72616,728,70009,Approve
104329,618,68175,Reject
55287,700,22720,Reject
63971,762,55790,Approve
86152,790,94404,Approve
72351,693,101285,Reject
90040,680,135066,Reject
118559,702,110328,Reject
90616,712,97428,Approve
53897,753,47472,Approve
53010,612,42442,Reject
70154,717,43802,Approve
50114,685,74115,Reject
49050,837,32721,Reject
51125,622,90387,Reject
80396,835,55757,Approve
74846,706,56598,Approve
50396,824,48232,Approve
118116,818,58171,Approve
68973,762,46082,Approve
53574,611,125154,Reject
43869,736,111402,Reject
96194,825,21939,Approve
92167,677,139382,Reject
86147,828,51989,Approve
42122,666,109245,Reject
73827,707,93251,Approve
43335,643,93963,Reject
93576,788,128279,Reject
51677,748,142315,Reject
58223,606,122499,Reject
59814,727,88322,Approve
113611,696,34454,Reject
73185,826,21377,Approve
106794,610,55523,Reject
105675,772,50807,Approve
72325,759,38467,Approve
70503,813,57177,Approve
49514,846,32287,Reject
86196,705,68667,Approve
50917,682,32838,Reject
84699,635,52065,Reject
80119,717,124874,Reject
113324,764,122916,Reject
55061,802,75259,Approve
39947,640,112812,Reject
111080,804,68867,Approve
115550,691,56872,Reject
110331,648,84870,Reject
62632,742,138237,Reject
49352,740,138840,Reject
53653,652,30522,Reject
97115,706,134108,Reject
73755,632,49132,Reject
101988,799,60425,Approve
67921,718,25478,Approve
89003,631,113873,Reject
110876,828,79355,Approve
76668,717,71793,Approve
85175,775,25025,Approve
77738,795,27764,Approve
83452,784,87648,Approve
98323,661,89036,Reject
76149,842,115062,Reject
45839,681,51521,Reject
32155,814,124291,Reject
37019,820,60392,Reject
84512,729,48807,Approve
91690,676,82201,Reject
116150,615,94737,Reject
56190,845,38013,Approve
40928,722,31311,Reject
78425,607,50627,Reject
104134,746,100483,Reject
116117,759,29041,Approve
78974,666,76513,Reject
77796,714,91796,Approve
78743,712,43306,Approve
109455,631,63827,Reject
100035,704,109086,Reject
67677,812,112151,Reject
86321,624,31427,Reject
88973,652,118782,Reject
82414,846,54078,Approve
55602,680,98359,Reject
59692,624,51213,Reject
78750,632,149428,Reject
51760,630,104063,Reject
98456,635,82960,Reject
54085,686,83741,Reject
93964,722,118717,Reject
52925,838,79000,Approve
35615,835,47207,Reject
67083,816,23936,Approve
98319,776,110107,Reject
39605,643,103314,Reject
74608,647,71775,Reject
49192,757,38674,Reject
33331,612,69790,Reject
81330,770,129940,Reject
79949,838,34374,Approve
98382,820,116128,Reject
67586,743,135040,Reject
82243,829,147401,Reject
88618,690,129644,Reject
108311,753,35317,Approve
37549,802,49181,Reject
82494,774,31780,Approve
117973,764,102059,Reject
53958,730,126747,Reject
119779,753,94396,Approve
67538,825,72994,Approve
35833,824,143196,Reject
53386,742,40402,Approve
101778,665,83907,Reject
54832,627,137614,Reject
107857,724,43276,Approve
68930,811,92778,Approve
62407,765,144889,Reject
34073,771,113057,Reject
47667,780,21052,Reject
46035,679,35400,Reject
36732,837,81980,Reject
85097,731,105483,Reject
33487,671,45699,Reject
87702,643,54111,Reject
115107,718,102489,Reject
59075,645,114930,Reject
101031,683,81065,Reject
114217,625,142378,Reject
44781,695,101798,Reject
69865,612,89452,Reject
38469,724,94728,Reject
75167,668,55691,Reject
111738,771,128732,Reject
49928,833,122849,Reject
106521,780,67197,Approve
69599,650,122229,Reject
46775,612,72404,Reject
96504,768,80736,Approve
105918,738,145210,Reject
100687,764,43942,Approve
56804,659,88928,Reject
62259,631,39001,Reject
116284,772,48696,Approve
115227,833,42319,Approve
73560,617,57123,Reject
57256,692,71165,Reject
36125,806,38311,Reject
34370,747,47120,Reject
34838,643,123636,Reject
87429,763,42642,Approve
33134,796,90083,Reject
73199,831,49371,Approve
107092,636,125219,Reject
63822,760,105639,Reject
50113,809,134153,Reject
93594,726,97401,Approve
32669,618,85244,Reject
79427,778,95279,Approve
111617,631,54450,Reject
42938,705,102304,Reject
35717,621,106628,Reject
107818,832,132033,Reject
77659,721,121340,Reject
94575,728,95994,Approve
109737,653,43407,Reject
46289,816,90188,Reject
54406,747,24445,Approve
42873,657,102309,Reject
112048,762,133443,Reject
53461,836,51096,Approve
50710,669,137606,Reject
115488,797,136801,Reject
43448,788,21142,Reject
45198,841,69897,Reject
103158,662,85485,Reject
97938,828,108071,Reject
80799,840,87266,Approve
64961,788,83202,Approve
73007,848,81466,Approve
95470,784,106305,Reject
82256,602,24123,Reject
50739,828,88766,Approve
114054,822,129712,Reject
88186,698,38898,Reject
56547,846,136457,Reject
115823,644,61067,Reject
81431,742,65946,Approve
55476,616,137174,Reject
108411,742,138986,Reject
40686,604,94504,Reject
47536,813,82429,Reject
64062,773,27992,Approve
78216,610,141132,Reject
55041,791,75173,Approve
61653,691,30125,Reject
51673,741,42430,Approve
40367,638,94165,Reject
49629,794,29226,Reject
118636,782,37220,Approve
102190,843,24702,Approve
55063,641,20641,Reject
49322,802,55942,Reject
114546,693,103728,Reject
42693,829,142341,Reject
39241,604,75405,Reject
59778,651,23875,Reject
42651,749,61602,Reject
55966,804,94430,Approve
39275,643,85322,Reject
75606,842,88384,Approve
31658,714,36077,Reject
102468,812,145797,Reject
44248,786,23612,Reject
54437,828,92598,Approve
69727,752,128218,Reject
48201,726,78192,Reject
71150,715,120858,Reject
119891,748,108240,Reject
44999,819,86998,Reject
36376,791,75114,Reject
81673,832,59579,Approve
33476,667,48405,Reject
99902,820,97510,Approve
107994,646,118814,Reject
92878,726,54924,Approve
50615,634,22919,Reject
41164,814,107111,Reject
69316,606,92168,Reject
98560,783,94460,Approve
59559,715,83768,Approve
92968,651,63910,Reject
96800,709,130456,Reject
39047,645,54005,Reject
74985,736,103400,Reject
102123,785,30657,Approve
36577,622,38394,Reject
113171,730,92433,Approve
33870,726,58397,Reject
64094,788,139445,Reject
85329,608,43874,Reject
39217,652,49873,Reject
113138,795,104655,Reject
96141,776,138887,Reject
52343,816,43670,Approve
80822,797,30951,Approve
43003,647,84069,Reject
89538,722,75352,Approve
62089,681,35768,Reject
83595,708,86113,Approve
113197,606,44463,Reject
112318,698,98905,Reject
60029,630,50836,Reject
109023,701,31688,Approve
81324,655,37202,Reject
81962,823,27188,Approve
69042,698,73326,Reject
117601,788,34135,Approve
106380,819,54657,Approve
114859,835,20558,Approve
75957,604,72085,Reject
112864,629,132298,Reject
73739,621,46195,Reject
68733,744,34443,Approve
75389,737,84286,Approve
59715,798,117550,Reject
69116,795,43215,Approve
86922,769,25949,Approve
86251,626,60411,Reject
91794,726,69221,Approve
47580,734,149410,Reject
30823,622,135877,Reject
37084,674,88438,Reject
107991,716,82521,Approve
40607,735,99298,Reject
112455,607,40724,Reject
114930,700,96844,Reject
106355,604,110795,Reject
41969,798,91431,Reject
93059,685,125854,Reject
47333,827,42081,Reject
107236,729,122214,Reject
66668,815,64732,Approve
41945,778,149808,Reject
76526,793,110182,Reject
77717,839,107904,Reject
89426,611,76867,Reject
114166,646,111374,Reject
118896,833,76899,Approve
108349,782,22155,Approve
34601,625,49903,Reject
42930,701,126260,Reject
34333,719,49393,Reject
100935,772,147277,Reject
47839,789,66509,Reject
81337,669,127867,Reject
70204,814,68234,Approve
50195,601,103835,Reject
57848,625,116783,Reject
119229,613,142606,Reject
70854,681,50101,Reject
80998,701,34213,Approve
97390,784,146685,Reject
61558,631,147927,Reject
32985,661,24351,Reject
91794,714,60236,Approve
73585,849,33241,Approve
114814,805,108987,Reject
70264,629,139952,Reject
63326,740,42179,Approve
114816,767,111659,Reject
89261,630,67665,Reject
64022,636,81242,Reject
45667,772,24455,Reject
48065,701,60459,Reject
117191,727,80899,Approve
40006,685,37597,Reject
101819,658,75591,Reject
75076,627,128636,Reject
98861,721,66209,Approve
80393,660,29052,Reject
33143,746,127485,Reject
87505,770,131075,Reject
42417,786,55691,Reject
61300,615,37816,Reject
58896,668,85876,Reject
80629,643,76533,Reject
57606,712,128873,Reject
69916,793,34206,Approve
91330,737,51518,Approve
37551,774,21198,Reject
86422,618,144347,Reject
97782,683,57064,Reject
95391,692,68744,Reject
93411,816,98566,Approve
103185,808,142874,Reject
30888,778,40577,Reject
87135,842,68230,Approve
59424,740,50248,Approve
71559,790,142801,Reject
41075,836,101046,Reject
52699,743,127787,Reject
77972,845,24934,Approve
39950,780,44927,Reject
35413,762,141298,Reject
69305,699,45877,Reject
33569,786,97367,Reject
96778,638,39471,Reject
60085,666,58841,Reject
106023,672,102375,Reject
113845,831,25853,Approve
66163,788,56018,Approve
79592,649,78501,Reject
117151,652,20257,Reject
87333,645,112221,Reject
38039,651,135169,Reject
38198,723,115708,Reject
64354,756,49671,Approve
33824,604,24730,Reject
80420,794,31305,Approve
119535,673,70548,Reject
33436,694,52116,Reject
70857,674,123722,Reject
46057,808,123475,Reject
31310,767,148378,Reject
105355,832,140761,Reject
108993,799,108979,Reject
96013,715,42839,Approve
90022,729,30818,Approve
38906,667,26202,Reject
39868,789,132943,Reject
48546,679,58946,Reject
102855,832,37031,Approve
63149,785,33298,Approve
97381,704,119915,Reject
53684,812,146705,Reject
59858,668,114700,Reject
75330,785,114698,Reject
89204,762,85311,Approve
55293,741,79612,Approve
86869,742,138572,Reject
34629,733,132212,Reject
35704,615,50842,Reject
31776,686,80098,Reject
87255,723,115333,Reject
78281,822,116026,Reject
61236,833,41366,Approve
96780,773,121890,Reject
31333,790,113496,Reject
99205,739,44057,Approve
113120,640,26080,Reject
80946,718,98317,Approve
85333,618,135446,Reject
57277,675,132275,Reject
80606,708,51942,Approve
31933,718,37016,Reject
63514,804,44232,Approve
119893,712,80928,Approve
92958,601,20329,Reject
36827,619,80363,Reject
60844,718,50595,Approve
30792,694,25446,Reject
69695,736,142889,Reject
113187,620,97781,Reject
72510,607,128670,Reject
69137,766,135672,Reject
114610,764,86204,Approve
103410,628,145158,Reject
112212,810,66094,Approve
69632,634,118066,Reject
66790,836,34822,Approve
113568,637,36825,Reject
60885,689,72077,Reject
95214,802,24020,Approve
106544,827,42061,Approve
74870,762,44849,Approve
78110,667,73865,Reject
35171,730,45602,Reject
39589,708,137061,Reject
48077,710,114460,Reject
94874,611,111669,Reject
102246,631,55894,Reject
115772,774,55701,Approve
68227,662,143327,Reject
44937,753,39752,Reject
39754,642,48269,Reject
55688,706,108436,Reject
37048,804,122110,Reject
52568,771,49140,Approve
105019,637,133399,Reject
47545,628,41639,Reject
112949,654,84320,Reject
75217,651,28066,Reject
78122,714,146876,Reject
63746,618,97045,Reject
38709,634,28261,Reject
55358,647,98304,Reject
41023,832,112689,Reject
58756,818,24585,Approve
93175,709,73750,Approve
84281,787,47632,Approve
79289,630,58585,Reject
88097,602,20116,Reject
106681,762,35616,Approve
116728,687,103733,Reject
77259,651,133246,Reject
48839,670,49590,Reject
57410,650,135591,Reject
41447,655,85436,Reject
116569,698,114635,Reject
105665,620,117394,Reject
43907,728,28685,Reject
51637,707,140893,Reject
68196,652,89394,Reject
52369,605,34138,Reject
32589,830,116752,Reject
53560,825,39067,Approve
33034,681,73327,Reject
30169,789,122034,Reject
33239,816,59396,Reject
33415,678,139829,Reject
115488,646,131186,Reject
106944,695,58211,Reject
33484,705,119844,Reject
83987,840,116516,Reject
48225,777,93624,Reject
110459,681,60727,Reject
91104,630,34464,Reject
50936,791,69777,Approve
69612,756,130875,Reject
114946,742,35406,Approve
69952,657,140660,Reject
88945,622,99035,Reject
117399,765,91698,Approve
35380,640,84086,Reject
80298,802,26797,Approve
116246,614,24858,Reject
110821,686,86373,Reject
57260,602,144895,Reject
62879,810,87551,Approve
46143,600,145959,Reject
79744,815,139844,Reject
102949,840,148597,Reject
61578,674,142951,Reject
110262,821,80796,Approve
87331,841,85509,Approve
93815,738,68393,Approve
101519,787,27234,Approve
49178,830,90284,Reject
105857,792,48454,Approve
90197,675,85599,Reject
66366,603,60989,Reject
82955,624,48547,Reject
71911,799,73804,Approve
113422,806,75941,Approve
83619,770,43567,Approve
74296,693,22325,Reject
52791,767,91386,Approve
38301,695,89908,Reject
65779,707,75516,Approve
66894,698,148192,Reject
109618,812,41149,Approve
79250,694,109111,Reject
100994,699,22879,Reject
71770,690,120492,Reject
52300,643,104701,Reject
98235,799,97849,Approve
59485,786,104065,Reject
70285,727,102195,Reject
96555,622,34908,Reject
62471,789,149915,Reject
78671,622,37650,Reject
50270,833,146853,Reject
118151,785,92112,Approve
43698,654,56872,Reject
102265,760,129439,Reject
69729,676,133508,Reject
41171,662,145860,Reject
109483,702,87855,Approve
90684,843,116003,Reject
85165,659,101951,Reject
79948,826,135539,Reject
64725,788,143484,Reject
49450,679,134142,Reject
43300,803,113311,Reject
114600,788,75020,Approve
34441,694,95792,Reject
49332,668,60488,Reject
50115,713,97272,Approve
117404,703,112460,Reject
71997,707,120111,Reject
116151,688,64819,Reject
43615,620,81481,Reject
44732,730,83241,Reject
55367,775,75347,Approve
72738,609,141019,Reject
30981,686,91599,Reject
92881,808,128694,Reject
88609,769,142099,Reject
117090,826,81216,Approve
111666,816,89098,Approve
114351,793,72350,Approve
38566,690,85228,Reject
101885,773,90040,Approve
40728,736,126289,Reject
113911,722,128388,Reject
117350,776,117891,Reject
66214,603,32631,Reject
87935,787,101861,Reject
117081,689,43118,Reject
75588,695,66774,Reject
48953,628,80513,Reject
98408,685,117347,Reject
104904,646,76141,Reject
64103,676,137635,Reject
100949,686,89659,Reject
79264,790,31292,Approve
50156,630,81265,Reject
43423,650,65689,Reject
68062,768,48883,Approve
72805,635,41167,Reject
31987,844,97416,Reject
92979,767,123903,Reject
67597,694,20071,Reject
113905,787,52234,Approve
57868,614,128653,Reject
106970,677,144016,Reject
93805,826,25516,Approve
110084,815,98055,Approve
46636,757,65037,Reject
87467,757,28234,Approve
47007,754,24360,Reject
106864,840,120135,Reject
33389,639,101965,Reject
39458,805,110094,Reject
98481,644,113753,Reject
104888,838,60160,Approve
106022,802,140759,Reject
71400,774,103595,Reject
97628,835,125572,Reject
81857,689,31544,Reject
94367,655,26381,Reject
66527,653,43128,Reject
100648,684,127765,Reject
46937,608,114095,Reject
67672,717,26834,Approve
31112,838,114075,Reject
65545,664,72175,Reject
119017,707,104710,Reject
78355,797,80514,Approve
105561,728,49398,Approve
64082,813,42727,Approve
90482,842,119316,Reject
109098,845,100308,Reject
41304,740,106509,Reject
86625,637,72659,Reject
102551,840,123106,Reject
74885,772,136759,Reject
101246,704,27530,Approve
42588,639,95733,Reject
50967,822,120621,Reject
117440,742,51509,Approve
54256,777,49409,Approve
88348,729,140035,Reject
55052,780,104095,Reject
110972,822,65598,Approve
117351,753,118132,Reject
88479,793,79130,Approve
110732,674,64089,Reject
90200,632,71524,Reject
113625,809,75954,Approve
113140,684,123529,Reject
32506,658,111572,Reject
50709,694,58996,Reject
88535,625,41505,Reject
74840,821,50132,Approve
90587,702,133090,Reject
89321,620,52558,Reject
73202,776,77202,Approve
86588,679,44116,Reject
33090,670,127960,Reject
89231,813,131837,Reject
51552,798,96769,Approve
110227,665,107064,Reject
63741,636,29250,Reject
51661,613,125116,Reject
71025,799,45547,Approve
36092,820,79734,Reject
65674,707,131579,Reject
30570,734,148365,Reject
42084,765,93360,Reject
95843,772,25455,Approve
90752,749,68560,Approve
99278,771,145879,Reject
30765,680,104424,Reject
54198,679,45474,Reject
91201,824,62773,Approve
103271,702,21502,Approve
111738,634,51117,Reject
77199,701,27042,Approve
41377,787,50501,Reject
109833,823,110454,Reject
38036,844,40244,Reject
70364,730,44242,Approve
119905,717,129847,Reject
67443,794,76671,Approve
31663,799,104780,Reject
69244,837,133860,Reject
88391,694,119552,Reject
107564,654,76235,Reject
115359,608,50766,Reject
45077,668,78552,Reject
87849,627,25010,Reject
49631,742,124609,Reject
82652,712,42146,Approve
97446,818,139078,Reject
63500,833,54907,Approve
49897,630,144490,Reject
88915,658,112091,Reject
67377,831,85161,Approve
106670,681,142023,Reject
56897,829,131873,Reject
77280,840,129293,Reject
87320,653,77900,Reject
102592,795,75270,Approve
98289,812,138682,Reject
61941,774,114516,Reject
44234,641,33960,Reject
105172,622,81030,Reject
33376,708,119456,Reject
60783,685,56512,Reject
71249,664,40005,Reject
73025,688,84056,Reject
46447,653,33472,Reject
115865,717,83663,Approve
46713,704,140578,Reject
34858,819,146239,Reject
81115,849,78316,Approve
115008,828,134068,Reject
89834,610,89443,Reject
112060,662,138416,Reject
34539,621,98761,Reject
93983,781,109667,Reject
48857,846,31603,Reject
35364,816,137754,Reject
95985,716,62251,Approve
89169,812,114425,Reject
116366,763,121164,Reject
51078,657,20163,Reject
67574,619,146799,Reject
30869,743,120018,Reject
92624,819,88998,Approve
70075,783,136128,Reject
33659,692,30287,Reject
66370,649,74465,Reject
88185,689,78144,Reject
109921,703,80109,Approve
73751,793,26227,Approve
92758,726,104580,Reject
114873,712,70842,Approve
35131,673,51790,Reject
31358,612,53001,Reject
87371,614,54644,Reject
112307,672,61921,Reject
109139,626,105290,Reject
46246,735,67951,Reject
47216,797,116402,Reject
71209,827,91875,Approve
72987,777,131497,Reject
50577,687,107029,Reject
72320,794,70197,Approve
41301,753,58859,Reject
105051,635,51937,Reject
30891,748,24481,Reject
51972,804,99848,Approve
80457,651,57227,Reject
84435,738,126337,Reject
50932,607,124721,Reject
34192,656,37791,Reject
46128,709,20207,Reject
52836,773,57138,Approve
54837,839,109070,Reject
52778,805,29944,Approve
73130,824,118205,Reject
46708,729,94223,Reject
54232,663,37285,Reject
87266,779,117818,Reject
69412,792,64558,Approve
34782,610,46782,Reject
91196,733,109003,Reject
56315,695,103669,Reject
40052,806,77803,Reject
49521,675,24489,Reject
99434,663,29108,Reject
112755,700,84430,Reject
99690,692,92118,Reject
65546,782,101274,Reject
109345,643,28030,Reject
55972,813,81603,Approve
108059,837,41118,Approve
94385,741,31593,Approve
52030,682,106585,Reject
70376,732,87730,Approve
115641,698,141814,Reject
119831,624,102879,Reject
107400,777,49439,Approve
108412,701,128653,Reject
48055,672,126889,Reject
117508,721,64592,Approve
55493,670,66261,Reject
104861,716,66652,Approve
66775,681,24538,Reject
81057,729,40442,Approve
115909,715,24842,Approve
66253,609,133393,Reject
116717,835,136865,Reject
81884,729,111978,Reject
106497,659,70951,Reject
47705,644,60338,Reject
74676,735,61464,Approve
109045,785,102639,Reject
37101,718,136675,Reject
92495,606,25773,Reject
34743,826,116277,Reject
38951,814,133680,Reject
37014,671,78218,Reject
66180,620,55646,Reject
86977,696,127129,Reject
89534,646,65337,Reject
93209,600,35586,Reject
71908,739,115651,Reject
80918,802,137108,Reject
38219,775,136012,Reject
37163,727,102928,Reject
32470,693,63293,Reject
46543,731,144019,Reject
49276,633,64180,Reject
66881,686,135091,Reject
108950,631,146633,Reject
37749,602,108153,Reject
54182,819,96918,Approve
107450,667,78039,Reject
110543,656,143787,Reject
51383,713,64807,Approve
108578,803,134402,Reject
55412,751,47740,Approve
43181,632,26772,Reject
74898,730,117257,Reject
89630,731,59358,Approve
33405,629,34647,Reject
40862,669,144806,Reject
84679,648,133981,Reject
58688,629,36504,Reject
78017,799,26460,Approve
42939,681,26281,Reject
69585,743,42246,Approve
52942,780,137553,Reject
35272,733,56499,Reject
74134,623,66733,Reject
54265,714,48491,Approve
78192,691,105511,Reject
58668,823,64536,Approve
111560,816,139174,Reject
99283,755,141860,Reject
39297,620,67872,Reject
94005,607,71566,Reject
88434,635,45416,Reject
94749,723,26635,Approve
31607,608,39189,Reject
89183,639,82929,Reject
116994,812,31498,Approve
86305,778,80777,Approve
57973,728,108585,Reject
53117,790,123665,Reject
111986,844,70617,Approve
111071,716,79200,Approve
37645,667,30427,Reject
72238,801,69555,Approve
99694,753,116057,Reject
71773,767,26570,Approve
46786,602,44988,Reject
70693,707,78881,Approve
56578,721,73401,Approve
76408,608,59114,Reject
99702,759,28408,Approve
114845,794,141313,Reject
45076,603,101210,Reject
49377,605,134280,Reject
39278,672,143904,Reject
94808,625,104733,Reject
63539,729,67606,Approve
41440,793,65854,Reject
56245,713,53573,Approve
52097,684,138037,Reject
103703,685,142049,Reject
97092,730,147918,Reject
31151,634,71968,Reject
51698,713,47385,Approve
47601,658,45847,Reject
56807,637,75383,Reject
75302,632,143313,Reject
115864,720,149443,Reject
38039,742,27420,Reject
77427,802,143308,Reject
101839,801,62147,Approve
88049,699,33806,Reject
49053,741,24257,Reject
116298,793,112666,Reject
119147,644,38696,Reject
85413,647,54763,Reject
95958,771,112269,Reject
61275,717,132467,Reject
56597,764,90531,Approve
107521,842,38126,Approve
98908,628,111454,Reject
111619,826,53923,Approve
85188,844,137892,Reject
64710,683,61353,Reject
105486,812,108683,Reject
79050,761,133323,Reject
79249,786,100423,Reject
64247,712,108867,Reject
100162,716,27202,Approve
56408,642,130138,Reject
106313,760,83168,Approve
100683,618,123121,Reject
35443,607,82835,Reject
30079,758,103960,Reject
68345,610,136766,Reject
42901,607,148173,Reject
97759,752,121168,Reject
72732,712,146341,Reject
109304,747,124133,Reject
47507,637,124553,Reject
111785,734,142130,Reject
65391,716,123519,Reject
64171,804,68809,Approve
81730,766,123416,Reject
37485,834,33341,Reject
67748,673,141625,Reject
33878,671,85410,Reject
31949,705,40640,Reject
115380,717,45905,Approve
50881,834,29838,Approve
81306,619,44275,Reject
117150,808,26339,Approve
119364,610,79999,Reject
39958,743,120689,Reject
89185,828,33449,Approve
38697,641,96565,Reject
117160,823,67550,Approve
45493,689,41813,Reject
72801,849,123602,Reject
51199,651,98160,Reject
95792,764,137993,Reject
64488,651,138008,Reject
60493,736,42659,Approve
79002,762,108312,Reject
53731,794,32068,Approve
37076,694,121830,Reject
31071,833,108562,Reject
97602,734,97886,Approve
71410,601,139602,Reject
84327,624,66471,Reject
91072,831,46880,Approve
71041,675,45847,Reject
83326,693,54055,Reject
68549,845,34802,Approve
83096,693,24944,Reject
85578,820,20360,Approve
76390,640,83475,Reject
76052,802,103894,Reject
73167,842,145807,Reject
84587,779,23464,Approve
91292,686,38610,Reject
105419,680,50607,Reject
72139,804,25044,Approve
117753,824,107545,Reject
40707,792,120154,Reject
43140,723,58700,Reject
41093,831,79890,Reject
112036,676,30916,Reject
102043,637,113786,Reject
35830,794,105825,Reject
60608,807,89311,Approve
77287,641,65347,Reject
63427,798,147563,Reject
114042,781,20817,Approve
58395,844,22146,Approve
47970,794,109694,Reject
100218,677,110292,Reject
106475,663,43480,Reject
104362,807,52146,Approve
53371,731,126137,Reject
119895,758,139157,Reject
49266,724,52611,Reject
49195,740,107875,Reject
57315,626,106639,Reject
113804,658,44234,Reject
105246,664,149276,Reject
71581,791,124318,Reject
75537,624,24958,Reject
109697,636,75417,Reject
105265,841,36825,Approve
52184,835,77036,Approve
53279,802,128788,Reject
56570,800,79006,Approve
73030,723,142346,Reject
92245,670,78214,Reject
85467,741,47450,Approve
65133,693,84557,Reject
108731,751,96227,Approve
73805,666,100167,Reject
73998,775,83211,Approve
47238,702,39596,Reject
111088,690,79000,Reject
98264,792,87432,Approve
78245,765,53857,Approve
53557,689,143362,Reject
100474,669,20308,Reject
95667,658,132075,Reject
115513,833,45168,Approve
95074,611,48419,Reject
88204,781,135706,Reject
55575,650,118173,Reject
110263,765,90029,Approve
106024,773,32756,Approve
50069,826,49288,Approve
54400,609,149415,Reject
54146,608,32384,Reject
36846,686,137949,Reject
70352,693,59852,Reject
53694,651,35195,Reject
51740,778,106210,Reject
79438,621,141789,Reject
60996,838,54125,Approve
93874,672,20082,Reject
89682,682,93978,Reject
74200,671,94821,Reject
52970,717,123715,Reject
40895,667,71539,Reject
68071,604,103328,Reject
82268,682,67803,Reject
52258,837,78825,Approve
118890,809,101036,Reject
87300,720,80555,Approve
91915,756,94826,Approve
38444,810,147075,Reject
105147,605,56496,Reject
106064,668,25294,Reject
96535,657,64852,Reject
33760,642,143612,Reject
66884,847,85858,Approve
117477,796,35836,Approve
56022,671,120361,Reject
84504,690,55828,Reject
73130,636,68978,Reject
73881,834,105620,Reject
92399,657,58403,Reject
66451,836,88920,Approve
81413,829,29453,Approve
92278,726,45381,Approve
59639,636,147883,Reject
64621,809,84542,Approve
43079,753,78877,Reject
36895,769,128537,Reject
82142,615,73377,Reject
42552,749,146704,Reject
78821,709,121760,Reject
63630,750,23664,Approve
100063,774,55864,Approve
42247,794,109348,Reject
47603,730,33871,Reject
75564,611,93101,Reject
30527,622,90195,Reject
86521,710,45929,Approve
98458,738,134836,Reject
35849,833,115640,Reject
80314,651,25730,Reject
75724,838,116834,Reject
47230,777,109083,Reject
102495,784,134385,Reject
72730,791,46359,Approve
115203,726,75414,Approve
33323,773,140241,Reject
30445,628,96003,Reject
112945,720,102534,Reject
39963,797,111936,Reject
80511,773,126735,Reject
45437,743,135600,Reject
46855,825,121317,Reject
111947,778,90945,Approve
40847,700,115385,Reject
33236,610,97481,Reject
91897,738,102078,Reject
43487,790,101520,Reject
107384,780,49234,Approve
92423,688,147451,Reject
43155,657,20547,Reject
41255,618,74284,Reject
31979,759,88436,Reject
51305,649,125978,Reject
104543,721,71417,Approve
65094,671,28946,Reject
65098,654,102654,Reject
119566,803,72943,Approve
63770,768,117246,Reject
39734,698,31020,Reject
101984,669,24317,Reject
69605,748,145215,Reject
107932,716,120228,Reject
85619,625,20523,Reject
57881,847,111622,Reject
93401,728,96474,Approve
61177,808,147656,Reject
70122,826,75076,Approve
65297,754,100195,Reject
66680,777,28809,Approve
113452,713,35535,Approve
81044,793,101834,Reject
74084,827,70012,Approve
64189,664,140872,Reject
43510,609,68951,Reject
52152,694,109412,Reject
114738,720,42264,Approve
56445,725,99114,Approve
106688,636,109821,Reject
101153,668,81832,Reject
31195,640,131728,Reject
89949,773,135995,Reject
55433,844,99637,Approve
35305,804,108266,Reject
88860,644,47476,Reject
103613,722,71973,Approve
78648,725,73017,Approve
93090,815,35503,Approve
72113,626,31506,Reject
72642,792,141613,Reject
63062,840,60994,Approve
101633,683,36169,Reject
71604,735,38484,Approve
36678,794,100374,Reject
62121,648,78723,Reject
78503,695,114357,Reject
116940,835,69588,Approve
101279,720,98273,Approve
46494,848,120876,Reject
74185,816,139050,Reject
39678,816,97707,Reject
67632,713,33920,Approve
76235,613,116341,Reject
31648,661,134996,Reject
111213,642,130856,Reject
118301,754,36875,Approve
97917,839,115814,Reject
46489,695,82480,Reject
107281,626,123612,Reject
35818,667,102441,Reject
63149,726,82629,Approve
57312,841,87450,Approve
67124,830,99398,Approve
31316,802,149010,Reject
100990,839,22925,Approve
90046,647,144248,Reject
108643,666,88826,Reject
99610,624,63101,Reject
116724,791,39613,Approve
94042,718,116106,Reject
53102,751,81473,Approve
61957,608,129344,Reject
42872,735,83903,Reject
80094,830,39961,Approve
77719,694,123913,Reject
103885,848,88107,Approve
49693,658,36616,Reject
80478,616,128118,Reject
73677,770,149017,Reject
90012,694,104572,Reject
40760,795,140938,Reject
41584,731,53984,Reject
32106,700,23539,Reject
43669,735,53289,Reject
55223,641,82076,Reject
90666,648,96562,Reject
65706,605,104986,Reject
98019,672,117558,Reject
91585,769,31391,Approve
57482,799,102260,Reject
90369,631,129240,Reject
64143,742,64906,Approve
54240,681,97666,Reject
40015,814,28250,Reject
112164,668,69135,Reject
93023,713,148991,Reject
81500,626,121557,Reject
93925,824,41065,Approve
110596,665,74785,Reject
79631,833,134930,Reject
106190,829,118531,Reject
93652,786,26703,Approve
81087,755,131109,Reject
109789,751,71754,Approve
84909,650,115376,Reject
41565,748,93854,Reject
57597,758,89966,Approve
95623,674,57621,Reject
39432,649,134595,Reject
104300,691,95159,Reject
95714,711,54936,Approve
79314,767,50439,Approve
71965,667,114071,Reject
114268,834,121052,Reject
97957,705,70460,Approve
73715,743,149265,Reject
83450,675,79469,Reject
116062,685,87129,Reject
91902,826,133089,Reject
58317,706,114191,Reject
96753,790,136181,Reject
65242,655,112142,Reject
30929,679,129748,Reject
43580,623,35941,Reject
50742,826,98088,Approve
47833,627,44267,Reject
101347,720,90313,Approve
104155,833,75590,Approve
119791,692,59876,Reject
43527,684,149913,Reject
88139,711,93974,Approve
99585,721,114631,Reject
71057,688,135770,Reject
97439,830,50507,Approve
74261,630,98656,Reject
100912,742,46057,Approve
30042,710,118314,Reject
52769,641,116602,Reject
97113,826,103926,Reject
107918,701,149875,Reject
52449,849,82468,Approve
68653,649,83180,Reject
58859,813,146321,Reject
38576,723,89065,Reject
75874,732,136980,Reject
107199,775,34584,Approve
66345,612,135632,Reject
100780,631,77778,Reject
99428,794,146371,Reject
34321,678,42632,Reject
35776,846,38673,Reject
46119,818,23343,Reject
60569,843,38950,Approve
68596,690,120063,Reject
82967,757,100600,Reject
63063,605,41547,Reject
52340,624,117305,Reject
105723,755,73027,Approve
85430,789,120532,Reject
36668,749,84091,Reject
110880,667,67531,Reject
38195,742,61227,Reject
112097,625,149881,Reject
87995,790,67683,Approve
117834,617,76171,Reject
68250,672,30390,Reject
46076,790,31879,Reject
45376,661,34935,Reject
85839,843,149118,Reject
94723,667,73629,Reject
73442,647,140605,Reject
35392,777,52574,Reject
57106,662,69666,Reject
109845,796,103663,Reject
54809,836,94657,Approve
30693,733,148613,Reject
89821,785,48507,Approve
104159,845,142544,Reject
104710,650,68555,Reject
41352,611,119752,Reject
82196,822,138575,Reject
101066,774,36582,Approve
34992,725,46631,Reject
83076,608,148902,Reject
53354,606,38164,Reject
33312,756,106820,Reject
75833,805,50646,Approve
34318,778,40806,Reject
96003,811,79057,Approve
57192,839,107633,Reject
119199,782,74895,Approve
67489,823,67974,Approve
70309,786,31284,Approve
58273,783,33857,Approve
77553,749,149278,Reject
59473,827,105424,Reject
91410,835,60440,Approve
43679,745,66106,Reject
75310,657,38951,Reject
113406,639,127425,Reject
90683,840,41009,Approve
55992,688,109010,Reject
59433,630,34835,Reject
106574,783,90888,Approve
55933,762,136107,Reject
75020,625,112117,Reject
59236,795,62290,Approve
88735,705,38941,Approve
39770,839,126174,Reject
99285,683,118727,Reject
65271,761,52917,Approve
103391,675,48039,Reject
53439,743,46089,Approve
41101,722,80059,Reject
112319,641,145873,Reject
74917,732,115278,Reject
113459,660,132951,Reject
110562,643,77247,Reject
71196,634,134826,Reject
53569,707,59833,Approve
71887,690,97453,Reject
50893,727,38254,Approve
117971,600,103981,Reject
85304,825,112107,Reject
62399,642,52611,Reject
55236,631,129314,Reject
115870,835,66827,Approve
79531,702,77272,Approve
110570,790,79257,Approve
39442,632,33830,Reject
86437,694,132166,Reject
90342,804,126485,Reject
108179,708,122584,Reject
65069,665,148114,Reject
103246,629,132749,Reject
68560,609,25696,Reject
88070,622,86278,Reject
72427,696,141112,Reject
90496,638,51262,Reject
94557,772,56949,Approve
102752,847,32425,Approve
107248,722,64497,Approve
100441,756,77420,Approve
78534,757,120295,Reject
57930,761,41640,Approve
119042,779,122009,Reject
37288,702,145902,Reject
111122,808,131367,Reject
91518,621,119320,Reject
62400,604,93824,Reject
31567,738,102914,Reject
77878,813,144434,Reject
78850,759,76093,Approve
31094,751,143912,Reject
41135,738,126578,Reject
109044,738,67150,Approve
75113,744,46111,Approve
88791,759,57293,Approve
39684,682,123513,Reject
101727,754,69664,Approve
113378,631,38306,Reject
88552,660,120001,Reject
38046,624,115896,Reject
34934,663,97213,Reject
89556,791,112672,Reject
76806,755,38298,Approve
31354,767,24753,Reject
83046,843,92352,Approve
95064,690,97704,Reject
87184,741,94374,Approve
32963,641,53565,Reject
57424,848,44652,Approve
110039,638,108144,Reject
33042,601,101676,Reject
37139,680,99628,Reject
41226,600,108617,Reject
110298,708,30875,Approve
113652,759,110853,Reject
68108,810,68996,Approve
100647,724,53993,Approve
98617,663,117101,Reject
59815,805,25566,Approve
37802,758,130698,Reject
72230,785,143844,Reject
93372,681,99139,Reject
84020,843,58690,Approve
113449,677,65741,Reject
47465,710,123340,Reject
37994,741,77655,Reject
33531,815,22646,Reject
39343,796,142372,Reject
89066,615,104651,Reject
36229,796,61592,Reject
112124,653,49339,Reject
118704,740,122998,Reject
74789,723,123849,Reject
74069,679,56449,Reject
117402,678,118718,Reject
39524,758,129702,Reject
118074,796,111654,Reject
116762,748,110883,Reject
93103,726,73631,Approve
38103,757,59967,Reject
88581,622,63547,Reject
113938,637,85463,Reject
84203,756,66851,Approve
45090,676,45062,Reject
45915,631,79123,Reject
71477,711,93068,Approve
86987,789,108327,Reject
83238,705,109229,Reject
117047,690,28221,Reject
45029,697,35234,Reject
119067,644,28321,Reject
83520,648,27945,Reject
100053,760,25189,Approve
81464,603,122518,Reject
51961,745,22374,Approve
56835,797,89519,Approve
57725,663,31333,Reject
55357,755,85743,Approve
31244,707,147066,Reject
97952,720,130711,Reject
78061,785,60907,Approve
36490,818,29173,Reject
107219,689,24302,Reject
35839,655,130997,Reject
54992,619,59679,Reject
74938,676,75842,Reject
86249,819,46747,Approve
74735,761,20111,Approve
80734,840,141841,Reject
77080,686,101102,Reject
104460,737,117238,Reject
111457,714,123013,Reject
54260,693,41424,Reject
89607,749,103329,Reject
91852,732,28897,Approve
58380,844,58640,Approve
114347,771,34482,Approve
101257,713,110052,Reject
71191,608,140963,Reject
34930,642,47355,Reject
34353,603,76145,Reject
37832,769,40583,Reject
79554,664,137288,Reject
118487,697,129111,Reject
84017,768,101718,Reject
87298,791,24857,Approve
81389,654,117521,Reject
103306,817,31166,Approve
55525,745,142494,Reject
112092,743,141493,Reject
110630,686,27498,Reject
103471,773,57807,Approve
98211,763,45423,Approve
61280,689,72095,Reject
41240,793,126371,Reject
95092,643,64180,Reject
99541,843,61128,Approve
92851,604,108620,Reject
36544,628,119288,Reject
87981,725,119411,Reject
47332,603,79911,Reject
56836,838,77450,Approve
44388,698,65940,Reject
31694,813,76584,Reject
116677,648,80049,Reject
118202,799,30270,Approve
79294,835,80962,Approve
68769,684,24342,Reject
69420,735,63933,Approve
67855,721,87089,Approve
31460,779,87538,Reject
77646,715,44488,Approve
71252,796,116279,Reject
39835,748,135185,Reject
40910,754,74101,Reject
112757,765,65359,Approve
38463,732,21421,Reject
43336,684,89010,Reject
56534,660,81755,Reject
32369,735,140668,Reject
55381,685,73525,Reject
115094,617,45117,Reject
117905,731,76462,Approve
55407,603,94516,Reject
92552,764,134073,Reject
65939,726,143235,Reject
97576,742,140331,Reject
118652,765,64934,Approve
56170,754,94954,Approve
101908,812,77593,Approve
52369,647,32390,Reject
103098,645,148467,Reject
74544,645,42562,Reject
35900,647,113507,Reject
70733,786,114081,Reject
117236,845,53299,Approve
30589,719,77902,Reject
90044,731,119923,Reject
95311,802,37675,Approve
87926,618,105044,Reject
100599,784,139568,Reject
115553,618,56881,Reject
113910,818,29319,Approve
118435,831,65207,Approve
79008,641,23911,Reject
96794,691,115908,Reject
109134,604,59927,Reject
32866,647,131464,Reject
82890,752,99261,Approve
71504,794,119411,Reject
83374,625,58195,Reject
59404,673,74422,Reject
95223,815,131140,Reject
30637,789,149402,Reject
45828,820,67561,Reject
83544,708,124800,Reject
75097,734,21687,Approve
62022,771,58755,Approve
62202,686,40855,Reject
58704,837,48879,Approve
53641,754,42065,Approve
67479,769,36091,Approve
108771,672,32747,Reject
52027,835,56243,Approve
72912,655,68686,Reject
101474,730,104497,Reject
72692,725,71684,Approve
62209,740,40601,Approve
87563,797,141625,Reject
86738,658,54797,Reject
67242,637,127639,Reject
39941,684,114458,Reject
37073,682,140646,Reject
67827,816,123722,Reject
76225,830,26190,Approve
67096,795,44148,Approve
80546,685,133962,Reject
96457,796,147871,Reject
98309,600,97471,Reject
99998,777,64550,Approve
116496,808,100116,Reject
60268,800,64758,Approve
115354,736,128243,Reject
72078,727,90355,Approve
31865,652,25919,Reject
58887,687,44793,Reject
79876,737,116227,Reject
63479,683,88346,Reject
70478,808,56183,Approve
56401,676,107872,Reject
58502,628,74585,Reject
43394,635,21716,Reject
39262,814,147579,Reject
34487,626,109817,Reject
57341,745,20289,Approve
43570,617,24697,Reject
87268,717,68099,Approve
59605,736,146148,Reject
101602,666,112855,Reject
56723,734,83041,Approve
99108,657,134079,Reject
108206,806,86145,Approve
90098,629,22353,Reject
78707,672,142333,Reject
79028,722,36919,Approve
86921,788,105211,Reject
90760,832,40141,Approve
40249,818,94484,Reject
97847,827,134289,Reject
73839,681,92693,Reject
69673,822,23849,Approve
33642,616,60837,Reject
36338,845,126849,Reject
81761,780,106750,Reject
39622,733,64851,Reject
78423,638,57098,Reject
72873,752,143185,Reject
77565,769,123533,Reject
37806,769,51033,Reject
30757,658,55763,Reject
51470,701,98860,Approve
36220,637,31900,Reject
84754,758,43354,Approve
109852,842,22214,Approve
52505,756,32340,Approve
58288,703,111321,Reject
104492,608,36659,Reject
49109,600,149470,Reject
33497,807,34687,Reject
87326,701,140841,Reject
39864,686,26553,Reject
117562,722,93874,Approve
104310,799,138236,Reject
51017,646,125276,Reject
31821,675,148844,Reject
80337,609,147605,Reject
75485,743,144833,Reject
113557,774,37235,Approve
86388,642,106443,Reject
40372,751,94215,Reject
101333,830,136241,Reject
46283,735,115608,Reject
70857,674,136449,Reject
81772,704,64143,Approve
89670,625,94311,Reject
103133,606,108719,Reject
61261,678,49287,Reject
87154,614,89846,Reject
36107,775,100863,Reject
65561,730,139293,Reject
106674,743,127006,Reject
65268,806,44140,Approve
61608,688,114233,Reject
43138,696,122117,Reject
67693,741,145120,Reject
113000,815,50657,Approve
51248,845,79494,Approve
48632,802,131820,Reject
77547,602,34746,Reject
42100,672,91427,Reject
77930,797,125192,Reject
96861,630,108114,Reject
106905,718,110067,Reject
83025,807,121506,Reject
105876,674,69494,Reject
108944,841,27745,Approve
80840,616,21423,Reject
49369,776,67305,Reject
48460,602,32059,Reject
31461,722,130891,Reject
72362,810,44721,Approve
58610,815,145697,Reject
50995,654,139245,Reject
114716,710,99787,Approve
37717,833,127411,Reject
108867,799,115031,Reject
109472,840,92183,Approve
94022,699,54679,Reject
83668,639,117895,Reject
81645,721,83638,Approve
59550,793,48277,Approve
116151,814,86875,Approve
33576,639,136934,Reject
70868,629,34764,Reject
76380,624,91982,Reject
35728,606,146797,Reject
62800,691,134596,Reject
40886,704,137639,Reject
109614,777,36881,Approve
99909,722,96676,Approve
77236,680,69942,Reject
75805,695,130696,Reject
62532,600,28201,Reject
58688,690,134288,Reject
41063,771,137786,Reject
53089,827,44568,Approve
85942,776,51330,Approve
81829,606,22816,Reject
80553,719,53094,Approve
63585,730,113678,Reject
101739,693,102802,Reject
89004,728,38055,Approve
32438,778,123306,Reject
53212,697,110849,Reject
80362,765,38558,Approve
102177,642,25235,Reject
46983,782,119227,Reject
44026,784,36161,Reject
80998,652,73418,Reject
85744,827,34547,Approve
87013,760,149947,Reject
81039,834,110032,Reject
79831,807,50908,Approve
115172,789,66569,Approve
64603,701,117188,Reject
107758,738,147362,Reject
97713,799,121128,Reject
43105,779,74259,Reject
97182,600,76021,Reject
82147,613,140408,Reject
105400,821,94881,Approve
76434,812,22070,Approve
56515,721,109266,Reject
119298,620,92080,Reject
88001,633,122904,Reject
88397,829,53688,Approve
91415,817,124395,Reject
46960,704,138170,Reject
111838,613,66611,Reject
75778,845,42856,Approve
60941,767,67574,Approve
70955,721,37827,Approve
108565,762,32699,Approve
86908,769,121105,Reject
94067,681,103695,Reject
85696,747,93756,Approve
48429,659,38676,Reject
106676,736,23703,Approve
44847,832,117193,Reject
77191,714,53593,Approve
64256,836,132501,Reject
58774,632,126015,Reject
39127,648,101547,Reject
58205,795,138429,Reject
111163,603,115291,Reject
88764,722,44714,Approve
68664,775,106372,Reject
86795,615,136947,Reject
62333,774,103082,Reject
66079,625,121743,Reject
114225,669,134286,Reject
54259,636,55301,Reject
56571,749,58380,Approve
81119,833,29551,Approve
38009,830,126234,Reject
91829,606,115842,Reject
68230,769,38609,Approve
86049,629,112672,Reject
66498,673,89208,Reject
58820,720,22160,Approve
70315,806,77626,Approve
62795,605,111251,Reject
115411,623,149567,Reject
69191,793,21797,Approve
84453,767,114248,Reject
42453,720,31171,Reject
80325,843,111302,Reject
79490,742,67958,Approve
104796,780,119548,Reject
79993,684,43453,Reject
75706,809,93429,Approve
72817,732,40792,Approve
94544,688,21930,Reject
85710,635,35705,Reject
80799,801,104438,Reject
90964,842,82594,Approve
83678,773,20047,Approve
101150,750,20133,Approve
90438,687,67622,Reject
107223,644,107595,Reject
91926,609,31238,Reject
33801,653,55132,Reject
71048,669,121813,Reject
70144,804,48082,Approve
40148,684,128629,Reject
112819,631,131663,Reject
49861,642,76305,Reject
91717,717,73246,Approve
52480,720,71689,Approve
48637,614,60764,Reject
74621,665,42368,Reject
90304,849,55239,Approve
77431,742,87970,Approve
118921,714,139709,Reject
86172,680,89871,Reject
55437,619,101559,Reject
38149,777,105442,Reject
44671,605,104225,Reject
53119,678,147019,Reject
76117,724,107207,Reject
46279,744,111922,Reject
98835,719,66270,Approve
34803,625,135351,Reject
112897,621,107601,Reject
90805,800,92979,Approve
48201,663,140632,Reject
58634,803,64014,Approve
44760,813,84880,Reject
40826,657,35665,Reject
116821,814,60542,Approve
75775,636,106769,Reject
104676,677,56968,Reject
36798,815,43481,Reject
96103,799,90558,Approve
107160,817,72644,Approve
107751,823,66954,Approve
103502,720,140156,Reject
81410,627,126243,Reject
70888,823,29145,Approve
79047,813,119977,Reject
75955,648,70494,Reject
31982,800,80835,Reject
63864,666,145622,Reject
109118,816,85506,Approve
115490,702,63064,Approve
69265,725,126735,Reject
76313,803,42954,Approve
74350,692,116872,Reject
45378,794,129120,Reject
99815,768,121353,Reject
57924,773,59051,Approve
112593,686,112221,Reject
37312,686,106167,Reject
60353,654,147105,Reject
116450,809,26574,Approve
46192,738,52381,Reject
47450,827,46039,Reject
35432,753,25331,Reject
87225,799,135087,Reject
108711,819,145601,Reject
95604,809,50412,Approve
40295,612,103857,Reject
36774,763,131132,Reject
42190,833,110293,Reject
61286,831,37458,Approve
106325,727,34058,Approve
102427,835,55341,Approve
117513,663,55165,Reject
94014,650,78425,Reject
105852,675,20418,Reject
85256,621,144040,Reject
88630,659,102559,Reject
92771,729,71236,Approve
81715,655,57357,Reject
37466,767,102278,Reject
47637,755,103723,Reject
98745,804,57972,Approve
66317,696,60657,Reject
79766,602,133290,Reject
33078,790,69690,Reject
57299,825,89975,Approve
33543,750,76040,Reject
81052,654,46794,Reject
52064,759,29905,Approve
102287,683,86401,Reject
110442,627,112179,Reject
113632,723,140716,Reject
44425,607,46926,Reject
81481,602,127271,Reject
107347,693,66052,Reject
113114,688,64228,Reject
102317,780,51046,Approve
116826,821,24671,Approve
80530,756,80971,Approve
111099,838,134419,Reject
55888,693,70187,Reject
57491,825,126856,Reject
62352,688,137507,Reject
51676,808,44871,Approve
95836,658,86962,Reject
67463,751,113621,Reject
78990,765,112928,Reject
116544,627,123798,Reject
93627,824,132362,Reject
50221,661,133398,Reject
115837,827,84140,Approve
102843,650,96593,Reject
81313,606,53460,Reject
59251,622,49171,Reject
76586,845,76745,Approve
104418,645,101772,Reject
83884,817,134328,Reject
82620,677,53835,Reject
40040,705,86668,Reject
101677,627,78465,Reject
75878,623,148738,Reject
35969,606,27612,Reject
43162,711,117360,Reject
95435,827,29433,Approve
104667,830,116404,Reject
35037,678,20946,Reject
90526,776,64107,Approve
117914,602,21615,Reject
44693,839,98387,Reject
89090,601,93790,Reject
32451,606,107635,Reject
95560,720,75221,Approve
35962,807,53161,Reject
119552,620,52598,Reject
46444,736,111638,Reject
70443,739,109454,Reject
46506,820,95229,Reject
68384,623,142110,Reject
54248,632,124506,Reject
76162,805,135207,Reject
72690,642,100690,Reject
99625,681,20388,Reject
98008,717,69739,Approve
90309,604,121801,Reject
73237,806,145941,Reject
65732,722,99437,Approve
38104,670,49307,Reject
113230,688,93205,Reject
64980,741,120875,Reject
104990,715,77623,Approve
69560,831,145996,Reject
39554,763,108628,Reject
75987,634,117460,Reject
60985,707,80816,Approve
78167,777,112096,Reject
70428,815,84885,Approve
97238,678,112393,Reject
92723,610,65241,Reject
47038,751,143684,Reject
52219,674,126570,Reject
34271,643,72137,Reject
57397,778,135397,Reject
104491,744,138350,Reject
59602,724,132872,Reject
84471,797,148167,Reject
92150,684,41014,Reject
74227,607,54198,Reject
53116,678,34309,Reject
36674,717,49925,Reject
47469,843,36176,Reject
35446,823,106911,Reject
50760,721,90603,Approve
31963,673,143526,Reject
106002,627,132932,Reject
57262,806,117679,Reject
35177,739,38422,Reject
41160,770,40517,Reject
37543,809,74503,Reject
112162,719,48514,Approve
69278,764,22215,Approve
59607,707,105276,Reject
115835,726,36486,Approve
47221,815,110256,Reject
33323,662,94482,Reject
82105,700,32249,Reject
106151,845,43187,Approve
96968,692,73613,Reject
53238,662,59064,Reject
93830,609,133467,Reject
103967,805,141253,Reject
38330,679,91998,Reject
74153,636,62790,Reject
38611,610,97437,Reject
43872,714,66783,Reject
79455,689,149508,Reject
64930,831,85618,Approve
102022,618,62271,Reject
92714,651,44347,Reject
118794,717,75142,Approve
78716,617,132104,Reject
96704,693,80683,Reject
30415,631,91288,Reject
106441,750,113806,Reject
100779,844,124526,Reject
112069,739,130427,Reject
118444,657,80791,Reject
101435,804,23668,Approve
39888,620,70767,Reject
75299,748,106166,Reject
88765,820,96531,Approve
92714,820,147705,Reject
45935,841,54830,Reject
103002,818,114308,Reject
110631,628,61739,Reject
106729,806,142243,Reject
31320,646,70210,Reject
76032,739,55166,Approve
107763,657,31196,Reject
47907,768,38714,Reject
68002,618,65692,Reject
74838,739,70911,Approve
68912,622,115904,Reject
30552,732,65580,Reject
50140,721,114372,Reject
115591,753,102347,Reject
78737,716,107297,Reject
63367,662,74181,Reject
110634,651,73028,Reject
54061,609,47066,Reject
110336,685,149649,Reject
72124,766,84631,Approve
75638,750,120420,Reject
31982,610,63281,Reject
65765,819,69711,Approve
112606,694,147824,Reject
84681,671,90977,Reject
93232,844,67024,Approve
92349,727,111497,Reject
93474,830,71769,Approve
59513,647,30146,Reject
52592,691,53357,Reject
53618,615,118802,Reject
81632,773,75499,Approve
45409,774,36313,Reject
39529,843,126208,Reject
54154,694,47398,Reject
62882,832,128025,Reject
74917,647,144518,Reject
112488,807,29324,Approve
45701,796,27432,Reject
105281,826,124260,Reject
119871,844,40867,Approve
98225,752,143295,Reject
82492,676,139684,Reject
32988,692,54359,Reject
65919,818,89943,Approve
78426,703,50971,Approve
82167,680,132627,Reject
39013,636,138571,Reject
69113,701,70759,Approve
33574,790,56492,Reject
37838,628,142243,Reject
61368,657,111827,Reject
62228,825,134890,Reject
79711,693,73006,Reject
76097,758,130455,Reject
85773,685,61069,Reject
58639,709,97905,Approve
44823,816,50291,Reject
53510,795,37152,Approve
68333,826,149216,Reject
34435,640,85674,Reject
68418,777,69372,Approve
87955,643,142044,Reject
89507,736,143740,Reject
81033,786,73079,Approve
116089,689,71539,Reject
102972,818,22525,Approve
77219,754,139742,Reject
64477,809,29637,Approve
119780,821,68324,Approve
72721,708,76108,Approve
97228,658,54377,Reject
45523,709,100069,Reject
62326,822,107363,Reject
72205,705,131875,Reject
30125,730,134886,Reject
96735,820,80207,Approve
46375,606,42368,Reject
32711,681,45736,Reject
62437,615,37753,Reject
58022,648,116242,Reject
39182,720,23571,Reject
118148,631,46798,Reject
101531,829,53256,Approve
70950,688,121844,Reject
42920,771,67419,Reject
52144,823,96595,Approve
114418,618,112539,Reject
32565,602,111989,Reject
118909,721,50624,Approve
83942,659,147417,Reject
100560,762,29056,Approve
54691,841,83279,Approve
63799,628,38564,Reject
96777,674,31220,Reject
64510,669,31290,Reject
117919,682,149960,Reject
107366,700,72480,Reject
58975,772,40018,Approve
83242,754,135343,Reject
76546,796,75138,Approve
53267,689,144259,Reject
107911,762,102155,Reject
117049,746,101567,Reject
99939,616,119292,Reject
34897,845,103302,Reject
30163,634,29006,Reject
82540,838,63926,Approve
112915,712,99118,Approve
60030,804,46265,Approve
85313,805,35908,Approve
59870,757,91165,Approve
59482,721,146680,Reject
61058,647,104406,Reject
87255,784,38049,Approve
94930,834,30827,Approve
80500,616,89522,Reject
56379,700,60954,Reject
97787,844,87359,Approve
53674,614,82934,Reject
36590,727,74980,Reject
61432,809,74582,Approve
70426,711,107256,Reject
79584,613,106008,Reject
117663,741,20610,Approve
68015,772,111447,Reject
103251,696,56636,Reject
99353,765,106245,Reject
112990,790,31884,Approve
34600,718,106355,Reject
54690,802,146446,Reject
63762,610,145091,Reject
67499,848,71315,Approve
117988,647,142950,Reject
37670,847,70901,Reject
116687,753,123249,Reject
47341,666,41556,Reject
103823,624,66676,Reject
114074,808,135029,Reject
47015,788,98758,Reject
95126,685,106603,Reject
85197,820,31018,Approve
79849,709,56599,Approve
45852,753,87915,Reject
85361,761,42489,Approve
51258,689,138557,Reject
92355,848,131694,Reject
71508,608,68071,Reject
97784,639,32394,Reject
101728,802,140756,Reject
57410,606,34417,Reject
39895,757,47849,Reject
101942,717,55207,Approve
63924,793,81669,Approve
100831,757,44290,Approve
42264,795,144947,Reject
58038,657,35115,Reject
39136,654,52752,Reject
43213,613,66402,Reject
107608,804,130035,Reject
57431,717,44241,Approve
72290,816,69021,Approve
97539,804,147627,Reject
115535,676,58197,Reject
72747,764,135159,Reject
105974,723,84079,Approve
109763,771,109979,Reject
99208,733,56533,Approve
102994,625,97897,Reject
114075,727,142514,Reject
99015,717,109832,Reject
44887,741,94381,Reject
30051,735,99283,Reject
97695,623,135149,Reject
99926,813,103093,Reject
115571,831,87203,Approve
58491,766,66963,Approve
46080,776,51034,Reject
64880,684,146625,Reject
89965,834,34143,Approve
77361,662,88857,Reject
117685,625,127135,Reject
110875,609,139057,Reject
96890,804,110593,Reject
101156,705,142961,Reject
99290,716,113415,Reject
46593,657,89662,Reject
46167,613,39177,Reject
118091,672,94835,Reject
63005,798,66051,Approve
95471,638,91721,Reject
80728,721,72937,Approve
38691,758,134938,Reject
39756,777,79778,Reject
66308,743,119924,Reject
94079,671,115203,Reject
95524,711,128214,Reject
90466,650,93993,Reject
39327,742,35942,Reject
58520,688,134709,Reject
73308,838,132022,Reject
46533,637,87659,Reject
74488,704,37894,Approve
97160,678,122156,Reject
70429,688,73927,Reject
81726,670,129434,Reject
116348,689,116140,Reject
103065,671,76160,Reject
50653,809,56190,Approve
86921,748,28431,Approve
43654,615,77394,Reject
32108,710,121311,Reject
99483,666,77819,Reject
37899,664,52338,Reject
43372,612,112116,Reject
67682,717,51583,Approve
97799,791,33913,Approve
66583,660,115101,Reject
59295,631,34860,Reject
96113,739,52924,Approve
110565,694,124646,Reject
79574,640,115231,Reject
94934,793,93134,Approve
60066,832,57529,Approve
113149,735,52453,Approve
115096,786,96511,Approve
38945,624,136707,Reject
59418,732,74389,Approve
112607,644,128182,Reject
79874,729,126227,Reject
47130,769,106090,Reject
116257,849,74199,Approve
98248,765,51444,Approve
112627,830,113970,Reject
111393,602,134529,Reject
71394,773,68112,Approve
79635,839,38798,Approve
112089,829,80147,Approve
47404,749,31441,Reject
102629,703,87691,Approve
43156,632,144706,Reject
85618,843,67792,Approve
79999,631,82942,Reject
43785,710,105677,Reject
78359,616,52860,Reject
44694,719,133605,Reject
66114,681,140931,Reject
99549,783,32468,Approve
87230,602,78014,Reject
62799,847,54911,Approve
41156,669,110343,Reject
40304,776,149274,Reject
70645,782,75123,Approve
68938,804,81333,Approve
86982,846,37986,Approve
107614,717,55719,Approve
32315,630,79116,Reject
42420,808,95794,Reject
48312,748,21310,Reject
51395,615,126271,Reject
70301,616,116462,Reject
76972,695,83798,Reject
93294,728,91782,Approve
110853,711,102078,Reject
78225,701,40162,Approve
112504,671,136274,Reject
52854,792,36761,Approve
100780,665,39679,Reject
60929,710,94441,Approve
87103,636,32379,Reject
93620,751,67770,Approve
119590,690,79567,Reject
114124,683,33421,Reject
74590,710,114183,Reject
102554,661,68938,Reject
40621,620,30974,Reject
30973,705,149202,Reject
88786,636,143617,Reject
67097,634,22500,Reject
64245,765,80490,Approve
95211,780,133222,Reject
84841,742,71015,Approve
55346,713,142576,Reject
101980,837,69643,Approve
79153,769,93649,Approve
106942,693,113116,Reject
35972,603,132742,Reject
78063,706,116296,Reject
95488,843,149458,Reject
87055,766,142189,Reject
94366,678,117559,Reject
40931,622,31805,Reject
37702,704,128025,Reject
114834,614,142098,Reject
51540,817,27731,Approve
87450,739,119249,Reject
95252,809,113752,Reject
76904,797,127197,Reject
82320,727,115310,Reject
61000,681,146836,Reject
32599,720,120788,Reject
117636,841,71907,Approve
114719,781,125932,Reject
86165,687,31460,Reject
88855,765,31294,Approve
30018,755,30059,Reject
30858,678,130621,Reject
55992,618,51856,Reject
62580,668,27817,Reject
100916,791,113917,Reject
65800,731,23033,Approve
88770,808,32971,Approve
84941,844,85925,Approve
114451,609,76986,Reject
67487,739,50995,Approve
42943,796,94971,Reject
91457,734,39731,Approve
48836,643,20011,Reject
41394,750,95244,Reject
102158,601,38004,Reject
55280,693,111869,Reject
107318,715,142928,Reject
31159,840,144595,Reject
100162,836,42537,Approve
53440,764,142866,Reject
107166,668,44836,Reject
82712,747,28511,Approve
