Age,Income,IsStudent,Purchased
56,29234,0,0
46,90172,0,0
32,18376,1,0
60,45783,0,0
25,56249,0,1
38,58025,0,1
56,31447,0,0
36,100865,0,0
40,31713,0,0
28,19858,0,0
28,66115,0,0
41,100008,1,0
53,74834,0,0
57,97060,0,0
41,19539,1,0
20,78983,0,1
39,33857,1,1
19,118898,0,0
41,117207,1,0
61,20364,0,0
47,80985,0,0
55,74169,0,0
19,101366,0,0
38,36078,1,1
50,52574,0,0
29,15869,0,0
39,119383,0,0
61,77624,1,0
42,55075,1,1
44,108676,0,0
59,18659,0,1
45,51370,0,1
33,73185,0,1
32,94921,0,0
64,58751,0,0
61,77758,1,0
20,99873,1,0
54,20131,0,1
24,16358,0,0
38,106150,1,0
26,72371,0,0
56,97307,0,0
35,94139,1,0
21,31246,0,1
42,32216,0,1
31,56209,0,1
26,57987,0,1
43,35577,0,0
19,57320,0,1
37,26301,0,1
45,90051,1,0
64,107338,0,0
24,15891,0,0
61,36972,0,0
25,65457,0,1
64,69435,1,0
52,35932,0,0
31,19192,0,0
34,31128,0,0
53,37836,0,1
57,39837,0,0
21,37778,0,0
19,58130,0,1
23,31708,1,1
59,39232,1,1
21,72266,1,1
46,54412,1,0
35,19782,1,0
43,76196,1,1
61,41315,0,0
51,25052,0,0
27,34521,1,1
53,84434,0,0
31,97755,0,0
48,84690,0,1
65,50546,0,0
32,94345,0,0
25,40972,0,0
31,119713,0,0
40,93059,1,0
57,79385,1,1
38,117617,1,0
33,37030,1,0
62,55376,0,0
35,100641,0,0
64,104831,0,0
41,92400,1,0
43,93412,0,0
42,33055,1,0
62,114220,0,0
58,102508,1,0
46,40493,0,0
32,89861,1,1
62,51775,0,1
18,66057,0,0
42,100909,0,0
24,51253,1,0
26,101717,0,0
41,66884,1,1
18,91497,1,0
61,32705,1,0
25,59676,0,1
41,116658,0,0
28,106640,0,0
34,94045,1,0
25,22101,1,1
52,77495,1,1
52,19743,0,0
50,23951,0,1
22,22014,1,1
59,51180,0,0
56,71977,1,0
58,74534,0,0
45,78209,0,1
24,56908,1,1
26,65918,0,0
25,23219,0,1
29,22163,1,1
51,17470,0,0
50,31543,1,1
65,34276,1,0
40,51881,0,1
41,93950,0,0
54,22749,0,0
52,39182,0,0
61,92450,0,0
57,95543,1,0
39,111487,0,0
44,113144,0,0
52,36383,0,1
18,93578,0,0
52,40412,0,1
54,28181,1,0
64,59898,0,0
31,74630,0,1
20,18405,0,1
18,111404,0,0
22,25862,0,0
43,69679,1,1
31,43688,0,1
56,63017,0,1
44,111481,0,0
26,27939,0,1
32,109467,0,0
32,119152,0,0
43,54585,0,1
59,119447,0,0
30,37942,0,0
49,20272,0,1
56,59134,0,1
49,39265,1,0
21,63192,0,0
47,43668,1,0
54,96560,0,0
40,112435,0,0
56,84283,0,1
62,24297,1,1
32,79005,0,1
60,73434,0,0
46,79749,0,0
53,16607,0,0
30,74183,0,1
49,101994,0,0
24,71305,0,1
39,42973,0,1
45,38117,0,0
19,96986,0,0
59,96071,0,0
62,109891,0,0
23,22645,0,1
45,57238,0,1
45,84694,0,0
61,56773,0,0
61,31786,0,0
37,55693,0,1
47,111447,0,0
28,41578,0,0
45,61408,0,1
42,84702,0,1
56,99845,1,0
50,30076,0,1
18,34377,0,1
44,24278,0,1
30,79808,0,1
58,48539,1,0
20,26440,1,1
56,41245,1,1
23,37097,1,1
25,88703,0,1
44,82092,0,0
26,16151,1,1
54,36698,0,0
50,32601,1,1
59,41807,0,1
61,60302,0,1
41,100864,1,0
32,23039,0,0
49,62427,1,1
49,86839,0,0
41,73049,0,1
58,34053,1,0
29,112180,0,0
56,116281,0,0
19,101298,0,0
20,104147,1,0
54,70413,1,1
34,80958,0,1
19,46275,0,0
19,41597,1,1
45,92521,1,0
40,109243,0,0
54,83908,0,0
49,96619,1,0
50,70188,0,0
18,49710,1,1
36,106352,0,0
19,90486,0,0
61,64050,0,0
43,64249,1,1
49,49247,0,0
23,85162,0,0
49,41408,0,0
21,91313,1,0
28,85683,0,1
34,20443,0,0
55,15079,0,0
41,111818,0,0
22,53345,0,1
51,27901,0,1
23,82759,0,0
39,115873,1,0
28,57732,1,0
65,94304,1,0
33,32507,0,1
50,96785,1,0
26,50391,0,0
23,49171,0,1
33,66730,0,1
46,22485,0,0
20,110320,0,0
37,105153,0,0
53,52748,0,1
36,18878,0,1
43,16949,0,0
20,100380,0,0
36,35881,0,0
37,66306,0,1
49,102150,0,0
24,104364,0,0
58,24958,0,0
50,74185,1,0
57,23697,0,0
56,102160,0,0
35,30493,1,0
57,57801,0,0
18,36199,0,1
28,80792,0,0
45,49488,0,1
42,45493,0,1
40,64002,1,1
48,38731,0,1
47,22076,0,1
59,16071,0,1
52,114926,1,0
24,82602,1,1
33,106181,0,0
43,56410,0,1
65,114201,0,0
19,69327,0,1
18,109948,0,0
65,76072,0,1
29,112371,1,0
22,56041,0,0
54,68326,0,0
49,53549,0,0
26,68096,0,0
58,70578,0,0
52,61390,1,1
36,61052,0,1
65,58167,1,0
33,69587,0,1
20,76292,0,0
37,107114,0,0
41,90419,0,0
50,57139,0,0
41,102753,0,0
28,25707,0,1
25,28140,1,1
53,26093,0,0
55,97036,0,0
57,119089,0,0
37,87043,0,1
52,113122,0,0
65,20830,0,0
42,45608,0,1
52,117865,0,0
42,62287,1,1
46,105047,1,0
35,48427,0,1
63,99042,0,0
35,43395,1,1
19,107662,0,0
52,110002,0,0
33,32970,1,1
58,85218,0,0
53,91475,1,0
50,89362,0,0
21,38371,0,1
50,110482,0,0
31,104895,1,0
38,34266,0,0
65,118553,0,0
37,34195,1,0
25,42315,1,1
24,98804,1,0
20,90246,0,0
34,56581,1,1
50,60537,0,0
65,94697,0,0
29,112357,1,0
39,90265,0,0
39,107449,0,0
63,37184,0,1
47,38279,1,1
55,41570,0,1
55,58030,0,0
62,77245,0,0
25,70467,0,0
44,50133,1,1
44,93731,0,0
51,58805,0,1
38,58998,1,1
47,32238,0,0
50,96088,0,0
45,83264,0,1
64,63245,1,0
50,38557,0,0
22,85474,0,0
65,111738,0,0
36,80667,0,0
21,106228,1,0
52,100513,1,0
34,80074,0,1
61,73204,0,0
45,113597,1,0
47,107800,0,0
46,40575,0,0
63,95263,1,0
23,91024,0,0
52,35069,0,0
58,39400,0,0
54,39146,1,0
41,21846,0,1
46,55352,1,0
63,38694,1,0
48,36740,1,1
52,64438,1,1
50,45996,0,0
38,78874,1,1
49,112661,0,0
40,74682,1,1
50,59200,0,1
20,37970,0,1
35,25895,0,0
42,53071,1,1
59,67268,0,1
48,37258,0,0
20,103890,1,0
57,111177,0,0
63,72300,0,0
41,76915,0,1
49,23444,0,0
64,90147,0,0
39,91064,1,0
40,81535,0,1
19,18760,0,1
44,51884,0,1
59,117715,1,0
19,102477,0,0
43,41022,0,1
34,69504,0,1
57,58130,1,0
50,58881,1,0
26,77399,0,0
60,51451,0,0
65,66413,0,1
56,107057,0,0
46,77278,0,0
59,44639,0,0
43,49621,0,1
52,111985,1,0
42,28079,0,0
41,21895,0,1
30,108515,0,0
24,67142,0,1
53,27552,0,0
62,107930,0,0
37,63821,1,1
18,112812,1,0
25,48630,1,1
63,85063,0,0
33,27247,1,0
31,32603,0,1
29,117099,0,0
40,60564,0,1
32,15527,0,0
45,71521,1,1
51,83458,0,0
19,20849,0,0
49,110836,0,0
40,108316,1,0
39,65314,1,1
42,60724,0,1
39,108676,0,0
39,32230,1,0
59,107229,0,0
23,87495,0,0
32,116390,0,0
60,57730,0,0
54,100203,0,0
50,106937,0,0
25,18323,0,0
61,15445,1,0
61,97945,0,0
22,24963,0,0
56,65511,0,0
21,30437,0,1
23,31855,0,0
62,96947,1,0
49,25847,0,0
47,18236,0,1
64,76897,0,1
52,28487,0,0
57,92384,1,0
33,77423,0,1
30,28155,1,0
59,26255,1,1
47,16979,0,0
36,36305,0,1
34,89543,0,1
36,50094,1,1
45,50098,0,1
43,104566,0,0
54,48770,0,0
43,24734,0,0
40,86984,1,0
26,54605,0,1
29,92932,0,0
18,70619,0,1
18,42881,0,0
64,78401,0,0
51,46177,0,1
49,55122,0,1
65,50297,0,1
42,51680,0,1
57,98452,0,0
62,66044,1,0
18,111775,1,0
33,59084,0,1
56,49189,0,0
22,28510,1,1
39,105502,0,0
46,37152,1,0
20,99738,1,0
29,41445,0,1
43,91688,0,0
33,86153,0,0
54,16195,0,1
39,119533,1,0
46,74949,1,0
31,40433,0,1
45,20305,0,0
22,73860,0,1
64,88613,0,1
47,63648,0,0
63,78090,1,0
22,111921,0,0
29,57113,0,1
33,118504,0,0
43,57642,0,1
43,48062,0,1
65,86633,0,1
38,119716,0,0
56,56604,1,1
53,21678,0,0
50,47121,0,0
47,63503,1,1
54,101940,1,0
40,86279,0,1
27,31494,0,0
22,59185,1,1
53,24678,0,0
51,52632,0,0
48,61235,0,1
27,16648,0,0
36,96213,0,0
49,103301,0,0
18,82917,1,1
22,31489,1,1
62,92281,1,0
21,20818,0,0
33,48149,0,1
41,42312,1,1
33,52124,0,1
19,119222,0,0
45,16316,0,0
49,85990,0,0
44,75046,0,1
37,93643,0,0
41,84610,1,0
29,101724,0,0
52,112504,1,0
50,79042,1,0
50,38102,0,0
60,46957,1,0
54,27872,0,1
29,65094,0,0
20,62719,0,1
18,88885,0,0
50,34693,0,0
57,65478,0,0
27,113163,0,0
60,58677,0,0
61,75012,0,1
46,25760,0,1
30,26584,0,0
29,17106,1,1
48,28669,0,0
63,40223,1,0
19,75666,0,1
52,50706,0,1
40,83019,0,0
34,76585,0,1
43,42482,1,1
25,75369,0,0
46,49143,0,0
43,39240,0,1
27,25015,0,1
43,97164,1,0
51,78023,0,1
58,66500,1,0
24,78925,0,1
21,105979,0,0
62,111355,0,0
28,95596,0,0
46,107973,1,0
53,64631,0,0
42,91190,0,0
38,78652,1,1
53,66087,0,1
27,94789,0,0
54,69909,0,0
26,26565,0,1
41,42597,0,1
52,108304,0,0
52,80623,1,0
65,24432,0,0
53,89300,1,1
35,80714,0,1
56,106837,0,0
49,64314,1,1
41,115944,1,0
40,56965,0,1
49,112449,0,0
54,99268,1,0
29,82957,1,1
30,58715,1,1
40,68450,0,1
42,101062,0,0
52,76902,0,1
58,43317,1,0
47,81753,0,0
34,50242,0,1
37,15929,1,1
65,114806,0,0
42,113724,1,0
39,28580,0,1
30,119134,0,0
36,110967,0,0
53,35742,0,0
29,32833,0,0
58,111421,0,0
36,86347,0,1
29,89155,1,1
26,104791,0,0
24,105508,0,0
45,28527,0,0
31,73139,0,1
48,113410,1,0
36,84585,0,0
64,56057,0,1
33,82439,1,0
22,59261,0,0
52,85912,0,0
29,15042,1,1
42,37769,1,0
38,82113,0,0
53,92918,0,0
40,37449,1,0
33,53653,0,1
56,43859,1,0
62,23576,1,1
59,60874,0,0
56,92199,0,0
31,51345,0,1
48,85780,0,0
22,115438,0,0
52,84428,1,0
40,107648,0,0
46,19321,0,0
60,20776,1,0
28,31119,0,1
35,45569,0,1
64,53596,0,0
29,67967,0,0
26,48063,1,1
27,113717,0,0
61,37340,0,1
34,90723,0,0
55,70430,1,0
24,21668,1,1
63,95880,0,0
30,23195,1,0
57,97097,0,0
59,117658,0,0
26,72995,1,1
44,102834,0,0
19,53250,0,1
22,31076,0,1
46,30376,0,0
54,116575,0,0
55,70839,0,1
36,79723,0,1
25,58442,0,1
65,20392,0,0
62,42106,0,1
18,94845,1,0
39,39809,0,0
34,15693,1,0
24,114473,1,0
42,109769,0,0
62,74821,0,0
21,89159,0,0
53,89710,0,0
23,26352,0,0
48,67196,0,0
36,86066,0,1
61,19992,1,0
56,68076,1,1
44,38354,0,0
27,18312,0,1
43,60833,0,1
36,19318,0,0
56,114992,1,0
20,81003,1,1
62,42192,0,1
30,115726,0,0
45,104199,0,0
37,111782,1,0
45,52489,0,1
25,55309,0,1
58,43273,1,0
56,62553,1,0
18,44473,1,1
20,76410,0,0
30,28679,0,0
45,107981,0,0
42,60310,1,1
50,98406,1,0
55,75683,1,0
23,40992,0,1
61,44433,1,0
62,91574,0,0
49,40933,0,0
62,60020,0,1
64,44236,0,0
38,73735,0,1
33,24770,1,0
38,84285,1,1
28,50271,0,0
54,88391,0,1
53,38439,0,0
52,110826,0,0
36,26101,0,0
37,107776,1,0
35,97319,0,0
64,59917,1,1
58,107345,1,0
31,98459,0,0
32,95562,0,0
48,56196,1,1
18,38569,0,0
20,56887,1,1
33,35893,1,0
40,102971,0,0
28,70304,1,0
29,117428,0,0
27,47399,1,1
49,40236,0,1
33,107735,1,0
25,100870,0,0
55,113753,1,0
29,64531,0,0
41,95570,0,0
45,111621,0,0
25,24442,1,1
45,71437,0,1
53,75342,0,1
43,93179,1,0
25,50069,1,1
45,88246,0,1
45,53560,1,1
54,73070,0,0
58,57427,1,1
53,75496,1,1
44,79557,0,1
34,87752,0,0
26,92248,0,0
50,85441,0,0
37,63534,1,1
30,119303,0,0
45,42930,1,1
65,111728,0,0
46,104042,1,0
30,22288,1,1
63,110547,1,0
52,96122,0,0
23,76518,0,0
35,47400,0,1
22,16567,0,0
64,62878,0,0
42,63850,1,1
19,16094,0,0
27,26135,0,0
47,94044,0,0
62,60113,0,0
22,73791,0,0
50,24684,1,1
18,107783,0,0
35,86727,1,0
49,98378,0,0
64,73552,1,0
28,23046,0,1
38,19934,1,1
43,74556,0,1
42,61806,0,1
39,16354,0,0
44,119777,1,0
30,110352,1,0
50,68046,0,0
51,80064,0,0
58,72184,0,0
52,17963,0,1
18,42424,0,0
38,95039,0,0
65,18042,1,0
23,110777,1,0
45,22139,0,0
34,26226,0,0
22,95298,0,0
48,98652,0,0
22,53108,0,0
55,85647,0,1
20,83617,1,1
40,44815,1,1
54,22802,0,0
54,57230,0,0
27,78372,1,0
27,69020,1,1
36,98449,0,0
34,32465,1,0
38,22994,0,1
31,18531,0,0
26,24343,0,0
63,74066,1,0
18,114020,0,0
62,21229,0,0
30,109311,1,0
21,107302,1,0
18,97124,1,0
57,103704,0,0
49,59789,1,1
51,59069,0,0
45,117398,0,0
48,102402,0,0
25,24524,0,1
56,103074,0,0
43,101762,1,0
51,78103,0,0
20,23103,0,0
29,73581,0,0
18,98938,0,0
61,69203,0,0
22,30090,1,1
47,30915,1,1
47,56477,1,0
34,71987,0,1
65,114742,0,0
64,68238,0,0
40,102047,1,0
32,30029,0,0
54,111367,0,0
38,104067,0,0
31,68520,0,1
19,85053,0,0
28,66464,0,1
56,36961,1,1
55,41835,1,0
51,42725,0,1
55,40357,0,1
51,16244,1,0
35,82952,0,0
47,63061,0,0
32,21490,1,0
44,92219,0,0
51,20839,0,0
55,39992,0,0
50,59938,0,0
41,71249,0,1
32,59735,0,1
47,118313,0,0
59,65734,0,1
34,62080,0,1
22,89460,0,0
46,96457,0,0
21,39260,0,1
27,74607,0,1
34,76852,0,1
27,43380,0,1
34,99347,0,0
37,86257,0,0
41,56191,0,1
22,19930,1,1
51,19353,0,0
23,22832,0,0
19,64554,0,1
30,103487,1,0
60,69017,0,1
60,72298,0,0
65,66389,0,0
28,88306,0,1
64,40525,1,1
40,97092,1,0
33,95630,0,0
48,88471,0,1
28,83211,1,1
33,46280,0,1
25,26240,0,0
21,80092,1,1
57,84541,0,1
21,77851,1,1
42,21544,0,0
20,72981,0,1
49,32332,0,1
20,41836,1,1
44,29388,0,0
46,16694,0,0
49,101677,1,0
36,103202,0,0
38,64294,0,1
22,53769,0,1
35,54420,0,1
45,117885,0,0
59,52855,0,1
39,16460,1,0
38,117191,0,0
23,62646,1,1
18,56252,0,0
22,24835,1,1
58,25910,0,1
29,97757,0,0
43,106149,0,0
63,111889,0,0
51,119150,0,0
31,23463,0,1
43,28336,0,0
62,41534,0,1
44,17369,0,0
26,40381,1,1
43,100094,1,0
64,102905,0,0
39,114186,0,0
64,111490,0,0
47,40407,1,1
60,77552,1,0
65,50939,0,0
34,107303,0,0
43,82576,0,1
53,103652,0,0
18,41170,0,1
25,86908,0,0
52,37369,0,0
32,88098,0,0
64,59544,1,1
39,20900,0,0
31,55733,0,1
43,102236,0,0
45,15589,0,0
40,75044,1,1
31,80311,0,1
41,72926,0,1
19,85599,0,1
62,100553,0,0
43,98910,1,0
31,103435,0,0
24,64008,0,0
20,81794,0,1
64,94134,0,0
40,17866,0,1
63,67890,0,0
60,56504,0,1
64,110668,1,0
62,68374,0,1
35,44404,0,1
55,80223,0,0
52,15637,0,0
32,105152,0,0
42,118186,0,0
54,30828,0,1
45,68544,1,1
27,106732,0,0
56,116976,1,0
34,60097,1,1
56,47022,1,0
39,47202,0,1
43,43704,1,1
61,106411,1,0
42,38641,0,0
34,52479,0,1
30,93771,0,0
37,37027,0,0
42,113463,0,0
21,57912,0,0
27,107558,1,0
20,86474,0,0
58,57692,1,0
62,113884,0,0
35,47209,0,1
64,72563,0,0
53,71738,0,0
64,52242,1,0
39,24941,0,1
51,22073,0,1
64,52827,1,0
25,61225,0,1
57,52096,1,1
61,65546,0,1
36,81457,0,0
59,83309,0,0
58,84998,1,1
54,101496,0,0
23,45268,1,1
43,100354,1,0
51,57078,0,0
62,16865,0,1
23,111242,1,0
54,43887,0,0
50,64876,0,1
39,111047,0,0
38,48479,1,1
23,55478,1,0
23,41401,0,0
65,43502,0,1
21,28394,1,1
47,113694,0,0
28,24262,1,1
47,19487,0,0
48,42341,1,0
41,28570,1,0
26,72268,0,0
20,44605,0,0
48,86602,0,1
57,117798,0,0
54,41723,0,1
53,84108,0,1
41,93206,0,0
48,75098,0,0
23,108375,1,0
19,63707,0,0
37,64028,0,1
45,108937,0,0
28,71921,1,1
21,75760,0,1
32,25249,0,1
23,82847,0,0
47,112547,1,0
55,58839,1,1
19,54673,0,0
32,18642,0,0
28,21338,0,1
25,66761,1,0
43,24622,0,0
62,63423,0,1
61,57873,0,1
22,119544,1,0
23,62565,0,1
43,22806,0,0
21,15757,0,0
36,107246,0,0
37,36470,0,0
50,21220,0,1
37,106851,0,0
29,69754,0,0
64,108329,0,0
18,94852,0,0
43,37505,0,0
31,43288,0,1
55,89492,0,0
54,34109,0,0
28,18497,0,1
53,72326,0,0
30,24864,0,1
60,112046,1,0
20,108517,0,0
50,102562,0,0
23,89310,0,0
27,36017,0,0
22,16821,0,1
40,65337,1,1
27,60485,0,1
61,98557,0,0
19,71388,1,1
30,25372,0,1
57,115050,0,0
19,108938,0,0
37,86333,0,0
18,31283,0,0
54,55857,0,0
26,66772,0,1
34,74670,1,1
26,88133,1,0
28,110856,1,0
32,46261,1,1
41,72154,0,1
55,21107,0,0
52,106296,0,0
47,50561,1,1
48,91674,0,0
22,50268,0,0
61,46608,1,0
31,28138,1,0
28,52693,1,1
26,98000,0,0
51,36248,0,1
29,117757,0,0
52,33632,0,0
52,62547,0,0
18,27100,0,0
57,62930,0,0
39,81861,0,0
46,91905,1,0
25,68025,1,0
28,90876,0,0
58,93944,0,0
54,65840,0,1
31,34369,0,0
47,33460,1,1
52,106641,1,0
38,111920,1,0
54,16461,0,0
22,57362,1,0
36,113376,0,0
31,43610,0,1
43,119334,0,0
21,35995,1,1
42,99716,0,0
62,22717,0,0
59,93867,0,0
42,94472,0,0
35,79022,0,1
57,68668,0,1
25,66645,0,1
56,44550,0,0
57,101151,0,0
31,18576,0,0
49,55868,0,1
55,113039,1,0
50,61380,0,1
40,20728,0,1
32,47800,0,1
50,25886,0,0
42,94614,1,0
34,84909,0,1
50,62236,0,0
64,60805,0,0
19,47532,0,0
31,115696,0,0
57,43688,1,0
57,26063,1,0
56,38089,0,0
23,70942,0,0
23,66829,1,1
20,65553,0,1
24,48585,0,0
25,86739,0,0
59,74004,0,0
32,17438,1,0
64,108095,1,0
46,38212,1,0
50,65362,0,0
47,87177,1,0
56,31983,0,1
44,29026,0,1
53,65998,0,1
46,70744,0,0
55,72013,0,1
50,66039,1,0
54,64831,0,0
44,100172,0,0
50,49603,1,1
21,92758,1,0
39,82713,0,1
19,113452,0,0
27,28105,1,1
22,115048,1,0
27,82182,0,1
50,67147,0,0
55,90400,0,0
30,61434,1,1
48,41515,0,1
64,104298,0,0
53,73001,1,1
62,116971,0,0
41,73397,1,1
32,76415,0,1
46,31960,0,0
25,108143,0,0
22,96838,1,0
46,60778,1,0
64,45941,1,0
21,111857,0,0
29,110849,0,0
62,118083,0,0
19,55955,0,0
44,93565,0,0
48,116276,1,0
53,71908,0,1
53,79067,1,0
43,70696,1,1
60,33429,0,1
44,109048,1,0
22,91676,0,0
37,29847,1,1
28,62191,0,0
27,49256,0,0
57,43774,0,0
55,24127,1,0
23,43205,1,1
25,115106,0,0
40,96163,1,0
64,73764,0,0
43,116824,1,0
63,53664,0,0
60,71795,0,1
29,47333,0,1
43,51079,0,1
30,99225,0,0
57,39259,0,1
35,41571,0,1
42,66119,0,1
50,23009,1,1
64,76829,0,1
57,53230,0,0
60,71049,0,0
29,116762,0,0
61,51498,1,1
53,43820,1,1
65,55315,0,0
21,110018,0,0
22,47795,1,1
54,100411,1,0
25,54191,0,0
59,69453,0,0
45,27453,0,0
48,65325,0,0
26,64490,1,0
46,89796,0,1
31,64993,0,1
57,60706,0,1
58,57817,0,1
39,79544,0,1
28,106434,0,0
40,70710,1,1
18,65799,0,0
63,75964,0,0
54,68678,0,0
38,86150,0,1
43,112379,0,0
63,75438,0,0
53,92223,1,0
40,76926,0,1
18,18801,1,1
57,56048,0,0
32,55144,0,1
38,109478,0,0
64,25148,0,0
26,97819,0,0
26,34861,0,0
27,115048,0,0
43,76717,0,1
58,37480,0,0
52,33637,1,1
42,59621,1,1
43,75304,0,1
28,62431,0,0
55,114937,0,0
19,103921,0,0
24,71172,1,0
35,40437,0,1
44,23149,0,0
51,29671,1,1
44,118005,1,0
34,38119,1,0
60,61117,1,1
61,114317,1,0
41,31279,0,0
42,83835,0,0
24,114810,0,0
23,19803,0,0
41,97897,1,0
50,75805,0,0
46,33201,0,1
60,43634,0,1
39,29760,0,1
43,25826,1,0
45,101821,0,0
38,60775,0,1
24,89676,0,0
34,21798,0,1
37,81103,1,0
58,92160,0,0
37,92751,1,0
39,88502,1,1
45,66410,1,1
57,55888,0,1
24,64047,1,0
18,110289,0,0
49,117614,1,0
30,60955,1,1
47,16982,1,0
40,48864,1,1
36,94118,0,0
49,100490,0,0
47,54265,0,1
46,61313,1,0
62,59350,0,0
46,30378,0,0
47,84815,0,0
33,42924,0,1
57,97593,1,0
36,22312,0,1
35,45353,1,1
18,115673,0,0
31,101450,1,0
64,31192,0,0
19,32450,0,1
45,20432,1,1
47,72225,0,0
55,111548,0,0
21,113991,0,0
18,93711,0,0
25,80604,0,1
46,25295,0,0
56,21774,0,1
20,27190,0,1
49,46286,0,0
27,91325,0,0
27,109450,1,0
36,112480,0,0
63,87427,1,1
51,102513,0,0
50,79014,0,0
40,110887,0,0
45,90852,0,0
49,70256,0,1
24,113743,0,0
46,73630,1,1
25,106190,0,0
18,77771,1,1
20,66715,1,0
41,22466,0,1
40,32637,0,1
25,83745,0,0
64,51317,0,0
54,64766,0,0
20,18078,1,1
50,42299,1,0
45,116794,1,0
64,18543,0,0
25,109627,0,0
51,66052,0,0
52,109483,0,0
49,37064,0,1
41,87287,0,1
31,95442,1,0
49,98632,1,0
63,29425,0,1
60,66481,1,1
33,92347,0,0
21,98114,0,0
54,87317,1,0
38,101826,1,0
31,65530,0,1
48,96099,0,0
65,40888,1,0
35,42491,0,1
24,47352,0,1
27,36676,0,1
24,80836,1,0
50,52463,0,0
40,63990,1,1
38,101544,0,0
36,78627,0,1
65,35221,1,0
36,109870,0,0
53,100837,0,0
46,87843,0,0
35,66313,1,1
19,44251,0,0
18,61586,0,1
64,114693,0,0
22,89418,0,1
37,68884,0,1
28,67620,1,0
59,25040,0,0
19,86677,0,1
20,60878,0,0
40,20969,1,1
29,28162,0,0
37,80435,0,0
22,89667,1,0
54,20037,0,1
55,75526,0,0
47,102914,0,0
26,29693,1,1
51,107162,0,0
61,74090,1,0
52,17451,0,0
39,80560,0,1
61,20962,0,1
41,115860,1,0
34,111951,0,0
27,104552,0,0
47,31444,0,0
63,55443,0,0
40,31506,0,1
49,53384,0,1
34,112229,0,0
34,39248,0,1
31,61162,1,1
26,57690,1,1
57,84625,0,1
19,83008,0,0
62,75309,0,0
42,58237,0,1
56,50732,0,1
26,23104,0,0
39,98230,1,0
60,105266,0,0
63,49980,0,0
21,89990,0,1
43,54560,0,1
46,24554,1,0
62,106049,0,0
51,60987,1,1
40,45985,0,1
54,105298,0,0
28,63167,1,0
23,55428,0,0
35,82238,0,0
38,77723,1,1
59,32038,0,1
53,37219,0,1
58,19271,0,0
55,42397,0,0
51,89491,0,0
34,44602,1,1
54,69471,0,0
42,77150,0,1
55,59227,0,0
29,112081,0,0
40,38116,0,0
59,21674,0,1
39,32469,1,1
38,20446,0,0
44,35760,0,1
48,16963,0,0
23,91002,0,0
44,42262,1,1
57,20177,0,0
51,26160,0,1
29,117876,0,0
62,22543,0,0
24,97162,1,0
27,54278,0,0
62,44607,0,0
34,100835,0,0
43,32221,0,1
38,18323,0,1
45,67105,1,1
63,91151,0,0
19,81968,1,0
60,38238,0,1
18,78830,1,0
53,88967,0,1
43,23330,0,1
46,59153,1,0
38,23611,0,1
28,28872,0,1
57,64455,1,1
28,49930,0,1
53,87022,0,0
56,77714,1,0
57,117406,1,0
52,103794,1,0
51,63716,0,0
64,81704,0,0
41,15415,1,0
39,91441,0,0
22,85779,1,0
50,97069,0,0
53,107556,0,0
64,103444,0,0
37,86435,1,0
36,114142,0,0
52,119448,1,0
60,24888,1,1
34,60299,1,1
62,73765,1,1
60,77714,1,0
51,30935,1,0
26,88002,0,0
43,95631,0,0
19,91729,0,0
26,16320,0,1
26,61032,0,0
57,92763,0,0
34,32907,1,1
18,53002,0,1
42,59838,0,1
60,53912,1,1
57,15552,0,0
59,35140,0,0
42,100591,1,0
56,63737,0,1
52,48367,0,0
20,95634,0,0
54,39061,0,0
61,111590,1,0
61,95336,0,0
47,57124,1,0
55,60638,0,0
51,106115,0,0
29,16982,1,1
36,50765,1,1
54,97606,0,0
61,111422,0,0
34,69681,1,1
27,78232,0,1
64,77349,0,0
29,115063,1,0
33,78474,0,1
41,44513,0,1
36,37592,0,1
25,38618,1,1
48,66632,0,1
38,30409,1,0
34,24529,0,1
40,39154,0,1
54,47882,0,1
33,59917,0,1
23,97488,0,0
25,30701,0,1
42,90281,1,0
35,104871,1,0
42,83225,0,0
29,67492,1,0
32,17988,0,0
43,50919,0,1
58,63426,0,0
62,67167,0,0
43,24013,0,0
64,54113,0,0
49,18574,0,0
27,113016,0,0
33,22838,1,0
24,108899,1,0
34,46368,0,1
40,47228,1,1
43,64711,0,1
38,61097,1,1
39,70773,0,1
24,43639,0,0
31,29823,0,1
32,38510,0,0
24,53333,0,1
26,19435,0,1
65,53418,0,0
25,72955,0,1
40,74507,1,1
46,66033,0,1
35,101089,1,0
48,87972,0,0
47,117012,0,0
56,62219,0,0
52,49477,1,1
35,104780,0,0
59,57721,0,0
56,82228,0,0
34,30523,0,1
31,47326,0,1
48,57205,0,1
41,15125,1,1
52,81735,1,1
61,119396,1,0
62,31375,0,1
51,17711,0,0
20,47437,0,0
54,43022,1,1
60,24182,0,0
57,108177,0,0
43,110066,1,0
40,103148,0,0
61,86531,0,0
56,55950,0,0
32,118806,0,0
21,27920,1,1
46,37144,0,0
39,99418,0,0
42,17565,0,0
30,103909,0,0
35,68942,0,1
50,85560,0,1
33,39691,0,1
62,48799,0,0
59,81777,1,1
61,49510,0,1
19,119013,1,0
52,102919,0,0
59,92366,0,0
51,43975,1,0
47,68242,0,0
30,61546,0,1
30,107087,0,0
35,38267,0,0
49,92911,0,0
49,102049,0,0
52,84939,0,1
56,19897,0,0
63,15163,1,0
46,116614,0,0
46,67540,0,0
61,97915,0,0
33,45030,0,1
61,70313,0,1
64,44870,0,1
27,44482,0,0
47,46058,1,1
42,72255,1,1
56,107407,0,0
37,79930,1,1
22,65500,1,0
18,41379,0,1
47,82787,1,0
20,38674,0,0
62,21590,0,1
31,46432,0,1
47,55426,1,1
21,64584,0,0
35,102663,0,0
54,53015,0,0
42,88251,0,0
65,84353,0,1
18,110029,1,0
63,97990,0,0
32,19600,0,0
26,39690,1,1
32,48762,0,1
41,52499,0,1
21,102988,0,0
29,22670,1,1
54,101687,0,0
54,32341,0,1
60,110140,0,0
23,88823,1,1
56,99074,0,0
63,32015,0,0
41,80126,0,1
28,70197,0,0
30,64849,0,1
51,30852,0,1
42,70361,1,1
24,36258,1,1
21,118866,0,0
25,77355,0,1
37,56508,0,1
46,82784,1,0
62,86728,0,0
63,42410,0,1
27,24895,1,1
60,86942,1,0
51,48924,0,0
43,85831,0,0
58,27264,0,0
20,43038,0,0
23,119458,1,0
22,24136,0,0
22,28213,0,0
64,92608,1,0
40,116589,0,0
26,42431,0,1
52,57290,0,0
37,82539,1,0
59,100535,0,0
52,111815,0,0
35,57747,0,1
34,90974,1,0
41,94763,0,0
20,84208,0,0
49,87994,1,0
52,99075,1,0
55,84015,1,0
30,29887,0,0
64,15051,1,0
42,82695,0,0
26,84926,0,1
21,100571,0,0
31,43491,0,1
54,31080,0,1
51,49880,0,0
28,74965,1,1
58,62361,0,0
20,102685,0,0
45,95875,0,0
46,109841,1,0
26,81890,0,1
20,86156,0,1
42,84290,0,1
51,31593,1,1
29,31167,0,0
59,103091,0,0
26,48005,0,0
32,80471,1,0
57,65728,0,1
42,23691,0,1
22,24756,0,0
28,51308,1,0
51,79079,0,1
41,80524,0,0
32,75466,0,1
55,24327,0,0
25,43520,0,0
22,58308,0,0
65,109436,1,0
43,31533,0,0
35,112417,1,0
23,108318,0,0
54,59488,1,0
65,82160,0,0
30,55429,0,1
45,66726,0,1
22,101348,1,0
30,88065,1,1
34,35653,0,0
57,71921,0,1
62,108396,0,0
49,28654,0,1
46,17108,0,1
20,84483,0,1
57,22899,0,1
51,28372,1,1
57,52682,1,0
44,110909,0,0
30,119971,1,0
62,82799,0,0
50,106724,1,0
23,51583,0,0
41,44295,1,1
36,81113,0,0
33,95565,0,0
57,64574,0,0
45,116067,0,0
50,79934,0,0
65,45066,0,0
58,98149,1,0
30,100096,0,0
60,23945,0,1
62,44418,0,1
42,97607,0,0
59,64874,0,0
53,32130,1,0
44,101257,0,0
55,83248,0,1
24,97627,0,0
22,96393,0,0
60,56394,0,1
62,64635,0,1
48,114837,1,0
40,97089,0,0
59,32404,0,0
27,87629,0,1
49,28156,1,1
60,70618,1,0
47,64999,0,0
56,28785,1,0
48,63359,0,0
35,105807,0,0
53,29694,1,1
19,51114,1,0
31,84549,1,1
30,72230,1,1
46,47799,1,1
29,105288,0,0
56,26156,0,0
19,25304,0,1
49,55645,1,0
30,53938,0,1
63,71982,0,0
44,92614,1,0
58,106614,1,0
34,17315,0,1
57,107756,0,0
48,112267,0,0
51,113369,0,0
41,27420,0,0
62,33312,1,0
52,36395,0,1
65,55301,0,1
23,61972,0,1
36,78294,0,1
47,95853,0,0
24,63225,1,1
27,97504,1,0
58,37854,0,0
49,85780,1,1
51,45929,0,1
45,72103,0,1
32,78620,0,1
47,104590,0,0
54,99124,0,0
46,59590,0,0
39,115196,0,0
21,87554,0,0
37,25621,0,0
49,15973,0,0
53,73786,0,0
21,119919,0,0
44,52097,0,1
34,49245,1,1
29,80211,0,1
39,69841,0,1
34,40346,0,1
27,86980,0,1
18,105417,1,0
39,64153,0,1
43,105382,0,0
35,91942,1,0
31,105975,0,0
64,20972,0,1
46,63063,1,1
29,80488,1,0
53,72055,0,0
52,118409,0,0
29,79366,1,1
24,25931,0,1
46,22702,0,0
28,99834,0,0
50,36540,0,1
23,72450,0,0
64,112576,0,0
32,80252,1,0
49,61904,0,1
28,67320,0,1
40,46000,0,1
43,110341,1,0
51,17599,0,0
63,102636,0,0
51,111045,0,0
46,115539,0,0
21,99719,1,0
34,71165,0,1
52,73855,0,0
30,118777,1,0
58,15018,0,0
56,15858,0,1
32,40992,0,1
46,47580,0,0
46,85916,0,1
28,50800,0,1
49,73770,0,0
19,69941,0,1
64,99451,0,0
31,52487,1,1
37,27943,1,0
39,118167,0,0
28,117342,1,0
44,76457,0,1
20,33836,0,0
34,116150,0,0
61,26394,0,0
45,87158,0,1
46,40280,0,0
38,92318,0,0
64,16159,0,1
33,85162,1,0
54,38440,0,0
37,117026,0,0
23,92166,1,0
36,67712,0,1
22,62656,0,1
20,21589,0,1
18,63241,1,0
55,38233,1,0
32,50011,0,1
51,23177,0,0
52,49528,0,0
42,118746,0,0
41,76351,1,1
29,106908,0,0
35,71831,0,1
32,66827,0,1
61,38508,0,1
33,69933,1,1
44,95501,1,0
25,83772,0,0
63,30611,1,1
42,37282,0,1
34,56003,0,1
46,96365,0,0
25,89216,0,0
32,26340,0,0
44,111629,0,0
63,101643,0,0
24,89684,0,0
20,98035,0,0
46,33165,0,0
61,105762,0,0
41,33260,1,1
20,69515,0,0
37,105452,0,0
63,45480,0,1
32,67527,0,1
42,74789,0,1
47,66902,0,0
31,47191,0,1
24,74488,1,0
34,90082,0,0
61,51044,0,0
37,64600,0,1
53,102457,0,0
26,63776,0,1
55,117476,0,0
65,27836,0,0
39,89525,1,1
19,67648,0,0
41,28740,1,0
25,110716,0,0
28,28102,0,0
30,95893,0,0
34,66334,0,1
25,45255,0,0
38,116630,1,0
35,40221,0,1
47,78265,1,1
35,15719,1,0
63,98442,0,0
64,38140,0,0
48,70779,0,1
55,16069,1,0
49,69714,1,0
28,88285,0,1
62,27935,0,0
42,118191,0,0
50,59035,1,1
55,111256,1,0
58,42937,0,0
25,33540,0,0
28,88480,0,1
39,63702,0,1
41,93283,1,0
58,91041,0,0
34,92233,0,0
29,51907,0,1
63,30221,0,0
49,69781,0,0
32,22087,1,0
33,101998,0,0
39,37789,0,0
45,71023,0,1
37,48400,0,1
50,17199,0,1
27,62316,0,0
57,102273,0,0
49,67062,0,0
50,86609,1,0
19,31744,0,0
50,91095,0,0
50,70517,0,0
58,113231,1,0
30,63865,0,1
47,88937,0,0
50,92195,0,0
30,28894,0,1
43,44160,1,1
39,68095,1,1
56,44272,0,0
19,69021,1,0
55,105048,0,0
56,48645,0,1
43,36179,1,1
63,25691,0,0
32,96646,0,0
51,115827,1,0
59,60311,0,1
61,110381,0,0
57,54038,0,1
28,39967,1,1
20,43478,1,1
23,70775,0,0
26,85624,1,1
23,55332,1,0
26,22066,0,0
56,54313,1,0
48,82857,0,0
49,60900,0,0
58,105069,0,0
29,105045,0,0
25,56098,0,1
25,23294,0,0
45,77580,0,1
37,53101,0,1
64,40059,0,1
24,111784,1,0
28,55626,1,1
37,35703,1,1
33,118693,0,0
21,76417,1,0
23,74228,0,1
39,18205,0,0
43,49929,0,1
20,98384,0,0
58,48411,1,1
59,95522,0,0
31,26628,0,0
28,118655,1,0
35,85089,0,1
29,21518,1,1
40,53491,1,1
29,22946,0,0
30,15610,0,1
42,84838,0,1
62,49311,0,1
36,114770,0,0
63,56876,0,0
53,95192,1,0
62,119540,1,0
25,65333,1,0
46,66298,0,0
49,99192,0,0
61,56811,0,0
35,85072,0,0
23,57974,1,0
35,34856,1,1
36,116946,0,0
39,59830,1,1
54,96983,0,0
49,60823,0,0
58,113863,0,0
20,115037,0,0
45,89397,1,1
27,100814,1,0
52,82078,0,0
46,82951,0,1
32,27905,0,0
50,36601,1,1
24,118691,1,0
29,102099,1,0
47,55955,1,0
38,87179,0,0
48,63435,0,0
41,39044,0,0
37,26246,0,0
54,17458,1,1
21,73507,1,0
45,21028,0,1
61,118751,0,0
37,66901,0,1
41,115252,0,0
49,21306,0,1
58,42678,0,1
53,105444,1,0
51,27363,0,0
53,29066,0,0
19,78804,0,0
32,63544,1,1
51,113247,1,0
53,15189,0,0
23,26752,1,1
56,22482,0,0
59,31679,0,0
29,105088,0,0
20,15799,0,0
62,105917,0,0
35,24934,1,1
57,72558,1,0
38,74223,0,1
32,99620,0,0
50,56556,0,0
52,24909,0,0
43,106467,0,0
25,106404,0,0
53,58558,1,0
65,94382,1,0
47,102793,0,0
40,43013,0,1
59,118018,0,0
61,37875,0,1
31,105253,0,0
31,26408,0,1
19,50607,0,1
54,76684,1,1
22,51281,0,0
55,42326,1,0
62,28601,0,1
58,16135,1,1
64,37741,0,1
31,26913,0,1
56,25101,0,0
42,33631,0,1
37,87084,0,0
19,117820,1,0
56,51870,1,0
23,63985,0,0
34,42215,0,1
42,77110,0,1
45,117815,1,0
19,34215,1,1
52,106118,0,0
54,29024,0,0
22,91949,1,0
18,96855,0,0
57,99982,0,0
29,60483,0,0
53,112572,1,0
62,93157,0,0
40,25511,1,0
64,34923,0,0
48,25558,0,0
28,112771,0,0
27,15526,1,1
20,16753,0,0
31,41248,0,1
33,29656,0,1
27,38266,0,1
46,79555,1,0
27,77995,0,1
29,90756,1,0
47,98574,1,0
58,93277,0,0
18,85377,1,0
22,117345,0,0
37,111111,0,0
25,80402,0,0
60,69176,1,0
29,56733,0,0
18,29418,0,1
37,52185,1,1
45,56745,1,1
60,108417,0,0
54,68787,0,0
64,95123,0,0
54,67035,0,0
29,102804,0,0
54,80984,0,0
61,67462,0,1
45,52353,1,1
64,88644,0,0
32,63302,0,1
23,91979,0,0
61,37435,0,1
37,72728,0,1
31,113598,0,0
19,16238,0,1
26,95857,0,0
54,96610,0,0
37,28049,0,1
43,72193,0,1
46,50584,0,1
18,81634,0,0
52,29679,0,0
23,49505,1,1
54,66341,0,1
22,116069,1,0
50,65374,1,0
31,61998,1,1
29,91970,0,0
59,70701,1,0
37,59859,1,1
41,48178,0,1
60,42575,0,0
51,34329,1,1
42,72254,0,1
46,118090,0,0
56,99029,1,0
48,102366,0,0
64,119139,0,0
60,115290,0,0
40,88662,0,0
61,55068,1,0
55,73951,0,1
37,102629,1,0
40,50171,0,1
62,23262,0,0
33,58270,0,1
59,35785,0,0
25,54469,1,0
38,83831,0,0
18,96223,1,0
25,60643,0,0
46,82657,0,0
49,18582,0,1
55,45280,1,1
22,57589,0,0
64,119004,0,0
39,55000,0,1
64,117592,0,0
51,112208,0,0
18,16085,0,1
43,96427,1,0
60,30600,0,0
27,112994,0,0
47,74801,0,0
35,76739,0,1
34,89181,0,1
43,56596,1,1
25,85410,1,0
64,94303,0,0
57,67188,0,1
29,41825,1,1
44,25913,1,0
25,96751,0,0
42,99269,0,0
63,29332,1,0
21,69895,0,1
50,19432,0,0
18,103095,1,0
36,41570,1,1
48,21103,0,0
33,30900,0,0
31,73415,0,1
65,82567,1,0
22,77713,1,1
58,98169,1,0
43,73639,0,1
45,103728,0,0
19,100476,0,0
23,23988,0,1
26,118603,0,0
50,93488,0,0
58,107905,0,0
42,116398,1,0
65,17977,0,1
30,119029,1,0
26,69641,0,0
30,16268,1,0
48,69431,0,1
58,31756,0,0
28,35764,0,0
21,74912,0,1
51,55385,0,0
55,30032,1,1
63,110014,0,0
21,60702,0,0
55,26885,0,1
36,24796,0,0
23,119583,1,0
51,47863,0,1
35,96014,0,0
30,47117,1,1
58,35753,0,0
40,35325,1,1
36,22021,0,0
62,95721,0,0
28,68096,0,1
18,86404,0,1
41,28071,1,0
24,79649,0,0
42,23041,0,1
38,97051,0,0
32,55058,0,1
18,63263,1,0
29,106502,0,0
24,119820,1,0
32,59470,1,1
38,102826,0,0
36,111238,1,0
46,43223,0,1
42,48575,0,1
50,60799,0,0
49,36661,0,1
52,96975,1,0
61,51432,0,0
55,114047,0,0
43,46147,0,1
28,44114,0,1
52,21030,0,0
25,105051,1,0
63,62429,0,0
31,62743,1,1
27,110869,1,0
19,80615,0,0
63,62577,0,1
26,109584,0,0
20,17966,1,1
38,18728,0,0
43,52304,0,1
25,64277,0,0
65,119117,0,0
19,105330,0,0
23,15947,0,1
45,93101,0,0
46,96380,0,0
43,81130,0,0
42,36414,0,1
29,111226,1,0
22,97060,0,0
51,108005,0,0
65,34439,0,1
54,106742,0,0
32,73220,0,1
61,61785,0,0
53,51973,1,0
32,102091,0,0
60,88318,0,1
65,83196,1,0
40,21089,0,1
23,85854,0,0
63,77235,0,0
61,107141,1,0
60,44400,0,0
62,30405,0,1
38,67763,0,1
40,45209,1,1
60,88598,1,1
33,32424,0,0
64,104523,0,0
32,35556,0,1
42,108137,0,0
53,34330,1,0
28,96266,0,0
32,18236,0,1
21,84216,0,1
38,45312,0,1
30,36191,0,1
39,98457,1,0
36,51640,0,1
51,115171,0,0
31,77293,0,1
21,51688,0,0
65,86229,0,0
63,100802,0,0
44,107024,0,0
46,39122,0,1
64,56224,0,0
45,109540,0,0
52,21331,1,0
25,102102,0,0
33,57262,1,1
59,101314,0,0
53,74592,0,1
47,48926,1,1
35,101287,0,0
19,32528,0,0
30,15068,0,0
21,84253,1,0
43,95754,0,0
42,58968,0,1
47,105938,0,0
28,63623,1,1
24,112179,0,0
48,57129,0,1
61,109688,0,0
27,76321,1,1
56,26526,0,1
30,107452,0,0
48,106564,1,0
24,41709,0,1
59,30063,0,0
59,19723,1,0
53,19213,1,1
37,37797,0,0
21,116770,0,0
24,99946,0,0
18,103918,1,0
61,60217,1,1
62,83283,0,1
59,38655,0,0
64,110884,1,0
30,92990,0,0
39,27587,0,0
38,37555,0,0
39,43071,0,1
45,35239,1,1
26,112138,1,0
43,64151,0,1
26,17203,0,1
32,28635,0,0
27,67571,1,1
41,16144,0,1
59,47699,0,0
25,99619,0,0
41,106663,0,0
33,27213,0,0
43,31944,1,0
44,81723,0,0
54,83669,0,0
21,83947,0,0
41,49457,0,1
36,117711,0,0
53,50191,0,1
56,87264,1,0
27,72924,0,0
42,48744,0,1
35,68424,0,1
36,103417,1,0
53,93337,0,0
27,91084,1,0
50,47886,0,0
22,114846,0,0
64,99963,0,0
52,15972,1,1
61,114219,0,0
51,21621,0,1
50,106549,0,0
38,64738,0,1
34,72694,0,1
39,69777,0,1
65,29530,0,1
54,22354,0,1
32,61529,0,1
52,117895,0,0
45,66714,0,1
24,103759,0,0
49,56232,0,0
28,67079,0,0
27,27550,0,1
26,103196,0,0
31,75385,0,1
30,79736,0,1
42,111565,0,0
19,45268,0,0
52,106876,0,0
24,19290,0,1
38,70034,0,1
35,45138,0,1
20,86982,1,0
59,28432,0,1
56,82058,1,0
58,73175,0,0
28,48329,1,1
56,84076,0,0
41,27328,1,1
63,49247,0,0
36,21677,0,0
21,76810,0,0
43,65357,1,1
55,70812,1,0
59,56616,0,0
49,76284,0,0
56,64741,0,1
62,68478,0,1
63,69056,0,0
53,106483,1,0
57,60534,0,0
54,94056,0,0
50,79162,0,0
53,59711,0,0
20,37805,0,1
26,110980,0,0
25,35143,0,0
50,90828,0,0
23,77473,0,1
58,31017,0,0
56,78202,1,0
21,105859,0,0
30,56423,1,1
19,56713,0,1
22,102856,0,0
61,89310,0,0
44,17205,0,0
49,68266,1,0
38,27342,0,0
25,84563,0,0
55,78190,0,1
25,96863,0,0
20,36200,0,1
61,22188,0,1
20,17808,0,0
39,28851,0,1
23,95890,0,0
19,79928,0,1
40,30058,0,0
61,29620,0,0
19,67755,0,1
55,77995,0,1
34,111766,0,0
52,51681,1,0
51,79509,0,0
40,98339,0,0
47,82703,1,1
25,82680,0,0
39,82703,0,0
61,57136,0,1
53,106380,1,0
22,108699,1,0
30,103456,0,0
46,98086,0,0
48,51343,0,0
64,33254,0,1
33,76273,0,1
59,74611,0,1
47,75002,0,0
33,100683,1,0
29,27926,0,0
34,114359,0,0
33,79264,1,1
29,104527,1,0
25,42563,0,0
37,45688,0,1
20,109559,0,0
33,49130,1,1
47,15925,0,0
62,66595,0,1
40,31321,0,0
45,25769,0,1
57,51748,1,1
22,55028,0,0
37,31151,0,1
57,91133,0,0
61,49187,0,1
18,58835,0,1
47,15059,1,0
38,115828,1,0
37,100717,0,0
23,42235,0,1
39,109208,1,0
35,82114,0,0
25,60366,1,1
56,96583,0,0
49,47160,0,0
50,114011,0,0
33,105085,1,0
29,20277,1,1
55,16780,0,0
51,61579,0,0
31,75750,0,1
53,71902,0,0
50,95198,0,0
40,112052,0,0
62,47161,0,0
19,59499,0,0
58,46886,0,1
38,23800,0,0
19,64460,0,0
44,85975,1,1
26,84843,0,0
18,17364,0,1
28,31568,0,0
20,53092,1,0
40,86019,0,0
43,77679,0,1
21,80781,1,1
35,23430,0,1
23,88719,0,1
52,53692,0,0
39,45086,1,1
60,64671,0,1
32,113262,0,0
39,28901,0,1
54,18907,0,0
59,113580,1,0
29,43604,0,1
64,52869,0,1
59,29537,1,0
55,27501,0,0
35,52371,0,1
62,51821,0,1
52,103732,0,0
47,21073,0,0
41,76005,0,1
59,91097,0,0
47,33101,0,1
31,46426,0,1
23,109877,0,0
20,22313,0,0
33,45773,0,1
24,43003,0,0
31,74668,1,1
26,106956,1,0
32,86250,0,0
38,107675,1,0
52,106634,1,0
19,57294,0,1
44,28582,0,0
19,28760,1,1
52,86791,0,0
35,97158,0,0
31,50983,0,1
37,55309,0,1
35,44715,0,1
27,51415,0,0
42,102328,0,0
19,103260,0,0
42,66581,1,1
50,18652,0,1
53,41297,0,1
48,112958,0,0
31,29028,0,1
18,28803,1,1
63,21307,0,1
33,46325,0,1
63,73616,0,0
20,75483,0,0
52,46574,0,0
58,99798,0,0
23,82071,0,1
42,29932,0,1
30,30749,1,1
51,23727,0,1
25,70406,0,1
38,32332,1,0
51,110070,1,0
21,25834,0,0
42,35325,1,1
32,24213,0,1
21,16403,0,0
62,71971,0,1
29,69030,0,0
49,88042,0,0
49,110195,0,0
45,22591,0,1
30,27996,1,1
48,118364,0,0
31,67485,0,1
37,62830,0,1
35,49370,0,1
46,72572,1,0
23,94008,0,0
49,44098,0,0
46,76561,0,1
60,17196,1,0
19,26091,0,0
40,95576,0,0
36,80254,0,0
48,64262,1,0
22,21023,0,1
36,35543,1,0
51,75029,0,0
27,108913,0,0
42,117171,0,0
19,57337,0,1
28,55409,1,1
48,85540,1,0
32,24963,0,0
26,28796,0,0
40,55972,1,1
36,87613,0,0
26,110384,1,0
52,93062,1,0
38,18261,0,0
26,32046,1,1
45,28397,0,0
63,75436,0,1
24,105805,0,0
33,116694,0,0
33,40757,0,1
50,30299,1,1
21,16902,0,1
21,57399,0,1
56,63330,0,1
57,61308,0,0
34,18846,0,0
54,27359,0,1
56,64376,0,1
46,83056,0,0
53,55832,1,0
55,35098,0,1
56,119987,0,0
54,64962,1,0
52,103672,1,0
24,50885,0,0
44,111256,0,0
45,36157,1,0
39,63372,0,1
31,34674,1,0
24,47357,0,0
54,27578,0,0
39,17251,0,1
22,94049,0,0
19,52429,0,0
44,107641,0,0
38,61871,0,1
55,101526,1,0
32,40499,0,1
38,21421,0,1
27,67204,1,0
40,39591,0,0
56,75940,0,1
22,107515,0,0
18,101371,0,0
30,118229,0,0
38,27202,1,1
43,115950,0,0
62,106202,0,0
38,34290,0,1
35,33130,0,0
54,52077,1,0
62,34396,0,1
49,75848,0,0
53,98488,0,0
34,75530,0,1
52,79274,0,1
28,42122,0,0
38,44381,0,1
43,60435,1,1
21,38267,0,1
51,76978,0,1
65,22088,0,0
35,112354,0,0
57,27822,0,0
52,65216,1,1
58,51589,0,1
46,80262,0,0
46,72911,1,0
55,16436,0,0
59,76854,0,0
38,76888,0,1
59,42281,0,0
30,103017,0,0
58,111005,0,0
34,99403,0,0
26,68952,0,1
58,37766,1,0
18,110273,1,0
19,36213,0,1
65,108891,0,0
46,77239,0,1
50,37537,0,0
27,17794,0,0
57,74204,0,1
38,47324,0,1
45,71764,1,1
28,45858,0,0
51,57850,1,0
25,28018,1,1
39,98017,0,0
25,65790,0,1
32,96120,0,0
34,24850,0,0
40,106237,0,0
41,60975,0,1
62,80510,0,0
36,80696,0,0
22,40832,1,1
49,111746,0,0
61,102826,0,0
18,109977,0,0
40,39886,1,1
54,112930,0,0
25,23418,1,1
30,22081,1,0
25,117716,1,0
40,25114,0,0
60,33722,0,0
18,102508,0,0
62,32985,0,1
41,20888,0,1
52,84254,0,0
41,112683,0,0
34,98845,0,0
22,34299,0,1
37,71050,0,1
38,37036,1,0
57,100421,0,0
48,44346,0,0
63,41691,0,1
53,32986,1,0
28,42846,1,1
32,64665,0,1
36,56401,0,1
24,88728,0,1
45,119805,0,0
60,65054,1,1
22,53487,0,0
22,24412,0,1
47,96499,0,0
49,66473,1,0
25,114159,0,0
27,81553,1,0
55,20279,0,1
64,90948,0,0
49,22712,0,1
65,30817,0,0
45,68832,1,1
34,108616,1,0
48,71224,0,1
25,21624,0,1
57,44126,0,0
42,97115,0,0
26,95667,0,0
19,52462,0,1
32,73676,1,1
20,61815,1,0
53,117955,0,0
21,103911,1,0
31,41093,0,1
58,47525,0,0
58,44030,0,1
42,59067,0,1
27,20207,1,1
38,91433,1,0
53,41639,0,0
29,17792,0,1
44,15420,0,0
57,109760,0,0
19,34198,1,1
30,50608,1,1
49,61205,0,0
48,97951,1,0
33,32875,0,1
49,85511,0,0
49,106997,0,0
51,36331,1,0
28,31893,0,1
27,79913,1,1
32,33243,0,0
34,30535,0,0
57,78203,0,0
35,85597,1,1
26,82394,0,0
42,40489,1,1
57,94214,0,0
31,115369,0,0
42,99886,1,0
39,28346,0,0
47,63005,1,1
37,21773,0,0
38,110001,0,0
61,90324,1,0
49,47343,1,0
63,117746,0,0
38,89783,0,0
52,60963,0,1
49,56983,0,0
47,50972,0,0
56,31959,0,1
29,104343,1,0
58,49133,1,1
64,104754,0,0
35,66150,1,1
38,36734,0,0
30,103364,0,0
38,32400,1,0
25,35002,1,1
63,113329,0,0
57,51492,1,0
63,112753,0,0
24,116762,1,0
40,108468,0,0
61,45875,1,0
49,40046,0,0
28,38664,0,0
39,39453,0,1
39,19746,0,0
60,104509,0,0
42,28217,1,0
39,78184,1,1
45,103898,0,0
46,56835,1,0
30,24133,0,1
35,116345,0,0
19,55533,1,0
46,20404,0,1
38,48339,1,1
32,43725,1,1
44,89332,0,0
48,60380,0,1
32,63073,0,1
40,75873,1,1
41,101900,0,0
61,56341,0,0
30,16236,0,0
39,82916,0,1
60,29538,1,0
54,26971,0,0
50,114821,1,0
20,98453,0,0
36,53655,0,1
40,92022,0,0
46,75784,1,0
47,76289,0,0
56,52410,0,1
61,105982,0,0
64,66302,0,0
42,36703,0,0
54,59191,0,0
64,69112,0,0
25,26399,0,0
59,119365,1,0
33,27685,0,0
25,102777,0,0
18,19487,0,0
61,27018,0,1
22,45825,0,0
20,22750,0,1
18,73956,0,1
21,65229,0,0
57,98220,0,0
52,58118,1,0
49,74615,1,0
59,94946,1,0
51,72290,0,0
60,30105,0,1
42,33913,1,1
27,116564,0,0
38,64515,0,1
63,62342,0,0
56,67184,0,0
44,98247,1,0
44,75506,1,1
19,39967,1,1
58,51023,1,1
65,69288,0,0
30,116541,1,0
26,41622,0,1
53,60201,0,0
39,90033,0,0
59,31350,1,0
43,69820,1,1
29,63709,0,1
34,103232,0,0
31,42470,0,1
31,45889,0,1
51,25224,0,0
37,20465,1,1
28,97418,0,0
33,112739,0,0
48,108480,1,0
23,70214,0,0
36,110373,0,0
54,17944,1,1
21,39336,1,1
64,53624,0,1
21,80206,0,0
37,59764,0,1
27,112332,0,0
41,109325,0,0
52,60420,0,0
43,104758,1,0
54,119381,0,0
55,80671,0,1
38,30773,0,1
57,41447,0,1
56,19033,0,1
38,70852,1,1
27,35497,0,0
55,94714,0,0
63,87082,0,1
21,88932,0,0
62,35978,0,0
37,27882,0,0
34,31945,0,1
24,102320,0,0
21,71485,1,0
46,83850,0,1
31,74870,0,1
20,33595,0,1
41,99291,0,0
54,112847,0,0
33,79038,0,1
21,71126,0,1
41,111134,1,0
51,50449,0,0
47,116110,1,0
35,33639,1,0
36,60370,0,1
48,111559,0,0
36,89628,0,0
63,86918,0,1
36,57710,0,1
39,69051,0,1
41,75639,1,1
62,18159,0,0
29,86192,0,1
47,81988,0,0
55,33706,0,1
48,24862,1,0
53,25219,0,1
36,104017,0,0
65,49536,1,0
62,86632,1,0
53,118489,1,0
47,92391,1,0
50,77886,0,1
35,94996,0,0
45,48937,0,1
64,36094,0,0
28,119894,0,0
62,42924,1,1
50,98325,0,0
34,15123,1,0
23,68149,0,0
21,86445,0,0
37,46854,0,1
65,75796,0,1
64,84432,0,1
44,73968,0,1
32,55834,0,1
23,32111,1,1
64,87575,0,0
31,39099,0,0
28,84206,0,1
56,65293,0,1
26,30029,1,1
43,46811,1,1
33,30793,1,1
22,63106,0,1
27,100662,0,0
20,99764,1,0
30,99131,1,0
60,15972,1,0
47,15360,1,1
62,17632,0,1
23,50958,0,0
34,118252,1,0
62,95882,1,0
36,33008,1,1
59,92656,0,0
52,45283,0,1
63,65908,0,1
43,22818,0,0
22,85655,0,0
46,45579,1,0
54,70178,0,0
37,72584,0,1
38,80020,0,1
27,110373,0,0
22,15975,0,0
53,78479,1,1
23,31265,0,0
43,78518,0,1
21,19318,1,1
56,50081,0,0
56,73649,0,0
52,58069,0,0
18,93670,0,0
41,119968,0,0
53,91377,0,0
23,106671,1,0
58,27427,0,0
63,55251,0,1
61,114667,0,0
48,117263,0,0
37,40165,0,1
41,82285,1,1
42,113844,0,0
53,79927,0,0
38,88170,1,0
47,91150,0,0
41,39866,0,1
61,25282,0,1
59,35319,0,0
47,51726,0,0
39,30412,0,0
45,117163,0,0
24,88586,0,0
52,39583,1,0
45,98577,0,0
31,76922,0,1
27,21185,0,0
33,101348,0,0
33,106368,0,0
48,71389,0,1
59,32423,0,0
42,66268,0,1
30,56644,0,1
23,51786,1,1
61,110201,0,0
26,90525,1,0
62,98744,1,0
53,103590,1,0
60,45477,1,0
37,110910,0,0
35,18571,0,1
60,34576,0,1
38,77703,1,1
21,24680,0,1
50,40706,0,1
44,94854,0,0
24,101195,0,0
23,79527,0,1
32,85565,0,0
35,63436,1,1
49,17774,1,0
28,31972,1,1
37,29048,1,1
41,113908,0,0
32,95225,1,0
65,97273,0,0
24,96550,1,0
38,102354,0,0
59,113737,0,0
43,91680,1,0
61,111537,0,0
31,72602,0,1
54,81403,0,1
38,42182,0,1
35,94876,0,0
22,92373,0,0
20,62059,0,0
40,23787,0,1
43,15393,0,0
54,76775,0,0
41,74454,0,1
36,27056,0,1
42,76483,0,1
38,59957,0,1
29,43429,1,1
58,60909,1,0
50,67906,1,0
21,112435,0,0
59,112757,0,0
24,101290,0,0
39,59389,0,1
50,35905,1,0
34,104619,0,0
41,68730,0,1
51,72557,0,1
45,110157,0,0
60,101113,0,0
58,117264,0,0
56,81199,0,1
39,62301,0,1
34,99752,0,0
51,62259,1,0
23,89801,1,0
63,19574,1,0
23,103291,0,0
51,71776,0,1
18,111777,1,0
27,103212,0,0
38,102097,0,0
22,39737,0,1
19,38390,0,0
39,106612,0,0
65,67330,1,1
19,86082,0,1
27,68642,0,0
51,36280,0,0
33,113489,0,0
65,36037,0,0
56,55576,0,0
39,43564,0,1
29,114133,1,0
41,100439,0,0
64,111342,0,0
57,104928,0,0
55,43087,0,0
27,102829,0,0
52,91213,0,0
49,27803,1,0
24,61002,0,0
38,81761,0,0
37,86310,0,1
43,93579,1,0
21,31163,0,1
63,83380,0,1
39,87883,1,1
32,66885,0,1
57,101340,0,0
38,51764,0,1
32,107782,1,0
39,77126,1,1
45,82224,1,1
31,62055,1,1
44,66599,0,1
58,97787,0,0
57,93040,0,0
45,54720,1,1
43,108120,0,0
19,59484,1,0
42,53852,0,1
20,28219,1,1
25,105351,0,0
61,63865,1,0
50,69457,0,0
59,105159,0,0
52,51817,0,0
23,83993,0,1
56,108391,0,0
40,67380,1,1
42,65400,0,1
60,51258,0,0
36,96006,0,0
22,63957,0,1
28,33281,1,1
29,92264,1,0
27,66331,1,0
25,60680,0,0
41,53723,0,1
45,25162,0,1
58,109808,0,0
53,116024,1,0
54,66095,0,0
38,26338,0,0
25,102832,1,0
26,26675,0,0
64,104606,0,0
32,35080,1,0
65,28936,0,1
63,25019,1,1
57,82282,0,0
35,64681,0,1
59,103304,0,0
37,88861,0,1
23,19486,0,1
29,97021,0,0
19,94864,0,0
24,34112,0,0
33,66697,0,1
20,70998,0,0
62,112816,1,0
20,41576,1,1
44,65100,0,1
60,96238,0,0
57,36320,0,1
55,98973,0,0
50,80729,0,1
45,105853,0,0
18,109018,0,0
25,99879,0,0
54,44144,1,0
49,72326,0,0
65,92148,0,0
60,34307,1,0
54,75598,1,0
21,34623,0,0
47,35249,1,1
23,88765,0,1
63,106810,0,0
36,117870,0,0
49,87131,1,1
26,109138,0,0
29,53377,0,0
28,67365,0,0
63,118412,0,0
33,49551,0,1
18,57926,0,0
62,105214,0,0
38,102750,0,0
47,53599,0,0
30,113345,1,0
51,108330,0,0
21,37593,0,0
45,75334,1,1
55,109400,0,0
48,74893,0,0
44,57636,0,1
22,84225,0,0
42,55363,0,1
20,70959,0,1
50,95223,0,0
21,100917,0,0
42,113629,0,0
37,104125,1,0
51,16120,1,1
43,31491,0,0
22,58638,0,1
52,54062,0,1
45,20193,0,0
46,104144,1,0
26,30213,0,0
55,94766,0,0
23,98959,0,0
36,32187,0,1
61,25040,0,0
28,81302,0,1
19,44949,0,0
64,18527,1,0
61,91557,0,0
61,98408,1,0
26,117433,1,0
38,92294,0,0
41,33757,0,0
51,40412,0,1
39,29312,0,1
20,37119,0,0
29,26804,0,0
45,68986,0,1
47,61545,1,0
43,91519,1,0
65,44999,0,1
38,111093,0,0
45,54758,1,1
43,109324,0,0
50,112486,0,0
38,84519,0,1
52,18768,1,0
51,16504,0,1
58,82986,0,1
64,91772,0,0
35,23002,1,0
28,90427,1,0
40,53787,0,1
65,28898,1,0
39,25472,0,0
34,95800,0,0
22,98227,1,0
61,47632,0,1
28,48743,0,0
47,93538,0,0
32,58386,1,1
44,108786,1,0
52,58388,1,1
50,36323,0,1
37,84269,1,1
33,56319,0,1
51,82759,0,0
19,31868,1,1
52,114732,0,0
57,17080,0,1
45,28776,0,0
64,81231,0,1
56,70452,0,0
23,68812,0,1
26,78271,0,1
37,113505,0,0
18,92585,1,0
25,73542,0,1
40,30628,0,0
20,23265,0,0
21,39671,1,1
42,27460,0,0
64,18477,0,0
55,17202,1,0
32,104410,0,0
38,26850,1,1
52,119621,0,0
63,35809,0,1
31,85886,0,0
53,17806,0,1
29,22163,1,1
34,109368,1,0
56,15185,1,1
26,39718,1,1
52,92081,1,0
30,71202,0,1
32,40215,1,1
35,43325,0,1
50,33458,0,1
23,31006,0,1
44,109080,1,0
40,47969,0,1
44,91820,1,0
51,119014,0,0
63,42655,1,1
55,109679,1,0
31,96234,0,0
53,115406,1,0
25,24102,0,0
52,82107,0,1
36,118429,1,0
47,36553,0,0
31,99079,0,0
37,109437,0,0
42,94570,0,0
57,107656,0,0
41,81865,0,1
31,56420,1,1
43,40382,0,1
55,84235,0,1
40,53795,1,1
39,66425,1,1
65,72402,1,0
36,77539,0,1
63,91203,0,0
20,118127,0,0
59,38459,0,1
36,64649,1,1
26,87495,0,0
45,110117,0,0
37,61384,0,1
62,86746,0,0
24,93053,0,0
31,71278,1,1
26,93156,0,0
36,51744,0,1
64,103340,0,0
31,45568,0,1
55,32991,0,0
53,23912,0,1
57,47527,0,0
34,111399,1,0
47,65426,0,1
26,113994,0,0
50,35407,0,1
42,27344,0,1
31,116741,0,0
28,17355,0,1
52,111429,0,0
58,69733,0,0
31,81285,0,0
47,99971,0,0
58,60733,0,0
21,71915,1,0
21,67716,0,0
45,53526,0,1
25,33088,1,1
19,80377,0,0
58,59405,0,1
63,53842,1,0
39,76788,0,1
58,66529,1,1
33,104939,0,0
46,118578,0,0
65,67383,0,0
47,54177,0,1
29,54056,0,0
52,103249,0,0
28,81421,0,1
63,48632,0,0
38,54685,0,1
38,92222,1,0
22,83590,1,0
65,23977,1,0
37,105568,0,0
54,63967,0,0
20,89072,0,1
61,30070,0,0
50,97473,0,0
26,36500,0,0
26,25011,0,1
21,63039,0,0
52,23896,0,0
34,110335,0,0
51,95118,0,0
41,54958,0,1
49,56912,0,0
18,15814,1,1
25,90276,0,0
62,39719,1,0
40,116081,0,0
64,35150,0,0
57,85494,0,1
29,18825,1,1
29,65368,0,0
63,29800,0,1
64,90535,0,0
32,101390,0,0
58,107851,0,0
36,90017,0,0
43,63505,0,1
46,72899,0,1
39,97782,1,0
57,37601,0,1
38,25677,0,0
55,44552,1,0
37,102858,0,0
46,82891,0,0
21,89693,0,1
24,115699,0,0
45,106450,0,0
45,48292,1,1
21,81097,0,1
39,88703,0,0
29,31184,1,1
62,105033,1,0
20,104336,0,0
39,76046,1,1
61,117968,0,0
19,81741,1,1
41,76377,1,1
51,27039,0,0
44,60161,0,1
58,50006,0,1
18,32544,0,1
25,27987,0,1
40,20239,1,1
55,59785,0,0
23,38358,0,0
39,97674,1,0
42,71450,0,1
35,103520,0,0
34,43428,0,1
29,24096,0,0
23,62582,0,1
43,39536,1,1
44,72395,0,1
25,83157,0,0
36,116494,0,0
59,84484,0,0
18,16287,0,0
46,69510,0,0
62,38902,1,0
52,71188,0,1
57,36164,0,0
31,96204,0,0
52,16772,1,1
65,68054,0,0
62,69878,0,1
37,47238,0,1
30,119504,0,0
55,73293,0,1
63,96298,1,0
25,116442,1,0
60,22213,0,0
37,29941,0,1
50,110881,0,0
43,115720,0,0
56,30964,0,0
38,41855,0,1
59,73769,0,1
60,98504,0,0
58,16046,0,1
26,29909,0,1
41,94114,0,0
54,38368,0,0
58,109135,0,0
34,86255,0,0
41,96496,1,0
38,104142,0,0
56,30624,0,0
58,119715,0,0
56,25352,0,0
30,111421,0,0
28,95539,0,0
63,24223,0,1
36,111969,0,0
28,93254,0,0
30,81851,0,0
63,65044,0,0
62,102089,0,0
18,105218,1,0
57,100000,0,0
61,46419,1,0
36,28767,0,1
29,87002,0,1
25,46028,0,0
25,62953,0,0
62,72965,1,0
29,118394,0,0
65,84776,0,0
50,46459,0,1
62,105932,0,0
43,97331,0,0
56,39689,1,1
45,95446,0,0
22,82982,0,1
25,18346,0,1
42,60179,1,1
44,55517,1,1
63,84678,0,1
40,96606,1,0
47,87623,0,1
62,104288,0,0
64,96171,0,0
40,73916,0,1
64,102754,0,0
37,112409,0,0
35,63575,0,1
35,60039,0,1
19,64955,0,1
21,95260,1,0
47,70871,0,1
50,75678,0,0
53,46351,0,1
35,75693,1,1
54,46433,0,0
36,89797,0,1
64,94015,0,0
45,30804,1,0
57,107781,0,0
37,60101,0,1
50,75115,0,0
29,93363,1,0
32,59700,0,1
58,92576,0,0
56,34477,0,0
19,31127,0,1
46,101718,0,0
58,41049,1,1
27,105063,1,0
19,27473,0,1
28,97245,0,0
30,114510,0,0
27,76836,0,0
31,57464,0,1
35,28714,0,0
26,75878,0,0
56,49208,0,1
45,112481,1,0
20,102104,0,0
37,89683,1,1
23,96803,1,0
44,56514,1,1
19,111988,0,0
46,20136,0,1
55,113115,0,0
20,46516,1,1
33,91982,0,0
47,78878,1,1
57,60099,0,1
19,105060,0,0
34,28188,0,0
58,119123,1,0
29,66188,0,0
52,20560,0,1
60,51397,0,0
18,92193,0,0
62,53082,0,1
32,99376,0,0
43,56430,0,1
54,65522,0,1
38,55397,1,1
48,91860,1,0
42,40247,0,1
40,98094,0,0
41,34943,0,0
55,54460,1,0
45,56986,0,1
38,59514,0,1
60,95908,0,0
35,67385,0,1
53,27631,0,0
52,82008,1,1
62,41955,0,0
26,62367,0,0
55,45802,0,1
47,85408,1,0
61,108083,0,0
51,58341,0,0
49,28691,0,0
20,19753,1,1
20,16833,0,0
45,119232,0,0
61,23645,0,1
32,110977,1,0
58,55024,0,1
40,95598,0,0
57,24635,0,0
28,35064,0,1
65,24940,0,0
49,50169,1,1
53,93647,0,0
50,60200,1,1
41,71329,0,1
56,66158,1,0
51,44739,0,0
45,32793,0,0
54,98682,0,0
24,48677,0,1
21,81296,0,0
54,38022,0,0
18,86148,0,0
18,116544,0,0
64,42265,1,0
37,15530,0,1
36,24551,1,1
46,43394,1,1
27,57987,0,0
35,63984,0,1
45,83096,0,0
52,99097,0,0
60,85639,0,0
64,39090,0,1
48,98457,0,0
44,17781,0,0
28,32330,0,1
55,20257,1,0
22,73642,0,1
25,69249,0,1
51,66663,0,1
65,49956,0,0
29,119367,0,0
55,30615,0,0
18,15881,0,1
48,16847,0,1
21,119903,0,0
62,66127,0,0
22,102646,0,0
47,52336,0,0
41,96850,0,0
20,110654,1,0
28,54931,0,1
62,58924,0,1
21,37966,0,0
43,59023,1,1
44,26320,1,0
63,72841,1,1
60,80125,0,1
44,82752,1,0
59,106100,0,0
23,119005,0,0
32,104937,0,0
47,76858,0,0
59,73714,0,1
54,26780,0,0
54,91230,1,0
59,85345,1,0
54,97098,0,0
52,112977,0,0
40,16929,1,1
23,110153,1,0
21,29244,0,0
35,113415,0,0
26,26116,0,0
46,102954,0,0
30,96243,0,0
64,98301,0,0
34,50895,0,1
62,93636,0,0
49,38867,1,0
65,16208,0,1
39,59085,0,1
21,80572,1,0
22,80234,0,0
54,98748,0,0
58,26252,0,0
30,100261,1,0
51,22006,1,0
62,104595,0,0
39,85883,1,1
40,47171,0,1
20,43517,1,1
59,39274,1,1
51,48577,0,1
49,42648,1,0
62,84654,0,0
38,32910,0,0
63,93619,1,0
61,64647,0,0
38,93723,0,0
61,15424,0,0
28,66899,1,0
56,41641,1,1
21,49750,0,1
18,96454,0,0
45,38154,1,1
41,63166,0,1
52,26992,1,0
30,49001,1,1
64,29546,0,1
51,56524,0,0
28,83555,0,0
53,16304,0,0
34,64284,0,1
52,97368,1,0
35,103327,1,0
57,25022,0,0
39,90886,1,0
41,92354,0,0
36,48617,0,1
54,84498,0,0
56,73824,1,0
38,85390,0,0
25,49307,0,1
45,83480,0,0
22,37327,0,0
34,18244,0,0
54,37720,0,0
53,40090,1,1
36,79277,0,1
44,114895,0,0
51,63536,0,0
28,22855,1,1
62,16601,0,0
64,46952,1,1
29,65374,1,1
38,20690,1,0
28,27521,1,1
56,115146,0,0
45,91019,0,0
22,23058,0,0
34,28704,1,1
37,73933,1,1
58,86101,1,1
63,58856,0,1
29,52256,0,1
23,72352,0,1
34,45615,0,1
36,16927,0,0
43,30512,0,1
65,23301,1,1
61,101849,0,0
61,88993,0,0
49,86028,0,1
23,83759,0,1
53,103047,1,0
55,101991,0,0
28,78058,0,0
50,114258,0,0
41,79926,1,1
40,38434,0,0
32,45341,0,1
44,30007,0,0
28,114878,0,0
34,41799,1,1
31,70820,0,1
44,30674,0,1
35,30426,0,1
45,87631,1,0
64,59791,0,0
64,104640,1,0
21,18255,0,0
24,48826,1,1
62,115261,1,0
52,103568,0,0
65,19944,0,0
26,52826,0,0
25,45497,1,1
62,42723,0,0
34,50287,0,1
34,26845,0,0
50,104833,0,0
49,83106,0,0
25,108039,1,0
36,87986,1,1
55,100807,0,0
20,70569,0,1
22,96434,0,0
30,94925,1,0
64,40463,0,0
63,15744,0,0
48,103340,0,0
33,51282,1,1
49,67082,0,1
39,69689,0,1
46,91407,0,0
39,94072,0,0
60,103633,0,0
20,79766,0,1
27,80711,0,0
59,18217,1,0
38,95642,0,0
33,45359,0,1
29,68509,0,0
19,76970,0,0
58,37357,0,0
41,57354,1,1
52,53570,0,0
47,22034,1,1
47,31263,1,0
64,57180,0,1
52,65099,1,0
36,89312,0,0
25,90348,0,0
43,100275,1,0
57,41925,0,1
24,34575,0,1
47,37231,0,0
24,91935,0,0
20,62731,0,0
18,38100,1,1
53,25768,0,0
42,113835,1,0
54,74337,0,0
18,65697,0,0
32,26357,0,0
54,81973,0,0
30,39946,0,0
57,101424,1,0
25,86038,0,1
22,70149,0,0
26,20566,0,0
18,56576,0,1
53,68318,0,1
52,84550,0,0
19,66408,1,0
57,68506,1,1
40,94149,0,0
26,55167,0,1
51,48699,0,0
63,64545,1,1
31,115769,1,0
21,67429,1,1
47,102350,0,0
48,38386,0,0
55,74273,0,0
28,56585,1,1
52,119292,1,0
25,22509,0,0
20,102852,1,0
31,91607,1,0
30,108278,0,0
62,93764,1,0
49,92150,0,0
51,90837,0,0
62,78305,0,0
36,116085,0,0
55,57851,1,0
33,91910,0,0
19,49407,0,0
57,61606,0,0
34,94518,0,0
51,111794,0,0
59,60652,0,1
33,25248,0,1
55,25515,1,0
19,115578,1,0
19,107345,0,0
43,25830,1,0
30,75631,1,1
64,115784,0,0
48,21799,0,1
51,89083,1,0
56,112098,0,0
20,29328,0,1
25,27679,1,1
40,36058,0,1
31,112773,1,0
44,61696,0,1
46,100442,0,0
56,53872,0,1
56,69971,0,0
18,97083,1,0
34,38306,0,0
58,43210,1,0
47,60693,0,0
30,43239,0,1
38,108366,1,0
36,83917,0,1
36,115368,1,0
42,119893,0,0
39,109377,1,0
48,22447,0,1
34,100904,1,0
40,35271,1,1
49,80875,0,0
27,100510,0,0
27,107045,0,0
53,118434,0,0
25,71843,0,1
37,41221,0,1
49,79388,0,0
31,107799,0,0
45,71467,1,1
63,88269,1,1
41,85585,1,0
32,58086,0,1
39,101624,0,0
47,96144,0,0
21,15638,1,1
30,88245,0,0
40,85679,0,1
25,77934,0,1
35,81760,0,1
29,62234,0,0
48,76049,0,1
31,78843,0,1
51,63047,0,1
35,117549,0,0
51,24741,0,1
28,78004,1,0
58,76489,0,1
29,37991,0,0
32,41081,1,1
48,72304,1,0
46,30642,0,0
43,90103,0,0
35,119072,1,0
49,32399,0,1
39,48103,1,1
55,30330,0,0
34,31464,1,0
40,17134,0,1
41,64409,1,1
25,110198,0,0
58,15184,1,0
23,110923,0,0
22,64274,0,0
61,87799,0,1
46,70810,1,0
45,93727,0,0
28,84050,0,0
18,47734,0,0
60,86613,1,0
36,65546,0,1
26,50120,0,0
44,63484,1,1
51,75563,1,1
61,90036,0,0
21,95528,0,0
53,70113,0,1
35,68096,0,1
32,25133,0,0
30,21405,0,0
36,45269,1,1
23,97410,0,0
65,111993,1,0
29,32085,0,0
54,50702,0,0
34,94883,0,0
40,28502,1,1
43,61479,0,1
46,94384,0,0
50,102957,0,0
44,29426,0,0
42,85231,0,1
27,30860,1,1
64,61865,1,1
40,62404,0,1
38,106246,1,0
38,72423,0,1
60,105947,1,0
30,89379,0,1
54,46152,1,0
50,96109,1,0
41,118870,1,0
61,45737,0,0
28,69325,0,0
34,53767,1,1
21,108792,1,0
64,117170,0,0
42,56705,0,1
47,17002,0,1
26,97159,0,0
38,75237,1,1
37,70713,1,1
36,56815,0,1
36,79997,1,1
29,75859,0,0
54,78236,0,0
59,102787,0,0
34,93243,1,0
54,104653,1,0
65,37743,0,1
56,71739,0,0
45,91326,0,0
58,113156,0,0
52,96132,0,0
64,45339,0,0
65,49121,1,0
35,57995,0,1
31,67032,0,1
52,64831,0,0
61,56446,0,1
58,60678,0,0
24,35698,0,0
58,95252,0,0
30,111342,1,0
35,98404,0,0
54,62918,0,1
30,111666,1,0
53,72235,0,0
48,21125,0,0
19,115651,0,0
33,62511,0,1
26,117012,0,0
26,44046,0,0
55,103296,1,0
28,25114,1,1
39,15637,0,1
50,53634,0,1
53,103713,0,0
62,50776,0,0
40,38600,0,0
62,96787,0,0
62,41809,0,1
51,38756,0,0
26,74469,0,0
41,53368,0,1
25,92185,0,0
24,91902,0,0
53,26880,0,1
35,98319,0,0
20,72155,0,1
45,102762,0,0
23,80316,0,1
61,85856,0,1
61,23727,1,1
38,92260,0,0
45,54211,0,1
57,100469,0,0
18,93930,0,0
53,56417,0,1
38,99658,1,0
60,116673,1,0
52,77827,0,0
30,46437,0,1
27,35519,0,0
61,22983,0,1
64,59656,1,0
27,20635,0,1
63,117373,0,0
30,119555,0,0
54,34622,0,1
55,119041,1,0
41,89975,1,0
19,108445,1,0
39,75666,0,1
34,115877,0,0
53,71005,1,0
31,113429,1,0
27,26403,0,0
52,75477,1,0
42,114610,0,0
20,115405,0,0
64,80035,0,1
55,47903,0,0
34,107489,1,0
29,22311,0,1
41,65611,1,1
46,112561,0,0
60,35615,0,0
42,71808,1,1
53,48580,0,1
43,72052,1,1
55,106856,0,0
18,57898,0,0
37,38952,0,0
45,97790,1,0
33,30227,0,0
64,28760,0,0
34,23826,1,1
57,94475,0,0
45,113972,1,0
29,98213,0,0
44,75432,0,1
59,88996,0,1
64,73204,0,0
47,23673,0,0
58,108402,0,0
51,51158,0,1
54,89989,0,1
23,30904,0,0
24,30396,0,0
49,108906,0,0
49,102469,1,0
42,69039,0,1
50,110885,0,0
24,19334,0,0
29,111996,0,0
33,42268,0,1
33,79636,1,1
60,37068,1,0
53,43247,1,0
30,80121,0,0
24,103670,0,0
53,31285,1,0
64,115539,0,0
26,101903,1,0
49,39136,0,0
28,75378,1,0
25,52787,1,0
50,39425,0,0
40,110001,0,0
42,33961,0,0
25,48443,1,1
62,33823,1,0
39,90409,0,0
21,86123,0,0
57,119249,1,0
20,40852,0,1
46,52535,1,0
58,22004,1,1
46,42823,1,0
51,119913,0,0
51,69086,0,0
45,22131,0,1
30,98232,1,0
32,40649,0,1
40,19099,0,0
61,65806,0,0
43,46571,0,1
21,45580,1,1
43,109200,1,0
57,96118,0,0
26,41469,0,0
22,80179,1,0
49,102938,0,0
37,39236,0,0
28,40110,0,1
32,38430,0,0
49,59407,0,1
45,52948,0,1
39,98299,0,0
58,97565,0,0
34,72367,0,1
43,53180,1,1
61,19652,0,0
24,87370,0,0
59,117755,0,0
43,103023,1,0
42,22084,0,1
27,60630,1,0
62,68276,0,1
36,95228,0,0
28,17655,0,0
30,72752,0,1
25,114618,0,0
57,62670,0,0
21,20272,0,0
64,15218,0,0
48,111428,1,0
45,52471,1,1
28,63762,0,0
60,36515,0,0
18,49307,0,0
64,93681,0,0
55,32986,0,0
41,99624,0,0
64,85600,0,0
48,69888,1,1
58,102732,0,0
63,26603,0,0
43,83024,0,1
22,105728,1,0
37,43897,1,1
58,33802,0,0
28,31411,0,0
50,75399,0,0
55,110202,0,0
44,75692,0,1
51,72676,1,1
32,27770,0,1
49,88513,0,0
38,52429,1,1
63,112567,1,0
22,74429,0,0
23,85085,0,0
55,35337,0,1
39,107901,0,0
35,101181,1,0
31,39507,1,0
27,74596,1,1
63,85509,0,1
30,23436,1,1
48,25086,0,0
47,98276,0,0
20,106054,0,0
47,34851,0,1
23,54732,1,0
46,29842,0,0
25,110490,0,0
61,16745,0,0
62,27697,1,1
60,107469,0,0
61,18879,0,0
50,100697,1,0
34,33499,0,1
65,103177,0,0
28,50035,0,1
30,33651,0,1
28,90224,1,0
48,91524,0,0
45,104006,1,0
61,52249,0,0
23,38849,1,1
58,114233,0,0
33,88309,0,1
21,116628,0,0
52,44076,0,0
65,85123,0,1
43,48124,0,1
29,30787,0,0
28,68462,0,1
54,100984,0,0
42,86035,0,0
35,18841,1,1
36,59890,0,1
40,40402,1,1
55,103591,0,0
35,81201,1,0
43,112807,0,0
23,38237,1,1
21,57988,0,1
61,108803,1,0
46,91310,1,0
51,15553,0,0
34,28860,0,1
60,105439,1,0
60,22045,0,0
33,89916,0,1
19,71435,0,0
51,113453,0,0
25,47261,1,1
30,93879,0,0
59,17853,0,0
25,90664,0,0
47,63022,0,1
49,17736,1,1
53,48724,0,1
64,26440,0,1
47,85716,0,0
18,45284,1,1
60,26646,0,0
56,99565,0,0
34,100694,0,0
37,29342,0,0
41,118317,0,0
39,80620,0,0
46,79261,1,0
39,16935,1,1
61,111002,1,0
26,57376,0,0
54,89798,0,0
27,92140,0,0
53,57481,1,0
54,103669,0,0
45,109203,1,0
45,70721,0,1
59,115777,1,0
60,114039,0,0
38,17838,0,0
41,50330,0,1
59,93976,1,0
57,117210,1,0
19,114576,1,0
25,118140,0,0
65,115166,1,0
44,51994,0,1
39,106875,0,0
54,45384,0,0
44,60378,0,1
46,47643,0,0
20,31926,1,1
61,53977,0,1
30,38652,0,0
62,78295,0,1
27,25270,0,0
53,97804,0,0
26,76630,0,0
44,51417,0,1
51,61894,0,0
18,71042,0,1
49,78253,0,1
42,63841,0,1
46,67723,0,0
24,35317,0,0
20,70008,0,0
37,51434,0,1
37,61125,0,1
47,95984,0,0
52,90449,1,0
52,89102,0,0
56,112980,1,0
44,96141,1,0
43,15557,1,1
31,59383,0,1
34,21040,1,0
35,61652,0,1
62,114432,0,0
46,75941,0,0
37,102340,1,0
44,89828,0,1
35,41110,1,1
21,20349,0,0
18,45374,1,1
18,99545,1,0
43,57591,1,1
62,15057,0,1
37,89039,1,1
40,108829,1,0
27,79578,0,0
28,34121,0,0
58,20493,1,0
58,117181,0,0
22,82818,1,1
18,103706,0,0
34,16431,0,1
39,75469,0,1
51,77241,0,0
62,60294,0,1
58,115079,1,0
46,101127,0,0
21,26351,1,1
22,47483,1,1
28,46195,0,1
38,117689,0,0
52,37735,0,0
29,30203,0,0
43,18974,0,1
36,119209,0,0
62,117769,1,0
24,100222,0,0
64,54713,0,0
24,27636,1,1
43,50070,1,1
57,44123,1,1
22,46812,1,1
38,43760,0,1
31,19966,1,1
21,98962,1,0
40,94698,0,0
59,31058,0,0
37,56482,0,1
32,17998,0,1
62,76265,0,0
46,81445,0,1
25,49648,0,0
58,75623,0,1
65,93033,0,0
36,99480,1,0
65,22527,0,1
56,119000,0,0
63,18072,0,0
45,27018,0,0
63,44652,0,0
44,19476,0,0
21,110768,1,0
32,42482,0,1
52,117793,0,0
54,77513,0,0
18,101411,0,0
20,31219,1,1
64,45448,0,1
41,94903,1,0
44,40120,0,1
57,21855,1,1
53,71553,1,0
51,83633,1,1
46,59585,1,0
41,100425,0,0
41,16084,1,1
59,113856,0,0
21,36944,1,1
20,48921,0,0
51,76282,0,0
40,102393,1,0
40,66397,0,1
62,33070,0,0
22,69987,1,1
48,71690,0,0
58,105011,0,0
23,76134,0,0
54,102755,0,0
27,74439,0,0
57,46489,0,0
24,38178,0,0
56,94019,0,0
55,72956,0,1
38,62802,1,1
37,77778,0,1
20,72719,1,0
39,48573,0,1
64,48688,0,0
21,112065,0,0
45,114747,1,0
29,61475,1,0
55,65697,1,0
53,48978,0,0
64,44677,1,0
58,96540,0,0
22,25272,1,1
30,21212,0,0
40,36071,0,0
47,90236,0,0
54,110516,0,0
42,32297,0,0
65,66932,0,0
44,71884,0,1
31,43625,1,1
65,43831,0,0
64,71478,1,1
53,77909,1,1
56,44367,1,0
33,60813,1,1
39,115874,1,0
38,35121,0,0
38,50547,0,1
25,78642,0,0
33,39914,0,1
48,32178,0,0
59,82258,0,0
27,94421,0,0
49,75563,1,0
51,65050,0,0
26,77607,0,0
34,80638,0,1
28,107971,0,0
49,28262,1,0
27,22453,0,0
39,60174,0,1
34,92760,0,0
21,21172,0,1
65,91788,0,0
64,32918,0,0
42,22197,0,0
38,112127,0,0
54,28677,1,0
55,26039,0,0
18,42785,0,1
42,19570,0,0
53,87242,0,1
34,26655,1,1
58,113738,0,0
41,62907,1,1
19,24449,0,0
57,39630,1,0
32,89658,0,0
49,61371,0,1
56,25991,0,0
23,39887,0,0
18,28859,0,1
64,38640,0,0
40,63339,1,1
56,106068,0,0
34,119765,0,0
51,68235,1,0
58,119300,0,0
46,118156,1,0
26,17512,0,0
30,95982,0,0
23,36912,0,0
23,114567,1,0
37,50515,1,1
20,30416,1,1
34,87816,0,0
29,91510,1,0
65,58746,0,1
64,58775,0,0
62,117067,1,0
18,27227,0,0
34,28031,0,0
20,48000,0,1
43,66253,1,1
32,82564,0,1
53,110969,0,0
49,33313,1,0
49,90186,0,0
21,106760,0,0
35,72751,0,1
36,67492,1,1
60,45364,0,0
52,33361,0,1
57,82949,0,0
31,46070,0,1
50,118722,0,0
31,37409,0,0
51,44854,0,0
21,111742,1,0
41,44655,1,1
46,24952,1,0
36,51365,0,1
23,98298,0,0
50,81156,0,0
57,114233,1,0
36,71724,0,1
18,30455,1,1
22,102746,0,0
44,62673,0,1
33,15974,0,1
23,27679,0,0
57,76791,0,0
30,42429,0,1
65,33073,0,0
52,85207,0,0
36,45365,0,1
29,70928,1,0
33,89453,0,0
60,22784,0,0
27,113962,0,0
42,116201,1,0
37,27291,0,0
48,99462,1,0
21,41154,0,0
61,40650,0,1
40,83741,0,0
19,117348,0,0
39,110830,0,0
54,51201,0,1
25,54479,0,0
24,87920,0,0
31,97797,1,0
20,65243,0,0
33,83595,0,0
36,46734,1,1
35,103927,0,0
33,96451,0,0
25,114978,1,0
50,57568,0,0
29,40793,1,1
28,67204,0,0
22,61746,0,0
44,46989,0,1
29,64465,0,0
34,105841,0,0
23,76383,0,1
50,31767,1,0
22,53652,1,0
45,98732,1,0
31,99244,1,0
22,28383,0,1
50,85784,1,0
65,116733,0,0
58,75089,0,1
36,41440,1,1
39,67443,0,1
22,71325,1,1
19,101766,0,0
47,110190,0,0
64,70919,0,0
56,31611,0,0
21,78483,1,1
50,37457,1,0
30,25256,0,0
37,69856,0,1
24,55533,0,0
32,114826,1,0
40,113995,0,0
31,43281,1,1
40,82275,0,0
36,16525,1,1
46,31453,0,0
37,21251,0,0
46,34507,0,0
41,94396,1,0
35,101644,1,0
27,42906,0,0
58,88185,0,0
25,114591,1,0
43,28193,1,1
46,111558,0,0
27,112192,0,0
34,96449,0,0
19,79042,1,1
23,74516,0,0
22,96165,0,0
45,45692,0,1
58,85490,0,0
22,48512,0,0
35,25719,0,0
43,70427,0,1
37,42649,1,1
58,27402,1,0
44,117880,0,0
29,24216,0,1
24,46050,0,0
20,110808,1,0
27,65093,1,1
51,20050,1,0
42,61716,1,1
52,17438,0,1
33,62431,0,1
19,31760,0,0
41,92614,1,0
27,31473,0,1
55,58815,1,1
39,77460,1,1
43,24257,1,1
60,102986,0,0
56,40634,0,1
44,75403,1,1
46,61573,0,1
64,43648,0,0
55,107712,1,0
37,63980,1,1
44,25296,0,0
58,75197,1,0
37,36959,0,0
61,29570,0,1
36,50423,0,1
37,95263,1,0
52,32899,0,0
64,50785,0,0
19,77806,0,0
47,71963,1,0
51,92875,0,0
39,49341,0,1
20,20597,0,0
23,107648,0,0
32,117230,0,0
44,25244,1,0
27,18796,0,0
26,90589,1,0
50,43528,0,0
49,33648,0,0
65,98967,0,0
23,15535,0,1
58,63469,1,1
53,79912,1,0
19,59493,0,0
46,87417,0,0
21,60785,0,1
18,100017,0,0
36,116377,1,0
43,81561,1,0
42,45869,0,1
27,80094,0,1
32,115355,0,0
39,45192,1,1
65,84157,0,1
38,111102,0,0
39,101483,0,0
53,94941,0,0
51,72544,0,1
47,19403,1,1
42,51091,1,1
62,67510,0,1
45,103061,0,0
18,20017,0,1
62,54203,1,1
21,71473,0,0
24,67123,1,1
26,63260,1,1
53,60938,0,0
36,72929,0,1
18,100265,1,0
27,108966,0,0
53,119120,0,0
26,52372,0,0
62,116728,0,0
63,68252,1,1
59,29628,0,0
49,27501,0,1
49,45131,1,0
23,104102,0,0
65,104360,1,0
55,83348,0,1
34,113348,0,0
27,107862,0,0
44,24402,1,0
52,106861,1,0
38,70956,0,1
42,66920,1,1
45,41000,1,1
64,104795,0,0
32,82462,0,0
21,81392,0,1
46,20988,0,0
26,89279,0,1
44,71999,0,1
43,84674,0,0
36,96618,0,0
45,68426,0,1
34,73824,0,1
60,113910,0,0
58,89399,0,1
59,75659,1,0
37,52790,0,1
62,110343,0,0
57,37118,0,0
56,67025,0,1
40,74938,1,1
64,20149,0,0
49,53079,0,1
64,17484,0,1
50,70474,0,0
63,105727,0,0
22,63601,0,0
60,58809,0,0
65,35791,1,0
51,84343,0,0
57,41648,0,0
28,46090,0,1
20,105636,1,0
50,111485,0,0
28,116477,0,0
33,32857,0,0
35,77327,0,1
47,108386,0,0
65,57967,1,0
27,68709,0,0
35,82948,1,0
55,63861,0,1
36,83718,1,0
53,35948,0,1
30,48782,0,1
63,65756,1,1
20,97789,0,0
27,116031,1,0
55,83388,0,0
18,99528,1,0
44,81809,0,1
63,22649,1,1
25,44002,0,1
63,49723,0,0
59,89314,1,0
34,105312,1,0
26,85085,0,0
23,96399,0,0
60,26809,0,0
42,73169,0,1
56,23302,0,0
45,23100,1,1
50,83447,0,0
54,92627,0,0
26,89635,1,0
35,70020,0,1
38,20663,0,0
19,110440,1,0
60,108827,1,0
55,59649,1,0
57,62136,1,0
53,51104,0,1
60,54137,0,1
54,17534,1,0
32,82762,0,0
45,67445,0,1
35,24585,1,1
51,107796,1,0
39,107947,0,0
28,113470,1,0
30,91438,1,0
21,51392,1,0
39,99267,1,0
24,98324,0,0
60,46126,1,0
41,57485,0,1
21,60798,1,0
45,83310,1,0
32,24017,0,1
18,40700,0,1
20,105680,0,0
31,110446,1,0
55,51507,1,0
18,62679,0,0
55,107221,0,0
55,104938,1,0
38,52232,0,1
65,110599,0,0
46,104661,0,0
22,39020,1,1
27,112239,1,0
45,72172,0,1
38,112305,0,0
24,28746,0,0
20,78537,1,0
62,19094,0,1
64,83466,0,0
37,114067,0,0
36,45755,1,1
52,110641,0,0
21,26552,0,0
22,116754,1,0
18,74491,1,0
21,34779,0,0
29,44000,0,0
44,100639,0,0
59,68953,0,0
40,72564,0,1
42,29102,0,1
38,16861,0,0
41,58574,1,1
42,47682,0,1
62,93819,0,0
63,106133,0,0
49,92972,0,0
49,108960,0,0
22,80185,1,1
53,89426,0,1
63,63120,1,1
59,53297,0,0
59,23299,0,1
56,56348,0,1
33,56384,0,1
50,91693,1,0
38,110299,1,0
26,47687,0,0
23,79577,0,1
62,75047,0,0
52,25191,1,1
56,71884,0,0
39,69911,0,1
58,92303,0,0
22,98447,0,0
59,109165,0,0
40,115330,0,0
34,107480,0,0
29,58726,0,1
40,49623,0,1
33,98517,0,0
20,65000,0,0
47,86494,0,0
39,95241,0,0
26,111172,0,0
46,78027,0,0
64,73995,0,0
54,57876,0,1
40,66070,0,1
30,105688,0,0
49,119065,1,0
63,81224,0,0
64,40365,1,0
65,44663,1,1
40,80436,0,0
62,119610,1,0
34,118376,0,0
57,98275,0,0
38,78211,0,1
19,25909,0,0
54,75883,0,0
23,27713,0,1
61,27614,0,1
35,113097,0,0
47,35734,0,1
39,45709,0,1
50,37885,1,1
47,86622,0,0
34,93267,0,0
60,101128,0,0
49,28341,1,1
59,54435,0,0
31,27976,1,0
27,97910,0,0
64,92869,0,0
53,20290,1,0
51,60812,1,0
26,65528,0,1
59,73570,0,0
45,71399,1,1
28,63437,0,1
31,104122,0,0
56,72907,0,0
64,96876,0,0
36,63723,1,1
32,50655,0,1
45,70833,1,1
41,95096,0,0
25,38997,0,0
60,81876,0,0
26,41013,1,1
64,47862,1,0
50,67448,1,1
50,102818,0,0
36,60608,1,1
20,99612,1,0
27,55894,0,1
57,100201,0,0
64,65649,0,0
59,77104,0,0
18,91459,1,0
46,54821,0,0
51,62940,0,0
30,25935,0,1
18,104577,0,0
51,27467,1,0
46,26073,0,0
65,22691,0,1
64,61538,1,0
30,39490,1,1
65,30688,0,1
46,113505,0,0
56,65650,0,0
41,28829,1,1
43,18086,1,1
34,17590,0,0
24,54893,0,0
30,88396,0,0
22,53176,0,1
43,82484,0,0
20,117267,0,0
24,113997,0,0
56,41295,1,0
18,53131,0,0
34,59893,1,1
60,26924,0,0
42,119191,1,0
20,25851,0,0
32,22734,0,0
46,57681,0,0
60,20293,0,1
49,68203,1,1
43,28820,0,0
33,82827,0,1
42,62163,0,1
45,27391,1,0
26,116002,0,0
18,56970,0,1
46,61823,1,0
39,45796,0,1
33,114345,0,0
58,98127,0,0
61,51389,0,0
58,18352,0,0
24,98598,0,0
31,43172,1,1
46,25937,1,0
36,108657,1,0
36,95138,0,0
19,103672,0,0
58,81481,1,1
62,100348,0,0
32,88509,1,0
20,38552,0,0
28,29118,1,1
63,26290,1,1
47,40123,0,1
57,96919,0,0
35,74551,0,1
65,67136,0,0
19,78886,0,0
49,90902,0,0
25,82333,0,1
39,106992,0,0
23,59016,0,0
29,36427,0,1
64,17257,0,1
57,82733,1,0
53,23222,1,1
32,40187,0,1
45,94688,0,0
62,35781,1,0
35,116216,0,0
19,26004,0,1
30,72600,0,1
62,40515,0,0
32,95952,0,0
37,86688,1,1
46,87708,0,1
59,18185,1,0
46,105888,0,0
20,69476,1,1
36,111279,0,0
20,46212,0,0
31,107154,1,0
57,89697,1,1
21,63533,0,1
28,98003,1,0
48,102125,0,0
60,52630,1,1
49,83606,1,1
44,89099,0,0
47,105790,0,0
60,31585,0,0
19,110833,1,0
26,64240,0,1
45,29772,0,1
48,94991,0,0
51,86835,1,0
32,90724,0,0
65,105299,1,0
42,113053,1,0
53,102091,0,0
25,109859,0,0
26,32938,1,1
54,36983,0,0
65,27874,1,0
62,105341,1,0
56,75896,0,1
49,61209,0,1
34,47822,0,1
52,35750,0,0
54,117335,0,0
36,57083,0,1
61,42946,0,0
46,16552,0,1
24,110585,0,0
45,88331,1,1
26,20271,0,0
45,95201,0,0
23,80651,1,1
46,116917,0,0
34,43994,1,1
33,42186,0,1
40,45267,1,1
48,54140,0,0
20,39935,1,1
38,46748,1,1
43,105139,0,0
53,18837,0,1
59,79875,1,1
54,116837,0,0
39,77694,1,1
59,24610,0,1
29,43615,1,1
59,91644,0,0
30,119135,0,0
28,37347,0,1
33,49062,0,1
25,70122,0,0
57,63431,0,1
57,88086,0,1
62,43205,1,0
19,33459,0,0
47,38750,1,0
47,42729,0,1
29,53585,0,1
27,98698,0,0
61,60635,0,0
28,59854,0,0
32,91226,0,0
33,44104,0,1
34,97293,0,0
43,29770,0,0
19,90993,0,0
29,32957,0,0
43,70178,0,1
40,110155,0,0
35,35828,0,0
49,32171,0,1
55,114849,0,0
64,76465,0,1
20,28146,0,0
55,61266,1,0
20,60939,0,0
47,29202,0,0
18,52142,0,1
47,78828,0,0
62,102367,1,0
49,74046,1,0
45,24849,0,1
38,74272,1,1
63,35439,0,0
30,97526,0,0
44,93872,0,0
53,50344,0,0
24,103489,1,0
39,68276,1,1
27,20051,0,0
56,64474,0,0
32,90604,0,0
32,31967,1,0
21,36773,0,1
49,111550,0,0
40,89383,0,1
23,85417,1,1
41,56182,1,1
37,78589,0,1
54,88235,0,1
37,39180,1,1
29,79372,1,0
50,66372,0,1
45,118427,0,0
25,84086,1,0
18,37163,1,1
54,78089,1,0
39,110211,0,0
23,47934,1,1
38,70595,0,1
49,41592,1,1
52,38039,0,1
32,79099,0,1
22,104262,0,0
63,115510,1,0
65,49018,0,0
23,68158,0,0
42,19558,1,0
63,47174,0,1
57,110941,0,0
46,57631,1,1
24,82687,0,1
57,118381,1,0
30,30552,0,1
55,50065,1,0
35,17614,1,0
19,49647,0,1
25,72940,1,0
28,15620,0,0
50,38082,1,1
55,36891,1,1
65,77395,0,0
44,65955,0,1
37,47314,1,1
29,38500,0,1
60,68685,0,0
48,79783,0,0
44,115229,0,0
49,65189,1,0
27,108554,0,0
20,34567,0,1
62,40978,1,0
44,91089,0,0
52,24630,0,1
48,27003,1,0
32,56444,1,1
33,101184,1,0
30,46607,0,1
52,118202,0,0
28,39821,0,0
38,29601,0,0
28,60904,0,0
47,86657,0,0
65,53557,0,0
52,67523,0,1
39,96846,0,0
55,65502,0,1
48,37098,0,0
31,60902,0,1
41,104067,0,0
49,54253,1,0
53,90516,1,0
49,116929,1,0
32,59280,0,1
60,23951,0,0
52,23117,0,0
20,40979,1,1
33,89525,0,1
22,31915,0,0
38,74261,0,1
27,110071,0,0
36,112660,1,0
42,113902,0,0
21,87964,0,1
46,105417,0,0
36,85440,0,1
60,50677,1,0
19,64830,0,1
27,67536,1,0
60,23922,0,0
42,111696,0,0
37,82561,1,1
65,28220,1,1
36,60958,0,1
40,68380,0,1
41,17766,0,0
28,99018,0,0
63,48159,0,1
51,25935,0,1
45,18784,0,1
22,103586,1,0
22,35221,0,0
38,44179,1,1
29,33069,1,1
21,50682,1,1
59,71268,1,1
37,106530,1,0
55,109303,1,0
42,92818,0,0
31,35110,0,0
28,46232,1,1
49,59273,0,0
28,85487,0,0
35,70210,1,1
44,88191,0,0
35,44461,1,1
40,19610,0,0
28,71973,0,1
38,112153,0,0
61,98004,1,0
22,22583,0,1
40,40583,1,1
58,32701,0,0
42,21880,0,1
58,115653,0,0
27,104257,0,0
39,66845,0,1
36,107390,0,0
18,87417,0,1
24,18722,0,0
21,35077,1,1
18,95868,0,0
32,28229,0,0
57,88338,0,0
29,76679,1,0
39,102637,1,0
39,26439,1,0
64,50902,0,0
34,17598,1,1
46,107297,1,0
63,19052,1,0
31,27741,0,0
37,84360,1,1
65,51288,0,1
50,16249,0,1
60,37970,0,0
32,30565,0,1
29,71995,0,0
57,98994,0,0
37,66656,1,1
47,77134,0,1
55,60765,0,0
20,17014,0,0
45,85480,1,1
43,114252,0,0
47,29012,0,0
30,117996,1,0
30,72498,0,1
19,83776,0,0
54,76711,0,0
55,57530,0,0
19,94267,0,0
53,33018,0,0
43,32916,1,1
28,55376,0,0
25,108140,0,0
61,80046,1,0
57,73742,0,1
60,100566,0,0
39,92125,0,0
37,102519,0,0
25,27437,0,1
46,77146,1,1
57,42618,0,0
43,65767,0,1
47,24705,1,0
34,72146,1,1
37,103216,0,0
33,95912,1,0
63,66750,0,0
60,105956,0,0
24,59379,0,1
33,67682,0,1
62,79713,0,0
64,119869,0,0
65,71919,0,1
44,75384,0,1
40,66128,0,1
41,16835,1,1
26,36283,1,1
52,64506,0,0
37,68625,1,1
54,50963,0,0
59,24179,0,0
34,109440,0,0
64,114210,0,0
48,26955,1,0
25,22198,1,1
32,82156,0,1
48,59588,0,0
47,26766,0,0
63,111626,0,0
37,68570,1,1
56,84874,0,0
29,63679,0,0
34,20301,1,0
59,30144,0,0
47,28784,1,0
46,82959,0,1
36,23272,0,1
63,16573,0,1
28,39419,0,1
51,97339,1,0
24,113770,0,0
61,63555,1,0
51,20176,0,1
37,51161,1,1
55,78440,1,0
41,73862,0,1
27,30164,0,0
49,92758,1,0
32,40379,0,1
54,106189,1,0
37,98552,0,0
20,33368,1,1
54,104041,0,0
57,47771,1,0
25,79950,0,0
57,55245,1,1
61,119302,0,0
40,113906,0,0
57,87792,1,0
28,58327,1,0
63,61454,1,0
25,108787,0,0
46,61741,0,1
47,46977,0,0
27,113200,0,0
56,21714,0,0
45,92237,0,0
53,29891,1,1
30,116555,0,0
49,67299,1,0
53,80167,0,1
54,80124,1,1
43,108052,0,0
39,73639,1,1
21,55912,0,0
48,90452,1,0
35,83446,0,1
55,98790,0,0
41,76516,0,1
40,59250,0,1
39,51116,1,1
19,98521,0,0
48,37151,1,1
28,86366,0,0
45,59297,1,1
63,55888,1,0
49,71195,0,1
22,99010,0,0
55,86016,0,0
27,89979,0,0
57,119674,0,0
63,69334,0,1
41,113474,0,0
52,83345,0,0
61,54761,0,1
65,41930,0,0
40,74117,0,1
34,38095,0,1
18,92482,0,0
48,18991,0,0
48,38519,1,0
59,41657,0,0
59,15826,1,0
51,57625,0,0
26,97049,0,0
39,32801,0,0
30,44846,0,1
42,54566,1,1
65,38157,0,1
35,43363,1,1
29,65559,0,0
57,20136,0,0
34,72937,0,1
32,32421,0,0
59,93027,0,0
32,22546,0,1
32,86439,1,1
56,61623,1,1
30,31406,0,0
34,95485,0,0
49,24825,0,0
26,86823,0,0
57,49173,1,1
37,70619,0,1
43,98114,1,0
44,22923,1,0
38,49374,0,1
35,76713,0,1
30,56411,0,1
33,79368,0,1
26,23316,0,1
29,25556,1,1
61,25058,0,0
55,119554,1,0
36,114987,1,0
24,40482,1,1
52,59494,0,0
65,40005,1,0
35,99671,0,0
33,104424,0,0
56,47481,1,0
21,43401,1,1
42,55431,0,1
49,79459,1,0
57,105473,0,0
30,93682,0,0
62,110637,0,0
34,91789,0,0
54,63504,0,0
23,18223,0,0
36,85977,0,1
30,55149,0,1
43,27863,0,0
31,118488,0,0
48,44564,0,0
21,97189,0,0
56,104624,0,0
25,37499,0,0
42,104218,0,0
30,47132,0,1
49,19533,1,0
55,97962,0,0
55,95096,0,0
45,49409,0,1
47,96461,0,0
20,37987,0,0
45,25633,1,0
20,116601,0,0
62,71207,0,0
51,65535,0,0
33,110661,0,0
39,18996,1,1
49,15014,0,0
55,95431,0,0
25,16674,0,0
25,52867,0,0
23,100537,0,0
31,72251,0,1
49,70709,0,0
52,32864,0,0
27,41321,0,0
20,39082,1,1
29,55131,0,0
48,86493,0,1
46,19210,1,0
22,79586,0,1
42,98605,0,0
58,49851,0,1
48,41865,0,1
38,98606,0,0
37,19158,0,1
56,72852,0,0
39,64339,0,1
21,116086,0,0
30,35572,1,0
62,19100,0,1
59,59469,0,0
37,96061,0,0
30,75861,0,1
34,33456,0,1
53,70803,0,0
50,80633,0,0
18,90019,0,0
32,51232,1,1
30,82323,0,0
34,36788,0,0
41,113987,0,0
25,31092,0,0
44,16132,0,1
62,92850,0,0
40,119181,0,0
63,103118,0,0
25,108316,1,0
25,112772,1,0
43,28068,0,0
64,62401,1,0
30,63526,1,1
56,73958,1,0
54,91593,0,0
45,70041,1,1
42,114158,0,0
33,119042,0,0
19,78372,1,0
35,82562,1,0
34,107099,0,0
47,79046,1,0
56,118669,0,0
30,83086,0,0
49,111458,0,0
46,22089,1,1
63,31623,1,1
47,64641,1,1
35,27043,0,0
30,81572,0,0
60,79136,0,1
38,103052,0,0
47,101700,0,0
38,72061,0,1
65,21122,0,1
34,62346,1,1
57,112322,0,0
36,31150,1,0
32,102630,0,0
26,92228,0,0
27,27054,0,0
61,16767,0,0
48,19708,0,0
40,72999,0,1
47,67158,1,1
50,44292,1,0
26,43082,0,0
64,49024,0,1
18,107270,1,0
61,38461,1,0
52,20351,0,1
28,62031,1,1
51,114053,0,0
33,97628,0,0
26,119720,0,0
49,54718,0,0
32,105577,0,0
29,106212,0,0
50,115017,1,0
62,27777,0,0
31,104856,0,0
25,23308,0,0
25,58441,0,0
44,95865,0,0
29,28882,1,1
18,19714,1,1
60,106586,0,0
57,58432,0,1
59,96289,1,0
28,110515,0,0
56,95166,0,0
60,32658,0,1
48,84245,1,1
34,113642,0,0
50,117579,1,0
49,92027,0,0
46,65808,0,1
38,54530,0,1
38,23834,0,0
57,29358,0,1
40,24872,0,1
23,73694,0,0
39,102193,0,0
55,65321,1,1
54,105363,1,0
62,88709,1,0
25,31685,1,1
58,26333,0,1
52,26356,0,1
28,55584,1,0
41,66362,0,1
38,26344,0,0
19,59619,1,0
57,96331,0,0
36,110279,1,0
56,16943,0,0
45,105185,0,0
34,75217,1,1
23,36021,0,0
36,23348,1,0
55,92286,1,0
45,85921,0,0
19,31639,0,0
55,100030,0,0
54,79566,0,0
21,57011,1,0
39,118336,0,0
43,119565,0,0
60,33640,0,1
53,50402,0,1
30,80088,1,0
49,75240,0,0
34,16891,0,1
58,43259,0,0
53,78021,1,1
63,43987,1,0
36,67616,1,1
52,25683,0,0
63,76083,0,1
57,24967,1,1
45,92664,1,0
18,55194,0,1
59,115274,1,0
35,108831,1,0
65,100873,0,0
57,77661,0,1
50,102738,0,0
29,87307,1,0
25,58452,0,0
41,27857,1,0
33,46301,0,1
21,70900,0,0
55,46460,0,1
61,101923,1,0
44,64800,0,1
26,24832,0,0
64,62408,1,0
33,27626,0,0
29,72872,1,0
48,99021,0,0
41,93959,0,0
31,111939,0,0
62,111159,1,0
42,31802,0,0
51,31333,1,0
20,50120,0,0
41,108621,0,0
59,37159,0,1
26,39660,1,1
43,71843,0,1
37,49519,0,1
57,109333,1,0
27,99577,0,0
36,59935,0,1
20,37507,0,0
41,86060,0,0
22,99271,0,0
20,72223,1,1
44,42675,0,1
33,32673,0,1
32,50470,1,1
52,56603,0,0
29,99825,1,0
58,46230,0,0
61,29542,0,1
43,76407,0,1
64,68821,0,0
51,50690,0,0
40,21654,0,0
48,82557,0,1
37,100544,0,0
29,103264,0,0
40,104698,0,0
21,42446,0,1
40,110515,0,0
65,63484,0,1
65,59078,1,0
18,19225,0,0
42,89745,0,1
19,96259,0,0
47,60487,0,0
20,83676,1,0
38,26721,0,0
42,17587,0,0
37,54437,0,1
39,33989,1,1
38,47726,1,1
50,85540,0,0
55,94837,0,0
32,113215,1,0
63,108639,0,0
32,56168,0,1
63,79669,1,0
42,88040,0,0
38,117114,0,0
41,86616,0,1
22,22408,1,1
23,19153,0,1
60,26055,1,1
65,34760,0,0
61,32752,1,1
64,104729,1,0
40,18800,0,0
21,81573,0,0
44,45054,0,1
35,76816,0,1
38,41866,0,1
45,15992,1,0
52,38696,0,0
39,75282,0,1
57,117814,0,0
40,113697,0,0
20,88541,0,1
57,67838,1,1
27,44400,0,1
42,97277,1,0
25,32565,1,1
28,54585,1,1
22,49833,0,0
62,27094,0,0
54,46280,0,1
62,61647,0,1
55,59378,1,1
46,34513,0,0
22,15154,0,1
26,110798,0,0
65,43134,0,1
19,23678,0,0
18,21294,0,1
57,24574,1,0
47,50183,0,0
28,63747,0,1
45,81606,0,1
61,33638,0,0
29,72194,0,1
56,62553,1,0
43,41082,0,1
30,31306,0,0
25,22807,1,1
45,103760,1,0
47,66342,0,0
26,47143,0,1
56,73414,1,1
48,105302,0,0
38,39715,0,0
64,77054,0,1
51,87934,0,1
48,27202,0,0
42,42987,0,1
29,50740,0,1
18,91848,1,0
39,100890,0,0
57,68871,0,1
54,28627,0,0
64,114649,1,0
18,109294,0,0
18,66069,1,0
59,55409,0,0
59,109022,0,0
38,95635,1,0
32,76486,1,1
34,16611,0,1
39,46657,0,1
55,33462,0,1
52,91309,0,0
62,104299,0,0
33,53547,0,1
25,44063,1,1
64,97273,1,0
34,94397,0,0
34,67788,0,1
43,57523,1,1
30,45284,0,1
34,102964,0,0
55,78996,0,0
34,81247,0,1
65,28706,0,0
31,108614,1,0
62,25924,0,0
23,30921,0,1
52,40432,0,0
63,32813,1,0
31,119748,1,0
64,80250,0,0
25,83956,1,0
32,17068,0,1
44,54927,0,1
30,85342,0,0
48,45539,0,1
52,26683,0,1
23,100151,0,0
22,50674,0,0
39,67703,0,1
40,73810,0,1
42,101111,0,0
51,100343,0,0
43,100977,0,0
64,102114,1,0
22,26117,1,1
43,18665,0,1
37,59390,0,1
23,89884,0,1
23,78887,1,0
35,63266,0,1
21,70541,1,0
34,79802,0,1
31,109319,1,0
31,22882,0,1
30,85825,1,0
24,28910,0,0
61,55566,1,0
32,78073,0,1
36,112519,0,0
60,51176,1,0
64,98081,1,0
61,45289,0,0
52,65411,0,0
34,84626,1,0
52,30362,1,0
36,102610,0,0
37,111371,0,0
53,28783,1,1
52,59162,0,1
49,50749,1,0
65,18554,1,0
61,73568,1,1
57,33773,1,0
41,88694,1,1
34,81550,1,0
24,61295,1,0
60,45331,0,0
18,60640,0,1
52,79877,0,0
49,61969,1,1
53,57986,0,0
30,117017,0,0
23,22585,0,0
31,19122,1,0
54,31838,1,0
65,32301,1,0
32,38107,0,0
64,72357,0,0
21,103161,0,0
57,117678,0,0
33,70211,0,1
45,81025,0,0
33,81520,0,1
21,32344,0,1
62,72202,0,0
43,115086,0,0
45,29959,0,0
49,53751,0,0
62,16869,0,0
19,59264,0,0
48,45268,0,0
20,99564,1,0
25,54606,0,1
41,28550,0,1
32,20702,1,0
60,93563,0,0
48,76745,0,1
26,113279,0,0
56,39459,0,0
62,71782,0,0
19,102822,0,0
25,21032,1,1
24,16825,0,1
61,92090,1,0
56,63101,1,0
59,75109,1,1
33,27470,1,0
52,18770,0,1
47,42268,1,0
27,15029,0,1
55,45083,1,0
35,23958,0,0
22,23806,0,1
46,47162,1,1
56,89732,0,1
51,49889,0,0
60,42702,0,0
62,50777,1,0
40,67971,0,1
22,22739,0,0
47,39599,1,1
23,51827,0,1
63,91821,0,0
61,111683,1,0
21,110263,0,0
46,83446,0,1
40,95210,0,0
23,98890,0,0
49,111212,0,0
59,106650,0,0
35,38039,0,0
32,59929,0,1
57,112367,0,0
49,58884,1,0
26,40146,1,1
54,60819,0,1
27,98162,0,0
37,97632,1,0
23,46308,0,1
65,28054,1,1
20,94606,0,0
59,67018,1,1
28,41250,0,1
60,29413,0,0
34,92391,1,0
49,53921,1,1
21,86123,0,0
21,89363,1,1
34,40785,0,1
58,71865,0,1
36,112400,0,0
22,111847,0,0
49,21861,1,0
39,91340,0,0
23,28979,0,0
52,81833,0,0
39,15357,0,0
18,62201,0,0
37,69254,0,1
39,97160,1,0
65,25796,0,0
28,38238,0,0
30,109176,0,0
59,65978,0,0
20,55883,0,0
26,112393,0,0
29,100478,0,0
40,84396,1,0
31,19447,0,0
50,35523,1,1
35,79079,0,1
58,79823,0,1
26,64289,0,1
40,115271,0,0
27,119883,0,0
36,19849,1,0
64,39718,0,1
22,102862,0,0
64,88002,0,0
40,75977,0,1
47,103325,0,0
42,42135,1,1
45,45262,0,1
51,104971,1,0
62,49787,0,0
65,119478,0,0
64,30689,0,0
42,54860,0,1
27,65344,0,0
31,82891,0,0
59,66658,0,1
63,112464,1,0
47,80869,0,1
58,50330,1,1
42,95312,0,0
31,75064,1,1
52,42014,0,1
65,49563,0,1
51,30270,1,0
27,46279,0,1
52,113557,0,0
28,18657,0,1
28,104422,0,0
38,83773,1,0
38,116635,1,0
39,16027,1,1
62,29199,1,0
24,59954,0,0
34,94317,0,0
19,30120,1,1
29,71812,0,1
59,104825,0,0
35,20983,0,1
28,81629,1,1
33,85325,0,1
35,17912,1,0
52,62879,0,0
43,36873,0,0
33,29332,1,1
23,31564,1,1
61,92795,0,0
60,35526,0,0
64,80481,0,1
64,67775,1,0
65,101649,0,0
59,31006,0,1
29,36643,1,1
30,104949,0,0
21,78128,0,0
56,57523,1,0
19,110658,1,0
43,85220,1,0
44,88390,0,0
44,67784,1,1
32,102893,1,0
25,74701,0,0
24,119721,0,0
64,32946,0,1
63,28127,1,0
57,44404,1,1
29,103424,1,0
30,32401,0,1
60,30428,0,1
34,116958,0,0
34,79372,1,1
53,26971,0,0
38,103018,0,0
25,100504,0,0
22,31565,0,1
43,21829,0,0
33,91023,1,0
53,50435,0,0
45,113161,0,0
46,96823,0,0
64,53941,0,0
29,57459,1,0
54,62976,0,1
47,94199,0,0
40,24176,1,0
33,66516,0,1
31,30072,1,0
27,86052,0,0
24,112368,0,0
62,34689,0,0
54,33599,0,0
46,97045,1,0
20,50388,1,0
32,65603,0,1
53,89736,0,0
64,40789,1,1
63,92432,0,0
36,102467,0,0
30,103623,0,0
59,104289,0,0
38,67282,0,1
54,48464,0,1
44,82806,0,0
46,106627,1,0
37,56994,0,1
42,96596,0,0
23,106123,0,0
53,110265,1,0
19,40594,0,1
39,67563,0,1
49,95352,1,0
33,101840,0,0
35,43386,0,1
22,81652,1,0
53,109835,0,0
47,113123,0,0
62,32540,0,1
36,48756,1,1
40,58426,0,1
51,20587,1,0
30,98748,1,0
60,96339,0,0
46,104792,1,0
53,64039,0,1
39,25269,0,0
64,21088,0,0
53,115649,0,0
26,57044,0,0
56,42081,0,0
36,76388,0,1
55,25543,0,1
23,18005,1,1
64,52203,0,1
32,31220,1,0
37,47696,1,1
26,94683,0,0
49,61381,0,0
21,62984,0,0
35,119932,1,0
22,15076,0,0
37,119056,0,0
40,33946,0,0
28,98492,0,0
54,38471,0,0
39,76531,0,1
21,53738,0,1
46,55720,1,0
61,109673,1,0
51,39440,0,1
30,26862,1,1
59,116415,1,0
26,83273,0,0
59,36788,0,0
48,40522,1,1
24,85185,0,0
21,84404,1,0
36,67289,0,1
59,22824,0,1
47,22799,0,0
48,100406,0,0
52,60147,0,1
38,97922,0,0
48,23614,0,0
36,40147,0,1
48,91637,0,0
49,118663,1,0
19,35914,0,1
27,78699,1,1
19,24615,1,1
19,65785,0,0
41,103589,0,0
34,115057,1,0
49,72811,1,1
33,94017,0,0
33,61898,1,1
63,70505,0,1
56,91031,0,0
48,106818,0,0
60,15146,0,0
41,55275,1,1
18,30977,1,1
28,56565,0,1
38,48945,0,1
21,116726,0,0
24,17594,0,0
43,91610,0,0
64,72655,0,1
29,42431,0,0
48,97684,0,0
34,103197,1,0
50,42571,1,0
28,80971,0,0
45,116655,0,0
49,76797,0,0
18,58937,0,1
64,74643,1,0
45,97054,0,0
59,109026,0,0
24,101538,0,0
19,75051,1,0
59,82902,0,0
41,92903,0,0
21,91990,1,0
61,90204,0,0
36,83951,0,0
43,112309,0,0
28,90768,1,0
57,44039,1,0
60,40568,0,0
28,52459,0,1
62,22669,0,0
20,104749,0,0
29,98816,0,0
20,99985,0,0
59,50516,0,1
44,77484,1,1
19,103612,0,0
33,83197,0,1
19,38333,0,0
47,103295,0,0
37,70611,0,1
55,62941,0,1
45,53875,1,1
42,27698,1,0
49,111500,0,0
27,76826,0,0
59,46408,0,0
57,103421,1,0
50,93845,0,0
30,115965,0,0
58,30133,1,0
59,88746,1,0
64,51126,1,1
54,48043,1,1
33,19078,0,1
62,68906,1,0
39,26137,0,1
37,44350,1,1
60,19698,0,1
44,48132,0,1
58,25165,0,0
33,15794,0,0
51,28646,0,0
49,103715,0,0
43,20870,0,0
42,113893,0,0
19,45736,0,1
29,117617,0,0
57,73084,0,1
26,31211,1,1
29,101665,0,0
43,74538,0,1
26,22377,0,0
27,23861,1,1
49,32821,0,1
51,93488,0,0
65,89583,1,1
37,41953,1,1
56,51801,1,1
19,33277,0,0
18,104439,1,0
53,98762,0,0
41,37628,1,0
44,97246,1,0
19,42802,1,1
48,78497,0,0
31,99320,1,0
19,84814,0,1
46,68702,0,1
32,43677,0,1
29,22500,0,0
54,19015,0,0
45,102372,0,0
37,73812,0,1
56,22826,0,1
41,24201,1,0
38,44048,1,1
27,34941,0,0
63,95641,1,0
31,73418,0,1
54,80689,1,0
35,56541,0,1
41,64939,1,1
31,85422,1,0
51,38950,0,0
29,82803,0,0
39,35642,0,1
23,81506,0,1
53,56607,0,0
62,46288,0,0
53,97865,0,0
39,29450,0,0
31,20618,1,0
33,49263,1,1
53,82583,0,1
42,89900,0,0
49,43794,0,0
50,28091,0,1
62,83422,0,1
53,102108,1,0
37,30161,1,0
35,19158,0,0
55,42663,0,0
20,100381,1,0
40,21733,1,0
49,114961,1,0
62,118347,0,0
33,47001,0,1
22,54128,0,0
21,64630,0,1
38,24329,1,0
57,68105,0,1
31,78436,1,1
56,105348,0,0
48,107635,1,0
31,84579,0,1
23,29242,0,0
29,113901,0,0
33,106814,0,0
34,42133,1,1
62,39740,0,0
40,115628,1,0
31,45976,0,1
24,55067,0,1
63,26231,1,0
49,81105,1,0
32,18328,0,0
61,40261,1,1
34,40262,0,1
58,18280,0,0
64,99683,1,0
61,46742,0,0
51,18590,0,1
22,65226,0,1
62,102542,0,0
44,28570,0,1
40,115529,0,0
57,110129,1,0
31,104443,0,0
32,24533,0,1
60,97283,1,0
50,28366,0,0
48,91368,1,0
52,43325,1,1
34,49798,1,1
45,54453,0,1
36,37849,0,0
63,70943,0,1
40,21157,0,0
49,45178,0,1
57,97537,0,0
30,44030,0,1
37,66134,0,1
52,80729,0,1
22,23164,1,1
26,101378,0,0
46,16119,0,0
23,28351,0,1
42,71063,0,1
48,87076,0,1
39,60162,0,1
19,46760,0,0
62,64678,1,0
22,107064,0,0
44,104074,0,0
42,112778,0,0
25,62628,0,1
18,106894,0,0
37,119149,0,0
61,55739,1,1
40,44738,0,1
49,61921,0,0
28,76068,0,0
56,38581,1,1
64,110672,0,0
41,36485,0,0
28,107701,1,0
46,51294,1,0
43,68001,0,1
33,16634,0,0
52,58969,0,0
37,15093,0,1
63,43370,0,0
20,34750,1,1
18,31472,1,1
64,33934,0,0
18,58774,1,0
34,103057,1,0
19,54125,1,0
46,81981,1,1
37,101541,0,0
23,54103,0,0
25,98750,0,0
46,75085,0,1
65,103705,0,0
50,71543,0,1
20,31938,0,0
52,92492,0,0
22,66586,0,1
44,73024,0,1
61,54687,0,0
29,86129,0,1
37,41207,0,1
62,64354,1,0
37,52310,0,1
26,63960,0,0
56,76262,0,1
21,112155,0,0
36,28403,0,0
55,28065,0,0
44,104930,1,0
62,41801,1,0
60,114132,0,0
30,44230,0,1
30,87706,0,0
39,98942,0,0
45,105214,1,0
64,44968,0,0
62,57517,0,0
39,68239,0,1
60,47655,0,1
36,107623,1,0
25,77771,0,0
25,60984,0,0
59,26049,0,1
43,87321,0,1
65,79813,0,0
43,19655,0,1
40,98994,0,0
60,105638,0,0
30,87454,0,0
45,83972,0,1
26,36432,0,0
37,105409,0,0
36,118176,1,0
65,80896,0,0
56,85135,0,0
29,57936,1,1
32,115381,0,0
48,28750,1,0
31,42987,1,1
28,117995,0,0
43,41165,1,1
59,65541,0,1
44,39346,0,1
28,18514,1,1
55,39838,0,1
51,42559,0,0
60,116223,1,0
36,112501,1,0
23,74207,0,1
63,31385,1,0
55,33317,0,0
59,15393,0,0
45,39881,0,0
18,113833,0,0
52,42955,0,1
57,73308,0,1
25,73014,0,0
64,80430,0,0
24,87031,1,1
28,101973,0,0
56,74596,0,0
21,16713,1,1
42,35428,0,1
29,77160,1,1
43,81171,0,0
55,95729,0,0
63,75843,0,1
29,38003,0,1
60,95169,0,0
54,109764,0,0
63,57077,1,1
41,41730,0,1
33,87981,0,0
30,94817,1,0
42,87138,0,1
21,80573,1,0
28,43869,0,1
49,117079,0,0
24,46076,0,0
63,107166,0,0
28,101005,0,0
45,112835,1,0
58,40094,0,0
40,41817,0,1
62,25555,0,1
40,85656,0,0
45,95214,0,0
60,65193,0,0
64,19715,0,0
43,49162,0,1
42,116173,1,0
46,112858,0,0
36,116980,0,0
50,117025,1,0
53,53458,1,0
31,119122,0,0
31,113538,1,0
52,18140,0,0
47,89174,0,0
45,32383,1,0
34,32718,1,0
20,91160,0,0
33,72399,0,1
63,102008,0,0
47,36863,0,0
46,86626,1,0
62,26377,0,0
32,98031,0,0
63,75523,0,0
42,29870,1,1
55,72487,0,0
59,34300,0,1
64,70951,1,1
55,82639,0,0
40,105731,1,0
42,118429,0,0
59,87126,0,0
24,57980,0,0
39,47050,0,1
34,17921,0,0
35,85270,0,0
58,100293,0,0
27,45328,0,1
27,75820,0,0
24,38138,0,0
65,96573,0,0
55,114140,0,0
44,27094,0,1
50,80264,0,1
18,24028,0,0
61,30432,0,0
51,58819,0,1
21,103627,0,0
34,96122,1,0
21,20312,0,0
60,40973,0,1
43,117126,0,0
21,70305,1,0
18,43973,0,0
24,59390,0,0
47,31099,1,1
26,64956,0,1
52,114379,0,0
25,29063,0,0
41,109306,0,0
36,107752,0,0
53,108196,0,0
60,96919,1,0
44,24605,0,0
49,111185,1,0
31,117756,1,0
35,113095,0,0
45,92904,0,0
46,87964,0,0
33,66205,0,1
52,30817,0,1
64,17420,0,0
48,99448,1,0
21,84853,0,1
54,104897,0,0
34,42728,1,1
56,72858,0,1
65,64089,0,0
63,111604,0,0
43,113531,0,0
65,99257,0,0
56,43964,1,1
58,112065,0,0
21,91992,0,0
47,114259,0,0
47,57240,0,0
39,115282,0,0
28,98449,0,0
19,27675,0,0
61,112677,0,0
29,107525,0,0
47,75049,1,1
53,96664,0,0
35,63436,0,1
43,55213,0,1
24,43111,0,0
18,19284,1,1
43,106029,0,0
40,32585,1,1
43,80039,1,0
62,110131,0,0
23,22131,1,1
23,58382,1,0
61,106733,0,0
25,48527,0,1
41,102493,0,0
39,45936,0,1
36,102081,0,0
54,68441,0,1
35,69598,0,1
48,94220,0,0
54,35642,1,1
47,84907,0,0
59,27651,0,0
50,16665,0,1
27,21918,0,0
54,38007,1,1
29,111944,0,0
47,90730,1,0
44,40035,0,1
56,104352,1,0
26,103602,1,0
38,91749,1,0
29,103148,0,0
46,37211,0,0
50,69587,0,0
60,41866,0,0
32,112135,0,0
19,22344,0,0
56,83737,1,1
61,85288,0,1
35,77546,1,1
20,25327,0,0
24,63659,0,0
60,60797,0,1
35,86627,0,1
61,42608,0,0
55,43285,1,0
54,103534,0,0
50,63634,1,0
61,55289,1,1
48,103479,0,0
28,33007,1,1
21,40257,1,1
35,100054,1,0
21,44784,1,1
51,53588,1,0
46,59221,0,1
41,36378,0,0
39,19696,1,1
19,108531,1,0
61,49635,0,0
23,73543,0,0
59,96259,0,0
42,34207,0,0
38,42524,0,1
33,43554,0,1
48,26817,1,1
31,70258,0,1
56,77582,0,0
45,15168,1,1
49,57981,1,1
45,107306,0,0
26,80199,0,0
62,79948,0,1
39,72782,1,1
49,95759,0,0
22,76599,0,1
40,88563,1,1
22,31291,1,1
59,68833,0,1
49,105975,0,0
27,102057,0,0
56,105251,0,0
32,102154,0,0
24,109535,0,0
46,47992,0,1
64,54350,0,0
20,16573,1,1
36,23577,0,1
27,23712,0,1
45,44948,1,1
46,92700,0,0
32,20217,1,0
52,75178,0,0
23,100062,0,0
29,111806,0,0
64,41409,0,1
55,64040,0,0
30,93270,0,0
46,116805,0,0
36,94066,0,0
20,92930,0,0
25,82035,0,1
25,108075,0,0
37,24669,1,0
64,73247,0,1
21,73975,1,0
38,43562,0,1
20,36629,0,1
62,106282,0,0
25,76463,1,0
40,61007,1,1
33,33128,1,1
30,17039,0,0
20,18857,1,1
65,74019,0,1
26,106432,0,0
31,85486,0,0
30,104007,0,0
24,95977,1,0
32,27735,0,0
24,102951,0,0
55,49511,0,0
51,61051,1,1
58,67693,0,1
39,84152,0,0
41,95919,0,0
54,44756,1,1
61,18894,1,1
18,119531,0,0
27,58232,0,0
60,68214,1,1
33,84817,1,0
63,78862,0,0
25,105183,0,0
42,45036,1,1
29,33584,0,1
42,115447,0,0
34,47308,0,1
43,43333,0,1
63,50949,0,0
65,99795,1,0
31,112330,0,0
58,54288,1,0
53,93588,1,0
40,92807,0,0
60,60267,1,1
23,47175,0,1
64,23915,0,0
22,96658,0,0
60,87454,0,0
42,74722,0,1
35,110973,0,0
30,80298,0,1
60,28805,0,1
31,100134,1,0
45,55517,1,1
35,69716,0,1
45,17871,0,1
44,117793,0,0
49,52375,0,0
64,60741,1,1
26,38148,1,1
57,20834,0,0
49,57680,0,1
37,18399,0,0
45,79091,0,1
50,36762,1,1
21,66009,0,0
63,91493,1,0
51,66548,0,1
65,43340,0,0
20,76365,0,0
43,107674,0,0
25,96344,1,0
23,74790,1,1
33,108779,1,0
41,82797,0,0
65,26809,1,0
56,32696,0,0
47,66457,0,0
62,36891,0,0
30,74151,0,1
22,99661,1,0
42,78008,0,1
37,67488,0,1
35,71632,0,1
64,81533,0,0
35,86889,0,1
19,99239,0,0
27,116511,1,0
62,72942,0,1
64,24275,1,0
29,34965,0,0
64,112955,0,0
30,50854,0,1
64,30973,1,1
28,104086,0,0
36,41878,0,1
52,32105,1,0
56,79746,0,0
43,114458,1,0
63,96565,0,0
31,54935,1,1
62,47784,0,0
61,46601,0,0
41,54865,0,1
58,112081,0,0
18,93701,1,0
60,33616,1,0
39,26654,0,1
40,32830,0,0
36,31205,0,1
35,57425,0,1
29,92495,0,0
45,102694,0,0
45,92355,0,0
50,50851,0,1
36,21952,0,1
45,104761,0,0
54,62405,0,0
43,20391,0,0
52,95004,1,0
51,77468,0,0
52,30091,0,0
57,45237,1,1
33,73353,0,1
55,89500,0,0
30,55682,0,1
40,64634,0,1
39,41968,0,1
33,69833,0,1
45,55205,1,1
65,91907,0,0
52,57541,0,1
62,106217,1,0
63,43285,0,1
25,118507,0,0
61,67513,0,1
39,30430,0,0
38,24033,1,1
43,34918,1,1
57,33256,0,0
38,63522,1,1
42,79353,0,1
58,46188,0,0
18,70134,0,0
23,67657,0,0
40,51088,0,1
40,29979,0,0
60,83264,0,0
60,65106,1,0
40,16595,1,1
49,47624,0,0
47,112104,0,0
30,82824,0,1
60,55431,1,0
35,109547,1,0
40,32127,0,1
32,32878,0,0
50,87480,0,1
38,75690,0,1
56,92838,0,0
40,71360,0,1
44,15207,0,0
62,16083,0,0
61,66564,0,1
35,18311,1,1
41,38135,0,0
64,72109,1,1
57,76354,0,0
59,78647,0,0
24,74301,0,1
65,77233,1,0
37,111755,0,0
44,97128,0,0
23,61212,0,0
44,104468,0,0
26,72776,0,0
62,99576,1,0
48,86386,1,0
38,66588,1,1
43,46716,1,1
57,93255,0,0
65,36777,0,0
62,64285,0,0
30,97558,0,0
40,114532,1,0
37,108481,0,0
54,43788,1,1
45,19019,1,0
34,90018,0,0
45,61873,0,1
58,99116,0,0
19,24895,0,0
42,94671,0,0
58,64013,0,1
23,74570,0,0
28,90923,1,0
55,109672,0,0
23,97895,0,0
62,62672,1,0
28,21121,0,1
31,114332,0,0
19,97445,1,0
57,82863,1,1
20,33930,1,1
52,64987,0,0
50,115787,0,0
41,50502,0,1
36,112083,1,0
35,46688,0,1
41,22304,0,1
62,19049,1,1
52,29947,1,1
18,24495,0,0
53,39707,0,0
42,113696,0,0
62,76920,1,0
60,59544,0,1
51,45706,0,1
42,115770,0,0
33,48993,1,1
51,29987,0,1
46,34089,1,0
36,80997,0,0
40,24993,0,0
36,26465,1,1
42,97071,0,0
33,47640,0,1
26,90997,0,0
18,27366,0,0
59,44895,1,1
36,16785,1,1
50,21242,0,0
51,39529,0,0
33,79399,0,1
61,21356,1,0
57,38229,0,1
35,100380,1,0
51,33220,0,0
42,40651,1,1
62,112222,1,0
23,102663,0,0
38,103198,1,0
23,76850,0,0
49,49261,0,1
58,73479,0,0
65,65700,0,0
60,105896,0,0
56,118467,0,0
48,57380,0,1
59,94833,0,0
27,119008,0,0
47,103324,0,0
35,119992,0,0
41,42011,0,1
26,63603,1,1
48,108593,0,0
32,33447,0,0
21,98940,0,0
57,101677,0,0
26,102843,0,0
62,90877,0,0
26,89678,0,0
43,79583,0,1
21,78056,0,1
34,96468,0,0
33,27017,0,1
32,113873,0,0
52,52880,0,0
22,16355,0,1
22,73936,0,1
37,79608,1,1
32,96622,1,0
35,102051,0,0
64,94756,0,0
19,62266,0,0
46,69554,0,0
30,73215,0,1
21,114138,0,0
59,75656,0,1
62,69104,0,0
27,91844,0,0
48,15969,0,1
58,113896,1,0
25,15254,0,1
20,25306,0,1
65,80516,0,0
63,108077,0,0
26,83197,0,1
47,95845,0,0
28,33223,0,0
52,86441,1,0
54,82967,0,0
59,88292,0,1
30,85889,1,0
53,65117,0,1
30,16737,1,0
29,97404,1,0
54,47476,0,1
27,39325,0,0
26,27326,1,1
24,105122,1,0
19,27911,0,0
40,44080,0,1
56,37635,0,1
57,66179,1,0
56,20213,0,0
38,72142,1,1
40,119531,1,0
46,78545,1,1
31,42940,0,1
43,63604,0,1
22,103901,0,0
48,89332,0,1
42,64119,0,1
48,97888,0,0
37,76604,0,1
61,31820,0,0
34,91502,1,0
62,82345,0,1
19,54314,0,1
42,55875,0,1
30,86041,1,0
56,111185,1,0
45,85793,0,0
59,95587,0,0
23,19909,1,1
20,107881,0,0
52,29866,0,0
35,57789,0,1
28,105404,0,0
37,109063,0,0
22,80997,0,0
36,43460,0,1
39,63500,0,1
36,83769,0,0
64,27128,0,0
33,20202,0,0
41,116243,0,0
58,111794,0,0
21,80327,0,0
32,62965,0,1
42,46238,0,1
61,94258,0,0
52,64240,0,0
31,98583,0,0
36,83837,0,0
55,69289,0,1
53,47544,0,1
24,75064,1,0
47,112119,1,0
36,108049,1,0
42,96176,0,0
33,37413,0,0
64,97341,1,0
57,100669,0,0
25,63899,0,1
35,101891,0,0
45,103765,1,0
33,84969,0,1
36,48033,0,1
59,116154,0,0
34,16378,0,0
62,21503,1,0
30,57774,0,1
24,74608,0,0
44,48617,0,1
27,19814,1,1
51,73335,1,1
53,38763,1,1
42,25000,1,1
23,95824,0,0
41,18274,1,0
35,64868,0,1
40,69232,1,1
23,29227,0,1
46,32279,0,0
42,89904,0,1
34,79940,0,1
63,57736,0,0
41,111542,0,0
28,107916,0,0
43,108504,1,0
51,24651,1,0
45,94439,1,0
20,99463,1,0
28,22771,0,0
55,93996,0,0
31,85173,0,1
43,55834,1,1
65,18553,1,1
38,49117,1,1
56,116290,1,0
47,104116,0,0
25,92058,0,0
37,77137,1,1
65,49890,0,0
49,108740,0,0
39,94428,0,0
24,23689,0,0
26,43063,1,1
62,72198,0,0
18,94598,0,0
46,16363,0,0
25,31691,0,0
21,17751,1,1
52,22782,0,0
20,98184,0,0
62,27540,0,0
57,60991,1,1
24,85875,0,1
44,107556,1,0
18,42609,0,0
44,71655,0,1
33,86384,1,0
55,78177,0,0
24,73396,0,0
61,31877,0,1
40,33405,0,1
58,63629,0,0
28,61233,0,1
59,36471,0,1
50,18302,0,0
53,94973,1,0
54,95048,0,0
58,112972,0,0
34,38511,0,1
52,20022,0,0
65,58239,0,0
22,86691,1,1
65,112016,1,0
49,74269,0,1
20,118558,0,0
64,105868,0,0
52,73398,1,0
31,76895,0,1
65,84890,0,0
48,112383,0,0
48,50284,0,1
34,63640,0,1
41,90692,1,0
40,37453,0,0
35,113225,0,0
31,104294,0,0
32,89374,0,1
32,52976,0,1
23,28725,1,1
44,89873,0,0
32,91237,0,0
53,110347,1,0
25,58043,0,0
32,119514,0,0
20,109852,0,0
64,92080,1,0
30,79990,0,1
58,102050,0,0
51,96863,0,0
41,61809,0,1
57,31705,1,0
49,78131,0,1
49,91015,1,0
47,77456,0,0
30,91859,0,0
18,93473,1,0
51,38089,0,0
32,82238,0,0
61,90940,0,0
31,114134,0,0
46,88916,0,0
51,102526,1,0
35,76396,1,1
24,113395,1,0
46,18877,1,0
48,99256,0,0
42,88212,0,0
55,46818,0,0
31,114884,1,0
25,63555,0,0
44,57368,0,1
19,63180,0,1
34,104666,0,0
54,113777,0,0
31,64421,0,1
42,41620,1,1
47,75539,0,0
46,32077,1,0
37,27663,0,0
38,98335,1,0
39,62285,0,1
52,66235,1,0
54,32619,0,1
33,84503,0,1
60,72477,1,0
34,42488,0,1
33,93747,0,0
19,36169,0,1
21,45373,0,1
38,47669,0,1
56,70277,0,1
51,87170,0,1
47,70120,0,0
23,81376,1,1
34,69235,0,1
56,49229,0,1
42,101854,0,0
22,30405,0,0
22,116776,0,0
37,30847,0,0
33,38547,1,1
58,21575,1,0
54,110659,0,0
57,19843,0,1
26,107987,0,0
22,22739,1,1
59,29852,1,0
19,66661,0,0
26,24157,0,1
60,102942,0,0
53,87968,0,1
39,33837,0,0
39,95684,0,0
39,91730,0,0
51,113127,0,0
46,29819,0,1
55,87161,1,0
63,22404,0,0
50,29674,0,0
35,91043,1,0
24,100923,0,0
18,33697,0,0
50,117927,0,0
18,100083,0,0
41,75663,0,1
21,38570,1,1
21,43037,0,0
35,110619,0,0
44,52982,1,1
60,83524,0,1
49,20156,0,1
50,53280,0,0
45,90324,0,0
59,75706,0,1
58,94721,1,0
53,99270,0,0
23,24971,0,1
33,68140,1,1
51,58408,0,0
40,67022,0,1
59,21487,1,0
41,35997,1,1
30,61456,0,1
35,92988,1,0
30,95908,0,0
54,74416,1,1
60,59767,1,1
56,93970,0,0
59,92952,0,0
34,99784,0,0
32,43194,1,1
35,48785,1,1
40,117994,0,0
47,73676,1,0
51,23373,1,1
21,45283,1,1
20,70911,1,1
24,109951,0,0
35,41414,0,1
59,29378,1,1
24,98872,1,0
57,19700,0,0
23,79143,0,0
39,78229,1,1
18,28901,1,1
21,105374,0,0
63,37597,0,0
60,48428,1,0
46,50687,1,0
38,44493,1,1
43,66224,1,1
31,46852,0,1
26,25932,1,1
64,103545,1,0
29,79202,0,1
59,48583,1,0
23,62278,1,0
37,108530,1,0
41,44865,0,1
44,27289,0,0
55,108829,0,0
25,85270,0,0
18,100549,0,0
41,50521,0,1
64,21505,0,0
24,59327,1,0
36,80519,0,1
39,85221,0,1
52,33409,0,0
47,34517,0,1
46,59533,1,0
39,45475,0,1
28,117525,0,0
37,30327,0,1
46,70344,0,1
58,18671,0,0
59,85477,0,0
51,106908,0,0
18,93002,0,0
48,65756,1,0
47,98822,0,0
65,59959,0,0
35,85124,0,1
34,43080,0,1
55,39544,0,0
31,91347,0,0
40,33733,0,0
42,69211,0,1
32,55696,0,1
63,63093,0,0
39,62042,1,1
20,68516,0,0
36,110595,0,0
61,52487,1,0
51,55849,0,0
52,29550,0,1
18,91400,0,0
38,105930,0,0
46,99597,0,0
23,64699,1,0
54,93160,0,0
18,105470,0,0
18,83897,0,1
44,28707,0,1
38,16924,0,0
33,110023,0,0
61,93183,0,0
57,112270,0,0
43,44018,1,1
33,102163,0,0
45,36031,0,0
18,80164,0,0
53,119985,0,0
27,83237,0,1
60,64573,1,0
34,31719,0,0
40,24718,0,1
24,15056,1,1
61,30352,0,1
24,62820,1,1
61,83683,0,0
32,84073,0,0
51,103348,1,0
63,15721,1,1
62,97305,0,0
21,66969,0,0
31,55194,0,1
31,61556,0,1
33,61775,1,1
24,94882,0,0
49,54883,0,0
36,25911,1,1
19,80795,1,1
27,35872,0,1
34,89327,1,0
54,88072,0,1
29,100968,1,0
23,113286,0,0
39,59537,1,1
49,100077,0,0
58,31860,0,0
37,85819,0,0
18,45743,1,1
64,57559,1,1
23,115663,0,0
36,87941,0,1
35,111717,0,0
23,47205,0,0
62,104944,0,0
50,32645,0,0
40,86859,0,0
40,86473,0,0
43,65734,1,1
30,45431,0,1
24,75914,0,1
32,32882,0,0
61,105860,0,0
44,93539,0,0
43,58346,0,1
50,105642,0,0
32,27979,0,1
53,115513,0,0
62,59828,0,0
44,22228,0,0
22,89836,0,0
19,89217,0,0
50,88803,0,0
33,85908,0,0
40,53918,1,1
55,25920,1,0
33,97392,0,0
31,42785,0,1
46,97757,0,0
43,40178,0,1
52,114490,0,0
32,86997,0,1
20,98401,1,0
40,29052,0,0
46,110906,1,0
51,87868,0,0
50,64383,0,0
58,15327,0,0
58,103301,0,0
40,85775,1,1
24,90614,0,0
20,22038,0,1
49,23048,0,0
48,109207,0,0
35,29954,0,0
60,115601,0,0
24,72541,0,0
58,60471,1,0
18,83315,0,0
31,28225,0,0
49,113077,0,0
23,100256,1,0
56,28531,0,1
27,85871,1,0
24,24530,0,1
43,74035,0,1
51,39791,0,0
47,16649,1,1
53,28472,0,0
38,83398,0,0
34,105721,0,0
50,42134,0,0
27,81453,0,0
64,27444,1,0
59,56121,1,0
29,101057,1,0
33,53217,0,1
58,37066,0,0
49,83347,0,0
32,51189,0,1
44,89826,1,0
45,78477,0,1
34,50489,1,1
63,42284,1,0
19,39698,0,1
53,58660,0,0
24,34637,0,1
30,63024,0,1
32,75405,0,1
42,76305,1,1
40,48556,0,1
39,97176,0,0
43,84561,1,0
50,112012,1,0
28,87277,1,1
27,18654,0,0
42,55428,0,1
54,116555,0,0
65,53036,0,0
60,59549,0,0
55,110379,0,0
58,80355,1,1
62,77119,0,1
41,104096,0,0
57,61257,0,1
63,30987,0,1
50,35810,0,1
34,35311,0,0
41,69478,1,1
54,49920,0,1
19,23738,0,0
49,88424,0,1
41,77232,0,1
26,20474,1,1
21,74026,0,0
34,81024,0,0
34,65974,0,1
65,39144,1,0
47,20622,0,0
57,67273,0,1
28,112366,0,0
38,117078,1,0
38,54214,1,1
35,108184,0,0
46,113233,1,0
41,72993,0,1
27,40223,0,0
62,36865,0,1
34,89108,1,0
35,78649,0,1
59,58026,1,1
65,104037,0,0
37,74207,1,1
54,41866,0,1
62,27416,0,0
35,40775,0,1
34,44080,0,1
26,85423,0,1
31,34374,0,0
46,73451,1,0
48,67599,0,0
21,97141,0,0
35,30684,0,1
37,39002,0,0
64,106551,0,0
60,37972,1,0
61,81153,0,0
26,61404,1,0
30,115874,0,0
32,21309,1,1
44,99675,0,0
32,83326,0,0
45,22826,0,0
54,27134,1,0
36,34693,0,0
43,19054,0,1
43,31090,0,0
42,104344,1,0
43,30569,0,1
43,47227,0,1
63,21508,1,0
45,31608,1,0
35,104059,1,0
49,90969,1,0
20,112475,0,0
19,39520,0,1
50,92424,0,0
59,45932,1,1
36,34734,1,1
34,84363,1,0
61,65555,0,0
50,31257,0,1
29,47194,0,0
20,111854,0,0
60,31793,0,0
43,49684,1,1
52,108550,0,0
25,68219,0,0
53,17859,0,0
24,54840,1,0
63,112392,0,0
63,74327,1,1
53,49819,0,0
33,100621,0,0
41,88750,0,1
18,116272,1,0
42,56704,0,1
27,81137,1,0
33,75379,0,1
33,39318,0,0
25,95987,0,0
46,78956,0,0
56,20274,0,0
45,33226,0,0
23,58634,1,1
33,111462,0,0
37,79501,0,1
33,34046,0,1
24,89210,0,0
58,99559,0,0
31,36910,1,0
60,26503,0,0
43,63392,1,1
43,76472,0,1
31,85904,0,0
24,104063,0,0
50,60335,0,1
43,37487,0,0
62,51593,0,0
37,90927,1,0
20,24874,1,1
21,69822,0,1
43,68948,1,1
28,18608,0,0
19,110987,0,0
31,114322,1,0
61,69501,0,0
47,68912,1,0
29,42546,0,0
43,115804,0,0
61,83203,0,1
50,77496,1,0
30,70186,0,1
31,57346,0,1
41,20230,0,0
51,40720,0,0
61,58023,0,0
43,52602,1,1
38,82082,1,0
45,30050,1,1
65,66315,1,0
53,67164,1,1
57,45134,1,0
19,30640,0,0
59,101364,0,0
26,76671,1,1
40,29284,0,1
32,75526,1,1
30,18423,0,0
40,43577,1,1
34,73900,0,1
65,99606,0,0
19,82868,0,0
37,21066,0,0
37,98576,1,0
63,119342,0,0
20,72888,1,0
29,23583,0,0
57,53057,1,1
19,37604,0,0
53,41564,0,0
31,76429,0,1
33,113600,1,0
36,103393,0,0
51,43941,0,0
61,70511,0,0
63,52962,0,0
23,53573,1,1
30,40692,0,1
53,73420,0,0
39,97415,1,0
35,50763,0,1
29,97013,1,0
47,60680,0,1
57,21393,1,0
24,48488,0,1
49,36459,1,1
65,119629,0,0
36,27554,0,0
23,52867,0,0
37,93104,0,0
44,117330,0,0
60,60015,0,1
54,20057,1,0
65,98026,0,0
24,20305,0,0
22,76276,0,0
28,47740,0,1
32,39118,0,0
20,21674,1,1
22,57331,1,0
40,105534,0,0
54,30316,0,1
26,31217,0,0
32,82541,0,1
20,29602,0,1
46,102181,1,0
23,28987,0,0
34,64915,1,1
43,28543,0,1
38,42944,0,1
25,73241,1,0
38,24144,0,1
28,53459,0,1
55,54827,0,0
25,45741,0,0
59,85015,0,1
41,84734,0,0
52,89627,0,1
31,84741,1,0
31,84177,0,1
27,18543,0,0
29,20591,0,1
55,109877,0,0
61,71395,0,0
63,75434,0,0
51,44055,0,1
58,21116,0,0
27,70485,1,1
34,81297,1,1
34,17407,0,1
20,46594,0,0
48,81421,0,0
18,112731,0,0
29,50411,0,0
56,108355,1,0
21,91661,0,0
59,102030,1,0
30,114772,0,0
51,70444,0,0
59,105121,0,0
38,102581,1,0
39,102983,0,0
21,41238,0,0
35,119627,0,0
22,56703,1,1
36,50196,1,1
19,92221,0,0
29,27738,0,1
34,30772,1,0
27,80270,1,1
51,91169,0,0
23,38492,1,1
25,69979,0,0
28,65338,0,0
29,79551,0,0
26,51855,0,0
19,21228,1,1
25,83367,0,1
28,35045,0,1
53,98668,1,0
27,91591,1,0
38,39318,0,0
37,73458,0,1
65,28795,1,1
25,100184,1,0
53,69524,1,0
46,102694,0,0
59,36747,0,1
29,103770,1,0
31,62373,1,1
65,46560,0,1
38,26282,0,1
39,48831,1,1
38,78073,0,1
61,38043,0,0
47,80322,0,0
56,67900,0,0
37,35929,0,0
41,50500,0,1
40,16872,0,0
24,52488,1,0
26,82505,1,1
18,40460,1,1
43,27155,1,0
55,26870,0,1
55,108928,0,0
61,18717,0,0
39,16374,0,1
61,36826,0,1
27,89215,0,0
23,28427,1,1
34,79442,0,1
55,104100,0,0
41,49708,0,1
27,115671,0,0
25,39271,1,1
38,78572,0,1
23,31631,0,1
38,34887,1,1
56,40259,0,0
41,112932,0,0
50,72987,0,1
35,64630,1,1
45,34144,0,0
49,93191,1,0
29,64060,1,0
65,70092,0,0
59,35836,0,0
44,81904,1,0
27,115530,0,0
63,59456,1,1
59,51380,0,1
49,92735,0,0
59,26569,0,1
43,114363,0,0
42,46182,0,1
28,93651,1,0
40,36649,0,0
51,98731,1,0
57,111132,0,0
40,115497,0,0
46,42003,1,1
48,31551,1,0
24,38826,1,1
57,117486,1,0
50,39729,0,1
38,66696,1,1
19,18868,0,0
35,56274,0,1
64,53718,0,1
50,47353,1,1
54,56682,0,1
51,45653,0,1
37,29141,0,1
52,26537,0,1
35,45401,1,1
63,42387,0,1
41,96690,0,0
25,115613,0,0
47,21630,0,1
61,58461,0,0
27,95314,0,0
40,59293,0,1
28,38070,0,1
19,28416,1,1
43,105935,1,0
53,23629,0,0
50,78444,0,1
64,23360,1,0
30,27011,0,1
57,55721,0,0
42,51069,0,1
21,68270,1,0
59,26227,0,1
36,54587,0,1
35,76720,0,1
54,59550,0,0
47,83305,0,0
36,91028,0,0
40,68651,1,1
33,66332,0,1
18,83881,0,1
29,83201,0,0
41,39807,0,0
51,58552,1,1
25,92902,0,0
35,89861,0,1
65,85976,0,0
22,108758,0,0
43,72300,1,1
47,41951,0,0
30,35264,0,0
36,34121,0,0
46,99351,1,0
20,65539,0,0
43,45311,0,1
57,57397,0,0
29,34749,1,1
19,44218,0,0
28,96069,0,0
61,66591,0,1
45,59133,0,1
35,59867,0,1
30,16316,0,0
54,52972,0,0
39,101924,0,0
29,94048,0,0
19,81220,0,1
54,107700,0,0
24,119744,1,0
43,92271,0,0
43,116391,0,0
41,57635,1,1
29,66265,0,0
33,65109,0,1
40,119082,0,0
57,63797,0,1
26,23079,0,0
49,75887,0,0
32,37412,0,0
54,50862,1,0
30,99727,0,0
22,29821,1,1
28,88118,1,1
27,89548,0,1
30,48655,1,1
58,59688,0,0
63,119319,0,0
32,69576,1,1
59,95066,0,0
24,100913,0,0
57,67236,0,0
45,60221,0,1
49,102189,0,0
52,100916,0,0
32,81092,0,0
65,69445,0,1
53,107326,0,0
38,23900,0,0
23,48485,0,0
18,116969,0,0
21,28891,0,0
28,30014,1,1
61,87083,0,0
43,52964,0,1
54,66171,1,0
40,110468,0,0
46,59739,0,1
38,100799,0,0
65,99856,0,0
62,58374,0,1
62,54459,1,1
44,22045,0,0
56,58255,0,0
57,66965,1,0
30,16237,0,1
40,67195,0,1
33,119776,0,0
47,51326,0,0
21,20293,1,1
57,40274,0,0
33,34237,1,1
48,108920,0,0
59,111529,1,0
42,93347,0,0
61,33229,1,0
29,119666,0,0
43,93847,1,0
54,103576,0,0
65,71718,0,0
50,83718,0,0
45,64615,0,1
26,86296,0,0
29,87796,0,0
22,113754,0,0
45,16915,1,0
52,89651,0,0
22,67774,0,0
51,22076,0,0
63,95350,0,0
51,48083,1,1
30,68918,0,1
56,19793,0,0
59,65528,0,0
62,81798,0,1
65,24319,0,0
31,28194,0,0
28,34309,0,0
59,73396,0,1
55,109296,0,0
21,41998,0,1
50,18468,0,1
24,27651,1,1
58,35405,1,1
25,29482,1,1
54,19409,1,0
27,81083,0,1
60,118195,0,0
32,100443,0,0
55,38426,0,0
32,69757,1,1
22,29436,0,0
46,31490,0,0
36,67136,0,1
27,43962,0,0
29,118772,0,0
21,44288,0,0
48,37236,1,0
35,29923,0,1
33,81786,0,0
57,70891,0,1
53,28264,0,0
42,82147,0,1
40,22928,0,0
29,49558,0,1
51,71369,0,0
53,81403,0,0
54,112225,0,0
20,60213,1,1
26,113631,0,0
35,18816,0,1
60,113162,1,0
52,50916,0,0
51,62838,0,0
58,26573,0,0
31,58334,1,1
21,99475,1,0
46,80364,0,0
58,28157,0,1
62,24322,0,0
32,17482,1,1
45,50867,0,1
59,94211,1,0
33,110956,0,0
29,92271,0,0
22,94386,0,0
51,21732,1,1
59,55753,0,0
18,119358,0,0
56,49422,0,0
49,113267,0,0
43,91964,1,0
34,71284,0,1
65,26311,0,0
44,84269,0,1
41,54579,0,1
52,88878,1,0
63,91000,0,0
59,63514,1,0
56,60311,0,0
43,25300,0,0
55,80375,0,0
40,49563,1,1
39,63960,0,1
21,94244,0,0
26,43090,1,1
21,31328,1,1
24,41654,0,0
40,21214,0,0
19,72740,0,1
41,79949,0,1
57,53913,0,0
48,42552,1,1
64,50377,0,0
48,40734,0,1
64,105257,1,0
57,33610,0,0
65,72607,0,0
60,94158,1,0
51,43875,1,1
41,70082,0,1
43,38226,0,1
33,42677,0,1
64,25298,0,0
30,50848,0,1
32,114291,0,0
44,78654,1,1
21,32744,1,1
33,38434,1,0
47,63001,0,1
61,82262,0,0
47,74633,1,1
53,63917,1,1
20,94804,1,0
39,61745,1,1
39,15907,1,0
29,106295,0,0
38,73602,0,1
21,28764,0,1
48,39409,0,0
61,23390,0,1
48,45172,1,0
40,115759,0,0
37,118512,1,0
32,55542,0,1
40,62324,0,1
45,63196,1,1
33,83901,0,0
54,40836,0,1
38,109090,0,0
32,36663,1,0
34,20951,1,1
54,30175,1,0
30,26027,1,0
36,90630,1,0
47,103617,0,0
62,27167,0,0
35,89305,0,1
31,38060,0,0
53,81556,1,1
53,92381,0,0
37,117148,0,0
36,116877,0,0
62,25485,0,0
61,118746,0,0
24,88450,0,0
61,23802,1,1
21,48314,0,0
51,63298,1,0
19,34565,0,1
22,108153,0,0
27,106145,0,0
49,59233,0,0
59,100907,0,0
58,63384,0,1
30,67485,0,1
56,99660,1,0
22,93253,0,0
27,77970,0,1
27,52669,0,0
55,41272,0,1
44,26842,0,1
38,79099,1,1
25,119012,0,0
18,17082,1,1
45,68804,0,1
56,41261,0,1
31,101506,1,0
38,24795,0,0
47,60309,1,1
38,76456,0,1
26,113564,0,0
34,35180,0,1
22,78288,1,0
48,61335,0,0
57,107887,0,0
55,119286,1,0
60,48268,0,0
36,81551,0,1
53,39489,1,1
50,74398,0,0
30,117267,0,0
31,69470,1,1
50,92402,0,0
46,116010,0,0
60,95808,0,0
53,47161,1,1
61,82635,0,0
27,86922,0,0
48,85874,0,0
23,75361,0,0
18,88836,0,0
24,75766,0,1
44,36400,0,0
38,39641,0,0
45,67233,0,1
33,84833,0,1
63,34332,0,1
40,30201,0,1
37,60382,0,1
55,61129,0,0
42,48808,0,1
45,93346,0,0
22,88524,1,1
38,71625,0,1
35,55327,0,1
64,34579,1,0
23,36483,0,0
46,15503,1,1
36,85880,1,0
50,23947,0,1
18,24533,1,1
62,62576,0,1
20,55916,0,0
59,61923,0,1
38,70162,0,1
52,95729,0,0
58,81917,0,0
57,22012,1,0
20,30213,0,1
42,42563,0,1
62,30212,0,1
55,110660,0,0
62,75188,0,0
37,61576,1,1
61,25711,0,1
62,110802,0,0
51,24515,0,0
38,35193,0,0
65,82667,0,1
40,17424,0,0
23,59344,0,1
30,78092,0,1
40,102359,1,0
26,74595,1,1
34,69626,0,1
19,24200,1,1
36,65469,1,1
36,38031,0,1
24,18216,0,1
59,60594,0,1
59,15016,0,1
37,117974,0,0
26,41378,0,0
34,115927,0,0
44,46734,0,1
64,93886,0,0
19,29450,0,1
53,16473,0,0
36,40525,0,1
34,43572,0,1
22,57028,1,0
56,52079,0,0
35,73967,0,1
24,67047,0,1
34,45110,0,1
56,116040,0,0
53,107424,0,0
57,16946,0,0
62,36943,0,0
21,30740,0,0
55,106981,0,0
42,89712,1,0
22,110402,0,0
47,59651,0,0
29,52269,1,1
21,92154,1,0
41,105272,0,0
46,53682,0,0
26,39601,0,1
21,47850,0,0
41,56132,0,1
31,65150,1,1
22,20804,0,0
35,100061,1,0
59,67034,0,1
36,60061,1,1
29,42419,0,0
35,38746,0,0
34,93348,1,0
47,107222,0,0
41,116388,0,0
28,82581,0,1
52,40336,0,0
40,60952,0,1
34,110996,0,0
18,62143,1,0
32,102204,0,0
49,74379,0,0
26,49320,0,0
32,113111,1,0
45,114128,0,0
41,51516,0,1
52,74789,0,0
39,86114,0,1
44,118501,0,0
36,76240,0,1
62,56798,0,0
29,101615,0,0
37,70920,1,1
18,81473,0,0
38,80326,0,1
62,88131,0,0
18,15424,0,0
27,78874,0,0
64,18051,0,0
49,116209,0,0
56,111878,0,0
39,74481,0,1
35,78872,0,1
65,92774,0,0
63,42786,0,0
49,110204,1,0
44,83230,0,0
45,84131,0,1
35,16267,1,0
56,80957,1,1
46,77645,0,0
35,34650,0,0
61,22017,1,0
25,24849,1,1
48,104049,1,0
51,77453,0,0
24,64117,0,0
53,72247,0,1
35,59899,1,1
55,56644,1,1
26,82762,1,0
26,19388,0,0
63,82958,0,0
25,54994,0,1
52,89805,1,0
35,92713,0,0
22,92568,1,0
31,87852,0,0
45,17843,0,0
47,43015,1,0
21,84647,0,0
56,60231,0,1
37,102579,1,0
42,110637,0,0
45,61546,1,1
29,66055,0,0
19,117528,1,0
60,108406,0,0
31,118283,0,0
39,64577,0,1
48,50169,0,0
40,56709,0,1
65,44415,1,1
37,30685,1,0
55,30963,1,1
21,44698,0,0
32,109686,0,0
41,77415,0,1
42,71400,1,1
18,70450,0,0
24,101962,0,0
48,65711,0,0
29,86571,0,0
59,87607,1,0
22,35578,0,0
61,108580,1,0
59,43842,0,0
55,31531,1,1
29,17170,0,0
56,105223,0,0
35,118422,0,0
19,22297,0,1
27,19163,0,0
32,55794,0,1
47,56787,0,1
61,72219,0,0
34,116243,0,0
21,119031,0,0
24,39448,1,1
58,84152,1,0
48,118709,0,0
56,112284,0,0
51,71437,0,0
23,43299,0,1
55,56119,1,1
62,92093,0,0
51,53648,0,0
61,29096,0,1
32,114317,1,0
31,89279,0,0
23,22391,1,1
54,89891,1,0
49,77830,0,1
20,85783,0,0
20,55286,0,0
39,86826,0,1
39,114612,0,0
27,106353,0,0
20,52595,0,1
29,77740,0,0
46,65929,1,0
65,47827,1,0
34,41209,0,1
24,112654,0,0
30,95752,0,0
19,88396,1,0
21,93961,1,0
27,28806,0,0
56,105447,0,0
41,40406,0,1
34,49360,0,1
23,95000,0,0
36,111123,0,0
22,53865,1,1
49,21458,0,0
27,24151,1,1
26,69869,0,0
44,117470,0,0
30,87024,1,1
36,39541,1,1
38,36803,1,0
41,58183,1,1
55,59776,1,0
21,77323,0,1
41,105254,1,0
52,26170,1,0
20,97966,0,0
21,62284,0,0
54,24260,1,0
57,22636,1,0
65,117491,0,0
52,51108,1,0
48,119481,1,0
61,30941,0,1
42,83971,1,1
57,43355,0,0
30,87836,0,1
21,102719,0,0
63,48733,1,0
31,22444,0,1
30,106291,1,0
44,103598,0,0
23,29610,1,1
34,81036,1,1
53,19554,1,1
57,40545,1,0
52,65139,1,1
34,76971,0,1
58,61059,0,0
19,21771,0,0
30,98035,1,0
19,84468,0,0
45,41055,0,1
60,52202,1,0
43,42700,1,1
39,18567,1,0
64,82194,0,0
60,57836,0,0
20,41627,0,1
52,53568,0,0
29,35760,0,0
41,44985,0,1
22,94944,0,0
37,110368,0,0
56,55785,0,0
56,50583,0,0
30,48738,1,1
58,39204,1,0
62,93821,1,0
29,113511,0,0
30,31643,1,1
27,85561,1,1
50,52126,0,0
57,73126,0,0
33,97424,0,0
62,60258,1,0
52,49527,0,0
20,38898,1,1
22,94923,0,0
43,71912,1,1
28,61435,1,1
24,18794,1,1
27,84126,0,0
59,29698,0,1
51,27332,1,1
20,24593,1,1
25,73132,0,0
48,110643,1,0
28,112026,0,0
62,116633,0,0
24,26036,0,0
62,109097,1,0
19,94908,0,0
23,68164,1,0
58,115396,0,0
49,34351,1,0
37,110863,1,0
51,73413,0,0
33,33059,0,1
42,42188,0,1
29,113591,1,0
24,82852,0,1
56,96795,0,0
34,116142,0,0
62,26829,0,1
28,88673,0,1
23,39502,1,1
40,42204,0,1
44,16265,0,0
63,50751,1,0
23,102821,0,0
55,39315,0,0
19,62457,1,0
39,61875,0,1
37,75359,0,1
42,58420,0,1
32,48379,0,1
46,79102,0,0
25,116827,1,0
54,69664,0,1
50,107688,1,0
39,85960,0,0
64,90475,1,0
22,74469,1,0
56,110789,1,0
35,49396,0,1
55,28176,0,1
54,80036,0,1
47,22907,1,0
48,18372,1,0
27,42572,0,1
32,39592,1,0
59,28102,1,1
65,40642,0,0
61,18139,0,1
35,92179,1,0
40,33643,0,1
50,115554,1,0
33,119425,1,0
55,75117,0,1
52,43780,0,0
51,97203,0,0
45,75332,1,1
19,45632,0,0
47,53493,0,1
30,63352,1,1
58,44408,0,0
33,104838,0,0
22,102157,0,0
45,93755,0,0
56,40939,0,1
62,61880,0,1
37,51843,1,1
41,93314,0,0
44,53930,0,1
47,44870,0,0
62,102657,0,0
44,73144,0,1
43,73103,0,1
24,55770,1,1
59,45158,0,0
64,103992,0,0
55,62401,0,1
22,27992,0,1
40,40390,0,1
45,60858,0,1
51,31756,0,0
32,36971,0,0
49,22071,0,1
43,108110,0,0
65,61517,0,0
48,99811,0,0
36,21586,1,0
26,34703,1,1
46,107301,1,0
56,91177,0,0
21,51735,0,1
20,81358,0,0
46,113525,1,0
28,54648,0,0
50,27129,0,0
55,96079,0,0
28,106499,0,0
44,51656,0,1
50,44665,0,0
38,28499,0,1
56,90888,1,0
48,34654,1,1
55,90653,0,0
63,101613,0,0
19,84529,0,1
44,33982,0,0
53,114970,0,0
28,96848,0,0
64,94874,1,0
35,45173,0,1
18,52525,0,1
52,107226,0,0
52,42328,0,0
48,26360,1,0
45,119419,0,0
56,118741,0,0
18,37625,0,1
42,59894,0,1
60,112386,0,0
55,31471,0,0
37,54883,0,1
20,107812,0,0
19,17703,1,1
35,91687,0,0
61,66570,0,0
27,107534,1,0
22,84683,0,0
26,80524,1,1
19,49515,0,1
51,88768,1,0
55,30151,0,0
48,90866,1,0
27,64190,0,0
29,91812,0,0
53,71195,0,0
38,79108,1,1
64,33535,0,1
23,117241,1,0
65,58050,0,1
20,47976,0,1
27,15599,0,1
22,72948,0,1
63,74867,1,1
43,18709,0,1
38,39110,1,1
62,64365,0,0
43,20723,0,0
55,70704,1,0
61,42394,0,1
43,79120,0,1
25,25316,0,0
22,37622,0,1
32,39844,1,1
33,66560,1,1
18,74921,1,0
33,36162,1,0
54,43833,0,1
20,32206,0,0
64,66747,1,0
48,105037,0,0
30,90827,0,0
33,92195,1,0
60,70387,0,1
38,40226,0,1
19,21500,1,1
44,16634,0,0
55,29059,1,0
43,85350,0,0
55,19076,0,1
63,53210,0,1
42,40931,1,1
28,47007,0,0
25,37744,0,1
25,45396,0,1
50,103619,0,0
24,116809,0,0
55,64954,0,1
38,105812,0,0
25,81038,0,1
38,27756,0,1
37,94798,0,0
25,25605,0,1
63,37416,0,0
48,71558,0,0
46,52487,1,0
65,108079,0,0
26,111816,0,0
32,17870,0,1
47,19758,1,0
43,53736,1,1
27,92195,0,0
46,80138,1,0
33,65250,0,1
53,55558,0,0
37,68092,0,1
62,90121,0,0
54,108439,0,0
39,70604,0,1
24,52039,0,0
40,84859,1,0
58,107506,0,0
57,115342,0,0
46,63745,0,1
33,20461,0,1
55,55831,0,1
45,66137,0,1
65,49030,0,1
55,20731,0,1
48,36500,1,0
31,90439,0,0
50,48117,0,0
26,109138,0,0
44,46174,1,1
41,48208,0,1
30,99728,0,0
43,94435,0,0
46,99482,0,0
60,83688,0,0
45,40960,0,1
45,25247,0,1
25,111342,0,0
40,106109,0,0
46,41038,1,0
22,42770,0,1
59,87485,1,1
24,79654,0,0
59,82741,0,0
53,72773,0,1
58,98391,0,0
44,67633,0,1
63,34564,1,1
19,93669,0,0
42,33114,1,0
26,47803,0,1
44,110321,0,0
18,118838,1,0
40,74341,0,1
27,38545,0,1
59,77759,0,1
42,91488,0,0
20,83071,1,0
23,68866,0,0
23,105257,0,0
19,85499,1,0
35,93243,1,0
40,78153,0,1
19,27860,0,1
29,94783,0,0
39,97946,0,0
54,32670,0,1
37,99766,0,0
56,56280,0,1
41,104694,0,0
65,76439,0,1
37,94423,0,0
18,50061,0,1
18,65764,0,1
34,38810,0,0
18,105894,0,0
62,60588,0,0
47,30933,0,1
58,45034,0,1
64,16947,1,0
20,34715,1,1
63,45956,0,0
28,102180,0,0
41,95846,1,0
39,102986,1,0
61,31303,1,0
62,39031,0,0
43,109786,1,0
30,102389,0,0
18,32977,0,1
41,57707,0,1
27,29465,0,0
52,90761,0,0
41,31640,0,0
45,46535,1,1
53,54280,0,1
33,17991,1,0
57,32801,0,0
33,104680,0,0
34,22965,0,0
32,28730,0,0
33,44553,1,1
32,23301,0,0
51,33936,0,1
28,29155,1,1
18,101653,0,0
32,63848,0,1
43,17042,0,0
21,33565,0,1
60,62602,0,0
22,52260,0,1
52,51326,0,1
30,57581,0,1
27,18658,1,1
28,96855,1,0
35,99614,0,0
51,117188,0,0
56,52548,0,0
58,34668,0,1
59,119256,0,0
40,55285,1,1
24,37546,1,1
56,52874,0,0
20,66318,0,0
29,52165,0,1
24,109434,1,0
43,77970,1,1
50,71820,0,1
54,110443,0,0
65,60411,0,1
32,109908,0,0
19,95358,0,0
58,100312,0,0
24,112942,0,0
49,90998,0,0
21,51479,0,1
37,114890,0,0
53,54906,0,1
49,88198,0,1
45,87940,1,0
30,57605,0,1
18,24542,0,0
52,96440,0,0
65,42774,0,0
47,23556,0,0
53,61123,0,0
42,93342,1,0
33,57586,0,1
36,29864,1,1
18,110552,0,0
22,73989,0,0
39,71093,0,1
41,48749,1,1
60,74739,1,1
62,57996,1,0
54,116856,0,0
53,32305,0,1
53,92474,0,0
21,31318,0,1
53,67810,0,0
35,100915,0,0
33,52820,0,1
58,76800,0,1
35,85942,0,0
39,35661,1,1
19,98394,0,0
38,45816,0,1
53,27850,0,0
61,93137,0,0
56,80057,0,0
64,54866,1,1
56,41644,0,1
46,67919,0,0
43,42428,0,1
38,73491,0,1
34,48380,0,1
33,87822,0,1
48,90604,0,0
26,90341,1,0
48,18017,0,0
31,101708,0,0
54,24926,0,0
19,59508,0,0
65,38486,0,0
63,110933,1,0
31,44511,1,1
50,25002,0,1
52,63586,0,1
56,83737,1,0
64,114056,1,0
37,79668,0,1
19,42048,0,1
58,110666,1,0
36,55324,0,1
54,81877,0,0
35,94517,0,0
33,89232,1,0
21,29525,0,1
29,67634,0,0
46,107081,0,0
24,109161,1,0
31,76491,0,1
29,20565,1,1
52,95483,1,0
22,110613,0,0
34,87053,0,0
59,29287,0,1
49,92365,1,0
27,17422,0,1
60,44060,0,0
34,56633,0,1
22,86521,0,0
62,28790,0,0
59,40168,0,1
26,39019,0,1
50,58739,1,1
53,18668,0,1
53,91280,0,0
35,43754,1,1
26,70614,0,1
46,100058,0,0
31,19509,1,1
42,17500,1,0
32,90440,0,0
23,41921,1,1
59,69551,0,1
46,31683,0,1
32,92952,1,0
46,29833,0,0
21,33290,0,0
35,115789,0,0
61,29003,0,0
56,86656,0,1
33,56253,0,1
28,94787,0,0
31,66025,0,1
20,103022,0,0
59,108870,0,0
55,86708,0,0
62,37706,1,1
59,99008,0,0
35,102231,0,0
37,119791,0,0
65,57732,0,0
42,91591,0,0
55,47716,0,1
30,21880,0,0
21,43949,0,1
31,100346,0,0
50,81064,0,0
45,58093,0,1
54,98844,1,0
25,37844,1,1
61,37360,0,0
51,102941,1,0
61,97782,0,0
22,108328,0,0
22,58322,0,0
48,35704,0,0
62,67646,0,1
26,63181,0,1
59,45589,1,0
49,102972,1,0
50,105179,1,0
20,98562,1,0
47,96229,1,0
29,24212,0,0
46,118500,0,0
20,28850,0,1
43,54767,0,1
47,22322,0,1
26,50911,1,0
43,61580,1,1
19,65622,0,0
20,110923,0,0
63,20678,1,0
21,80265,0,0
42,81918,0,1
30,36780,1,1
56,42506,1,0
61,57296,0,0
52,112384,1,0
40,54882,0,1
26,75510,0,1
19,57202,0,0
58,16705,0,0
61,86533,0,1
48,102983,1,0
61,55730,0,0
64,95071,0,0
19,105016,0,0
49,46051,0,1
35,92665,1,0
30,65467,0,1
63,45785,0,1
22,44402,0,1
59,17704,1,0
61,42027,0,1
27,74092,0,1
60,20725,1,0
42,79105,0,1
51,40223,0,0
54,107305,1,0
47,42384,0,0
24,77993,1,1
23,112681,0,0
20,113428,0,0
30,45027,0,1
20,27767,1,1
43,102017,1,0
41,118111,0,0
23,33354,0,0
60,63777,0,0
59,99682,0,0
29,36901,0,1
53,64966,1,0
19,83637,1,0
28,109263,1,0
56,114958,0,0
51,31515,1,0
43,39806,1,1
35,113698,0,0
38,18573,0,1
53,56941,0,1
57,106044,0,0
63,106521,1,0
61,58915,0,0
39,68780,1,1
47,20060,0,1
60,64094,1,0
47,71899,1,0
25,70421,0,1
51,60610,1,1
64,25933,0,1
26,87168,0,0
37,58898,0,1
57,103509,0,0
42,20589,1,0
36,26612,0,0
22,62611,0,0
28,33888,1,1
32,34417,0,0
25,76323,0,1
36,92551,0,0
40,60440,0,1
44,50744,0,1
57,98391,0,0
49,26891,0,0
43,108298,0,0
44,87131,0,0
36,77093,1,1
59,65294,0,0
46,43557,1,0
56,102472,1,0
58,76166,1,1
50,98817,0,0
36,17192,1,1
54,60032,1,1
36,114395,0,0
50,64851,0,1
64,57861,0,0
33,49946,0,1
40,64884,0,1
24,61360,0,1
43,78252,0,1
49,112845,1,0
29,56472,0,0
25,50455,0,0
22,43672,0,0
59,18756,0,0
45,119365,0,0
22,103454,1,0
43,85030,0,0
22,73151,0,1
39,49047,0,1
32,87074,1,0
30,77391,1,1
45,17221,0,1
50,20164,0,1
60,48622,1,1
40,50980,1,1
50,66738,0,1
60,99688,0,0
35,94921,0,0
47,38612,0,1
43,93066,0,0
33,83876,0,0
30,75572,0,1
56,103660,0,0
50,48043,1,0
43,92831,1,0
65,100783,0,0
18,81250,1,1
55,53822,0,1
19,74424,0,1
23,81345,0,1
63,67878,1,0
55,79963,1,1
59,110680,1,0
41,100898,0,0
35,15036,1,1
44,47402,1,1
58,105034,0,0
25,108923,1,0
45,25273,0,0
27,40030,1,1
34,67460,0,1
46,91939,0,0
23,95573,1,0
31,34039,0,1
39,29017,0,1
23,97901,0,0
43,54215,1,1
56,27583,0,0
29,47919,1,1
52,62025,1,1
31,59254,0,1
39,61275,0,1
40,72943,0,1
65,24514,0,0
24,53416,0,0
57,16511,0,0
42,33642,0,1
30,97151,0,0
38,112125,1,0
58,66894,0,0
27,39225,1,1
26,35846,0,0
32,44152,0,1
19,81107,0,1
42,65354,0,1
30,41188,1,1
51,75910,0,0
51,57530,0,0
52,93753,0,0
55,56999,0,1
20,21609,0,0
59,73769,0,1
23,62397,0,0
65,64322,0,1
36,20151,0,0
20,21406,1,1
35,77678,0,1
56,62062,0,1
26,95429,0,0
29,47956,0,0
22,68830,0,0
20,87681,0,1
28,119231,0,0
47,113903,0,0
21,28133,1,1
22,27209,1,1
18,107501,0,0
44,89681,0,1
45,69345,0,1
46,57585,1,1
35,49638,1,1
29,35645,0,0
30,33408,0,0
58,27521,1,0
19,102414,1,0
54,53221,0,0
62,115131,0,0
33,36086,0,0
65,31923,0,1
41,96761,0,0
52,22202,0,0
39,110675,1,0
53,112510,1,0
28,107477,1,0
63,52206,0,0
46,34885,0,0
52,26218,0,1
65,60692,0,0
32,67689,0,1
48,109286,0,0
59,112148,0,0
58,21716,0,0
60,31088,0,1
33,46001,0,1
27,37584,0,0
49,19286,1,0
19,19739,0,0
41,45158,0,1
40,115393,0,0
19,20605,1,1
55,71492,0,0
48,18321,1,0
57,59541,0,0
43,66701,0,1
46,114520,1,0
20,118189,0,0
31,27170,0,0
42,71045,0,1
65,23933,0,0
18,103228,0,0
20,112010,0,0
43,24906,0,0
35,38814,1,0
26,116101,0,0
55,15818,0,0
40,23434,0,0
38,71153,0,1
18,45571,0,0
38,55694,0,1
44,109426,1,0
59,60485,0,1
23,27069,0,0
61,72198,0,1
53,113316,0,0
45,53662,1,1
62,103970,0,0
34,67169,0,1
57,87928,1,1
20,31102,1,1
29,48457,0,1
56,102798,1,0
29,67290,0,1
19,26932,0,1
63,26766,0,1
39,103247,0,0
40,28292,0,1
47,101223,0,0
22,62631,0,0
26,106435,0,0
38,87944,0,0
28,91230,1,0
22,49533,0,0
52,95773,0,0
44,20778,0,1
19,50059,0,0
41,107097,0,0
48,19866,1,1
50,88965,0,0
56,75661,1,0
47,58352,0,0
63,103373,1,0
54,65736,0,1
45,49075,1,1
48,115389,0,0
28,106931,0,0
40,96951,0,0
19,112522,0,0
57,39104,0,1
58,80827,0,0
44,84222,1,1
52,16642,0,0
19,112013,0,0
56,77845,0,0
54,104686,0,0
38,23769,0,0
22,110369,0,0
62,84445,0,1
38,65375,0,1
46,47078,0,1
37,27268,1,0
55,25844,0,0
37,89174,0,1
42,75763,0,1
19,117677,0,0
49,26233,0,0
43,45496,1,1
23,32806,1,1
58,55326,0,0
20,93807,0,0
50,54513,1,0
18,66761,0,0
22,34465,0,1
30,54502,0,1
36,94396,0,0
29,23250,1,1
65,75503,1,0
42,36310,0,1
52,108518,1,0
29,47206,0,1
47,24764,1,1
22,70596,0,0
51,27842,0,0
39,118027,0,0
56,104579,0,0
30,118507,0,0
64,17976,0,1
20,22426,1,1
37,37887,1,1
48,41710,0,0
22,56387,1,0
41,62470,1,1
57,21486,0,0
50,54258,0,1
25,37623,1,1
41,38806,0,1
37,20973,0,1
33,61215,0,1
29,60939,0,1
30,44157,1,1
62,20521,0,1
59,27891,1,0
56,97331,1,0
42,37474,0,1
63,41507,1,1
49,25687,0,0
41,113550,0,0
65,26009,1,0
64,103762,0,0
61,103484,1,0
26,115475,0,0
57,59291,1,1
40,63296,0,1
30,55225,0,1
49,102638,0,0
32,49828,0,1
53,51102,0,1
22,71342,0,1
39,48712,0,1
33,41823,0,1
58,20361,0,1
27,106374,0,0
41,95174,1,0
35,53052,1,1
35,38265,0,0
24,105287,0,0
21,57012,0,1
43,25916,0,0
22,90045,0,0
33,60532,0,1
52,111638,0,0
43,62659,0,1
35,104860,0,0
46,29003,0,0
40,108479,1,0
31,57634,1,1
32,113637,1,0
50,110479,0,0
42,89992,0,0
38,26369,0,0
34,34329,0,0
40,93754,0,0
60,101700,1,0
34,117960,1,0
31,27410,1,1
46,44730,1,0
37,17665,0,0
47,54899,1,0
36,52703,1,1
56,80951,0,1
30,114011,0,0
35,39172,0,0
40,17684,0,0
63,88030,0,0
50,34750,1,0
56,34887,0,0
57,35826,0,1
35,21180,0,0
26,61779,0,0
50,83095,0,0
49,77288,1,1
34,55905,0,1
36,84507,1,0
44,116261,0,0
23,71068,0,1
52,33113,1,1
54,57861,1,0
51,93487,0,0
37,40617,1,1
42,113330,0,0
21,17583,0,1
27,106164,0,0
27,41250,0,0
41,18055,0,0
38,87337,0,0
28,49426,0,1
44,117255,0,0
33,75532,0,1
43,104376,1,0
47,24933,0,0
33,46979,0,1
24,60047,1,1
33,19137,0,1
52,26423,0,0
33,104851,0,0
57,49482,0,1
29,59156,0,0
52,67483,1,1
38,116651,0,0
60,49754,0,1
53,51312,0,1
65,38363,0,1
34,32085,1,1
49,71889,1,0
58,117090,0,0
23,94951,1,0
41,71414,1,1
44,62052,0,1
37,101934,1,0
42,47691,1,1
19,87195,0,1
26,101180,0,0
45,69697,1,1
55,18044,0,0
20,18883,1,1
37,46712,0,1
23,99860,0,0
56,36545,0,0
50,33204,0,1
18,38268,0,0
54,96298,1,0
23,108907,0,0
62,99383,0,0
51,51139,0,0
64,90652,0,0
32,110661,1,0
62,111940,1,0
43,43436,0,1
31,83324,0,0
24,112685,0,0
63,19125,0,0
48,84142,1,0
41,56534,0,1
48,113524,0,0
46,101842,0,0
59,57973,1,0
49,91369,1,0
34,102533,1,0
31,48521,1,1
57,110484,1,0
53,22488,1,1
65,54974,1,0
41,57448,1,1
62,22938,0,0
44,66113,0,1
42,119262,0,0
49,30770,0,1
35,67635,1,1
63,87171,1,1
35,89165,0,1
54,72822,0,0
43,64934,1,1
26,80526,0,0
52,112204,0,0
25,36487,1,1
37,68319,0,1
59,27869,0,1
39,89755,0,0
36,55797,0,1
47,71298,0,1
45,97209,0,0
52,97299,0,0
60,59933,0,0
28,91579,1,0
48,24570,0,1
65,21886,0,0
56,82494,0,0
53,58087,0,1
47,105177,0,0
40,82719,0,1
36,109606,1,0
29,18774,1,1
32,44018,0,1
48,100839,0,0
60,29272,0,1
54,37586,0,0
54,48545,1,1
32,17566,0,0
46,91489,1,0
60,80355,1,0
43,46696,0,1
61,87940,0,0
19,113382,0,0
37,82117,0,1
32,94602,1,0
21,55735,0,0
39,88375,0,1
55,115466,1,0
40,65637,0,1
43,37129,0,0
28,45845,0,0
45,94449,0,0
19,81500,0,0
25,25739,0,0
46,73172,0,0
28,17673,0,0
54,118597,0,0
35,46171,1,1
31,104179,0,0
27,115022,0,0
52,25624,1,0
26,81764,1,0
52,67930,1,0
28,49608,0,0
61,64649,0,0
29,97456,0,0
20,34689,1,1
56,78503,0,0
31,87660,0,1
45,57124,0,1
28,111875,0,0
56,22587,0,0
42,18527,1,0
38,48067,1,1
27,66538,0,0
60,84499,1,0
32,52455,0,1
36,117475,0,0
65,35243,0,0
39,47693,0,1
38,84231,0,0
61,89648,0,0
49,47059,1,1
40,73867,1,1
30,87778,0,1
22,90477,0,0
21,70283,0,1
45,78853,0,1
31,35001,0,0
25,17700,0,1
26,65157,0,0
52,33085,0,1
54,78883,0,0
38,73147,1,1
35,28339,1,0
50,30834,0,0
25,91620,0,0
34,44543,1,1
60,50930,0,1
48,56074,0,1
51,112438,0,0
23,75673,0,0
39,44044,0,1
31,93673,0,0
20,49905,0,1
29,69004,1,1
53,77761,0,0
29,86484,0,0
62,113103,0,0
19,111725,0,0
19,112407,0,0
32,98725,0,0
40,103333,0,0
46,84105,0,1
34,41012,1,1
49,78696,1,0
24,93513,0,0
47,112585,0,0
45,36694,1,1
31,59388,0,1
61,113760,1,0
47,97368,0,0
34,47835,0,1
49,82398,0,0
63,33186,1,1
23,44545,0,1
41,59391,1,1
23,88855,1,0
44,119199,0,0
35,60788,0,1
41,43401,0,1
54,112764,0,0
41,73611,1,1
55,27202,0,0
51,78368,0,0
57,118819,0,0
64,100658,1,0
32,48135,0,1
28,103121,1,0
39,78535,1,1
41,29897,1,0
18,36291,0,0
35,113362,0,0
61,68408,0,1
29,88830,0,1
60,69093,1,1
45,19507,0,0
57,43854,0,1
24,30475,0,0
40,59905,0,1
38,94870,0,0
51,99366,0,0
28,107814,0,0
39,99285,0,0
59,111047,0,0
52,118005,0,0
46,55185,0,0
59,79398,1,0
45,105608,1,0
35,111682,0,0
31,91593,0,0
35,41427,0,1
45,70535,1,1
41,91572,1,0
25,78690,0,1
59,29060,1,0
62,65641,0,1
25,28607,0,1
21,115638,1,0
44,78560,0,1
53,79213,0,0
22,104610,1,0
50,76776,0,0
51,63864,1,0
47,100309,0,0
25,47970,0,1
56,113534,0,0
64,43210,0,0
43,59088,1,1
54,75035,1,0
51,26683,0,0
24,17962,0,1
57,115631,1,0
45,77248,1,1
56,110536,1,0
56,109673,0,0
45,50552,0,1
31,114107,1,0
55,60321,1,0
21,62350,0,0
59,78565,0,1
35,58861,0,1
61,54164,1,0
65,97095,1,0
42,59963,1,1
24,86227,0,1
55,18532,0,1
45,35733,1,0
22,98463,0,0
20,58114,0,1
61,94018,0,0
48,107217,1,0
64,20456,0,1
59,18413,0,1
37,22085,0,0
36,42937,0,1
65,35563,0,1
28,89868,0,0
57,52575,1,0
20,22386,0,0
40,106873,0,0
24,115244,1,0
40,74150,0,1
24,44572,0,0
63,113960,0,0
51,50271,1,1
59,64810,1,1
36,79260,0,1
26,91566,0,0
65,28138,1,1
35,62369,0,1
58,30646,1,0
65,43812,0,1
62,103958,0,0
59,91181,0,0
42,29628,0,0
31,39486,0,0
61,102945,0,0
42,54266,0,1
36,103268,0,0
56,61557,0,1
32,99961,0,0
33,92731,1,0
44,99258,1,0
57,31494,0,0
27,36571,0,0
21,49486,0,1
36,103436,0,0
45,76635,0,1
38,15125,0,1
64,63814,1,1
31,34318,0,0
50,77363,0,0
65,119221,1,0
27,58162,0,0
36,22590,0,1
47,49850,0,0
39,27134,1,1
20,40230,0,0
54,30058,0,1
58,94837,1,0
35,118397,0,0
28,42039,1,1
65,80820,0,0
19,53334,1,0
29,58525,1,1
23,99194,0,0
60,43443,0,0
57,18972,1,0
61,79936,0,1
46,106703,0,0
47,94215,1,0
19,44519,0,1
26,106240,0,0
64,117417,0,0
19,112484,0,0
46,94914,0,0
50,90864,0,0
27,70881,1,0
51,39732,0,1
61,32673,0,1
25,90909,1,0
54,20720,0,1
50,74115,0,1
64,66940,1,1
23,20153,0,1
61,86762,0,0
57,83512,0,1
62,53019,0,0
36,116803,1,0
49,99833,0,0
44,31587,0,1
18,33206,1,1
60,106471,0,0
50,110169,0,0
57,25736,0,0
49,21971,0,0
22,71577,0,1
34,90043,0,0
25,40724,0,0
59,102702,0,0
51,93694,0,0
26,106310,1,0
40,70155,0,1
52,26108,0,0
24,92613,0,0
32,84711,0,1
37,71938,0,1
42,116163,1,0
20,83498,1,1
63,94152,0,0
41,112789,0,0
51,32751,0,0
63,85746,0,0
39,47390,0,1
28,116213,0,0
65,116709,0,0
25,30993,0,0
56,75403,0,0
60,41859,1,0
52,35878,1,0
63,95459,0,0
55,114124,0,0
25,42100,0,0
54,104622,1,0
44,77284,1,1
45,74976,1,1
57,55023,0,1
51,62709,0,1
49,113107,0,0
32,91553,0,0
61,69524,0,0
34,117757,0,0
50,100049,1,0
64,59974,1,0
63,61478,0,1
33,68768,1,1
46,95396,0,0
26,88622,1,1
50,63544,1,0
46,33050,0,0
30,34784,0,1
38,26774,0,1
38,49968,1,1
22,73236,0,1
27,92678,1,0
23,65135,0,1
30,38007,0,0
18,40158,1,1
37,86587,0,0
64,112112,0,0
63,19115,0,1
25,99560,0,0
27,74317,0,0
26,21371,0,0
58,109226,0,0
20,54355,1,0
28,112956,0,0
29,58375,1,1
27,89616,0,1
42,82419,0,0
42,85357,0,1
28,117126,0,0
53,23338,0,0
56,37007,0,0
43,17477,1,0
31,93671,0,0
56,57423,0,1
57,90973,0,0
18,63100,1,0
21,90038,0,0
47,44236,1,0
29,15368,0,0
52,40839,0,0
30,116051,0,0
48,88098,1,1
55,22139,0,0
60,42141,0,0
40,79262,0,1
21,21704,0,0
33,16887,0,0
24,26975,0,0
39,15544,0,0
46,99984,1,0
28,103366,0,0
50,61323,0,0
46,65382,0,0
56,38926,1,0
29,111538,0,0
24,28333,0,0
56,31942,0,1
59,95220,0,0
65,106624,0,0
43,37447,0,0
57,89397,0,1
26,39833,1,1
58,97990,1,0
51,81586,0,1
62,100958,0,0
30,36530,1,0
53,62060,1,1
42,96292,0,0
41,84558,0,1
61,56104,1,1
34,17634,0,1
19,80210,1,0
30,107681,0,0
48,22288,0,0
46,89528,0,0
45,49253,0,1
44,42005,0,1
32,64824,1,1
48,92702,0,0
57,108601,1,0
32,68574,0,1
50,32798,0,0
37,75712,0,1
59,44301,1,0
29,70267,0,1
54,18894,0,0
26,18846,1,1
40,78571,0,1
25,29481,1,1
49,57154,1,0
65,66176,0,0
31,71628,0,1
44,110757,1,0
42,23048,0,0
30,42386,0,1
38,48336,0,1
62,119794,0,0
48,38853,1,0
54,49713,1,1
65,72690,1,1
60,31791,1,0
22,84764,0,0
30,92481,1,0
45,56573,0,1
60,54899,0,1
42,105217,1,0
52,115522,0,0
64,29975,1,1
56,88247,0,1
24,27105,1,1
55,64645,0,1
49,45146,0,0
20,95774,0,0
62,18868,0,1
56,68537,0,0
54,59294,1,1
39,76264,0,1
25,90596,0,0
34,20433,0,1
44,37612,0,1
50,32822,0,0
63,49120,0,1
34,56004,0,1
59,36294,1,1
29,99300,0,0
65,85096,0,0
63,97119,0,0
44,96096,0,0
65,19424,1,1
25,55615,0,1
40,41863,0,1
59,44469,0,1
46,118101,1,0
37,38184,0,0
33,104446,0,0
34,102940,0,0
33,50175,0,1
36,69649,0,1
25,78872,1,1
55,84327,0,0
55,47208,1,1
46,67445,0,1
58,66998,0,1
53,71994,1,1
43,119812,0,0
48,67463,0,0
61,74895,1,1
29,90165,1,0
34,47894,1,1
32,36990,1,1
26,57580,0,0
56,88230,0,0
59,51087,1,0
65,23673,1,0
29,53199,0,0
49,47187,0,0
42,84914,0,1
56,38553,0,0
35,67287,0,1
32,58780,1,1
49,119794,0,0
23,103060,0,0
61,97158,0,0
60,16420,0,1
52,62440,0,1
51,80876,0,1
55,59310,0,0
22,58953,0,0
35,19987,0,0
33,106598,0,0
25,60517,1,1
42,47456,1,1
49,53180,1,0
43,77237,0,1
39,105844,0,0
48,100398,0,0
60,72505,1,0
27,88206,0,0
29,104782,1,0
45,94302,0,0
23,44681,0,0
37,23323,0,1
22,82393,1,0
40,62223,0,1
26,111123,0,0
46,106354,1,0
33,75832,0,1
63,40247,0,1
39,113808,0,0
25,99076,0,0
37,106373,0,0
31,23484,1,0
56,45682,0,1
54,112243,1,0
51,85459,0,0
28,57019,0,1
57,96456,1,0
50,58263,0,0
48,36938,1,1
61,69890,1,0
51,28319,0,0
24,74432,0,0
40,75772,0,1
63,21900,1,0
24,82696,0,0
42,31236,0,1
20,79255,0,0
55,71485,0,0
37,77293,0,1
51,21221,0,0
61,40294,1,0
61,25038,0,0
47,100187,0,0
34,68649,0,1
27,38360,1,1
52,23255,0,0
37,83235,0,0
35,102464,0,0
62,63169,0,0
61,15372,0,0
44,68179,0,1
53,72649,0,0
40,33898,0,1
49,65083,1,1
27,38855,0,1
28,49758,1,1
55,24607,0,0
23,89089,1,1
58,20383,0,1
64,75112,0,0
51,15715,1,0
53,24837,0,0
54,72886,0,0
34,65699,1,1
57,94486,1,0
57,88528,0,1
29,41817,0,1
38,64803,0,1
57,114354,1,0
36,93893,0,0
20,85278,1,0
35,75345,0,1
36,28369,0,0
64,75428,0,0
23,20044,0,0
33,80123,0,0
25,90824,0,0
65,105914,0,0
35,22261,0,0
65,33064,0,0
60,90335,0,0
56,84058,1,1
29,28690,0,1
62,17057,0,1
27,116025,1,0
24,52589,0,1
63,115867,1,0
18,29559,0,0
53,28692,0,1
38,63429,0,1
54,80738,0,0
41,114245,0,0
42,31972,0,0
24,56530,1,0
59,90073,0,0
34,82178,0,0
46,16365,0,0
47,80544,1,0
24,64683,0,0
50,109356,0,0
24,73896,1,0
41,114339,1,0
28,33001,0,1
26,21722,1,1
29,35100,0,0
52,32460,1,0
21,104523,0,0
53,76645,1,1
45,84551,1,0
30,83498,0,1
40,19840,0,1
36,65064,0,1
59,101069,0,0
54,100990,0,0
56,63105,1,1
41,20699,0,0
33,20922,0,0
50,39919,0,1
29,73536,0,0
51,41508,0,0
24,102200,0,0
28,112806,1,0
48,40278,1,0
46,29862,1,1
30,28598,1,0
48,82434,0,1
19,103475,1,0
56,111824,0,0
32,39774,0,0
28,67384,0,1
51,17822,0,0
56,52252,0,0
21,105585,0,0
28,102420,0,0
46,28052,0,0
19,98574,1,0
33,97511,0,0
56,115152,1,0
30,28269,0,0
54,83577,0,0
34,31551,0,0
38,84915,1,1
61,22661,0,1
36,79547,0,1
24,87503,0,1
55,110406,0,0
25,75614,0,1
30,96210,1,0
54,100930,0,0
19,28531,0,0
58,36370,0,0
28,68000,0,1
41,33565,1,1
23,15832,1,1
43,61978,0,1
24,97941,0,0
56,25185,1,1
36,18492,0,1
23,73238,0,1
60,73859,1,1
46,59630,0,1
60,80824,0,0
56,55584,0,0
19,16076,1,1
36,49139,0,1
21,81610,0,1
23,52702,1,1
54,42535,1,0
45,113343,0,0
47,78737,0,0
24,78705,0,1
26,84810,0,0
42,43198,0,1
50,110395,1,0
18,74113,0,0
23,118800,0,0
35,60760,0,1
27,72840,0,0
45,50276,1,1
28,92554,1,0
50,76913,0,1
18,73028,0,0
30,88608,0,0
54,28348,0,1
37,61678,0,1
18,28952,0,0
20,15318,0,0
35,92354,0,0
58,41011,0,1
31,33787,0,1
48,78428,0,0
44,27516,1,1
34,114032,0,0
63,49055,1,1
46,117305,0,0
53,23752,0,1
54,81911,0,0
43,95506,0,0
34,74850,1,1
39,113328,0,0
42,32538,0,0
19,27657,0,1
39,32843,0,0
22,96119,0,0
21,36491,0,0
53,118010,0,0
23,61431,1,0
38,78475,0,1
30,57180,0,1
54,33540,0,0
42,86515,1,0
43,75635,1,1
56,22943,0,0
37,23911,0,1
50,55254,0,0
31,114409,0,0
53,78000,0,0
34,84305,0,1
38,17479,1,0
63,25112,0,1
33,85267,0,0
63,77612,0,0
33,91897,1,0
37,116476,0,0
46,61809,0,0
45,47205,0,1
25,105105,0,0
41,87604,0,1
20,21557,0,0
42,51098,0,1
36,53790,0,1
50,49826,0,1
19,37074,0,0
32,102691,0,0
39,116925,0,0
27,117295,1,0
35,111320,1,0
39,47401,1,1
63,26565,0,0
44,105236,0,0
30,79702,0,1
50,64926,0,0
22,95873,0,0
43,26112,0,1
30,94297,0,0
44,23885,0,0
31,16376,1,0
41,20939,0,1
20,56949,0,0
64,17846,0,0
47,87353,1,0
52,22430,1,1
65,41328,0,0
31,26151,0,1
29,74797,1,0
45,42619,0,1
61,49484,1,0
46,42664,0,1
60,21780,0,0
34,83867,1,0
57,43604,0,0
38,32762,0,0
40,38765,0,1
37,78726,1,1
28,52043,0,1
51,102458,0,0
27,74051,0,0
27,104230,1,0
60,25556,0,1
23,94091,0,0
53,25004,0,0
41,73956,1,1
29,118726,1,0
60,35810,0,0
40,77000,1,1
44,91724,0,0
62,15247,0,0
54,35762,1,1
23,60995,0,0
18,74423,0,0
23,94347,1,0
39,84277,0,1
58,76969,0,1
41,44052,1,1
42,64214,0,1
32,49319,0,1
43,86842,0,1
25,83541,0,0
41,83858,0,1
65,96544,0,0
55,55765,0,0
23,39870,1,1
52,27466,0,1
59,60284,0,0
18,65034,1,0
63,48161,1,0
53,83275,0,0
29,75811,0,0
55,117471,0,0
28,68565,0,1
29,76314,0,1
59,68626,0,1
56,93730,0,0
24,84767,1,0
28,66929,1,0
53,108804,0,0
48,81937,0,1
50,23086,1,0
30,77582,1,1
35,114209,1,0
58,81065,0,0
41,55779,0,1
26,38462,1,1
48,62769,0,0
58,117922,1,0
27,70878,0,1
19,31956,1,1
55,97563,0,0
32,100991,0,0
20,59555,0,0
60,60602,1,0
48,20605,0,1
23,91213,0,0
20,31938,0,0
28,74502,1,1
32,67545,0,1
62,58534,0,0
45,30009,0,0
27,45246,0,0
55,43185,0,0
64,109831,0,0
24,106055,1,0
32,101488,0,0
35,61642,0,1
35,24185,1,1
58,79366,1,1
41,34843,1,1
19,32505,0,1
57,43022,0,0
37,76609,0,1
51,69261,0,0
60,31439,0,1
43,95196,1,0
24,89385,0,0
55,110164,0,0
47,105371,0,0
59,85272,0,0
22,50377,0,1
28,18909,0,1
18,29867,0,0
51,79685,0,1
18,15794,1,1
36,98481,0,0
19,73527,1,1
38,30369,0,0
37,38807,1,1
40,25856,0,0
38,21795,1,1
41,109921,0,0
21,46063,0,0
29,75951,0,1
39,53260,0,1
37,25149,0,1
35,107205,1,0
18,41328,0,1
47,118303,0,0
50,118501,0,0
41,84098,0,1
31,48623,0,1
53,57255,0,0
22,51389,1,1
28,19206,0,1
41,114342,1,0
48,78565,0,0
30,117900,1,0
33,35897,0,0
41,94687,1,0
30,19370,0,0
41,39045,0,1
43,102236,0,0
19,116751,0,0
33,102770,0,0
55,67584,0,1
63,63671,0,1
18,30326,1,1
28,118533,1,0
52,82777,0,0
60,45639,0,0
46,75874,0,1
54,54766,1,1
34,36278,1,0
56,86980,1,1
59,83551,1,0
45,95439,1,0
46,54583,1,0
60,108679,0,0
20,85400,1,1
27,24676,1,1
59,19234,0,1
31,36340,0,0
29,99259,0,0
64,23526,1,1
59,87378,0,0
47,49626,0,1
49,16207,1,0
49,97844,0,0
59,77420,1,1
49,67097,1,1
43,79414,1,1
18,20429,0,0
59,68591,1,1
19,22591,0,0
34,53660,0,1
47,92313,0,0
56,119249,0,0
24,55459,1,0
44,93084,0,0
26,117331,1,0
39,77099,0,1
51,117599,0,0
63,77848,0,1
18,112591,0,0
26,93405,1,0
37,104399,1,0
36,19661,0,1
53,59802,1,0
57,33782,0,1
62,64179,0,1
21,16898,0,0
26,93455,0,0
58,55068,1,1
39,82963,0,0
35,114929,0,0
29,91303,0,0
59,98956,0,0
60,73654,0,0
56,51123,0,1
26,71198,1,1
23,67872,0,1
36,19902,0,1
65,41850,0,1
64,63554,0,0
24,58034,1,1
33,79843,0,1
22,102156,0,0
33,23280,0,0
18,95490,1,0
54,61814,1,0
56,72465,0,1
36,61973,0,1
54,52729,0,1
34,47800,1,1
43,118002,0,0
39,89423,0,0
25,112143,0,0
50,112677,0,0
19,93871,0,0
47,86713,0,1
64,56206,0,0
37,18926,0,0
35,75445,0,1
60,58056,0,1
27,90690,0,0
41,83495,1,1
21,99147,0,0
54,49161,0,1
21,74251,1,0
30,33407,0,0
42,93561,0,0
30,86600,0,1
35,71714,0,1
41,21639,0,0
19,17478,0,0
65,79546,1,1
50,88465,1,1
36,112862,0,0
26,77876,1,1
45,103373,0,0
52,56941,0,0
56,44974,0,0
27,59183,0,0
18,23418,0,1
59,98186,0,0
38,115361,0,0
26,72148,1,1
64,94919,0,0
32,46708,0,1
52,116245,0,0
22,47924,0,1
58,38382,1,0
39,41649,1,1
58,111676,1,0
40,113099,1,0
24,45373,0,1
40,97680,0,0
61,89501,0,1
42,37791,1,1
44,73896,0,1
58,38115,0,1
23,32341,0,1
51,31637,0,0
26,39269,0,1
50,98489,1,0
23,108330,0,0
54,38877,1,0
48,55273,1,1
51,71035,1,1
58,27405,1,1
46,108348,0,0
31,77309,1,1
53,56767,0,0
53,24973,1,0
32,73565,0,1
25,104461,0,0
43,38091,0,0
53,34584,0,1
65,119861,1,0
38,89607,1,0
45,85624,0,0
21,31550,0,1
33,17063,1,0
39,107816,0,0
29,88839,1,1
33,26631,0,0
57,16125,0,0
55,50409,1,1
59,65581,0,1
54,37485,0,0
46,93330,1,0
35,98554,1,0
27,89398,1,0
59,116415,0,0
56,16690,0,1
35,30740,0,0
18,63643,0,0
56,103560,1,0
38,100877,0,0
18,24156,0,1
32,52214,1,1
21,111589,1,0
37,78389,0,1
27,90694,0,0
40,17808,1,1
58,77987,0,1
51,85938,1,0
63,82500,1,0
65,77167,0,1
50,75734,0,0
51,32206,0,0
56,24629,0,1
27,47337,0,1
37,115365,1,0
18,102095,1,0
30,78829,0,1
18,84401,1,0
22,84830,0,0
33,61939,1,1
32,27965,0,0
45,27228,0,1
48,63419,0,1
40,111913,0,0
65,64229,0,0
62,115463,1,0
60,27822,0,0
34,45070,1,1
51,83723,0,1
30,22135,0,1
31,94044,0,0
28,114093,1,0
45,114626,0,0
59,54441,0,1
49,54884,1,1
52,106603,0,0
48,33043,0,1
34,111108,0,0
64,90043,0,0
26,18062,0,0
27,105236,1,0
25,67214,1,0
38,98990,0,0
30,68409,0,1
22,25868,0,0
23,83089,0,1
47,110089,0,0
48,109047,0,0
34,32428,0,0
28,86493,0,0
37,85114,1,0
65,53389,1,0
26,49734,0,0
19,91084,1,0
54,80107,0,0
18,101889,0,0
21,99170,1,0
53,26679,1,1
42,62743,0,1
20,39717,0,0
26,40579,1,1
39,79102,0,1
40,107266,0,0
29,49782,1,1
27,85160,0,0
51,38103,0,0
60,106080,1,0
27,68077,0,1
47,43534,0,0
39,53636,0,1
23,114108,0,0
19,65486,0,0
47,109096,0,0
19,48435,0,1
49,48152,0,1
59,73952,0,1
33,34638,0,0
29,116744,0,0
18,31396,0,0
25,55494,0,1
65,41783,0,1
30,20403,1,1
32,79052,1,1
61,38838,0,1
25,53919,0,1
27,92895,0,0
63,62995,0,1
22,37614,0,0
36,90593,0,0
64,15100,0,1
55,109191,1,0
28,76720,0,1
60,85514,1,0
37,25988,0,0
37,95067,0,0
38,119838,0,0
35,92167,1,0
27,92229,0,0
51,116471,0,0
43,53148,0,1
47,28823,1,0
26,39696,0,1
63,26629,0,1
48,18856,1,1
59,46051,0,1
21,81611,0,0
23,101333,0,0
31,48469,1,1
21,116652,0,0
43,88721,0,1
64,108377,1,0
65,87372,0,0
56,61072,1,1
34,105132,0,0
36,58406,0,1
23,102754,0,0
46,50017,1,0
28,25705,0,0
33,34606,0,0
47,101911,0,0
42,107469,1,0
57,88654,0,0
28,50319,0,1
24,107185,1,0
43,72254,1,1
39,60318,0,1
42,17214,1,0
36,89070,0,0
48,64869,0,1
43,50228,0,1
59,59696,0,0
58,18255,1,1
53,42841,1,1
40,20334,0,0
64,92817,1,0
30,55522,0,1
42,54708,0,1
19,80150,1,0
19,45697,1,1
33,25722,0,1
26,116936,0,0
45,80480,0,1
30,31029,0,0
52,80550,0,0
58,92042,0,0
30,23208,0,1
48,107693,1,0
38,90507,0,0
49,103719,0,0
51,103499,1,0
25,116383,0,0
58,23127,1,0
65,62782,0,0
19,30646,0,1
55,105891,0,0
49,98744,0,0
57,37713,0,1
45,47267,0,1
54,18864,0,0
58,91197,0,0
18,47559,0,0
58,90858,1,0
27,87246,1,1
21,46362,1,1
52,47380,0,0
27,79994,0,0
64,56284,0,1
28,94922,1,0
31,93874,0,0
55,70277,0,1
29,30316,0,0
62,39463,0,1
34,90739,0,0
33,19888,1,0
52,108728,1,0
19,26325,0,0
28,34088,0,0
58,89922,0,0
20,119564,0,0
46,91803,1,0
35,112345,0,0
37,30419,1,0
64,106016,0,0
31,68749,0,1
51,60854,0,1
48,17904,1,0
57,114427,0,0
59,93966,1,0
35,78556,1,1
47,95535,1,0
42,103855,1,0
36,35700,0,0
25,42633,0,0
45,99644,0,0
25,39055,0,1
48,33642,1,0
20,68014,0,0
20,73274,0,0
61,18646,1,0
39,28173,0,0
34,22025,0,0
53,27549,0,1
34,29853,1,1
31,65423,0,1
26,76156,1,0
47,110488,0,0
38,26326,1,0
29,18463,0,0
54,42163,0,1
49,113136,0,0
28,29075,0,0
37,109245,0,0
52,58315,0,1
64,118245,0,0
63,31010,1,0
28,81433,0,0
25,15605,1,1
21,51445,1,0
44,52315,0,1
61,23652,0,0
57,47229,0,0
55,45530,1,0
64,118560,1,0
47,64101,0,0
61,100950,0,0
65,108439,0,0
65,95266,1,0
44,52924,1,1
38,53541,1,1
37,79658,0,1
21,71327,0,1
28,108434,1,0
30,58654,1,1
26,30930,0,1
21,18518,0,0
29,45982,0,0
26,21775,1,1
30,38990,0,0
65,20378,0,1
43,61402,0,1
55,54441,0,0
59,86980,0,1
30,94712,0,0
56,40060,1,1
45,89915,0,0
36,117031,0,0
41,61993,0,1
36,108104,0,0
30,37765,0,1
30,74053,0,1
45,111338,0,0
19,38196,1,1
27,30468,1,1
39,109385,0,0
30,117649,1,0
26,23174,1,1
50,60820,1,1
31,34098,0,1
65,87582,1,1
37,19186,0,0
32,31722,1,1
49,86504,0,1
50,55452,0,1
34,43270,0,1
41,63311,1,1
47,56129,1,1
30,119809,0,0
64,21387,0,0
65,39394,1,0
33,91827,0,0
19,45093,0,1
34,71636,1,1
49,83146,1,0
60,50241,0,0
25,69407,0,0
20,43337,1,1
29,115992,1,0
37,19804,0,0
33,49058,0,1
31,90763,0,0
33,72450,1,1
60,66759,0,0
50,74529,0,0
47,46334,0,0
29,78534,0,1
32,78452,0,1
35,21511,0,0
45,55965,0,1
40,54440,0,1
31,78118,0,1
47,100263,1,0
50,64217,0,1
62,46139,1,0
32,100330,0,0
24,83517,0,1
32,27785,0,1
59,69740,1,0
63,95202,0,0
55,116119,0,0
63,85632,0,0
61,28950,0,1
28,79642,0,1
46,66169,1,1
48,87209,0,0
42,82278,0,1
41,53488,1,1
36,51277,0,1
19,60041,0,0
39,18534,0,0
37,95221,0,0
50,85672,0,0
25,86121,0,0
42,107894,1,0
63,89090,0,1
26,71310,1,1
51,16634,0,1
40,31908,0,1
22,36310,0,0
42,95653,0,0
25,82258,0,1
33,89147,0,0
65,71081,1,1
62,76572,1,1
32,84400,0,0
18,81603,1,0
39,106512,1,0
20,119742,0,0
55,87807,0,0
31,92364,1,0
53,46131,0,1
35,35386,1,1
64,64781,0,1
58,76760,0,0
35,82370,0,0
20,69470,1,1
27,68283,0,0
56,17353,0,1
64,28878,0,1
18,91668,0,0
44,23203,0,1
44,25322,0,0
28,91831,0,0
22,73775,0,0
24,50925,0,1
36,37247,0,0
46,32340,0,1
32,100778,0,0
52,37522,1,0
64,59594,0,1
54,92631,0,0
29,61335,0,1
47,103961,0,0
37,49723,0,1
54,90740,0,0
20,19991,1,1
26,112162,1,0
58,51833,0,1
56,31067,0,0
43,28763,1,0
19,66955,0,0
40,59863,0,1
40,32408,0,0
38,40176,0,1
33,50097,1,1
26,66850,0,0
30,68846,0,1
45,50794,1,1
44,78324,0,1
34,104767,0,0
55,73486,0,1
53,16011,0,0
18,38427,0,0
35,53392,0,1
26,73990,1,0
30,65852,1,1
57,30229,0,0
62,93780,1,0
32,97138,0,0
60,104998,0,0
61,40302,0,0
63,38536,0,0
21,102746,0,0
50,20585,0,1
41,64130,1,1
53,76957,0,1
58,72210,0,0
27,97731,0,0
53,95373,0,0
37,20456,0,0
58,68861,0,0
62,52289,0,0
61,24775,0,0
28,79881,0,1
29,29099,1,1
35,117341,0,0
47,56842,1,0
61,72163,1,0
65,97351,0,0
54,92762,0,0
37,110608,0,0
42,89675,0,0
29,110596,0,0
38,59867,0,1
42,24859,0,0
28,70700,0,0
26,17539,0,0
42,93735,1,0
52,48158,0,0
49,80618,0,1
31,65154,1,1
18,72824,1,1
34,27281,0,1
42,30120,0,0
25,24946,0,0
22,91427,0,0
22,100176,0,0
58,41111,0,1
52,67396,0,0
36,119311,1,0
40,48290,0,1
26,111140,0,0
47,49462,1,0
33,99172,0,0
50,19837,0,1
19,26801,0,0
31,38710,1,0
63,112157,0,0
18,55916,0,0
43,28065,1,1
42,77546,0,1
33,60474,1,1
32,108766,1,0
43,51388,0,1
64,91167,0,0
61,110364,1,0
33,89667,0,1
31,94843,1,0
46,18709,0,1
41,63754,0,1
64,101257,0,0
32,112730,0,0
36,20094,0,0
25,24415,0,1
51,63846,0,1
19,94066,0,0
44,22472,1,1
27,78730,1,0
52,51131,0,1
40,99943,0,0
25,98737,0,0
45,42948,0,1
40,61908,0,1
21,64835,1,1
31,38115,0,1
59,42961,1,1
46,62083,1,1
18,74417,0,1
21,67062,0,0
49,62182,0,0
50,17017,0,0
43,19223,0,0
34,76852,0,1
56,115488,0,0
40,65509,0,1
49,38075,0,1
32,21531,0,0
30,19666,0,0
19,104317,0,0
36,59023,0,1
41,50236,1,1
62,55059,1,0
41,55023,0,1
28,117224,0,0
39,19236,1,0
32,82475,0,1
27,51624,0,1
58,47818,1,1
44,96462,0,0
26,108088,0,0
45,45100,1,1
18,81896,0,0
34,59696,1,1
48,92530,0,0
61,39941,0,0
27,108067,0,0
54,116349,1,0
46,74347,0,1
35,91629,0,0
64,48025,1,0
55,26651,0,1
56,113348,0,0
23,105380,0,0
57,98254,0,0
29,64823,1,1
31,63122,0,1
61,28589,0,0
27,54768,0,0
37,79986,0,1
32,100558,0,0
48,119389,0,0
24,15234,1,1
58,87370,1,0
27,30055,0,1
27,83743,0,0
65,17400,0,0
56,90145,0,0
45,102009,0,0
47,104471,0,0
54,69157,0,0
20,104410,0,0
60,75598,1,0
32,40015,0,1
38,94720,0,0
54,110079,0,0
29,81186,0,1
21,79430,1,0
64,112925,0,0
26,64185,1,0
56,107864,0,0
59,77306,0,0
45,34416,0,0
40,93655,1,0
62,88180,0,0
57,65262,1,0
61,89189,0,1
39,94952,0,0
41,105433,0,0
43,68662,0,1
47,82410,0,0
50,67191,1,0
33,90965,0,0
39,27213,0,0
60,63987,0,0
35,98176,0,0
24,74783,0,1
43,76353,0,1
25,116544,1,0
23,30802,0,1
47,96658,1,0
56,75646,0,0
40,102189,0,0
49,58671,0,0
39,104637,1,0
59,81945,1,0
60,58388,0,0
62,49600,0,1
26,98944,0,0
48,75690,1,1
24,20736,1,1
26,85529,0,0
30,58871,0,1
20,62165,1,1
52,71786,0,1
50,46247,0,1
38,43821,0,1
48,18213,0,0
51,44495,1,0
49,86744,1,0
52,24644,0,0
32,21453,0,0
49,91629,1,0
23,26263,0,1
62,71480,0,0
38,80841,0,1
50,114688,0,0
49,47021,0,1
36,32958,0,0
50,81408,0,0
45,56128,1,1
48,102498,1,0
38,57563,1,1
51,32414,0,1
32,90462,0,0
31,70883,1,1
36,52210,1,1
60,30290,0,1
32,18667,0,1
23,32660,0,1
26,87089,0,1
54,97462,0,0
37,72698,1,1
51,19808,0,1
55,109148,0,0
43,55499,1,1
35,43015,0,1
45,48351,1,1
26,64662,0,0
49,89674,1,1
23,51241,0,1
31,16198,1,0
45,107983,0,0
41,117299,0,0
30,27113,0,0
60,109285,0,0
29,117839,0,0
36,53639,1,1
38,79036,0,1
44,100223,0,0
36,82983,0,0
41,89944,1,1
43,32674,0,0
62,27413,1,1
45,69986,0,1
63,62937,0,1
35,88085,0,1
61,38071,1,0
53,89229,0,1
59,58831,1,0
46,97306,0,0
34,56371,0,1
21,82542,1,0
61,20213,0,0
62,78815,0,0
46,66299,1,0
21,51636,0,0
27,78948,0,1
42,90066,0,0
48,62128,1,0
20,87173,1,1
64,64504,0,0
19,85500,0,0
42,67340,0,1
23,49070,1,1
43,88285,0,0
25,81382,1,0
52,93926,0,0
44,94271,0,0
42,104441,0,0
35,29876,0,0
18,94503,1,0
65,66676,1,0
56,33262,0,0
20,117409,0,0
21,100550,1,0
58,39054,0,0
54,110491,0,0
32,38051,0,0
25,43385,1,1
55,50587,0,0
36,70131,1,1
64,108019,1,0
43,42653,1,1
56,59790,1,1
27,57018,1,0
55,111430,0,0
31,75992,0,1
58,110378,0,0
36,69840,0,1
47,100184,0,0
22,112292,0,0
48,102943,0,0
24,59561,0,0
36,97594,1,0
48,25070,1,0
56,54025,1,1
41,48779,0,1
51,31616,0,0
40,110909,0,0
65,115477,0,0
62,116688,0,0
57,15797,0,0
23,54889,0,1
55,79390,1,0
58,28594,1,0
53,62754,0,0
44,68639,0,1
28,88226,0,1
22,27669,0,0
34,99509,1,0
24,36085,1,1
44,43787,0,1
64,105620,0,0
32,39051,0,0
63,70566,0,0
30,65615,1,1
28,92090,1,0
62,67262,0,1
43,52639,0,1
39,93890,1,0
45,20289,0,0
41,39744,0,0
46,32945,0,0
26,104779,0,0
59,71964,0,0
21,119590,0,0
63,39227,0,1
35,108284,0,0
60,97494,0,0
33,24934,1,0
50,60530,0,0
46,68168,1,0
56,91086,0,0
27,80095,0,1
26,84560,1,0
48,46772,0,1
45,23722,0,0
20,65142,0,0
31,82656,0,0
42,110625,1,0
32,101884,0,0
19,20877,0,0
41,33904,0,0
31,101328,0,0
65,106573,1,0
24,97871,0,0
53,95195,0,0
41,44684,0,1
44,81500,0,0
54,49902,0,1
55,68606,0,0
47,115548,0,0
44,50571,1,1
56,84447,1,1
32,91752,0,0
43,81944,0,0
18,102157,0,0
21,101513,0,0
46,93731,1,0
18,58938,1,0
60,72203,0,0
63,72805,0,0
39,87649,0,0
28,55910,0,0
27,37761,0,1
34,39992,0,0
53,94314,0,0
64,102521,0,0
43,70448,0,1
65,84903,0,0
38,60447,1,1
30,25786,1,1
26,57706,1,0
28,111444,0,0
28,91587,0,0
23,117282,0,0
18,30611,1,1
23,19490,0,1
30,65004,0,1
39,75634,0,1
48,111849,1,0
39,21377,1,0
54,24903,0,0
64,29567,1,1
44,103421,0,0
31,108758,0,0
64,63556,1,0
22,41606,0,1
53,97976,0,0
49,17260,1,1
51,45267,0,1
24,107538,1,0
59,73369,0,1
65,65060,0,0
27,31833,0,1
34,18498,1,0
47,80310,0,1
38,61729,0,1
30,25518,0,0
18,93037,1,0
18,37254,0,0
64,114612,0,0
50,96438,0,0
55,114021,0,0
42,40545,0,1
43,18345,0,1
30,95906,1,0
45,71366,0,1
50,61721,0,1
54,74829,0,1
58,108767,1,0
47,24642,0,0
65,98375,1,0
25,104217,1,0
64,79533,0,0
18,87571,0,1
29,68382,0,0
22,48299,1,1
41,50035,1,1
23,38583,1,1
42,37105,0,1
18,96666,0,0
42,28736,0,1
18,57281,0,1
49,94351,0,0
59,104932,0,0
59,39312,0,1
20,92780,0,0
36,57668,0,1
60,70652,1,1
46,26718,0,0
19,97320,1,0
26,111219,0,0
34,58997,0,1
63,46428,0,1
53,117295,0,0
34,73822,0,1
29,41490,1,1
37,65209,0,1
20,62351,0,0
60,56001,0,0
21,60856,0,0
34,31410,0,1
54,67685,0,1
63,50386,0,0
59,89898,0,1
32,119943,0,0
50,104547,0,0
33,87578,0,1
28,40286,0,1
37,26391,1,0
55,41999,0,1
41,17018,0,1
33,27952,0,1
47,96776,1,0
51,101798,1,0
18,34282,0,0
41,102995,0,0
41,115351,0,0
26,69354,0,0
39,32942,0,0
29,75938,0,0
34,16722,0,0
42,51820,0,1
45,82187,1,0
32,102142,0,0
47,49546,0,1
44,80030,0,0
39,81219,1,0
27,33394,0,0
48,73559,0,0
44,61705,1,1
29,99502,0,0
63,41469,0,1
48,89041,0,0
49,76338,1,1
49,20492,1,0
58,31827,1,1
62,42492,1,0
52,83802,0,0
63,86445,1,1
38,27869,0,0
27,54782,1,0
33,36863,0,1
24,76987,1,0
21,59055,0,1
44,88355,0,0
42,44136,0,1
48,29837,0,0
28,90592,0,0
65,15715,1,0
37,32275,0,0
53,35191,1,0
34,97420,1,0
62,75126,0,0
28,66792,0,1
47,23894,0,1
52,99253,0,0
58,99114,0,0
55,38321,0,1
39,39959,0,0
60,25515,0,0
65,89613,0,0
44,80196,0,0
54,36443,1,1
63,68550,0,1
52,90979,0,0
21,52208,0,0
33,16783,1,0
33,93649,0,0
38,85921,0,1
43,117421,0,0
53,21982,1,0
36,115887,1,0
34,93943,0,0
62,30316,1,1
43,105374,0,0
39,107743,0,0
45,108938,0,0
18,82966,0,1
61,17936,1,0
53,92400,1,0
60,105651,0,0
54,89843,0,0
19,21709,0,1
34,110390,0,0
57,35707,1,1
55,54384,1,0
38,50187,0,1
26,81935,0,0
30,57536,1,1
28,39188,0,1
33,29245,1,0
33,103907,0,0
19,47286,0,0
59,102229,0,0
61,49303,0,0
25,101673,0,0
60,56049,0,0
59,95901,1,0
30,71200,0,1
34,93986,0,0
56,84726,1,0
41,57861,1,1
20,58639,0,0
47,38937,1,0
30,74514,1,1
36,87988,0,0
24,18960,0,1
26,54602,0,0
36,110721,0,0
62,25564,0,0
57,80533,0,0
39,62510,1,1
35,20091,0,0
40,77335,0,1
19,45519,1,1
28,18710,0,1
48,78564,0,0
50,74977,0,0
31,119931,0,0
33,79975,1,1
28,72614,0,1
50,22988,1,1
24,50754,0,0
48,108650,1,0
65,38074,0,1
63,36198,0,1
64,91045,1,0
31,40180,0,1
45,63068,0,1
60,31560,0,1
33,57674,0,1
36,80152,1,0
34,53938,1,1
43,50391,0,1
23,43731,1,1
60,99698,0,0
26,40236,0,1
34,52133,0,1
48,91915,0,0
29,19340,0,0
40,85291,0,1
22,63731,1,0
60,72428,0,0
53,67822,0,0
53,56866,0,0
20,100441,0,0
41,98795,0,0
34,111791,0,0
56,117262,0,0
43,115440,0,0
21,56813,1,0
62,112150,1,0
29,81042,0,0
18,89135,0,1
38,102310,0,0
36,23715,1,1
38,102533,0,0
35,70902,0,1
60,116354,0,0
20,29783,1,1
61,111798,0,0
49,104012,0,0
27,82933,0,0
57,55680,0,1
32,108011,1,0
22,74179,1,1
21,114613,1,0
45,54970,0,1
21,88236,0,0
32,19718,0,1
34,42111,0,1
61,53718,1,1
20,90769,0,0
27,94707,0,0
64,25726,1,0
59,107304,1,0
40,32139,0,0
35,80681,0,0
18,59782,0,1
52,34958,1,0
48,106739,0,0
61,36307,1,1
18,115162,0,0
20,118026,0,0
20,84134,0,0
54,28583,0,1
36,32013,1,1
46,62984,0,1
42,116822,0,0
50,117656,0,0
53,59874,1,1
46,55197,0,0
43,24096,1,1
21,86091,0,1
31,113255,0,0
44,88533,0,1
50,91345,0,0
39,107901,0,0
65,40618,1,1
20,106500,0,0
40,24868,0,0
38,36882,0,1
58,35639,0,0
40,51963,1,1
21,117125,1,0
38,75464,0,1
54,44470,0,0
60,85714,0,0
48,78670,0,0
38,91434,0,0
43,86102,1,1
58,35353,0,1
52,53188,0,1
55,48375,0,1
41,86210,0,1
28,37272,0,1
58,36716,0,1
46,104276,1,0
64,103706,0,0
20,50162,0,0
18,91587,1,0
36,88606,1,0
63,44472,0,1
39,73504,0,1
31,70441,1,1
31,76401,0,1
61,73835,0,1
33,115325,0,0
50,71936,1,1
30,101518,0,0
55,46518,0,1
29,99935,0,0
55,69462,1,1
56,42313,0,0
50,31110,1,0
50,49816,0,1
46,76549,0,0
22,102889,1,0
23,43530,0,1
48,15893,1,1
33,109260,1,0
48,41885,1,0
42,59560,1,1
65,28613,1,0
63,94852,0,0
50,21087,0,1
30,50701,0,1
27,33665,0,0
41,114684,1,0
27,44622,0,0
58,110834,0,0
48,97403,1,0
30,56989,1,1
20,59741,1,0
51,93700,1,0
45,35163,0,1
36,86637,1,1
40,74175,0,1
62,118258,1,0
49,119257,0,0
30,119584,1,0
50,48546,0,0
51,18475,0,1
50,85259,1,1
22,29890,1,1
20,38270,1,1
24,21713,0,0
41,108389,0,0
39,89137,0,0
62,80317,0,1
40,80117,0,0
47,97979,1,0
35,77594,0,1
49,98520,1,0
24,93271,0,0
50,99153,0,0
22,106764,0,0
45,71505,1,1
25,57257,1,0
32,94510,0,0
21,61492,0,0
51,91159,0,0
22,30395,1,1
50,87005,1,0
22,40040,0,0
55,83702,0,1
51,36637,0,0
43,82745,0,1
18,23747,0,1
21,113603,0,0
56,35250,0,0
43,105467,0,0
50,113867,0,0
50,92737,0,0
25,69040,0,1
37,46305,0,1
33,80318,0,0
38,79237,0,1
62,98110,1,0
43,111395,1,0
40,67362,0,1
35,25096,0,1
48,90764,1,0
59,24218,1,0
29,105367,0,0
18,99338,0,0
59,62381,1,0
26,99483,0,0
20,34335,1,1
43,61861,0,1
26,44907,1,1
59,97189,0,0
33,54387,0,1
41,102567,1,0
31,89655,0,0
20,72407,0,0
51,80262,1,0
50,19555,0,1
41,61095,0,1
26,79051,0,1
30,16042,0,1
19,118748,1,0
24,19188,1,1
65,93596,0,0
38,73153,0,1
36,25233,0,1
42,18088,1,1
64,16646,1,0
39,28127,1,0
28,47615,1,1
50,81023,0,1
49,30453,0,0
38,67233,0,1
56,49515,0,0
37,73092,0,1
25,97447,1,0
59,80000,0,1
54,98087,0,0
26,76993,0,0
42,68762,1,1
42,96814,0,0
50,101392,0,0
19,92467,0,0
36,37188,1,0
63,81019,0,0
37,15451,1,1
59,19069,0,1
58,79274,1,1
59,28386,1,1
46,22207,0,0
23,117701,0,0
34,53439,0,1
42,67285,1,1
55,33157,0,0
21,102542,0,0
47,89726,0,0
37,98985,1,0
20,56357,0,0
40,110214,0,0
35,29929,0,0
43,119636,0,0
53,63747,0,0
25,22913,1,1
34,90531,0,0
48,41727,0,0
54,16946,0,0
62,76061,1,0
50,116719,0,0
44,81930,1,1
62,76472,0,0
21,82957,0,0
39,100839,1,0
43,34467,0,0
49,39504,1,1
41,91516,1,0
63,16844,0,0
52,49572,0,0
54,99423,0,0
49,98813,1,0
24,117648,0,0
50,37975,0,0
48,34449,0,0
29,34459,1,1
28,81795,0,0
41,33604,0,0
25,94395,0,0
49,75140,1,0
55,40362,0,1
39,42943,0,1
51,36319,0,0
36,115751,0,0
37,116433,0,0
31,66050,0,1
50,22697,0,1
27,103611,0,0
33,68655,0,1
21,111896,0,0
44,108696,1,0
45,43735,0,1
60,46293,0,0
33,84485,0,0
50,91195,0,0
65,23010,1,0
36,107305,0,0
38,104359,0,0
39,96936,1,0
26,55727,1,1
26,119545,1,0
26,29787,0,0
44,88442,0,0
34,28303,1,0
61,81802,1,0
62,113782,0,0
25,68448,1,0
33,84513,0,0
35,21068,0,1
50,46227,0,1
18,27740,0,0
29,103333,0,0
23,79745,0,1
58,22791,0,0
22,15485,0,1
33,60048,0,1
35,45695,1,1
35,52441,0,1
18,15337,1,1
36,105972,0,0
25,30092,1,1
20,71052,0,1
42,115307,1,0
22,16471,0,0
57,66194,0,1
36,59388,0,1
35,108232,1,0
48,87025,1,0
50,73045,0,0
64,88392,0,1
35,109147,1,0
56,76088,1,0
33,89901,0,0
33,114909,1,0
64,20664,0,0
55,103859,1,0
58,106991,1,0
24,20379,0,1
31,82660,0,0
60,46536,0,0
65,19991,0,0
42,87330,1,0
49,109754,1,0
55,111649,0,0
39,116610,1,0
33,108513,0,0
46,43359,1,1
33,64302,1,1
29,33043,1,1
34,103059,0,0
54,24070,0,0
44,87735,0,1
42,99239,0,0
30,99803,0,0
25,29133,1,1
22,71955,0,1
29,43571,0,0
58,41991,0,0
20,92115,0,0
52,64741,0,1
50,113891,0,0
39,99539,0,0
61,36871,0,0
26,21223,0,1
58,29197,0,1
35,89923,1,1
46,117657,1,0
56,107438,0,0
44,95375,0,0
53,78196,1,1
62,115909,0,0
34,115842,0,0
51,94432,0,0
63,56525,1,0
20,31198,1,1
22,49524,0,0
31,109187,0,0
20,113172,0,0
40,114664,1,0
56,107680,1,0
47,99293,0,0
62,114499,1,0
40,33515,0,0
44,37027,0,0
27,28792,0,0
42,96313,0,0
30,100330,0,0
33,47544,1,1
58,99287,0,0
51,111559,0,0
54,100263,0,0
39,38665,0,0
34,46126,0,1
40,34481,0,0
53,106372,0,0
26,114637,0,0
19,38549,0,0
49,83872,0,0
39,88693,0,0
60,67236,0,0
30,78983,0,1
25,51155,1,1
18,52481,1,0
34,112103,1,0
29,118405,0,0
21,82967,0,1
30,114320,1,0
48,97561,0,0
58,35446,0,1
24,23507,1,1
40,48208,0,1
41,32522,0,1
22,62402,1,0
22,40490,1,1
34,53011,1,1
47,50071,0,1
26,62754,1,0
23,110949,1,0
42,60102,1,1
36,29040,1,1
33,119254,0,0
38,22046,0,0
19,54374,1,1
27,51189,0,1
33,98998,0,0
54,119407,1,0
32,101070,0,0
30,49968,0,1
30,35935,0,0
49,70581,0,1
62,24009,0,0
64,61989,1,0
63,61876,0,0
25,82482,0,0
60,51724,1,0
35,66377,0,1
53,83861,0,0
43,23699,1,0
27,18745,0,1
48,59837,1,0
50,45794,1,0
46,105080,1,0
22,36198,0,0
30,72803,0,1
18,28489,0,0
40,65557,1,1
57,76439,1,1
20,37474,1,1
20,71439,0,0
24,98956,0,0
53,70186,0,0
52,83213,0,1
32,70296,1,1
57,49512,0,0
20,91711,0,0
46,16177,1,0
47,15761,0,1
56,118082,1,0
35,21458,0,0
28,74698,1,1
60,69775,0,0
55,68866,0,0
57,35110,0,0
18,108789,1,0
46,98853,0,0
27,76446,0,0
45,43433,1,1
48,87715,0,1
36,29849,1,0
20,84980,0,1
53,83500,0,0
60,56990,0,0
32,74891,0,1
50,74866,0,1
58,93347,0,0
60,90603,0,0
62,54992,0,0
43,80097,0,0
33,91008,0,0
53,95662,0,0
50,18101,1,0
37,41990,0,1
30,117201,0,0
50,84214,0,0
22,49611,1,1
54,76495,0,0
31,111265,0,0
44,66090,1,1
40,109571,0,0
31,30958,0,1
57,104786,1,0
21,87619,0,1
56,80256,0,1
36,102292,0,0
64,82002,0,1
21,64887,0,1
47,15339,0,0
36,65528,0,1
48,101639,0,0
48,97624,1,0
26,84260,1,0
30,68570,0,1
31,36643,0,1
63,75252,0,0
27,106580,0,0
65,25334,1,0
48,113856,1,0
54,116795,0,0
40,77977,0,1
44,15789,1,0
23,48941,1,1
43,15552,0,1
19,34806,0,1
62,51979,0,1
30,23823,1,0
36,46980,0,1
18,15860,1,1
57,15290,0,0
49,57417,1,0
39,94880,0,0
65,20870,0,1
46,48397,0,1
19,31186,0,1
57,119247,0,0
55,112801,0,0
65,36016,0,0
28,84616,0,0
34,93508,0,0
60,82296,0,0
25,26274,0,0
39,118012,0,0
21,38304,0,0
28,92702,0,0
25,83934,0,0
26,111161,0,0
43,62698,0,1
19,91051,0,0
33,29705,0,1
48,51329,0,1
23,74736,1,1
38,67996,0,1
43,25607,0,0
36,67956,0,1
45,45006,1,1
25,93554,0,0
31,90352,1,0
41,35494,1,0
65,36237,1,0
61,87367,1,0
54,55963,0,1
43,45541,0,1
48,18447,1,0
49,86120,1,0
58,42156,0,0
19,51559,0,1
42,36465,1,1
61,57120,0,1
19,97753,0,0
59,25190,0,0
18,78394,0,0
53,20335,0,1
29,69639,1,0
26,86796,0,0
53,40778,1,0
58,96141,1,0
45,33559,1,0
55,57341,1,0
50,35557,0,1
59,116092,0,0
63,58781,1,0
39,105453,0,0
42,106473,0,0
35,112074,0,0
23,87257,0,1
35,35575,1,1
33,87848,0,0
32,19616,1,0
65,79908,0,0
25,48763,0,1
30,48124,0,1
60,105297,1,0
24,82229,0,0
34,17590,1,1
49,45870,1,1
39,24534,0,1
30,22921,1,1
64,16691,0,0
40,57042,0,1
46,66209,0,0
39,83440,0,0
18,68603,0,0
46,59377,0,1
65,54705,1,1
22,111492,0,0
52,33764,0,1
27,88744,0,0
36,30783,0,0
54,23515,0,0
24,17070,0,0
63,97850,1,0
52,28771,0,0
62,111776,0,0
30,79206,0,1
27,98364,0,0
19,105514,1,0
23,35936,1,1
25,106618,1,0
53,32905,0,1
42,18098,0,1
61,42020,0,1
64,72272,0,0
57,66339,0,0
24,99488,0,0
63,25985,0,1
40,23283,0,0
36,61323,0,1
63,52708,1,1
39,85298,0,0
30,115057,0,0
38,20054,0,1
18,93812,0,0
36,86317,0,1
50,78304,0,0
21,31471,0,1
59,98561,0,0
20,116266,0,0
44,85949,1,0
58,87956,0,0
52,54678,0,1
45,69325,0,1
23,41527,0,1
23,58250,0,1
61,27029,0,0
40,56583,1,1
50,117061,0,0
33,118100,0,0
41,116596,0,0
22,84368,0,0
58,83147,1,1
59,23353,0,0
30,74336,0,1
64,58042,1,1
29,108125,1,0
22,55996,0,0
54,105957,0,0
48,91604,1,0
45,70918,1,1
45,83882,0,1
47,51822,0,1
35,63760,0,1
61,19200,0,1
44,62259,0,1
52,23527,0,1
43,25535,0,0
56,32944,0,0
35,55290,0,1
50,84700,0,0
42,110558,1,0
48,27438,1,0
54,79344,1,0
19,103640,0,0
50,73005,0,1
56,85388,1,0
60,87249,1,1
60,76083,1,1
49,83719,0,0
35,46354,0,1
34,88568,1,0
51,94811,1,0
56,33793,1,0
24,52066,0,1
59,99454,0,0
52,86135,0,0
47,47771,1,1
29,28440,1,1
52,26289,0,0
28,64178,0,0
61,85697,0,0
21,81500,0,0
42,96478,0,0
65,64223,1,1
49,53369,1,1
37,29184,0,1
48,83483,0,0
21,86774,0,1
55,28156,0,0
64,17411,1,0
18,30674,1,1
20,23308,0,0
54,83460,0,0
39,116141,0,0
34,15576,0,0
31,29641,0,0
58,89499,0,1
52,104827,1,0
30,113264,0,0
52,65907,1,1
60,56139,0,0
19,99325,1,0
64,54651,1,1
30,72315,0,1
33,108435,0,0
35,30658,1,1
24,53907,0,1
62,94720,0,0
53,78917,1,1
58,46747,0,0
47,93501,0,0
59,91029,0,0
58,67140,0,0
24,69936,0,0
32,41178,0,1
57,114423,1,0
36,82750,0,1
60,23000,0,1
54,23065,0,0
19,77404,1,1
59,16085,0,0
65,64325,1,1
30,84068,0,0
57,77063,0,1
58,32622,0,0
60,78902,0,0
60,19834,0,1
48,100733,1,0
33,27008,1,0
59,93498,0,0
61,62229,0,1
23,23012,1,1
45,66125,0,1
49,100702,0,0
61,99164,0,0
27,24849,0,0
35,56372,0,1
21,28767,0,1
26,95647,0,0
24,54989,1,1
25,55582,0,0
60,59370,0,1
24,60052,0,0
58,114427,1,0
57,60289,0,1
20,36565,0,0
34,68164,0,1
19,115547,0,0
32,83125,0,0
63,65281,0,1
46,72988,0,0
65,90285,1,0
39,103219,0,0
21,85037,1,0
23,38423,0,0
55,99693,0,0
43,99705,1,0
28,103860,1,0
43,16706,0,1
34,66753,0,1
41,108755,1,0
45,56334,0,1
52,82148,0,0
48,97374,0,0
30,117601,0,0
52,110963,0,0
33,65627,1,1
32,30546,0,0
60,63735,1,0
35,89581,0,0
64,40299,0,1
54,81927,0,1
65,58347,1,1
65,56221,0,0
58,55776,0,0
44,113203,1,0
52,30948,1,1
62,40118,0,1
52,118729,1,0
45,94693,1,0
56,32021,0,1
55,88892,0,0
26,116109,0,0
29,72964,0,1
32,63215,1,1
38,16223,0,0
52,51110,1,1
59,105162,1,0
50,111453,0,0
36,36526,1,1
40,89392,1,1
30,53829,0,1
61,94068,1,0
18,66862,1,0
46,101281,0,0
41,35336,1,0
33,45796,0,1
42,42167,0,1
40,81416,1,0
45,31818,1,0
64,53892,1,0
33,39488,0,1
60,52952,0,0
55,98904,0,0
28,109564,0,0
20,28223,0,0
32,76457,1,1
18,111931,0,0
24,45261,0,0
18,74966,0,1
49,90520,0,0
26,83334,0,1
46,22603,0,1
43,92240,0,0
40,49261,0,1
62,30707,0,0
60,33009,0,1
46,74763,0,0
55,67169,0,1
50,33231,1,1
24,18246,0,1
29,73882,1,0
48,44825,1,0
49,30925,0,1
37,16316,0,1
34,74063,1,1
53,98870,0,0
20,111608,0,0
18,17026,0,0
44,82083,0,0
64,30289,1,0
57,117082,1,0
50,63886,0,0
37,80020,0,1
31,54279,0,1
53,102705,1,0
22,100643,0,0
40,114827,1,0
62,42279,0,1
32,33356,1,0
23,77535,0,1
50,80200,1,0
36,45043,0,1
30,110502,1,0
46,27795,0,0
23,97536,0,0
32,101435,0,0
33,102111,0,0
41,76513,0,1
40,37158,0,0
65,63630,0,0
27,34005,0,1
58,99013,0,0
58,100096,0,0
34,106244,0,0
61,55252,0,0
62,60176,0,0
47,100490,0,0
61,111171,1,0
63,99066,0,0
27,15705,0,0
36,66510,0,1
46,61293,1,1
19,117116,0,0
53,107582,1,0
36,59420,0,1
24,35152,0,1
43,112391,0,0
32,74278,0,1
64,70130,0,1
55,82855,0,0
20,75216,1,0
55,88699,0,0
33,102141,0,0
19,15209,1,1
48,19834,1,0
45,46512,0,1
24,77485,1,0
47,66959,0,0
60,92982,0,0
24,84498,0,0
53,28028,0,1
46,66542,0,1
41,36903,0,1
56,26717,0,0
21,118098,0,0
46,45545,1,0
61,50212,0,0
22,56100,0,1
46,72635,1,0
47,67016,1,0
46,50375,1,0
43,35320,0,0
36,34301,0,0
43,66370,0,1
54,98717,0,0
44,24168,0,1
47,83109,0,0
47,33973,1,0
20,51051,0,0
60,57759,0,0
24,101337,0,0
26,109180,1,0
58,108059,0,0
59,114017,0,0
30,99343,1,0
32,82426,1,0
22,34951,1,1
46,85911,1,0
52,46305,0,1
44,96115,1,0
44,90406,0,0
25,99067,0,0
49,24109,0,0
37,41842,0,1
27,25716,0,0
30,98726,0,0
46,63585,0,0
52,117355,0,0
25,112969,0,0
46,105740,0,0
48,61408,0,1
58,51530,0,1
47,106920,0,0
39,80385,0,1
38,74730,0,1
29,90623,1,0
28,92658,0,0
19,45898,0,1
58,78908,0,0
19,96377,1,0
51,106118,0,0
20,72392,0,1
33,90578,1,0
21,41505,0,0
40,103830,0,0
37,21173,0,0
42,99052,1,0
47,21932,1,1
35,98445,0,0
59,45241,0,1
28,31712,0,0
46,83193,0,1
34,44105,0,1
43,45382,0,1
40,102892,0,0
65,69520,1,0
37,34589,0,0
62,54601,0,0
19,104452,1,0
41,55675,0,1
48,49366,1,0
44,18851,0,1
19,107584,1,0
31,22582,1,1
21,55591,0,0
30,85143,0,1
53,20507,0,1
52,20934,0,1
61,56971,0,0
25,102488,0,0
19,19659,1,1
23,19398,1,1
48,21242,1,1
27,43620,0,0
61,106441,0,0
38,25796,1,1
59,62145,0,1
27,119915,0,0
40,62543,0,1
20,78814,0,0
49,66175,0,0
37,52275,0,1
27,28937,0,0
46,112067,0,0
58,34569,1,1
63,76947,0,0
51,27343,0,1
54,71875,0,1
37,61803,0,1
25,79863,0,0
24,79840,0,1
23,74937,0,0
28,92069,0,0
61,64347,0,0
35,46132,1,1
59,46356,0,0
46,30438,0,1
42,41366,1,1
38,94504,0,0
63,32490,0,1
20,34173,0,1
35,25376,0,0
41,105650,0,0
64,101704,0,0
55,81254,0,0
27,51763,1,1
44,80841,0,0
29,102350,0,0
24,56347,0,1
34,56684,0,1
18,45711,0,0
43,29177,1,0
32,60970,0,1
50,39570,1,0
54,50364,0,1
64,62609,0,0
48,33819,0,0
52,72522,0,0
18,46391,0,0
25,30788,0,1
29,66055,0,0
36,90432,0,0
42,101095,1,0
49,38565,0,0
29,101462,0,0
30,77205,0,1
45,28376,0,0
18,36875,1,1
23,62606,0,0
25,93393,1,0
21,77996,1,0
22,16283,0,0
42,95456,0,0
39,80783,1,1
45,111382,1,0
56,87178,0,0
40,78533,1,1
21,32365,1,1
21,117667,0,0
64,32949,1,1
38,48503,0,1
54,91387,0,0
58,94942,0,0
19,29928,0,1
24,31832,1,1
33,22534,0,1
34,16835,0,0
37,85251,1,1
40,48381,0,1
51,103154,0,0
28,69780,0,1
51,81412,0,0
50,24325,1,1
43,44446,0,1
19,113975,0,0
40,82166,0,0
58,75662,0,0
39,113664,0,0
51,95249,0,0
32,71525,0,1
27,25584,0,1
32,18901,0,1
59,71203,0,1
46,96986,0,0
40,108146,1,0
34,102597,0,0
26,95850,0,0
53,17090,1,1
26,41852,1,1
33,37454,0,0
53,70084,0,0
65,92243,0,0
50,73566,1,1
48,74888,0,0
23,112103,1,0
27,48823,0,0
33,47007,0,1
21,119560,1,0
39,29141,1,0
30,27746,1,0
33,18347,1,0
46,24361,1,0
23,19101,0,0
43,63095,0,1
28,56453,0,0
41,116483,0,0
46,47668,0,0
20,110146,0,0
27,32747,0,0
18,30009,0,1
60,104187,1,0
43,16056,0,1
29,47910,0,0
31,92043,0,0
42,36215,0,1
25,107885,0,0
60,71951,0,0
21,45375,0,0
45,25076,1,0
24,50249,1,1
27,90618,0,0
53,55664,0,0
19,100045,0,0
43,73285,1,1
31,73959,0,1
33,87586,0,0
60,53779,0,1
59,74312,0,1
34,63098,0,1
63,26414,0,0
39,51918,1,1
21,30876,0,1
36,87540,0,0
19,24198,1,1
56,108302,1,0
26,114524,0,0
36,52429,0,1
33,118170,0,0
42,82333,0,1
65,119278,0,0
35,93701,1,0
40,99791,0,0
38,85148,0,0
28,67909,0,0
56,66184,0,1
58,75554,0,1
21,105816,0,0
42,46528,0,1
49,25283,0,1
47,19953,0,0
62,101234,0,0
43,68815,0,1
53,74121,0,1
51,54819,0,1
26,37016,1,1
29,28248,1,1
19,32276,1,1
55,111544,0,0
22,112749,0,0
22,32355,0,0
39,97022,1,0
22,95675,1,0
21,63276,1,1
26,73451,0,0
46,36529,1,0
39,51014,1,1
44,35096,0,0
27,110653,0,0
33,61733,0,1
59,18417,0,0
59,86981,0,0
27,85953,1,0
23,30494,1,1
22,28302,1,1
23,70669,0,1
64,51427,0,0
42,77270,0,1
21,73263,0,1
57,55274,0,0
65,112634,1,0
49,43803,0,0
52,44164,0,0
27,53441,0,0
51,78327,1,0
53,115461,0,0
23,114099,0,0
60,91925,1,0
63,66035,0,0
33,28490,0,0
36,21044,0,1
51,56769,0,0
42,42509,0,1
48,42844,1,0
58,77212,0,0
34,36604,0,0
64,42560,0,0
47,81108,0,0
56,16206,0,0
48,93632,0,0
36,44550,0,1
52,67232,0,1
46,50228,0,1
18,100925,0,0
21,52693,0,0
45,99533,0,0
35,115019,1,0
43,102165,0,0
57,49337,1,0
36,32060,0,1
23,57793,1,1
18,95141,0,0
25,50281,1,1
50,56760,0,0
60,89869,1,1
38,63993,1,1
41,110323,0,0
42,94459,1,0
64,49799,0,1
60,65660,0,1
36,84865,0,1
46,20322,0,1
27,114359,0,0
29,111612,1,0
50,54875,1,0
24,53438,1,1
34,60149,0,1
27,94369,0,0
48,33134,0,1
23,22575,0,1
34,91899,0,0
54,103307,0,0
35,109265,1,0
43,50780,0,1
33,34812,0,1
25,59522,0,0
41,103383,0,0
30,85674,0,0
46,39932,0,0
49,102175,0,0
41,63966,1,1
33,117695,0,0
28,60580,1,1
49,71699,0,0
23,55090,0,0
52,41199,1,0
50,118528,0,0
35,106777,0,0
54,88487,0,0
30,28837,1,0
27,59159,0,1
54,27688,0,0
43,24787,0,1
63,49757,0,1
34,105640,1,0
18,83140,1,0
42,111805,0,0
51,75539,0,0
56,15063,1,1
27,92688,0,0
37,99732,1,0
24,58781,0,0
33,117331,0,0
54,29959,1,0
46,113405,0,0
29,46280,1,1
34,108460,0,0
65,59258,0,1
37,42467,1,1
43,31056,0,1
65,18135,1,0
36,32564,1,1
64,78258,1,0
29,118813,1,0
38,79660,0,1
59,42462,0,0
51,71682,1,0
24,17728,0,0
62,22631,0,0
52,25884,0,0
32,39974,0,0
18,116177,1,0
43,51036,0,1
52,99614,0,0
42,25274,0,1
59,33851,1,1
32,76816,1,1
39,63526,0,1
23,68467,1,0
32,84495,0,0
41,103760,0,0
38,94430,1,0
24,41965,0,0
46,118152,0,0
49,45558,0,1
49,74807,0,1
22,67520,0,0
21,58945,0,0
39,96226,0,0
35,72024,0,1
52,113983,0,0
34,97667,0,0
41,107965,1,0
19,32705,0,1
30,72079,1,1
32,67900,0,1
22,63710,1,0
20,102782,0,0
54,60110,1,1
54,19789,0,1
54,15533,0,1
20,65970,0,0
52,43776,0,1
40,63302,1,1
45,33725,1,0
47,79367,0,1
35,87230,1,1
53,85542,0,0
50,107534,1,0
43,117849,1,0
65,57428,0,0
57,110623,0,0
34,118211,0,0
57,104898,0,0
24,19485,1,1
25,81771,0,0
48,58674,1,0
29,112519,0,0
65,104575,0,0
48,110952,0,0
61,81681,1,1
36,38804,0,1
27,62244,1,0
56,16475,0,0
29,67073,0,0
37,25047,0,0
54,92692,1,0
65,110957,0,0
58,108491,0,0
24,102599,0,0
31,63444,0,1
28,71848,0,1
24,36799,1,1
46,101858,0,0
27,79856,1,0
46,114908,0,0
26,95468,0,0
53,59239,0,1
65,118351,0,0
27,72895,1,1
36,55943,1,1
48,77559,0,1
34,39003,1,0
26,37501,0,1
62,46092,1,1
50,95519,0,0
51,44768,0,1
62,49604,0,0
41,102824,0,0
26,61760,1,0
24,21476,0,1
33,113138,0,0
36,90498,0,0
56,43439,0,0
23,18400,0,0
28,104976,0,0
29,39610,0,0
59,66356,0,0
30,44575,0,1
29,34728,0,0
38,44067,1,1
27,104839,1,0
37,60262,1,1
53,16628,1,0
45,90057,1,0
41,119049,0,0
22,40380,0,0
54,74853,1,0
29,43923,0,1
52,49058,0,0
57,71162,0,1
19,109416,1,0
58,77394,1,0
62,80078,0,1
56,33970,1,0
59,53891,1,0
26,19930,0,1
39,50318,1,1
64,65107,1,0
22,76953,0,0
29,110379,0,0
18,64108,0,0
61,47574,0,0
39,24857,1,1
55,38513,0,1
36,115434,0,0
33,38593,1,0
48,103219,1,0
20,117044,0,0
40,33884,1,0
59,73986,0,0
35,20307,0,0
43,27904,1,0
30,98417,1,0
35,109714,1,0
20,75548,0,1
40,28582,0,0
20,72965,1,1
42,116448,0,0
44,23025,0,0
61,64444,1,1
44,56614,0,1
56,58944,0,1
42,76187,0,1
41,99724,1,0
25,22604,1,1
26,42290,0,0
63,86739,0,1
54,65773,0,0
47,22871,1,0
36,95198,0,0
33,117318,1,0
41,91981,0,0
61,91574,0,0
38,18505,1,0
53,56478,0,0
57,99605,1,0
56,29418,0,0
64,31411,0,0
23,113569,0,0
22,24498,0,0
31,71257,0,1
62,71058,1,0
59,101995,0,0
21,37203,1,1
25,108566,0,0
41,101596,0,0
28,100310,0,0
34,61917,1,1
38,113914,0,0
43,35930,0,1
60,94029,0,0
65,118331,0,0
61,28638,0,1
62,20724,0,0
44,80738,0,1
33,113705,0,0
43,17027,1,1
50,29807,1,0
48,108962,0,0
65,78109,0,0
64,56849,0,1
23,15178,1,1
61,20817,0,1
25,115283,0,0
24,87721,1,1
51,18984,1,0
61,79096,1,1
31,102585,1,0
33,101941,1,0
60,90772,1,0
26,102432,0,0
27,116287,1,0
34,29635,1,0
29,89078,0,1
23,117586,0,0
36,46342,0,1
60,69680,1,1
58,22988,0,0
46,47070,0,1
23,112491,0,0
42,93132,1,0
41,38659,0,1
42,90952,0,0
33,34171,0,0
33,68778,0,1
23,113113,0,0
54,70713,0,0
38,37736,0,1
21,85344,0,1
51,72781,0,1
45,119192,0,0
55,86273,1,0
58,80499,0,0
45,50126,0,1
34,44652,0,1
31,20390,0,0
24,101136,0,0
39,80942,0,1
18,68492,1,1
46,113300,0,0
48,64217,0,1
47,75333,1,1
32,113531,0,0
35,99104,1,0
52,90969,0,0
47,109913,0,0
51,103720,0,0
59,73856,0,0
28,63481,1,0
44,89657,0,1
41,43612,0,1
52,102743,0,0
56,25795,0,1
25,32564,1,1
35,63603,0,1
30,56999,1,1
62,81637,1,0
41,115403,0,0
40,15513,0,0
29,80015,0,0
47,26324,0,0
48,30491,0,0
45,94229,1,0
39,96459,0,0
61,49600,0,0
45,79179,0,1
30,25872,0,1
42,58058,0,1
61,87673,0,0
63,26358,0,1
24,86343,0,0
62,41503,0,0
23,95395,1,0
41,76794,0,1
36,67268,1,1
36,62905,0,1
53,77668,1,0
26,37234,0,0
65,91615,1,0
53,71750,1,0
55,45975,1,0
57,84879,1,0
46,85164,0,0
41,103104,0,0
65,43106,0,0
22,89517,0,0
59,114604,0,0
62,115251,0,0
43,82778,0,1
31,73438,0,1
56,63397,0,1
46,65510,0,0
23,51424,0,1
24,64459,0,0
54,114754,1,0
35,66275,1,1
40,69034,0,1
61,83378,0,0
55,31017,0,0
18,94372,0,0
21,94722,0,0
61,49432,1,1
64,37757,1,0
52,62188,1,0
40,46116,0,1
44,51716,0,1
43,73738,0,1
25,35456,0,0
60,18634,0,0
33,64366,0,1
58,116376,1,0
20,35856,1,1
49,82995,0,1
22,117010,1,0
37,112055,0,0
31,75615,0,1
49,98126,0,0
43,89137,0,1
64,84005,0,0
23,39791,0,1
53,52615,1,1
57,15348,0,1
22,51419,1,0
30,17878,0,0
49,26857,0,1
33,118053,0,0
18,59029,0,1
30,100914,0,0
28,78214,0,0
25,80538,1,0
42,40658,0,1
57,38267,0,0
49,94889,0,0
41,82053,1,0
45,68998,0,1
31,100499,0,0
62,93711,0,0
20,66531,0,0
53,68416,1,0
44,45367,0,1
37,32232,1,0
64,74048,0,0
32,118340,0,0
44,76437,1,1
62,64357,0,0
58,41468,1,0
45,81056,0,0
42,36497,0,0
59,107463,0,0
61,21258,1,0
63,70959,1,0
50,49902,0,1
63,30454,0,1
31,52606,0,1
25,66627,0,0
65,69969,0,0
31,101465,0,0
18,104713,1,0
33,15785,1,0
35,88679,1,1
24,104628,1,0
32,62818,0,1
41,28635,1,0
30,91518,0,0
26,28409,1,1
32,63756,0,1
52,33541,0,1
41,73022,1,1
50,84064,1,1
33,51327,1,1
25,61888,1,1
46,105054,0,0
40,39946,1,1
62,112616,1,0
48,116241,1,0
57,39556,0,1
31,118445,0,0
47,36775,0,0
56,104577,0,0
44,15835,1,1
64,66645,0,0
33,50747,0,1
23,58285,1,0
50,59884,0,0
61,115728,0,0
35,31104,0,1
33,29927,0,1
29,19521,0,0
37,59086,1,1
62,29280,0,1
57,78266,0,0
46,45753,0,0
47,66528,0,0
43,64605,0,1
39,83995,0,0
50,109971,1,0
56,43077,0,0
64,81684,0,1
46,52345,0,0
39,46036,0,1
62,64273,0,0
30,35002,0,0
26,77020,1,1
41,63440,0,1
32,54398,0,1
53,117026,1,0
30,74516,0,1
44,86466,0,1
61,93924,0,0
54,68965,1,1
24,34691,1,1
25,84178,0,0
54,34201,0,0
58,22421,0,0
31,28554,0,0
29,73828,0,1
53,72620,0,0
57,86124,1,1
34,104307,0,0
57,106360,0,0
46,89852,1,1
44,75245,1,1
18,60562,0,0
51,43234,1,0
21,100322,0,0
41,117636,0,0
38,30329,0,0
50,30698,0,0
24,105863,0,0
18,62609,0,1
58,31548,0,0
20,54757,0,1
61,80234,0,0
32,33340,0,0
48,84396,0,1
33,99695,0,0
27,42865,0,0
46,115072,1,0
23,74767,1,0
46,112291,0,0
34,28743,0,0
39,86762,0,0
41,93254,0,0
34,119925,0,0
38,64934,0,1
28,71972,0,1
24,40530,0,1
59,74336,0,0
56,74003,0,0
22,47908,1,1
61,82186,0,0
65,55653,0,0
38,62032,0,1
35,48783,0,1
52,68535,0,0
37,86828,0,0
32,103273,0,0
22,75527,1,1
30,40551,0,1
29,58543,0,1
38,34504,1,0
54,31371,0,0
23,65975,0,0
24,101346,0,0
43,44036,0,1
59,96083,0,0
65,68756,0,0
25,107739,0,0
26,24305,0,1
44,89349,0,0
21,81436,1,0
38,18747,1,0
48,60024,0,1
38,65623,1,1
57,38245,0,0
42,18103,1,1
56,80609,0,0
32,83033,1,1
52,44577,1,0
60,74746,0,1
58,101548,0,0
54,23487,1,1
59,64449,0,0
64,110559,0,0
45,105413,0,0
31,60567,0,1
21,79849,0,0
37,87053,0,0
51,20615,0,1
29,91004,1,0
50,25879,0,1
41,112491,0,0
37,66996,0,1
22,28078,1,1
55,69775,0,1
47,19590,1,1
41,69100,0,1
60,25910,0,0
57,46976,0,0
24,36574,0,0
53,55652,1,0
55,103252,0,0
33,48430,0,1
32,88735,1,0
63,70627,0,1
40,67239,0,1
29,68913,1,1
46,113972,0,0
61,108276,1,0
65,24477,1,1
32,67772,0,1
46,80696,0,0
62,58358,0,0
60,59205,0,0
38,86996,1,0
32,77376,0,1
31,96937,0,0
59,115837,0,0
61,37894,0,0
33,117750,0,0
32,74919,1,1
59,118858,0,0
21,17918,1,1
44,40629,0,1
40,31699,0,0
46,68984,0,0
58,66363,1,1
26,22069,0,0
60,69285,1,0
60,119726,1,0
24,85063,1,1
59,34099,0,1
21,72977,0,0
22,30622,0,0
22,41281,0,1
28,54433,1,0
58,54875,1,1
45,96067,1,0
33,20132,0,0
58,109932,0,0
47,73016,0,0
21,58239,0,0
19,75891,1,0
63,108343,1,0
20,54550,0,1
38,42196,0,1
23,96529,0,0
60,68849,0,1
35,106494,0,0
61,62358,0,1
22,54513,0,0
26,118938,1,0
37,54028,0,1
45,95481,1,0
43,98105,0,0
35,103915,1,0
36,53877,1,1
20,37825,0,1
26,81451,0,1
53,38848,0,0
48,28669,0,0
34,24875,0,0
40,95389,0,0
51,82961,1,0
58,112976,0,0
58,48193,0,1
22,115091,0,0
32,115888,1,0
64,117952,0,0
20,31552,0,0
36,48282,1,1
45,51203,0,1
20,117829,0,0
55,99536,0,0
21,111338,0,0
41,91105,0,0
48,105802,1,0
62,83740,0,0
62,88301,0,0
28,91232,0,0
54,39928,0,0
18,63910,0,0
26,29679,1,1
34,114421,1,0
18,49173,0,0
20,59899,0,0
64,62865,0,0
43,53182,1,1
48,54109,0,0
43,19174,0,1
40,32061,1,0
47,105931,0,0
27,80749,0,0
25,114970,0,0
61,80524,0,1
42,77108,1,1
39,93812,0,0
32,89621,0,0
58,43481,0,0
27,66938,1,0
37,46276,1,1
58,105133,0,0
64,79850,0,1
40,102780,0,0
18,45601,0,0
19,114565,0,0
36,65324,0,1
31,36264,1,0
25,94426,0,0
55,61312,0,0
29,57852,1,0
43,62907,0,1
44,36058,0,1
46,96657,0,0
32,118500,0,0
63,52352,1,0
18,20021,0,0
60,37614,0,0
45,74131,1,1
20,57950,0,1
35,58420,0,1
51,17631,0,1
49,21345,1,0
46,62674,0,1
42,41844,0,1
43,86836,0,0
56,119148,1,0
25,99096,1,0
36,20362,0,1
64,23097,1,0
59,20599,1,1
39,105988,0,0
46,62373,0,0
50,19258,0,1
55,106066,0,0
62,68271,1,1
63,87176,0,1
52,52056,0,1
60,32261,0,0
20,66696,1,0
36,52827,0,1
27,30141,0,0
44,41752,1,1
32,104084,1,0
28,115904,1,0
64,96438,0,0
43,108219,0,0
41,67680,1,1
30,33792,0,1
49,52628,0,1
54,68100,0,0
21,82870,1,0
30,15767,0,0
26,112180,0,0
51,41992,0,1
54,44570,0,1
65,79697,1,0
24,92273,0,0
18,93908,0,0
29,107421,0,0
38,101126,0,0
28,76580,1,1
61,15744,1,1
61,107694,0,0
61,35558,0,0
31,73861,0,1
51,47259,0,0
51,36450,0,0
42,71949,0,1
21,51929,1,0
43,61589,1,1
33,90122,0,0
27,15286,1,1
62,83783,1,1
19,112510,0,0
52,58562,1,0
36,85635,1,0
23,31387,0,0
36,37319,1,0
25,15411,0,1
31,35729,0,0
27,100647,0,0
20,30704,1,1
55,25109,0,1
46,81892,0,0
32,46172,0,1
40,88885,0,0
40,32984,0,1
35,42460,0,1
63,53474,0,0
36,59449,1,1
45,22196,0,0
43,101993,1,0
27,66534,0,1
64,28549,0,0
21,24821,1,1
19,50564,0,0
20,26073,1,1
24,22282,0,0
33,76146,0,1
48,34189,0,1
27,117384,0,0
36,89783,0,0
45,25771,0,0
34,76492,0,1
45,58725,0,1
36,37234,0,1
54,104282,0,0
40,49096,0,1
37,27236,0,0
30,66544,1,1
30,50921,0,1
60,39576,0,1
28,15166,0,0
65,29652,0,0
32,34638,0,0
34,101980,0,0
45,30233,0,0
36,16885,0,0
21,68520,0,0
39,110900,0,0
39,95244,0,0
54,114203,0,0
56,50016,0,0
51,83948,0,0
50,79810,0,1
61,26769,0,0
59,96483,0,0
57,58147,1,0
50,21449,0,1
29,57179,0,1
19,116436,0,0
45,23136,0,1
27,113663,0,0
39,86986,0,1
34,57999,0,1
43,104567,0,0
20,46052,0,1
24,76281,0,1
61,26346,1,1
25,72677,1,0
37,29852,1,1
29,87603,0,0
52,46485,1,0
34,90225,1,0
45,98337,1,0
58,39272,0,0
27,18763,1,1
39,74087,0,1
55,69848,0,0
50,45075,0,0
39,43692,1,1
61,107085,0,0
54,81414,0,0
30,43848,1,1
44,111277,0,0
32,34268,1,0
39,91323,1,0
47,56620,0,0
60,112207,0,0
57,91872,0,0
54,108274,1,0
51,94023,1,0
61,55139,0,1
51,68137,0,0
65,49037,0,0
52,93434,1,0
59,32678,0,0
36,58051,0,1
25,33141,1,1
56,90692,0,0
50,39160,0,1
61,27835,1,1
45,24383,0,1
54,119882,0,0
65,39564,0,0
42,99761,0,0
53,53484,0,0
34,66556,1,1
41,100482,0,0
38,43280,0,1
19,57782,0,1
48,65423,0,0
61,41295,0,0
50,72596,0,0
47,113236,0,0
29,116072,0,0
61,113145,0,0
29,90287,1,0
41,71953,0,1
41,89464,0,1
28,86678,0,0
30,60955,0,1
44,66080,0,1
25,96793,0,0
27,79930,0,1
25,37650,0,0
37,118717,0,0
25,38212,0,1
26,82726,0,0
24,81538,1,0
31,57882,0,1
45,38038,0,1
19,88630,0,0
60,37451,0,1
25,84288,1,1
30,70352,1,1
38,35521,0,0
64,79308,0,0
45,67854,1,1
52,108304,1,0
40,108946,0,0
63,52206,0,1
32,84963,0,1
19,20556,1,1
29,33772,1,1
53,43063,0,1
20,37709,0,0
22,65852,1,1
20,95855,1,0
64,20383,0,0
36,16233,0,0
19,42146,0,0
61,66450,0,1
54,39713,0,0
34,58758,0,1
31,95325,1,0
45,83466,1,0
44,92648,0,0
27,27374,1,1
20,65985,0,0
53,46012,0,0
55,99059,1,0
42,39783,0,1
39,30563,1,0
65,58193,0,0
56,25042,0,1
64,74031,0,1
47,58163,0,1
38,103356,0,0
47,111788,1,0
45,17208,0,1
48,28796,0,0
43,118926,0,0
60,105962,1,0
39,37670,0,0
38,39320,0,1
18,35074,1,1
54,42931,1,0
30,33993,1,1
38,70330,0,1
63,47991,0,1
26,30003,1,1
34,62496,1,1
64,29743,1,1
38,67926,0,1
48,94543,1,0
56,39300,0,1
39,96711,0,0
29,86509,0,0
23,24703,1,1
33,112849,0,0
43,99006,0,0
22,109712,1,0
26,80014,0,1
63,103816,0,0
57,104403,1,0
31,55431,1,1
61,71436,0,1
59,36845,1,1
47,96777,0,0
43,50055,1,1
62,23878,1,0
46,25209,0,0
36,73812,1,1
64,109035,0,0
25,118139,0,0
40,115838,1,0
59,26004,0,0
52,111123,0,0
48,48390,0,1
52,43400,0,0
49,91511,1,0
22,93121,1,0
33,21876,0,0
34,63104,0,1
49,94135,0,0
55,105775,0,0
49,58906,0,0
37,35378,0,1
65,41568,0,0
19,112046,0,0
37,115998,1,0
64,101224,1,0
35,102332,1,0
18,45796,0,1
46,101353,1,0
46,79350,1,1
36,70061,1,1
61,90597,0,0
57,39401,0,0
23,18810,0,0
61,114216,0,0
56,104362,1,0
63,19902,0,1
25,77734,0,1
41,100148,0,0
37,64723,0,1
31,75599,1,1
22,91199,0,0
58,28967,0,1
57,55536,0,1
51,20135,0,0
33,77365,1,1
62,94608,1,0
24,100953,0,0
33,86979,1,0
24,118146,0,0
44,36925,0,0
31,110538,1,0
31,117331,0,0
61,45993,0,1
50,80796,0,0
50,89663,1,0
61,64483,1,1
37,117514,0,0
64,39843,0,1
53,113376,0,0
24,52879,1,0
49,83457,0,1
65,18888,1,0
20,80713,1,0
56,66151,0,0
46,22426,0,1
41,85031,0,1
39,113573,0,0
23,25047,0,0
65,33039,0,0
41,76096,0,1
57,50301,0,1
40,63707,1,1
55,60114,1,0
27,36366,1,1
33,35745,0,1
28,58082,0,1
49,70270,0,0
62,26353,0,1
23,40080,0,0
41,33788,0,1
50,49969,0,0
29,70171,0,0
44,75633,0,1
55,20659,0,0
35,48921,0,1
62,19161,1,0
56,30503,0,0
30,107539,0,0
57,39982,0,0
47,84014,0,0
58,109156,1,0
30,70910,0,1
51,67632,1,0
53,115665,0,0
47,42172,0,1
42,90696,1,0
19,72804,1,0
53,115750,0,0
35,92467,1,0
22,111706,0,0
36,111726,0,0
59,78107,0,1
35,73926,1,1
49,88137,0,0
38,118355,1,0
27,84053,0,0
54,85338,0,1
39,99295,1,0
30,88386,0,0
34,21744,0,0
26,103309,0,0
41,86784,1,1
61,75083,0,0
31,65123,0,1
63,87672,0,0
25,57285,1,1
54,72496,0,0
36,92336,1,0
45,77396,1,1
63,67238,0,0
58,28417,0,0
47,105841,0,0
24,117271,0,0
43,60129,0,1
57,52719,1,0
63,19002,0,0
63,17332,0,1
28,41149,0,0
31,84911,0,0
38,109994,0,0
25,113989,1,0
20,100808,0,0
45,73923,0,1
46,32352,1,0
40,76081,0,1
35,78778,1,1
52,82569,0,0
30,36645,1,0
29,40343,0,0
64,15645,0,1
22,46775,0,1
56,19121,0,0
28,78742,1,0
28,88648,0,1
64,24271,0,1
59,54204,0,0
64,40212,0,0
48,90828,0,0
48,38481,0,0
30,118890,0,0
31,109029,0,0
62,110011,1,0
59,81404,0,0
42,53682,0,1
50,76441,0,0
50,88749,1,1
32,74969,0,1
33,103275,0,0
61,79747,0,0
55,16903,0,0
23,50344,0,1
61,117413,1,0
42,101534,0,0
32,33319,0,0
21,113919,1,0
21,36441,0,0
47,91178,0,0
51,92312,0,0
44,39862,1,1
48,46103,0,0
49,26510,0,1
61,49691,0,0
56,93938,0,0
26,86991,0,0
58,55372,1,1
25,83309,0,0
31,58050,1,1
50,42377,0,1
40,73336,1,1
38,90312,1,0
29,73219,0,0
19,112595,0,0
30,109941,1,0
21,74229,0,0
37,80679,0,1
65,71648,1,1
31,40698,0,1
47,32083,0,1
46,60169,1,0
25,37702,0,1
29,113574,0,0
58,56022,0,0
55,81543,0,1
43,107955,1,0
19,90710,1,0
57,111416,0,0
31,22203,1,0
23,74772,0,0
59,51492,0,0
57,109525,0,0
48,107867,0,0
34,103519,0,0
42,73636,0,1
49,70639,0,0
29,110271,0,0
30,55685,1,1
36,101429,1,0
61,30739,1,1
65,44917,0,0
42,35704,0,1
48,110688,0,0
54,73521,0,0
42,62383,0,1
33,118776,0,0
55,87742,0,0
60,103792,1,0
40,39307,0,0
31,19716,0,1
23,71270,0,1
42,115924,0,0
40,33920,0,0
60,52871,0,0
29,57928,1,0
30,104000,0,0
53,118621,0,0
56,28587,0,1
51,16195,0,1
23,40083,0,0
55,37438,0,0
57,35009,0,1
25,116123,1,0
25,101679,0,0
57,28696,0,0
50,22564,0,1
51,18637,0,0
61,115177,0,0
32,77759,0,1
53,32790,1,1
52,108695,0,0
63,86050,0,0
39,114881,0,0
40,71924,1,1
57,102299,0,0
62,27568,0,0
39,108539,0,0
22,85847,0,0
48,56596,0,0
30,53315,0,1
45,32191,0,0
37,35908,1,0
50,16415,0,1
33,55276,0,1
46,62650,0,1
40,79427,0,1
41,99369,0,0
51,30406,1,0
24,44336,0,0
55,109957,1,0
54,116800,0,0
21,92316,1,0
51,54871,0,0
59,27221,0,1
39,36116,0,1
22,54790,0,0
59,94958,0,0
40,56474,0,1
32,102019,1,0
48,55100,1,1
26,20416,1,1
60,30251,0,1
42,42074,1,1
42,80447,0,0
38,72684,0,1
26,92700,0,0
65,69822,0,0
55,83004,0,1
39,66580,0,1
60,70300,0,0
40,58655,1,1
21,17027,1,1
46,104091,0,0
32,26944,0,0
18,15315,1,1
47,94669,0,0
46,51757,1,0
37,113834,1,0
50,39268,0,1
58,66011,0,0
61,79544,1,0
53,85293,1,1
39,55640,0,1
30,44967,0,1
24,106331,0,0
25,43798,0,1
45,76788,1,1
62,114371,1,0
60,46461,0,0
26,114031,0,0
42,97163,1,0
33,78496,0,1
27,106897,0,0
28,81247,0,0
48,26085,0,0
29,108262,1,0
48,88460,1,1
31,96085,0,0
61,73852,0,0
49,88998,0,1
34,17560,0,0
52,102059,1,0
18,34944,0,0
46,82713,1,0
21,75161,0,0
40,35098,0,0
45,116382,0,0
33,42475,0,1
29,57736,0,0
38,112983,0,0
62,36416,0,1
34,94656,1,0
57,17948,0,1
30,17520,0,0
49,87805,0,1
54,107497,0,0
32,77976,0,1
29,28336,0,1
32,75112,0,1
51,29020,0,0
23,107816,0,0
34,79566,0,1
65,31746,1,0
37,82792,1,1
26,108248,1,0
22,93372,0,0
40,40711,1,1
50,19358,1,0
55,26339,1,0
31,47039,0,1
34,36245,0,0
36,32259,1,0
50,76086,1,0
18,70107,0,0
30,87665,0,1
63,68003,0,0
44,63789,0,1
23,55573,1,0
23,70808,0,0
50,56588,0,1
47,91747,1,0
63,110733,0,0
52,96164,0,0
40,41300,1,1
27,62092,0,0
36,98048,0,0
45,101481,1,0
40,114323,1,0
21,101944,1,0
37,63408,0,1
36,100847,0,0
59,80124,1,0
44,50609,0,1
51,26139,0,0
21,53245,0,0
55,65160,0,0
24,98146,0,0
65,65787,0,1
24,43952,0,1
43,79403,1,1
43,94104,0,0
36,105435,0,0
26,92538,0,0
37,22529,0,0
59,98605,1,0
62,63478,1,0
33,77525,1,1
34,84248,1,0
39,80091,1,0
30,54826,0,1
29,72885,0,1
27,34328,0,0
18,98247,0,0
49,20906,0,0
47,44107,0,0
25,66412,0,0
38,98349,0,0
39,24153,0,1
35,61213,0,1
19,46679,1,1
65,110124,0,0
61,104306,1,0
26,99388,1,0
20,34612,0,0
43,45907,0,1
38,110707,0,0
47,68551,1,1
45,95984,0,0
53,18966,0,1
43,69433,0,1
51,36401,0,0
25,36539,1,1
27,49018,0,1
65,74542,0,0
60,85224,0,0
31,78534,1,1
57,100993,1,0
32,51555,0,1
34,111915,0,0
35,25470,0,1
49,53426,0,0
55,89729,1,0
40,67924,0,1
63,115516,0,0
40,73954,0,1
52,102613,0,0
56,51759,0,1
32,89831,0,1
41,29735,0,0
45,62011,1,1
33,83568,0,1
33,51671,0,1
57,110433,0,0
56,40836,0,1
23,116974,0,0
19,101814,0,0
30,102438,0,0
61,75854,0,0
64,66488,0,0
26,51091,0,1
51,22120,1,1
34,22859,0,0
44,113403,0,0
46,45611,0,0
54,116960,0,0
60,60477,1,1
39,21786,0,0
41,113997,0,0
24,36185,0,1
51,111726,0,0
65,84245,0,0
29,99690,0,0
40,78906,0,1
32,101395,0,0
50,84745,1,1
30,103915,0,0
40,95382,0,0
55,33003,0,0
49,105962,1,0
62,106087,0,0
52,99436,1,0
18,92916,0,0
64,24707,0,1
62,39379,1,0
22,65277,1,0
30,105604,0,0
22,87442,0,1
49,96431,0,0
38,69756,0,1
41,99956,1,0
35,95748,0,0
38,94859,0,0
27,113470,0,0
41,76579,0,1
57,87884,0,0
64,81111,0,0
38,54939,0,1
42,30748,1,1
40,83879,0,0
39,57115,0,1
21,77023,0,1
51,105927,0,0
23,102943,0,0
45,74984,1,1
48,57495,1,0
52,55747,1,1
56,89690,0,0
59,75378,1,0
40,36555,0,1
23,41623,0,0
33,118713,0,0
19,52309,0,1
41,100780,0,0
34,65666,0,1
62,108463,0,0
18,16067,0,1
23,32265,0,1
22,87445,1,0
62,36416,1,0
46,94772,0,0
29,111901,0,0
56,67791,0,0
64,41125,0,0
20,91465,1,0
65,68709,0,0
18,56060,1,1
44,46411,1,1
65,95855,0,0
41,67684,1,1
61,50584,0,0
36,86947,0,1
25,46602,1,1
61,87740,0,0
64,33899,0,0
19,105053,0,0
47,115043,1,0
47,84588,0,0
56,64410,1,0
62,72852,0,1
49,53554,0,1
18,27013,0,1
55,60364,0,1
30,118024,0,0
28,62213,1,0
27,51494,0,0
65,15678,1,0
43,45352,0,1
37,60797,0,1
34,24098,0,1
34,23459,0,0
21,53894,0,0
22,108215,0,0
40,113202,1,0
63,93763,0,0
27,85442,0,0
63,22898,1,1
45,65352,1,1
50,62207,1,1
60,48884,1,0
43,86880,0,1
65,42366,1,0
46,25836,1,0
44,32442,1,0
35,71436,0,1
57,55920,1,0
27,27686,0,0
59,58604,0,0
22,25356,0,1
27,56163,1,0
38,42793,0,1
41,17491,1,0
55,101742,0,0
20,74382,0,1
57,94464,0,0
48,54772,0,1
58,92096,0,0
54,22011,0,1
19,102620,0,0
19,59518,0,0
56,43633,0,1
59,19862,1,0
61,53118,0,0
51,78849,0,0
59,93218,0,0
37,60303,1,1
50,26703,0,0
21,30096,0,0
62,75047,0,1
61,94642,1,0
28,80891,0,0
59,23432,0,1
64,30700,0,1
22,71862,1,0
42,40196,0,1
54,112186,0,0
51,61618,0,0
26,97774,1,0
23,74658,1,0
35,108312,0,0
31,21704,0,0
36,100544,0,0
31,30379,0,1
57,69598,0,0
34,57020,1,1
52,23573,0,0
46,37415,0,0
59,103102,1,0
34,81668,0,1
60,66628,1,0
25,67287,0,1
18,115383,1,0
62,15944,1,0
53,20840,1,1
24,68114,0,1
63,54442,0,1
22,58489,1,1
41,60261,0,1
45,59278,1,1
60,48602,0,0
34,35134,0,1
54,84720,0,1
37,108499,0,0
20,87714,1,0
54,85704,1,0
43,47654,0,1
32,85527,1,0
65,23146,0,1
25,85826,1,0
30,72550,1,1
65,105085,0,0
20,95380,0,0
18,109418,0,0
26,80564,1,1
48,72531,0,1
58,98780,1,0
43,22934,1,0
34,110381,0,0
51,115876,1,0
26,63049,0,1
30,70280,0,1
22,100934,1,0
58,110597,0,0
30,68404,0,1
18,17127,0,1
42,90619,0,0
64,77736,1,0
21,34091,1,1
53,24933,0,1
27,30877,0,1
45,49581,1,1
23,27519,0,1
44,88352,0,0
29,23351,1,1
65,30648,1,0
20,72548,0,1
63,107997,1,0
50,77823,0,1
27,59480,0,0
48,54017,0,1
32,95977,0,0
24,54253,0,0
53,89713,1,0
31,115109,1,0
65,101967,0,0
31,36924,1,1
20,49864,0,0
63,27493,0,0
20,20337,0,1
39,78281,0,1
36,31035,0,1
52,103854,1,0
29,84318,0,1
22,94334,0,0
27,34884,1,1
58,24074,0,1
50,107885,0,0
30,41907,0,1
52,102525,0,0
49,119723,1,0
28,23624,0,0
65,88425,0,0
55,42256,0,1
41,25455,0,0
52,26194,0,1
36,36622,0,0
23,107524,0,0
57,65969,0,0
62,88106,0,0
61,36487,1,0
59,15617,1,1
52,21285,0,0
21,48224,0,0
50,81036,0,0
30,72226,0,1
53,43994,0,0
60,77439,0,0
36,66467,1,1
60,117178,0,0
29,38014,1,1
28,85509,0,0
23,85310,0,1
29,96055,1,0
44,80254,0,1
58,62117,1,1
42,76594,0,1
59,101116,1,0
20,103635,1,0
20,65218,0,1
37,61390,1,1
45,52484,0,1
40,57588,0,1
65,28302,0,0
20,70760,0,1
59,18234,0,0
41,21494,0,0
60,74625,1,0
57,29239,0,0
23,85034,1,0
37,85803,0,0
28,70323,0,1
49,27546,1,1
44,39479,1,0
38,51437,1,1
61,68867,0,0
65,24657,0,0
30,102989,0,0
39,115265,0,0
52,32259,0,0
64,43645,0,1
39,77674,0,1
45,92629,1,0
38,89270,1,1
63,84052,0,0
35,30032,0,0
48,101419,0,0
63,106130,0,0
54,55001,1,1
38,41004,0,1
31,28170,1,0
42,119251,0,0
44,97494,1,0
57,32842,0,0
40,106611,1,0
48,41067,0,0
64,83708,0,0
46,66622,0,1
64,51195,0,1
47,55566,0,0
43,22736,1,0
37,63258,0,1
55,111804,0,0
36,58475,1,1
44,59511,0,1
42,19206,0,1
57,34348,1,0
55,71057,0,0
40,51081,0,1
46,77208,1,1
32,39854,0,1
20,117762,1,0
27,33032,0,1
32,69679,0,1
33,44272,0,1
34,50109,1,1
36,65670,1,1
28,115142,0,0
65,65022,0,1
22,20538,0,0
22,59237,0,1
31,24533,1,0
43,111328,1,0
25,74650,1,0
22,86013,0,0
24,24363,0,0
33,92800,0,0
31,61304,0,1
54,26819,0,0
58,27191,1,0
21,21499,0,0
53,78001,0,0
65,32668,0,0
34,23762,1,0
64,111828,1,0
53,34248,0,0
23,119349,1,0
33,59944,0,1
46,91869,0,0
53,111188,0,0
55,28070,0,0
54,106392,0,0
65,112164,0,0
65,52807,0,0
27,103959,0,0
58,63033,0,0
53,40212,1,0
46,116277,0,0
31,19626,0,0
21,64270,0,0
61,55767,0,1
59,76505,0,0
53,17292,0,1
62,29859,0,1
30,45585,1,1
63,97343,0,0
35,18819,1,0
50,104623,1,0
38,16280,0,0
33,78480,0,1
32,93777,0,0
22,29147,0,1
23,100352,0,0
55,82165,0,0
20,118803,0,0
65,23634,0,1
29,83550,0,1
53,25773,0,0
50,32881,0,0
53,76596,1,0
50,23280,0,0
48,74593,0,0
38,40555,0,1
44,56421,0,1
44,100472,0,0
25,42332,0,0
54,59588,1,0
49,107613,0,0
43,22637,0,1
19,105491,0,0
29,101416,0,0
39,61158,0,1
34,68798,0,1
24,67135,0,1
60,31155,0,0
21,83596,0,0
54,61465,0,0
55,63081,1,1
49,71986,1,0
28,70956,0,0
18,55278,0,1
42,83486,0,0
59,68692,1,0
41,62155,0,1
60,104338,0,0
34,21063,0,1
25,94741,0,0
62,59690,0,0
44,41507,0,1
35,22661,0,1
44,51189,1,1
39,115294,1,0
33,28057,1,1
19,100776,0,0
22,114786,1,0
35,50313,1,1
20,51988,1,0
44,27491,0,1
34,75159,0,1
33,48410,0,1
23,93868,1,0
24,77029,0,0
31,100838,0,0
55,49354,0,1
57,99329,0,0
32,21504,1,0
64,108961,0,0
64,44811,0,1
65,64206,1,1
50,110282,0,0
60,32225,1,1
44,111509,0,0
46,117891,0,0
54,107732,0,0
22,34290,0,1
46,90660,0,0
49,118360,1,0
23,119286,0,0
19,17272,0,0
23,21141,1,1
63,79980,0,0
60,72167,0,0
21,39678,0,0
46,89697,0,1
42,16071,0,1
26,32120,1,1
20,106477,0,0
43,119680,0,0
65,39133,0,0
60,18630,0,0
44,80763,1,1
53,119969,0,0
49,94544,1,0
18,69863,0,0
33,70308,0,1
65,34954,1,1
28,95211,0,0
43,77787,0,1
57,16619,1,0
18,93421,0,0
43,82740,0,0
45,92230,0,0
26,55342,1,1
61,24373,0,0
39,26448,1,0
25,64949,0,1
59,46210,1,0
44,40410,0,1
56,80047,0,0
36,44028,0,1
42,83300,0,1
55,58369,0,1
38,79735,0,1
41,26467,1,0
41,23199,0,0
36,42095,1,1
64,112999,0,0
19,54007,0,1
31,62711,1,1
49,28617,1,0
59,43304,0,0
49,83865,0,0
45,111729,0,0
65,70221,0,0
56,92099,1,0
57,86120,0,0
59,89341,0,1
64,105800,0,0
57,89625,0,0
30,28639,0,0
29,39685,1,1
25,80416,0,0
32,75356,0,1
43,26110,1,1
29,114464,0,0
60,67762,1,0
63,36128,0,0
44,29684,0,0
35,66155,0,1
62,39419,1,0
53,16527,1,0
44,30220,0,0
26,38702,0,0
56,42757,0,1
18,61664,0,1
24,93621,1,0
43,30205,0,1
24,75207,0,0
24,35994,0,1
25,111481,0,0
33,101170,1,0
20,45569,0,0
62,110711,0,0
27,21626,0,0
24,116159,0,0
38,18964,0,0
54,62377,1,1
48,33058,0,0
40,106302,0,0
44,50160,1,1
39,31262,0,0
56,115225,0,0
44,109501,0,0
21,25884,0,1
41,19433,0,0
40,98747,0,0
65,91227,0,0
36,46063,0,1
59,48484,0,0
20,101780,0,0
44,105196,0,0
20,51536,1,0
45,116011,1,0
34,45084,0,1
48,39802,1,0
27,72012,0,1
39,35614,1,0
47,85569,0,0
38,84922,0,0
53,92686,1,0
40,23157,1,0
55,63742,0,0
29,110944,1,0
42,22675,0,0
37,41228,0,1
59,33251,0,1
24,38349,0,0
46,64178,1,1
65,96362,1,0
46,89660,0,1
30,21588,0,0
20,111479,1,0
19,108570,0,0
33,102687,0,0
47,78196,0,0
55,47400,0,0
23,28536,1,1
62,17700,0,0
24,106610,0,0
22,89345,1,1
24,30115,0,0
51,67929,0,1
49,60513,0,1
30,99607,0,0
47,53100,1,1
42,103726,0,0
38,36440,1,0
38,106616,0,0
45,47947,0,1
65,88532,0,0
37,95398,1,0
51,74413,0,0
22,118768,0,0
35,38104,0,1
56,97841,0,0
60,50860,0,0
28,77184,0,1
34,86063,1,0
65,28727,1,0
62,110503,0,0
39,104385,0,0
54,17719,0,0
37,27924,0,0
65,24215,0,0
65,105124,0,0
65,105826,1,0
63,75494,0,0
23,63009,0,0
51,100545,1,0
31,46912,1,1
65,16144,0,1
40,52302,0,1
37,95171,0,0
30,114024,0,0
64,68720,1,0
61,81542,1,1
58,92026,1,0
49,42044,0,1
43,87635,0,0
31,104036,0,0
53,15537,0,0
25,91552,0,0
57,50453,0,0
39,16980,0,0
39,86442,0,1
33,48307,0,1
44,103966,0,0
27,59844,0,1
42,43629,0,1
48,42775,0,0
38,55029,1,1
44,110934,0,0
34,76860,1,1
50,79783,1,1
48,56988,0,1
59,70452,0,0
43,15051,0,0
38,39818,0,0
53,16686,0,0
18,34205,1,1
21,103483,0,0
21,23096,1,1
43,89152,1,0
21,58087,0,0
26,23545,0,0
47,116994,0,0
62,23484,0,1
21,81252,0,0
22,38667,1,1
62,109736,0,0
40,85111,0,0
33,101492,1,0
39,91206,0,0
54,30637,0,0
25,96882,0,0
65,107476,0,0
50,113941,1,0
55,55747,1,0
60,74749,0,1
33,24491,0,1
22,68100,0,0
33,27631,1,1
24,102470,0,0
18,42182,0,0
26,23903,0,0
35,107722,1,0
62,72782,0,1
64,92261,0,0
20,92606,1,0
41,51109,0,1
45,96604,0,0
27,86086,0,1
26,75436,1,1
30,33167,0,1
65,40443,0,0
52,95224,0,0
40,65640,1,1
64,118887,0,0
34,44548,0,1
63,92649,0,0
24,77358,0,0
33,102825,1,0
57,33160,0,0
53,114385,1,0
37,61205,1,1
41,77280,1,1
64,99845,0,0
22,51852,0,1
62,60021,0,1
23,21195,1,1
45,81547,1,1
22,39286,0,0
56,48581,1,1
55,92674,1,0
19,41719,1,1
60,113576,0,0
56,63450,1,1
38,35028,1,0
57,31192,0,0
54,98636,1,0
35,86812,0,1
65,42551,0,1
63,87364,1,0
29,79311,0,0
34,76444,1,1
54,48124,0,0
63,28654,0,1
55,15203,0,1
32,35129,0,1
24,87150,1,0
31,48264,0,1
18,27989,0,1
55,64214,0,0
20,82115,1,1
54,76678,0,0
61,72883,1,1
48,68445,0,0
60,85412,0,1
30,84661,1,0
65,20328,0,0
35,63968,0,1
34,57040,1,1
34,74199,0,1
28,72039,1,0
37,92232,1,0
27,116683,0,0
46,65750,0,0
65,31119,0,0
51,39017,1,0
34,63780,1,1
59,41204,0,0
30,34562,0,1
61,39428,0,1
64,36497,0,0
56,18372,0,0
44,103683,1,0
43,32453,1,0
45,66928,1,1
30,48960,0,1
29,32197,1,1
61,114456,1,0
45,69984,0,1
19,16883,0,0
54,31651,1,1
51,100591,1,0
40,17812,0,0
62,110981,0,0
46,21562,0,1
52,87549,1,0
28,85713,1,1
65,35469,0,1
50,64535,0,0
28,76300,1,1
26,111765,1,0
31,109637,1,0
26,108523,1,0
56,103641,0,0
65,104003,1,0
20,97969,0,0
46,33217,1,0
36,111844,0,0
53,23989,1,0
49,52235,1,1
24,99895,0,0
45,85691,0,1
61,71850,0,0
35,65442,1,1
22,88497,1,0
40,38983,1,0
39,22186,0,1
43,22506,0,1
59,56026,0,0
29,61070,0,1
57,63951,0,0
36,110761,1,0
64,22791,0,0
18,76335,1,0
20,108133,0,0
44,87306,0,0
35,24893,0,0
47,40154,0,0
19,104854,1,0
22,65757,0,0
46,76387,0,0
50,55755,1,0
59,28514,1,0
37,46358,0,1
47,102974,0,0
59,117809,0,0
22,107992,0,0
38,38631,0,0
32,20807,1,0
37,86792,0,0
25,95692,0,0
48,26908,0,1
29,39435,1,1
38,84820,0,0
47,76716,0,0
44,45432,0,1
61,94974,0,0
43,115458,0,0
50,55510,0,1
43,29227,0,0
43,94801,0,0
53,99724,0,0
57,33604,1,0
18,109101,0,0
32,113124,1,0
18,112610,0,0
28,97641,1,0
19,40790,0,0
18,103894,0,0
48,45944,1,0
61,37187,1,1
33,67546,1,1
39,19025,1,0
59,108691,0,0
35,39512,0,0
64,30907,0,0
34,95005,0,0
47,52924,1,0
27,62196,0,0
52,29410,1,0
38,58763,0,1
33,74574,0,1
23,118116,0,0
20,23650,0,1
58,63826,1,1
60,41277,1,0
38,72970,0,1
30,17456,1,1
35,31590,0,1
41,42892,1,1
44,32740,0,1
21,60728,0,0
39,26788,0,1
41,104381,0,0
57,87692,0,0
62,23151,0,1
27,41515,0,0
19,25987,0,1
57,93096,1,0
23,70674,1,0
65,83209,1,1
35,62767,0,1
34,87359,0,0
55,54644,0,1
62,108901,0,0
40,53741,0,1
63,80121,0,1
47,88818,0,0
38,56435,0,1
27,23056,0,0
60,115350,1,0
30,102227,1,0
29,116994,0,0
26,109137,0,0
21,67418,1,0
56,101549,1,0
41,50513,1,1
51,103943,0,0
56,39660,0,0
58,17639,0,1
22,101856,1,0
32,80612,1,0
21,87009,0,0
56,25622,0,1
25,33808,0,0
62,70636,1,0
41,85832,1,0
45,37951,0,0
60,103006,0,0
44,80941,0,0
18,60076,1,0
51,30345,1,0
34,15397,0,1
54,29665,0,0
55,29560,0,1
43,41376,0,1
41,34857,0,1
56,79268,0,0
38,113042,1,0
47,118293,1,0
64,35310,0,1
65,33328,0,0
30,56397,0,1
54,53159,1,1
20,113526,1,0
49,65762,0,1
52,88366,0,0
36,74304,0,1
31,63998,0,1
65,79853,0,1
39,117304,0,0
34,34048,0,0
21,65217,0,0
62,61255,1,0
57,102284,0,0
36,73620,1,1
54,85929,0,1
19,38885,0,0
32,81139,0,0
19,86831,0,1
28,56148,0,1
62,22103,0,1
40,40251,0,1
27,29546,1,1
20,30456,0,0
22,33228,0,0
20,95210,1,0
55,15046,1,1
30,81355,0,0
59,51575,0,1
36,99942,0,0
57,16080,0,0
52,83682,0,1
41,92462,0,0
41,30930,1,1
34,95823,0,0
57,54509,0,1
27,115521,0,0
19,83422,0,0
61,93880,0,0
40,102554,0,0
23,56755,0,1
19,67480,1,0
38,22293,0,0
52,83542,0,0
46,75528,1,0
24,39356,1,1
46,51911,0,0
54,29699,1,1
40,43434,0,1
50,69669,0,0
25,32602,0,0
29,55786,0,1
63,24952,0,0
65,56684,0,0
27,45489,1,1
32,47905,0,1
41,68602,0,1
43,61924,0,1
64,28381,1,0
59,94429,1,0
56,43130,0,0
20,45415,1,1
19,64128,1,0
23,99679,1,0
38,113362,0,0
26,15388,0,0
27,92652,0,0
53,34806,1,1
20,79333,1,1
58,19852,1,1
41,23627,0,0
39,73817,0,1
31,44048,0,1
59,115286,0,0
62,107550,0,0
61,91596,0,0
44,73117,1,1
50,23209,0,0
39,68482,1,1
46,53197,1,0
36,92694,0,0
36,33076,0,0
23,84912,1,1
62,100187,1,0
36,73482,0,1
30,104484,0,0
43,33079,0,0
39,28978,0,1
38,65738,0,1
53,27705,1,0
19,41907,0,0
64,68832,0,0
61,102367,1,0
47,69612,0,0
44,88501,1,1
24,25248,0,1
37,61988,0,1
48,104169,0,0
40,110039,0,0
30,22461,1,0
34,41998,1,1
21,27821,1,1
31,34870,0,0
37,28410,1,0
30,102721,0,0
20,34133,0,0
43,104705,0,0
43,38359,0,0
35,76385,0,1
49,42400,0,1
31,49173,0,1
64,26179,0,1
20,116879,0,0
18,76886,1,0
43,50495,0,1
41,21487,0,0
52,29760,1,1
31,106975,0,0
20,107465,0,0
30,86827,1,0
64,108008,0,0
31,44403,1,1
38,83037,0,0
43,16755,0,0
20,51158,0,0
57,86352,0,0
21,98136,0,0
53,47616,0,0
60,82426,0,0
18,91759,1,0
57,39966,1,1
64,22688,1,0
50,119804,0,0
24,54484,0,0
28,74855,0,1
44,42553,0,1
31,84282,1,1
39,72442,0,1
33,33579,1,0
63,28014,1,1
29,63443,1,0
63,56961,0,1
27,71501,1,1
41,73914,1,1
63,51397,1,1
35,88302,0,1
39,86683,0,1
26,62178,0,0
34,16063,1,0
55,89366,1,1
57,24334,0,1
30,90848,1,0
54,40127,1,1
23,51043,0,1
38,81512,0,0
53,92275,0,0
24,19069,1,1
53,30604,0,1
42,29612,1,1
28,64102,0,0
61,54170,0,1
31,60101,0,1
62,80881,0,0
46,52710,0,1
27,99862,0,0
65,24363,0,1
22,18770,0,0
25,59121,0,0
63,88960,0,0
22,26990,0,0
41,88584,0,0
57,109258,1,0
43,59659,0,1
23,47137,0,0
33,30573,1,0
53,31834,1,0
29,24554,0,1
28,113654,0,0
20,107808,1,0
61,117308,1,0
54,91653,0,0
23,101598,0,0
36,97164,0,0
35,68797,0,1
33,28015,1,0
40,19734,0,1
60,74617,0,0
54,95698,1,0
26,64592,0,1
20,90195,0,0
25,97331,0,0
55,48581,0,1
21,43917,1,1
29,98650,0,0
61,21643,0,0
48,28269,0,0
42,33358,1,1
33,113853,0,0
59,113029,0,0
31,98857,1,0
30,15203,1,0
58,76758,1,0
24,96254,0,0
29,116892,0,0
54,71235,0,0
21,50304,1,0
19,37172,1,1
52,88834,1,1
61,100731,1,0
20,116005,0,0
21,59857,1,1
55,25411,1,0
29,22825,1,1
36,111774,1,0
27,53742,0,0
18,84626,0,0
34,73301,0,1
33,38340,0,1
26,42151,0,1
26,58327,1,0
26,24252,1,1
29,50314,1,1
58,84272,0,1
32,62368,0,1
19,76110,0,0
28,16672,0,1
28,80937,0,0
25,30322,1,1
49,105713,0,0
23,26191,0,0
37,52081,0,1
56,29665,1,0
52,76625,1,0
25,70504,1,1
60,59594,1,1
51,72631,0,0
36,64239,1,1
24,71298,0,0
48,119583,0,0
35,112049,0,0
57,17967,1,0
31,52018,1,1
56,67686,0,0
53,39795,0,1
34,73826,1,1
54,83774,0,0
61,23513,1,0
26,83274,0,0
37,85472,0,0
62,49604,0,1
45,111342,0,0
37,82104,1,0
58,111396,1,0
53,80229,0,1
44,61815,1,1
25,19720,1,1
49,55725,0,1
18,58923,0,0
34,89080,0,1
26,106140,0,0
37,54293,0,1
62,96619,1,0
49,88471,0,0
19,45029,0,1
49,76914,0,0
62,41585,0,0
26,73271,0,0
47,72373,0,0
37,38898,0,1
55,38449,0,0
18,21737,0,1
22,50308,0,1
52,80494,0,0
53,100739,0,0
18,72175,0,1
31,44059,0,1
26,40448,0,0
47,97754,0,0
41,34708,0,1
21,97549,1,0
31,17986,0,1
42,104853,0,0
21,67934,0,1
42,105918,1,0
27,21485,1,1
52,111040,0,0
24,104064,0,0
59,26772,0,0
30,90688,0,0
21,27531,0,1
60,72564,0,0
53,110614,0,0
31,53635,0,1
35,40919,0,1
25,37900,1,1
49,52394,0,0
44,50030,1,1
59,82950,0,0
54,90889,0,0
40,30559,1,0
24,92848,0,0
29,42557,0,0
42,53008,0,1
20,29053,0,1
43,56817,0,1
21,118426,0,0
59,19993,0,1
53,99412,0,0
32,63381,0,1
49,88747,0,1
46,28515,1,1
27,31335,0,1
38,73724,0,1
33,17175,1,0
64,17405,0,1
36,67515,0,1
46,22341,0,1
35,39284,0,0
61,43002,0,1
33,105992,0,0
18,75452,0,0
65,73677,0,0
19,106796,1,0
32,96499,0,0
56,98525,1,0
45,77547,1,1
18,33941,0,1
22,40019,0,0
59,30779,0,0
39,33426,0,1
53,77668,1,1
63,45183,0,0
30,81314,0,0
18,50927,0,1
33,21395,0,0
58,115050,0,0
39,20974,0,0
49,20150,0,0
33,92668,0,0
32,64572,0,1
63,57811,0,1
59,99028,0,0
29,117978,0,0
18,69497,0,1
34,117300,0,0
58,37466,0,0
45,24550,0,1
24,68062,0,1
26,50394,0,1
39,75031,0,1
43,76550,0,1
29,113794,0,0
24,24487,0,1
63,70084,1,1
64,90809,0,0
32,45931,0,1
55,100291,0,0
38,94220,0,0
31,107284,0,0
19,26366,0,0
25,46863,0,0
62,43329,1,1
23,118293,0,0
54,78818,1,1
54,70123,1,1
50,107061,1,0
58,116684,1,0
23,118993,0,0
43,56371,0,1
56,73766,0,0
58,75325,0,1
54,55241,0,1
31,16676,1,1
54,20282,0,0
25,41222,0,1
56,76303,0,0
30,28376,0,1
30,80129,0,1
57,24431,0,0
60,48370,1,1
45,16937,0,1
35,105041,0,0
36,39601,0,0
55,109791,1,0
49,16067,0,1
39,93937,1,0
19,118556,1,0
30,28472,0,0
40,70015,0,1
42,48147,0,1
45,106396,0,0
28,69654,1,1
50,76808,0,0
41,67334,1,1
19,100667,0,0
47,20196,0,0
34,74600,0,1
57,102052,0,0
51,102960,0,0
55,94417,0,0
39,45593,0,1
22,80059,1,1
65,85795,0,0
57,105386,0,0
33,59401,0,1
30,46593,1,1
43,25461,0,0
48,108220,0,0
56,50690,1,1
65,110360,1,0
40,83923,0,1
65,36826,1,1
29,29553,0,1
31,68165,1,1
35,72454,0,1
44,21959,0,1
45,57715,1,1
35,44379,0,1
33,37674,0,0
33,24559,0,0
30,47252,0,1
46,41104,0,0
26,15551,0,0
43,80669,1,0
45,21607,0,1
58,91639,1,0
30,57973,0,1
53,44858,0,0
26,54367,0,1
64,93908,1,0
31,118428,0,0
29,114364,0,0
49,74851,0,1
55,71536,1,0
20,94584,0,0
33,110959,0,0
37,33570,1,0
49,99585,0,0
40,50938,1,1
34,91455,1,0
33,112216,0,0
55,66798,0,1
25,117410,0,0
36,74718,1,1
47,69969,0,1
51,116725,1,0
31,96839,0,0
39,115582,0,0
61,98084,0,0
34,97537,0,0
32,60820,0,1
65,113235,0,0
49,109256,0,0
30,48218,0,1
38,24990,0,1
57,27778,0,0
50,55140,0,1
44,115196,0,0
52,102448,1,0
33,66606,0,1
45,107334,1,0
51,84344,0,1
64,90012,1,0
18,74871,0,0
58,97142,0,0
65,43940,0,0
48,103873,0,0
53,103956,0,0
61,44590,0,1
50,66517,0,0
50,109592,0,0
56,82145,1,1
35,44297,0,1
40,42866,0,1
40,48991,0,1
32,16907,0,1
43,95514,0,0
47,40938,0,0
42,91479,0,0
62,20810,0,1
33,70600,0,1
56,73612,1,0
65,52705,1,0
62,102668,0,0
31,32615,0,1
34,90475,0,0
29,110490,0,0
46,81273,0,1
49,101356,0,0
41,63703,0,1
30,74125,1,1
37,64681,1,1
32,92857,1,0
21,47567,0,0
51,19418,1,0
45,57164,0,1
19,16986,0,0
64,113650,1,0
47,53593,1,0
43,48983,1,1
64,102718,0,0
43,46989,0,1
37,113548,0,0
59,61887,1,1
45,38442,0,1
37,26243,0,1
28,15132,0,0
27,30556,0,0
40,79397,1,1
54,98290,0,0
58,74440,0,0
36,48855,1,1
62,24839,0,0
35,74064,1,1
44,100922,1,0
23,58220,0,1
27,94364,0,0
19,56078,0,0
41,116207,0,0
55,103742,0,0
45,81430,0,0
45,16265,0,0
62,37807,0,0
56,111679,0,0
19,64514,0,0
63,71316,0,0
22,90501,0,0
28,79817,0,0
27,110948,1,0
60,47229,0,0
19,47748,1,1
32,56273,0,1
56,69784,0,0
58,33090,1,0
54,108577,0,0
24,28374,0,1
37,61116,0,1
51,95911,0,0
52,74133,0,0
51,82929,0,1
39,92338,0,0
48,72278,1,0
40,51462,1,1
36,74624,0,1
21,65141,1,0
41,95447,0,0
37,100600,0,0
56,25655,1,0
45,56864,0,1
56,21410,0,0
34,75388,0,1
36,116701,0,0
65,100917,0,0
52,48678,1,0
49,37970,0,0
64,74951,0,0
63,106857,0,0
64,33507,1,1
63,76686,0,0
56,33235,0,0
52,62683,1,1
47,93399,0,0
34,82151,0,0
59,91118,0,0
64,107874,0,0
46,24397,0,0
23,117330,0,0
34,44655,0,1
34,80446,1,0
31,58639,0,1
41,33830,0,0
54,116616,1,0
57,23014,0,0
56,118323,0,0
49,76731,0,1
53,58061,0,1
54,83752,0,0
65,36859,0,0
31,100589,1,0
44,91758,0,0
36,33908,0,0
48,43693,0,0
63,104418,1,0
26,28603,0,1
55,108419,1,0
34,93876,0,0
36,58702,0,1
61,33345,0,0
21,37687,0,0
65,44581,0,0
28,52393,0,1
39,108733,1,0
21,23292,1,1
34,18448,0,0
25,34628,1,1
63,29678,0,1
51,53815,0,1
28,41477,0,0
48,68826,0,0
28,81750,0,0
55,104526,0,0
38,35010,1,0
63,80146,0,1
47,73133,1,1
27,55643,0,0
43,112100,0,0
44,61687,1,1
25,62993,0,0
56,118783,1,0
25,40078,0,1
25,80708,1,1
51,32270,0,1
33,108644,0,0
58,96580,0,0
30,21263,1,0
40,35752,0,0
29,26621,1,1
44,57369,0,1
39,87592,0,0
49,75267,0,0
44,101873,0,0
19,29245,0,1
62,47676,0,0
50,80796,1,1
43,67504,0,1
45,16352,0,1
36,20243,0,0
60,60333,1,1
22,74484,0,0
50,99926,0,0
37,108730,0,0
47,64974,1,0
62,111383,1,0
25,99740,1,0
55,80702,1,1
34,36310,0,1
61,32439,0,1
18,16254,0,1
20,19286,0,1
63,88545,0,0
43,84543,0,1
48,29992,0,0
25,77052,0,0
60,24723,0,1
63,108640,0,0
25,80183,1,1
52,29590,0,0
56,96174,1,0
45,60002,0,1
21,61779,0,0
33,106084,0,0
30,27016,0,1
37,63183,1,1
22,19744,0,0
54,105217,1,0
37,117591,0,0
41,114306,0,0
53,61357,0,1
51,45239,0,1
62,111430,0,0
65,111001,0,0
51,27922,1,1
36,15084,0,0
34,67147,0,1
22,75631,1,0
42,30373,0,0
35,20156,0,1
25,53551,0,0
44,53463,1,1
32,64305,0,1
62,24653,0,1
30,103334,1,0
33,38068,1,1
39,49787,0,1
37,40673,1,1
30,31155,1,0
37,15570,0,1
19,96736,0,0
52,72492,1,0
64,26769,0,0
36,53921,0,1
62,34075,1,0
54,104589,1,0
23,25301,0,0
31,86043,0,1
21,118173,0,0
39,70001,0,1
56,63359,1,1
53,70119,0,0
51,84191,0,1
44,31347,1,1
24,37053,0,0
20,74056,0,1
64,83028,0,0
50,73688,0,1
19,73450,0,1
59,27304,0,0
33,119816,0,0
42,46403,1,1
32,117654,0,0
41,91418,0,0
32,52424,0,1
48,74924,0,0
31,89047,0,1
31,101235,1,0
23,36178,0,1
31,32821,0,0
34,96951,0,0
35,15714,0,0
37,89767,1,0
34,97328,1,0
33,87882,0,0
57,39124,1,0
56,104584,0,0
49,101951,0,0
61,32511,1,0
26,69588,0,0
44,92567,0,0
63,26215,0,0
50,26851,0,1
27,48550,0,0
34,118604,1,0
53,70958,0,0
34,16178,0,0
35,82942,0,1
40,61314,0,1
51,99727,1,0
25,99684,1,0
30,46146,1,1
40,83260,0,0
37,50303,1,1
39,90676,0,0
64,69013,0,0
40,103220,1,0
58,104776,0,0
52,100066,0,0
20,103498,1,0
51,16201,1,1
50,90547,0,0
63,116193,1,0
34,91087,1,0
62,70103,1,1
36,101142,0,0
47,27664,1,1
40,84856,1,0
32,83624,0,0
31,56456,0,1
19,23664,0,0
56,67534,0,0
35,81696,1,0
23,25714,0,0
49,19312,0,0
38,35845,1,1
57,99686,0,0
45,65703,0,1
44,50215,0,1
19,102564,0,0
50,111845,1,0
33,117613,1,0
56,56078,0,1
39,51264,1,1
60,49484,0,0
64,107995,0,0
30,101857,0,0
19,114976,1,0
31,57162,0,1
55,81991,0,1
58,94567,0,0
45,103465,0,0
24,112673,1,0
35,54794,0,1
58,44237,1,1
53,80294,0,0
58,117282,1,0
53,83007,1,0
61,15367,0,0
21,28417,0,1
47,67328,1,0
41,83910,1,0
37,21773,0,0
63,29205,0,1
48,117116,1,0
41,70443,0,1
24,102905,0,0
43,99117,1,0
30,69063,1,1
25,62119,1,0
22,48668,0,0
61,97112,1,0
30,17770,0,0
46,77537,0,0
37,59308,0,1
31,52948,1,1
49,65102,0,0
44,119983,1,0
42,18606,1,0
21,95214,0,0
38,48025,1,1
35,65373,1,1
56,29388,0,0
32,97570,0,0
55,45920,0,0
65,50193,0,0
41,30011,1,0
25,112883,0,0
45,46254,1,1
38,73266,1,1
33,113701,0,0
33,26106,0,0
52,36786,0,0
34,71852,0,1
26,31944,0,0
52,88917,0,0
46,56164,0,0
56,91743,0,0
35,43715,1,1
29,69251,0,1
36,83907,0,1
65,79506,0,0
39,111895,0,0
32,50809,0,1
18,21844,0,0
19,102318,0,0
25,64864,0,1
39,116760,0,0
42,91412,0,0
19,103867,0,0
26,52174,1,0
26,60933,0,1
30,28144,0,1
23,22649,1,1
47,51645,1,1
32,67674,1,1
32,118955,0,0
24,27818,0,0
28,51880,0,0
57,75109,1,0
55,112309,1,0
57,52333,0,0
19,69058,0,0
65,69575,0,0
56,40130,0,0
27,41716,1,1
61,118281,0,0
34,46297,0,1
24,34062,1,1
57,44492,0,1
56,101861,0,0
21,71481,0,0
52,90724,0,0
64,81377,0,1
53,25567,0,1
48,51806,0,0
42,115108,0,0
58,89457,0,0
30,84885,1,1
35,90191,0,0
38,62674,0,1
65,95415,0,0
18,85482,0,0
53,58127,0,1
25,38502,1,1
65,110029,0,0
38,87193,0,1
60,65724,0,0
38,93802,1,0
44,21240,1,1
36,101886,0,0
40,63544,0,1
60,31640,0,0
52,47895,1,1
57,110387,0,0
59,26920,0,0
65,94928,0,0
22,95453,0,0
58,45643,0,0
25,44227,0,0
28,38251,1,1
33,39238,0,1
56,75044,0,1
64,42723,0,1
41,49973,0,1
38,109292,0,0
40,23513,1,0
55,58316,0,0
64,45225,1,0
25,19379,0,1
24,26305,0,1
19,46722,0,0
47,92684,1,0
30,70429,0,1
40,93437,0,0
46,91424,0,0
55,110635,0,0
54,57476,0,1
37,59253,0,1
50,35708,1,0
46,79963,0,1
32,42621,0,1
40,45001,1,1
59,113107,0,0
20,29220,0,0
54,105230,1,0
46,80122,0,0
62,96757,0,0
25,82907,0,1
39,52784,0,1
46,54070,0,1
19,54150,0,0
58,76262,0,0
62,103372,0,0
18,70544,1,1
61,42161,0,1
37,36180,1,1
38,96401,0,0
54,33825,0,0
25,107811,0,0
44,16017,0,0
64,35885,0,1
52,116351,1,0
23,61260,0,0
62,25260,0,0
61,69946,0,0
36,61662,0,1
35,92393,0,0
18,52018,1,0
42,70099,0,1
44,77306,0,1
24,44230,0,0
61,39769,1,0
59,50214,0,1
46,47492,0,0
48,78767,0,1
61,104043,0,0
60,77473,1,0
53,103215,0,0
36,18687,1,0
23,64135,0,1
42,79635,0,1
48,88400,0,0
26,86663,1,0
37,110009,0,0
27,64704,0,1
54,28834,1,1
44,23921,0,0
30,43573,0,1
58,52876,1,1
19,19266,0,0
38,52713,1,1
50,23985,0,0
41,37068,0,1
61,105236,0,0
59,23366,0,0
51,115855,0,0
26,84384,0,1
19,45472,1,1
47,18456,1,0
39,99678,0,0
63,27031,0,0
28,100675,0,0
60,35026,0,0
34,55887,1,1
53,43777,0,1
30,57930,0,1
24,16660,0,0
33,42151,0,1
50,39613,0,0
62,109602,0,0
18,80266,0,1
28,93744,0,0
23,69738,0,1
37,60777,1,1
52,100496,0,0
61,45702,0,0
54,103378,0,0
58,92263,0,0
43,112925,1,0
29,76804,1,0
47,107340,1,0
45,28021,1,0
44,59001,1,1
59,34092,0,1
36,43915,0,1
22,68323,0,0
22,91037,1,0
58,66902,0,1
44,30739,0,1
45,88012,1,0
43,88467,0,0
44,28699,0,0
59,17804,1,1
38,63904,1,1
18,69596,1,0
45,64993,1,1
65,79366,0,1
32,53343,0,1
34,26775,0,1
43,78012,1,1
37,62686,0,1
42,70557,0,1
30,79236,0,1
50,60874,0,0
42,46586,0,1
25,72009,1,0
22,15607,0,1
23,112165,0,0
40,52386,0,1
47,94625,0,0
31,77652,0,1
40,110244,0,0
28,68112,1,0
48,52025,1,0
23,78492,1,0
28,25223,0,1
30,37943,1,1
29,102051,1,0
19,110155,1,0
52,77860,0,0
53,114668,0,0
34,81287,0,1
45,85880,1,1
45,48973,0,1
39,90048,0,0
55,51655,0,1
24,114634,1,0
32,89158,1,1
49,79177,1,0
28,74509,1,0
41,117987,0,0
20,75461,0,0
47,33658,1,1
23,51133,1,0
19,98183,0,0
31,35620,0,1
58,52067,0,0
35,84269,0,0
61,44675,0,1
48,82201,0,1
30,15860,1,0
43,42618,0,1
61,42916,0,0
29,92217,0,0
35,97056,1,0
26,102667,0,0
38,37878,0,0
65,91960,0,0
57,53554,0,1
60,41796,0,1
41,24345,0,0
51,76518,0,0
25,108022,0,0
61,37584,0,0
50,107522,1,0
40,26598,1,0
30,88861,0,0
31,33445,0,1
31,117682,0,0
33,58813,0,1
55,18730,1,1
56,26684,0,0
43,72470,1,1
43,119426,1,0
18,49563,0,0
49,25041,0,0
32,68465,0,1
38,88723,0,0
35,76320,1,1
47,118144,0,0
30,47624,0,1
41,91455,1,0
47,18726,1,1
19,112252,0,0
36,113563,1,0
64,65393,0,0
61,16843,1,0
64,69929,0,0
42,73856,1,1
31,80460,0,0
23,28754,0,0
29,43853,0,1
37,74560,0,1
40,82816,0,1
47,106067,1,0
47,110324,1,0
55,88332,1,0
47,19567,1,1
58,110747,1,0
47,89836,1,1
53,77118,0,1
51,73886,1,1
33,72724,0,1
41,47150,1,1
31,81791,0,1
43,112364,0,0
25,21462,0,0
31,98578,0,0
48,42560,0,0
19,99568,1,0
65,92686,0,0
21,18371,0,1
18,100349,0,0
37,69012,0,1
31,88156,0,1
57,17932,0,0
42,36470,0,0
42,24778,0,0
20,38033,0,1
22,25304,1,1
55,88655,0,1
43,29407,0,0
57,85519,0,1
55,17521,0,0
55,99622,0,0
21,15783,0,0
24,57666,1,1
47,31798,0,0
47,89091,0,0
36,91303,0,0
56,16103,0,0
52,69043,0,1
57,85845,0,0
50,48939,1,1
50,74042,0,0
31,89170,0,1
55,119712,1,0
27,27135,0,0
45,76948,0,1
31,112580,0,0
53,101481,0,0
55,74756,1,1
33,54404,0,1
38,17589,0,1
45,90567,1,0
50,24695,0,0
23,96063,0,0
58,20722,0,0
32,64874,1,1
61,15841,1,0
20,33731,0,1
60,15645,1,0
64,47116,1,1
52,55983,1,0
31,44402,0,1
19,64158,1,0
46,112285,0,0
21,51469,1,1
43,75576,0,1
29,28908,0,1
19,75269,1,1
34,57231,1,1
52,60221,0,1
27,27715,0,1
65,53398,0,0
39,77372,0,1
58,50324,0,0
60,34338,0,0
38,22387,0,1
32,103708,0,0
52,41175,0,0
65,45795,1,0
38,52429,0,1
38,78105,0,1
38,18801,1,1
61,22413,0,1
49,32665,0,0
22,91392,0,0
56,111636,0,0
26,23187,0,0
35,79989,0,1
38,40784,1,1
25,64454,0,0
61,28805,1,0
51,56715,0,0
27,68411,0,0
58,57186,0,1
41,88111,0,1
57,119282,1,0
41,43093,0,1
49,89625,0,1
50,109990,0,0
55,37474,0,0
61,23154,1,1
51,37064,1,1
28,108422,1,0
48,44398,0,1
35,116666,0,0
40,58869,0,1
39,24646,0,1
60,74671,0,1
35,74707,1,1
57,40391,1,0
64,43822,1,1
58,52872,0,1
64,102535,0,0
56,90048,1,0
37,44340,1,1
30,96605,1,0
62,19502,0,0
18,112772,1,0
21,63020,0,0
41,104543,0,0
53,35971,1,0
53,73376,0,1
62,21037,0,1
19,65307,0,1
45,42361,0,1
43,29466,0,0
40,114300,0,0
32,111119,0,0
53,24627,0,0
44,36593,1,1
23,66697,0,0
52,100620,1,0
56,38149,0,0
55,118288,0,0
52,31737,0,1
53,82854,0,1
27,60487,1,1
47,40314,0,0
58,50287,1,0
55,45451,0,1
46,85963,1,0
60,52371,0,0
56,39630,0,0
21,66236,0,0
22,48667,0,0
21,107214,0,0
53,40099,0,0
62,112170,0,0
33,97382,1,0
42,98421,1,0
31,92604,0,0
28,97635,0,0
46,53098,0,0
51,42873,1,0
39,38558,0,0
31,75123,0,1
41,45518,0,1
56,67763,0,1
43,89716,0,0
60,74172,0,0
53,97131,0,0
56,104276,0,0
33,108258,0,0
55,18750,0,0
49,26881,0,0
23,34606,0,0
51,31819,0,0
25,107013,0,0
47,43755,0,0
44,40811,0,1
24,73122,1,0
44,52697,0,1
42,76196,0,1
63,33344,0,0
58,35656,0,0
32,41382,1,1
42,46031,1,1
39,86349,0,0
35,75574,0,1
29,82260,1,0
40,72529,1,1
62,16494,0,1
56,33363,0,0
42,36812,1,1
27,35437,1,1
47,111060,0,0
27,22160,0,1
51,56343,0,0
63,38593,0,1
30,15284,0,1
46,63083,0,0
55,52851,1,0
58,35378,0,0
62,23491,0,0
26,80500,1,0
30,81436,0,1
54,16459,1,0
31,28680,1,1
54,34305,0,0
26,50301,0,1
25,47692,1,1
56,54347,0,1
57,32189,0,0
20,22595,1,1
64,99148,0,0
57,79370,0,1
50,16921,0,0
49,118276,0,0
24,17387,0,0
36,91266,0,0
51,95366,0,0
31,115300,0,0
64,19825,1,1
63,20282,0,0
36,28869,0,0
43,30451,0,0
34,113408,1,0
45,32905,0,1
36,114655,0,0
44,17698,1,0
65,34996,1,1
36,31892,0,1
50,63068,1,0
24,118614,1,0
46,86726,1,0
60,93702,0,0
22,44689,0,1
47,116126,0,0
60,46604,0,1
25,84457,0,0
59,109527,0,0
29,32243,0,0
59,58787,0,1
30,49315,0,1
43,47035,0,1
35,49844,0,1
59,31820,0,1
37,103005,1,0
33,61676,1,1
54,116961,0,0
20,64914,0,1
44,15735,0,0
32,87750,0,1
51,38968,0,0
62,59624,0,1
39,117398,0,0
57,70746,0,1
40,85264,0,0
21,51497,1,0
58,22241,1,1
40,97996,0,0
64,91008,1,0
26,115134,1,0
41,76639,1,1
38,32057,1,1
58,64700,1,0
63,29432,0,1
33,76488,0,1
42,114199,1,0
43,33953,0,0
62,97833,1,0
26,87232,1,1
32,44347,0,1
56,36249,0,1
50,68458,0,0
18,100193,0,0
22,103496,0,0
26,62668,0,1
61,98442,0,0
23,17802,0,1
45,116426,0,0
62,115760,1,0
43,33033,1,0
45,50088,0,1
57,32527,0,0
32,26964,1,0
23,56005,0,1
44,100234,0,0
55,19406,0,0
21,66761,0,0
28,109538,0,0
38,109218,0,0
47,77347,0,1
35,88127,0,0
52,18119,0,0
20,73935,0,0
29,73327,0,1
44,67749,0,1
47,74094,1,0
38,102409,0,0
55,116815,0,0
38,117132,0,0
55,97485,1,0
57,22651,1,1
32,41896,0,1
35,112196,0,0
46,25370,0,0
65,59552,0,0
55,116075,1,0
38,21777,0,0
34,15113,0,0
58,15531,0,1
35,24714,0,1
54,18410,0,1
55,89772,0,0
29,39608,0,0
28,23324,0,0
65,91695,0,0
37,49494,0,1
26,69222,0,1
18,55985,0,1
20,112643,1,0
38,50416,0,1
40,112371,0,0
26,60600,1,1
36,24453,1,1
62,115369,1,0
63,42921,0,0
36,81469,0,1
40,111544,0,0
44,81586,0,1
44,40392,0,1
56,47177,1,0
53,70182,0,1
29,73081,0,1
44,103387,0,0
63,26106,0,0
51,67754,1,0
50,21878,0,0
45,15792,0,1
48,26367,0,1
49,53731,1,0
37,24547,1,1
57,114689,0,0
52,43568,0,0
48,77907,0,0
48,65212,1,0
55,57331,0,0
39,79379,0,1
62,104843,0,0
58,19138,1,0
26,62112,1,1
26,88229,0,1
32,26394,0,0
30,104412,0,0
39,54095,0,1
33,18353,0,0
49,61132,1,0
19,80064,1,0
43,70121,1,1
31,30205,0,0
55,19628,0,1
51,67600,1,0
25,110526,0,0
53,53095,0,0
38,108159,0,0
63,73844,1,0
60,62049,1,1
45,36433,0,0
63,90594,0,0
61,107060,1,0
65,27093,1,0
23,31684,0,0
37,109234,0,0
48,75321,0,0
50,99520,0,0
61,66305,1,1
24,77025,0,0
25,29907,0,1
26,69057,0,0
19,27921,0,0
34,100938,0,0
62,61794,1,1
54,83618,0,1
59,87610,0,0
61,44330,0,0
34,32623,1,0
55,75277,1,1
52,15459,0,1
64,80037,0,0
56,67915,0,0
47,71172,0,0
23,83337,0,1
21,43831,1,1
54,31847,0,0
52,15997,1,0
26,37025,0,1
23,112915,0,0
30,79784,0,1
39,21384,0,0
45,93759,0,0
47,63067,1,0
53,26198,0,0
19,49446,0,0
53,114168,1,0
25,24382,1,1
62,39120,0,0
59,50465,1,1
26,41950,0,0
18,110504,0,0
30,83462,0,0
32,30735,1,0
49,29223,0,0
51,117733,0,0
60,30362,0,0
48,54986,0,0
31,38409,0,0
64,82933,0,1
31,94987,0,0
65,20814,0,0
46,37888,0,1
64,88058,0,0
36,37169,0,1
44,74126,0,1
26,100918,1,0
54,96124,0,0
54,60127,0,1
60,30762,1,1
45,30577,0,0
41,35931,0,0
45,75302,1,1
53,90506,0,0
35,54278,0,1
42,73169,1,1
52,100581,0,0
21,96455,0,0
31,77775,0,1
56,108207,0,0
43,90885,0,0
25,64203,0,1
41,21058,1,0
33,84051,1,0
37,83866,0,1
32,114978,1,0
24,70180,0,1
34,58825,0,1
39,98281,1,0
39,89514,0,1
29,97475,0,0
35,30264,0,0
63,41615,0,0
64,47165,0,0
32,57722,0,1
54,49880,1,0
33,99130,0,0
22,96059,0,0
19,16701,0,0
45,74430,0,1
58,113294,1,0
44,116016,1,0
48,70615,1,0
58,107519,0,0
53,115620,1,0
64,54237,0,1
60,49378,0,0
18,35736,0,1
46,21343,1,0
18,30797,0,0
25,68857,0,0
33,102411,0,0
45,56864,0,1
39,56123,1,1
35,89864,0,1
39,118014,0,0
58,82561,0,0
29,15105,1,1
36,109906,0,0
42,101379,0,0
22,34476,0,1
51,79147,0,0
56,57112,1,0
27,63610,1,1
64,81234,0,0
24,108979,0,0
54,59230,0,0
64,56706,0,0
32,119375,0,0
59,102659,0,0
41,80032,1,1
43,56920,1,1
43,34875,1,1
63,83833,0,1
43,67129,1,1
27,80744,0,0
34,34700,0,0
31,102327,1,0
19,87769,1,0
65,16891,1,1
30,73520,1,1
44,62594,1,1
26,116810,0,0
24,79190,1,0
65,17039,0,0
27,34673,0,1
26,57412,1,1
39,119949,1,0
40,43436,0,1
24,114921,1,0
65,23186,0,0
26,78708,1,1
44,15434,0,0
41,25519,0,0
46,33030,1,1
34,91891,1,0
37,70819,1,1
24,94864,1,0
60,20258,0,0
57,87726,0,1
24,103015,1,0
45,101363,1,0
36,73277,0,1
37,60238,0,1
61,25747,0,0
56,45917,0,1
57,45377,1,0
24,59956,0,1
23,113684,0,0
42,38557,1,1
58,59335,0,0
30,114941,1,0
56,93015,0,0
57,104463,0,0
39,48292,0,1
34,34491,0,0
65,72294,0,0
39,81629,1,1
51,111544,0,0
25,80640,0,0
62,33123,1,0
35,107472,0,0
41,79618,1,1
59,98596,0,0
19,39288,0,1
19,104947,0,0
44,118220,0,0
31,60091,0,1
65,93872,0,0
56,74216,0,1
29,118460,1,0
49,92162,1,0
45,73785,0,1
45,65997,0,1
63,84037,0,0
42,65693,0,1
21,97386,1,0
43,50712,0,1
53,101214,0,0
20,30905,0,1
18,16591,0,0
34,75159,1,1
24,28522,0,1
65,96689,1,0
22,117376,0,0
36,18572,0,0
56,76680,0,0
63,73537,1,1
51,119282,0,0
52,48061,0,0
33,106033,0,0
57,102778,0,0
64,81874,1,0
56,75542,0,1
44,76907,0,1
58,31151,0,0
55,107526,0,0
42,95916,1,0
43,111571,0,0
31,60813,0,1
31,67627,1,1
31,41117,0,1
42,83034,1,0
53,40483,1,1
21,86264,0,1
64,71469,0,1
32,33877,0,0
49,77396,0,0
35,107239,0,0
31,18088,1,0
18,119585,1,0
59,38179,0,0
37,62954,1,1
27,37011,0,0
27,27839,0,0
41,67903,0,1
51,78561,0,1
45,38625,1,1
44,33481,0,0
57,112289,0,0
18,34558,0,0
50,97307,0,0
21,46104,1,1
24,113602,1,0
26,68586,0,0
33,59420,0,1
22,19061,0,0
51,48241,0,1
40,77055,0,1
60,96697,0,0
42,85593,1,0
30,59173,0,1
41,20289,0,1
28,80180,0,0
34,17221,0,1
54,78137,0,1
30,57942,0,1
44,36635,0,0
37,67763,0,1
50,99562,0,0
59,66072,0,0
49,22075,1,1
25,37378,1,1
46,50084,1,0
57,65426,0,0
36,94217,0,0
23,46584,0,0
61,46245,0,0
56,73959,1,0
65,19983,0,0
58,112785,1,0
38,111927,1,0
39,45897,1,1
59,55602,1,1
27,100538,0,0
27,91034,0,0
46,64411,0,0
33,83742,0,0
18,93466,0,0
34,90856,0,0
47,108550,1,0
43,118482,0,0
63,112353,1,0
36,53126,0,1
38,107288,1,0
34,85043,0,0
63,70610,0,0
57,38925,0,1
38,51276,1,1
58,38689,0,1
57,78942,1,1
62,69146,0,0
36,30238,0,0
24,75424,0,0
34,39807,1,0
18,89457,0,0
54,26204,1,1
23,118820,0,0
43,80245,0,0
19,53567,0,0
49,50697,0,1
65,105429,0,0
22,16530,1,1
54,111777,1,0
48,39297,0,1
29,89838,0,0
52,63906,0,0
47,81251,1,1
65,90069,1,0
23,75748,0,0
32,55295,0,1
32,67464,1,1
33,22223,0,1
37,28421,1,0
30,108232,0,0
61,29066,0,0
59,36576,0,0
63,97121,0,0
48,17140,1,0
51,74016,0,1
46,116975,0,0
20,56378,1,1
26,22370,0,1
28,66750,0,0
28,110052,0,0
42,27022,0,1
39,74222,0,1
59,33328,0,1
63,17929,0,1
26,58727,0,0
37,83919,0,1
38,67692,0,1
27,64545,0,0
39,107968,0,0
46,91647,0,0
26,63338,0,0
22,74962,0,0
57,112435,1,0
28,38161,0,1
18,23823,0,1
59,107968,1,0
18,48089,1,1
56,75850,1,0
63,36053,0,0
22,32447,0,0
39,104841,0,0
43,18111,0,1
23,73820,0,1
49,108029,1,0
65,91521,0,0
28,83622,0,0
27,67963,0,1
64,67503,1,0
56,104000,0,0
51,56918,1,0
48,117447,1,0
29,86868,1,0
61,119751,1,0
33,57542,0,1
55,83712,1,0
20,17416,0,1
19,55436,0,1
22,89187,0,0
28,25486,0,1
42,33695,0,1
52,16229,0,0
52,82066,0,0
39,57347,1,1
54,116101,0,0
39,16363,0,1
28,117806,0,0
49,97372,0,0
52,100824,0,0
48,102916,1,0
62,60869,0,1
25,64729,0,0
37,35303,1,0
59,87853,0,1
51,18264,0,0
21,33315,1,1
35,117546,0,0
21,93229,0,0
37,97102,0,0
26,75521,0,1
33,39811,0,0
43,48405,1,1
55,67157,0,0
42,74823,0,1
21,34856,0,0
58,107902,1,0
62,61970,1,0
58,115674,1,0
55,65787,0,0
36,91174,1,0
31,101352,1,0
38,35598,0,0
32,57541,1,1
20,25652,1,1
54,31963,1,1
63,47223,1,0
33,46024,1,1
31,18941,1,1
26,88923,0,1
64,89060,1,1
24,116395,0,0
31,118022,1,0
23,56617,1,0
38,105815,1,0
32,69704,1,1
25,41025,0,1
51,98172,0,0
57,58224,0,1
18,28277,0,0
49,63718,0,0
22,115726,0,0
47,55995,0,0
39,22539,0,0
37,47853,0,1
33,41811,1,1
24,107464,0,0
24,21909,0,1
19,108605,1,0
64,68433,0,1
31,61084,0,1
48,117957,0,0
58,88569,1,1
31,71816,0,1
22,25748,1,1
28,85602,0,0
57,77465,0,1
22,64408,0,0
46,26998,0,0
28,28764,1,1
22,114751,0,0
49,60379,1,1
53,96394,0,0
32,119004,0,0
36,74588,0,1
39,116647,1,0
51,97613,0,0
34,77398,0,1
29,90793,0,0
42,62210,0,1
34,59560,0,1
27,84201,0,0
45,115978,1,0
35,31734,0,0
35,89376,1,1
62,92598,0,0
49,87580,0,1
31,17063,1,0
33,37313,0,1
35,42087,0,1
33,60779,0,1
34,55181,1,1
24,33205,0,0
29,27464,1,1
51,42132,0,1
27,65737,0,0
22,117963,0,0
38,115584,1,0
20,84285,1,1
36,79549,0,1
62,50306,0,1
61,40592,0,0
52,98987,0,0
23,108794,0,0
31,59758,1,1
21,115838,0,0
62,113392,1,0
35,102157,0,0
46,21577,0,1
52,100230,1,0
55,23263,0,1
33,97741,0,0
37,23072,1,0
41,75814,0,1
52,60306,0,1
61,20691,0,1
36,102649,0,0
21,16953,0,0
50,85499,0,0
19,119290,0,0
30,108405,0,0
62,91981,1,0
47,52759,0,0
51,35185,0,0
47,88983,0,0
41,49699,1,1
65,114176,0,0
61,88490,0,0
50,68739,0,1
58,70631,1,1
27,32945,0,1
35,53294,0,1
36,27920,0,1
24,110520,0,0
36,68609,1,1
41,86096,1,0
32,95925,0,0
58,77358,1,1
59,39265,0,0
40,88251,1,0
21,99604,0,0
55,24438,0,0
21,85779,1,0
22,43629,1,1
58,77442,1,0
61,19085,1,0
40,119421,0,0
57,97926,0,0
54,39513,0,1
28,75084,0,0
28,101230,0,0
30,78605,0,1
31,76666,0,1
25,95420,0,0
42,83412,0,0
35,106743,0,0
61,66178,0,1
61,86092,1,0
35,101027,0,0
27,53009,0,1
24,78976,0,0
61,47225,1,0
31,53437,0,1
32,85935,1,0
33,28648,0,0
19,111423,0,0
47,57936,0,0
47,55263,1,0
35,63373,0,1
48,67814,0,1
61,80137,0,0
65,102340,0,0
30,111455,1,0
37,61972,0,1
52,43147,0,0
40,34295,0,1
59,21897,0,1
50,91812,0,0
55,53253,0,0
52,20838,0,0
53,97693,1,0
37,82680,0,0
20,94942,1,0
25,41414,1,1
57,53748,0,1
49,76157,0,1
46,44483,1,1
24,26513,1,1
19,70549,0,1
38,59802,0,1
23,41451,0,0
45,55909,0,1
65,63091,1,0
59,67389,0,1
53,55963,1,0
49,69734,0,1
62,103208,0,0
59,93167,0,0
63,80509,0,0
26,115201,1,0
28,47291,0,0
40,36817,1,1
28,91968,1,0
19,99487,0,0
20,88666,0,1
28,103672,1,0
52,17559,0,1
32,29744,1,1
60,46155,0,0
28,36021,0,1
48,97532,1,0
45,71898,1,1
45,93723,1,0
49,66036,0,1
42,68176,1,1
37,116438,0,0
45,73399,0,1
42,33006,1,0
28,96911,0,0
36,67434,0,1
45,110694,0,0
18,79591,0,1
22,18069,1,1
27,21486,0,1
59,98175,1,0
63,80389,1,1
51,50428,0,0
53,43800,0,1
19,106154,0,0
35,52220,1,1
30,71254,0,1
22,26869,1,1
37,19176,0,0
19,51454,0,0
28,107016,0,0
47,112036,0,0
49,85773,1,1
49,41453,1,0
55,71813,0,0
45,81326,0,0
27,62595,0,0
39,56184,0,1
34,67186,0,1
39,95290,0,0
60,93603,0,0
36,31609,0,1
34,108517,1,0
41,100099,0,0
53,89539,0,0
49,42068,0,0
63,61996,1,0
53,76446,0,1
45,84759,0,1
31,104440,1,0
53,51834,0,1
23,35746,0,0
26,111940,0,0
38,36407,1,1
29,101229,0,0
47,113550,0,0
48,102657,0,0
57,41403,0,0
21,26637,0,0
48,23612,0,0
44,45410,0,1
42,20160,0,0
22,75108,0,0
23,114675,0,0
22,22728,0,0
44,84774,0,0
25,107300,0,0
26,78594,0,1
32,33464,1,0
53,46943,1,1
58,45838,1,0
24,20919,0,0
49,52092,0,0
25,22797,1,1
64,66887,0,0
32,103003,0,0
54,104272,1,0
36,89557,0,1
56,18058,0,1
23,89577,0,0
36,118638,1,0
45,81689,1,0
34,118244,1,0
59,92557,0,0
36,42258,0,1
48,116383,0,0
28,34359,0,0
32,106714,1,0
27,27914,0,0
60,22536,0,1
40,70071,0,1
20,48748,0,0
20,54448,0,0
35,61132,0,1
42,91022,0,0
60,17384,0,0
37,59312,0,1
46,91323,1,0
39,49134,0,1
32,116242,0,0
56,98182,0,0
27,75120,0,0
38,75592,1,1
46,86723,1,1
49,89031,0,0
27,24885,0,0
30,33700,0,1
64,30018,0,0
40,110964,1,0
40,109607,0,0
48,72061,0,0
21,46322,0,0
20,65073,0,1
38,87650,0,1
19,87110,1,1
21,39996,0,1
18,107290,1,0
32,118833,0,0
50,84345,1,0
23,61304,0,0
24,98086,0,0
36,44249,0,1
61,118635,0,0
18,101949,0,0
56,85223,0,1
36,118661,0,0
62,36123,0,0
43,48095,1,1
61,107971,0,0
29,102158,0,0
39,90821,0,0
30,75185,1,1
45,105463,1,0
31,68884,0,1
39,20291,1,0
47,56193,1,1
61,18122,0,0
37,19876,0,0
61,99648,0,0
44,89660,0,1
55,72147,0,1
59,16823,0,0
58,67652,0,0
51,117377,0,0
56,73204,1,0
58,65382,0,0
61,25387,0,0
54,117699,1,0
18,119355,0,0
32,114780,0,0
49,66175,0,1
25,33980,1,1
50,39224,0,0
35,22121,1,1
62,82966,1,1
46,88490,0,1
49,26881,0,0
50,97453,0,0
22,98176,0,0
35,65809,0,1
65,92621,1,0
27,106795,0,0
53,38097,0,0
50,17978,0,1
40,19332,0,1
57,100573,0,0
22,116317,0,0
51,30089,1,0
41,71804,0,1
34,79752,1,1
48,38484,1,1
24,75408,0,0
34,94544,0,0
45,69018,0,1
55,33148,0,1
39,18830,0,0
32,83494,0,1
54,40998,0,1
32,82076,0,1
42,45677,0,1
38,44101,0,1
55,22053,0,1
19,20670,0,0
44,25281,1,0
49,98658,0,0
38,68341,1,1
21,83069,0,0
61,25756,0,0
36,80075,0,0
19,69421,1,0
43,75108,0,1
51,80323,1,1
31,105610,0,0
32,99338,0,0
37,118380,0,0
51,107858,1,0
53,32048,1,1
36,67606,0,1
26,24876,1,1
24,73075,1,0
47,117591,0,0
30,30171,0,1
44,57204,0,1
61,20166,0,0
52,90902,1,0
30,100794,0,0
32,58734,1,1
63,93519,1,0
26,106251,1,0
62,111621,0,0
40,79441,0,1
53,60078,0,0
57,42778,1,1
20,91926,0,0
51,35924,0,0
36,60832,0,1
45,81243,0,0
40,40048,0,1
57,47815,0,0
62,49682,0,1
24,32489,1,1
58,74234,0,0
29,72701,1,0
31,31951,0,0
63,65018,1,1
32,26452,1,0
20,43635,1,1
32,113283,0,0
41,114332,1,0
63,42933,0,0
25,49581,0,0
22,53281,0,0
21,36187,0,0
31,37953,0,0
33,48818,0,1
37,39702,1,1
41,21278,0,0
23,59566,0,0
48,74722,0,1
23,33036,0,0
52,39583,0,1
32,85244,0,0
46,24476,1,1
20,85854,1,1
28,109805,0,0
20,53627,0,0
45,60441,0,1
27,39754,0,0
50,119897,0,0
65,79751,0,0
33,34979,0,1
27,85446,0,0
50,76161,0,1
53,51022,1,1
20,78257,1,0
22,19453,1,1
29,66575,1,1
61,72260,0,0
30,101717,1,0
41,103901,0,0
61,106862,1,0
49,55705,1,0
33,70833,0,1
49,69029,0,0
62,19177,0,0
54,83965,0,0
53,47952,1,0
38,116437,1,0
64,85514,0,1
29,94309,0,0
38,66084,0,1
38,86710,1,1
60,36796,1,1
23,65348,0,1
26,92413,0,0
18,68333,1,1
29,32722,0,0
31,103091,1,0
23,94098,0,0
18,87082,0,0
39,40258,0,1
51,26706,0,0
28,43943,0,0
20,79324,0,1
59,37315,1,1
23,25352,1,1
23,49497,0,1
37,90145,0,0
38,59974,0,1
19,113322,0,0
43,42228,0,1
48,23882,1,0
43,31268,1,1
49,85846,0,1
27,39463,1,1
40,91789,1,0
23,100940,1,0
40,64314,0,1
45,24827,1,0
47,91474,0,0
31,48062,0,1
54,105690,0,0
49,22240,0,0
51,16585,0,1
58,67532,0,0
61,25541,1,1
39,20427,1,1
48,107283,1,0
24,103732,0,0
58,96156,1,0
38,24033,0,0
33,46070,0,1
37,64104,0,1
60,27199,1,0
61,27776,0,1
64,37727,1,1
36,17931,1,0
65,95379,1,0
49,71193,1,0
32,20699,0,0
22,72789,1,1
28,101760,1,0
32,42321,1,1
46,76032,1,0
62,22636,1,0
21,82396,0,1
53,29989,1,0
65,66086,0,1
40,117671,0,0
32,115475,0,0
63,51062,0,1
61,94337,0,0
20,77125,1,0
49,45398,1,0
27,85283,0,0
57,117696,0,0
55,85774,1,0
39,17834,0,1
31,63203,0,1
34,60676,0,1
38,41230,1,1
65,87652,0,0
32,83464,1,0
32,108715,0,0
18,37134,0,0
41,119798,0,0
29,114976,0,0
27,23190,0,0
63,104364,0,0
59,19350,0,0
59,49055,0,1
48,58686,1,0
28,96572,1,0
33,43700,1,1
26,87146,1,0
64,44420,0,1
31,40177,0,1
36,108386,0,0
48,54651,0,1
26,91706,0,0
53,69339,1,0
56,64282,1,0
43,56070,0,1
25,107683,0,0
41,75703,0,1
25,116038,1,0
36,40406,0,1
64,73009,0,0
65,16066,1,0
47,85506,1,1
39,67940,0,1
26,65469,0,0
61,38350,0,1
65,109771,1,0
21,19114,0,1
54,108690,1,0
25,64199,0,1
18,119442,0,0
45,109426,1,0
23,80133,0,0
64,36245,0,0
53,58266,0,0
28,104762,1,0
22,116719,0,0
41,27595,0,1
64,108254,0,0
35,54218,0,1
37,40143,1,1
45,61178,0,1
30,86700,0,0
22,113176,0,0
47,22787,1,0
18,96460,0,0
39,79517,1,1
35,60286,0,1
63,100985,0,0
22,15081,0,0
48,18005,0,0
23,88944,0,1
44,15334,0,1
42,91639,0,0
46,73217,1,1
45,40169,1,1
33,111030,0,0
29,38452,0,1
37,41254,1,1
35,84433,0,0
51,72110,1,0
40,72253,0,1
62,85184,1,0
44,90210,0,0
34,97702,0,0
65,107246,0,0
38,34970,0,0
57,18794,0,0
48,44184,0,1
20,106095,0,0
34,95880,0,0
43,53365,0,1
40,46217,0,1
23,20051,0,1
45,97662,0,0
25,85080,0,1
62,27875,1,0
25,84891,1,0
36,34992,0,1
55,66662,0,1
46,73475,0,0
40,46074,0,1
64,83052,0,0
49,37622,0,0
27,82015,0,1
44,97874,0,0
18,107543,0,0
56,55982,0,0
46,74069,0,0
62,60078,0,1
20,65873,0,1
64,78798,0,0
54,73784,0,0
48,36836,0,1
28,109782,1,0
39,83083,0,0
35,118227,0,0
52,43130,0,0
23,63975,0,1
20,80995,1,1
22,82772,1,0
26,35830,0,1
45,81116,0,0
36,29439,0,1
45,19715,1,1
44,41107,1,1
30,106480,0,0
55,112300,0,0
60,58394,1,1
38,108103,0,0
44,53665,0,1
63,47425,0,1
23,74874,0,1
55,56432,1,1
28,97778,1,0
64,58949,0,0
58,99360,0,0
34,92434,0,0
56,115016,0,0
24,98295,0,0
47,103604,0,0
38,18669,1,0
18,94918,0,0
42,30436,0,0
49,99310,0,0
25,51030,0,0
22,19638,0,0
47,83402,0,0
25,72000,0,1
36,24251,0,0
61,23948,0,0
47,67647,0,0
32,103414,0,0
53,80723,0,0
61,112806,0,0
44,101498,0,0
30,110447,0,0
31,72245,0,1
54,34098,0,1
65,22408,0,0
47,97215,0,0
56,84069,0,0
64,84676,0,1
30,78982,1,1
33,117346,0,0
61,107154,1,0
24,101190,0,0
65,67203,0,0
44,69617,1,1
62,111311,1,0
52,95212,0,0
32,21005,0,0
45,86406,0,0
52,84440,1,0
24,63235,0,1
63,26973,0,0
63,61976,0,0
37,82797,0,0
49,73866,1,0
55,32804,1,0
57,103613,0,0
49,76936,0,0
43,62276,1,1
56,39680,0,0
37,75967,0,1
35,31862,0,1
32,102438,0,0
39,119881,1,0
39,54553,0,1
38,23884,0,1
19,83574,1,0
57,75313,0,1
60,47961,0,1
35,46562,1,1
40,41065,0,1
30,47084,0,1
58,66038,0,1
26,92337,0,0
24,35957,1,1
58,83116,0,0
18,107080,1,0
19,77278,0,1
21,47454,1,1
31,68796,0,1
49,26277,0,1
53,113524,1,0
19,81411,0,1
57,92190,0,0
31,75069,1,1
37,81732,1,1
42,66861,1,1
59,64487,0,0
25,56184,0,0
45,38398,0,1
63,94906,0,0
38,43517,0,1
40,109395,0,0
49,81783,0,0
25,39564,0,0
48,22111,0,0
54,35973,0,1
33,115190,1,0
57,15310,0,0
59,91296,0,0
44,32988,0,1
57,37043,0,1
58,68134,0,0
35,105480,0,0
52,116850,0,0
32,70326,1,1
44,118655,0,0
34,104937,0,0
57,32381,0,1
19,48264,1,1
48,37069,0,0
54,57964,1,0
58,81734,1,1
58,20910,0,0
51,86020,0,0
51,61165,0,0
20,81112,0,1
34,47821,0,1
31,59392,1,1
31,63603,0,1
63,47996,0,0
55,105890,0,0
52,110765,0,0
18,92558,1,0
65,81520,0,0
46,93196,0,0
21,40044,0,1
50,99387,1,0
34,57809,0,1
45,48299,0,1
43,94247,1,0
25,91763,1,0
51,77647,0,0
35,88564,0,0
48,97481,1,0
44,47857,1,1
33,53503,0,1
27,80217,0,1
57,40982,0,1
29,116449,0,0
39,81828,0,1
33,68262,0,1
29,38880,1,1
28,113074,0,0
37,22559,1,1
18,51549,0,0
44,50159,0,1
20,65370,0,1
29,74289,0,0
47,102075,0,0
26,93740,0,0
54,17252,1,0
18,117195,0,0
59,24866,1,0
21,52997,1,1
32,105336,1,0
44,22553,0,0
25,47831,1,1
40,82323,0,0
32,59810,1,1
44,73719,0,1
48,26726,0,0
56,84451,1,0
64,62423,0,1
25,15092,0,0
47,91470,0,0
59,44995,0,0
35,113005,1,0
21,77957,0,1
64,16677,1,1
60,108778,0,0
39,36892,0,1
20,37114,0,0
32,51632,0,1
52,42057,1,0
64,77565,1,1
55,75753,0,1
50,59031,0,0
31,65049,0,1
65,75275,0,1
18,62881,1,0
43,117891,1,0
25,67865,0,0
33,112068,1,0
55,65684,0,0
27,70687,0,0
59,90705,1,0
54,71438,0,0
43,115102,0,0
45,72314,0,1
29,65503,0,0
37,45740,0,1
31,61176,0,1
63,25030,0,0
52,91288,0,0
46,22051,0,1
29,71010,0,0
35,25589,0,0
61,26395,1,1
19,27833,1,1
19,81134,0,0
34,94903,1,0
27,33428,0,0
35,31642,0,1
39,101491,0,0
36,55771,0,1
18,25097,0,0
41,93743,0,0
53,103096,0,0
42,38426,0,0
53,81333,0,0
48,58463,0,1
48,86249,0,1
19,55079,0,0
36,35404,0,0
29,86447,1,0
27,18954,0,0
48,84848,0,0
62,111411,0,0
39,70331,1,1
40,70931,0,1
40,33440,0,1
32,73407,0,1
43,96364,0,0
20,45898,0,1
40,61720,0,1
37,60428,0,1
62,30427,0,1
57,110177,0,0
56,37169,1,1
25,114751,0,0
35,60419,1,1
58,66065,1,0
23,82487,1,1
44,102490,1,0
53,94363,0,0
32,89501,1,1
54,113632,0,0
22,23985,1,1
56,47641,0,0
26,37897,0,0
24,60652,1,0
58,20973,0,1
37,98330,1,0
27,88250,0,1
43,81673,0,1
21,69309,0,1
55,117776,0,0
41,71718,1,1
31,116578,1,0
58,83809,1,0
18,37627,1,1
34,67621,0,1
62,112729,0,0
41,70084,0,1
44,30151,0,1
24,90691,0,0
26,41741,0,1
60,103484,0,0
52,53130,0,0
29,85172,0,1
38,118650,0,0
20,75916,1,0
32,74219,0,1
38,112185,0,0
27,117512,1,0
50,52236,0,1
63,82882,0,0
23,28984,1,1
19,16042,0,1
46,28063,0,0
57,68918,0,0
50,35490,0,0
21,55967,0,0
21,71472,0,0
46,117035,1,0
54,87838,0,0
37,36876,0,1
58,96830,0,0
40,75650,1,1
62,17302,0,0
35,34017,0,0
42,57311,0,1
18,15361,0,1
32,53261,0,1
51,32171,0,1
65,56226,0,0
37,44327,0,1
54,85628,0,0
44,97473,0,0
39,79223,0,1
22,94353,0,0
51,90315,1,0
56,85052,0,0
20,119755,1,0
34,78624,0,1
41,110650,0,0
41,29530,1,0
20,24310,0,0
62,49281,0,1
24,74270,0,0
42,104345,0,0
20,61104,1,0
32,36735,0,0
46,87285,1,0
46,108173,1,0
27,22005,0,1
49,72564,0,1
40,66496,0,1
56,44898,0,1
26,104074,0,0
54,117742,0,0
57,36708,0,0
31,60024,0,1
21,106003,0,0
37,29412,0,1
45,69821,0,1
31,44378,1,1
61,108638,1,0
51,93580,0,0
30,46309,1,1
48,98775,0,0
50,17435,1,1
56,103700,0,0
45,116402,0,0
42,18386,0,0
49,85976,0,1
26,60503,1,0
45,86972,0,1
48,87939,0,0
34,103778,0,0
40,58464,0,1
30,83475,0,0
27,97758,1,0
33,42277,0,1
23,101679,0,0
65,69012,1,0
28,18138,0,1
20,64327,0,0
45,101525,0,0
58,83698,0,0
32,17752,0,1
30,40765,0,1
59,15837,0,1
62,109010,1,0
34,92579,0,0
24,71997,1,0
45,50501,0,1
55,59770,0,0
30,104608,0,0
34,118510,0,0
32,83189,0,1
53,103060,0,0
45,75594,1,1
32,100269,0,0
63,116614,0,0
28,52448,0,1
48,99306,1,0
21,52959,0,1
52,64525,0,1
51,117979,1,0
44,93340,1,0
27,96746,0,0
47,49029,0,0
62,88169,0,1
37,23312,1,0
46,53300,0,0
46,69994,0,0
40,100765,0,0
38,17884,0,1
65,35522,0,0
60,20623,0,1
27,26460,0,0
58,25234,1,1
29,99039,1,0
47,78578,1,0
50,104636,1,0
35,97410,0,0
31,61905,0,1
39,44420,0,1
38,50813,0,1
18,15382,0,1
60,53353,0,1
32,24369,1,0
53,49985,0,1
64,57255,0,1
39,73261,0,1
49,104197,1,0
63,76590,1,0
50,60486,0,0
58,62883,0,1
56,70318,0,0
40,66566,1,1
60,15650,0,0
19,55937,1,1
19,36299,0,0
55,41862,0,1
46,111689,0,0
63,31312,1,0
20,25943,1,1
56,83734,1,0
24,32325,0,1
53,89268,0,1
46,86341,1,0
54,67879,0,0
53,99449,1,0
40,81738,0,0
62,79010,1,1
33,97570,1,0
65,18006,0,0
48,76876,0,0
51,78228,0,1
18,67056,0,1
35,23505,0,1
57,35498,0,0
60,31505,0,0
32,77518,0,1
65,21603,1,0
34,39744,0,1
61,84218,1,0
27,28460,0,0
37,68273,1,1
23,94095,0,0
25,43544,0,0
62,21864,0,1
51,104314,1,0
49,94770,0,0
59,43593,0,1
21,59657,1,1
61,16729,0,0
56,59515,0,1
37,102872,0,0
41,69281,0,1
41,49936,0,1
43,27413,0,0
42,62652,0,1
53,44764,0,0
24,78784,0,1
27,60741,1,0
64,88204,1,0
29,93796,0,0
18,91844,1,0
42,74773,1,1
33,89432,0,1
22,119944,1,0
36,34283,0,0
21,100127,1,0
23,40282,0,0
43,79560,0,1
56,94455,1,0
56,88210,0,1
26,111235,0,0
62,111376,0,0
31,67984,1,1
65,33392,1,0
26,112496,0,0
32,19721,0,0
54,44197,0,1
37,41173,0,1
25,16066,1,1
49,107911,1,0
64,74418,0,0
38,82454,1,0
58,89993,1,0
36,91262,0,0
46,29282,0,0
48,39815,0,1
23,37594,0,1
21,87984,1,0
60,71511,0,0
46,81678,1,0
59,100768,0,0
20,81951,1,0
18,21374,0,1
61,41974,0,0
32,114064,0,0
64,84178,1,1
38,98472,1,0
63,46914,0,0
48,65014,0,1
24,76379,0,0
34,24347,1,1
36,105468,0,0
56,74015,0,1
20,104129,0,0
47,81864,0,0
52,65181,0,1
46,33760,1,1
31,100161,1,0
52,107103,1,0
45,92599,0,0
47,112166,0,0
43,107497,1,0
24,18140,0,0
56,97801,0,0
48,89266,0,0
22,77176,0,0
52,29057,0,0
64,84093,1,0
31,44114,1,1
53,93747,0,0
44,71215,0,1
41,33580,0,0
57,98870,0,0
46,24802,1,1
62,102857,0,0
39,116467,0,0
25,117767,0,0
32,84543,1,1
22,19675,0,0
21,29058,0,0
28,64001,0,1
35,52519,0,1
59,86755,0,0
47,30445,1,1
32,88954,0,0
23,104450,0,0
33,110166,1,0
64,43695,0,1
57,110970,1,0
26,66227,1,0
60,94992,0,0
51,45185,1,1
44,104692,0,0
30,60908,0,1
53,58631,1,0
44,62993,1,1
26,17078,0,0
22,110886,0,0
39,92609,0,0
48,38778,1,0
20,38397,1,1
47,83857,0,0
38,27337,0,0
52,21011,1,0
23,54855,0,0
45,90532,0,0
49,115034,0,0
59,61845,0,1
54,35046,1,0
42,102030,1,0
49,21618,0,1
52,87435,1,0
39,46322,0,1
41,48797,1,1
56,30128,0,0
47,48179,1,1
49,82517,0,0
48,49073,0,1
40,93014,1,0
57,106965,0,0
50,52363,1,1
42,26697,0,0
53,30422,0,0
41,53380,1,1
48,110877,0,0
56,75857,0,1
63,82573,0,1
30,90058,0,0
27,36259,0,0
40,92534,0,0
35,87622,0,0
49,16149,0,1
50,37792,1,0
53,31390,0,0
45,49204,0,1
33,51018,0,1
33,108651,0,0
35,104583,0,0
25,97614,0,0
59,36471,1,1
33,29263,1,1
28,75309,0,0
23,67451,0,0
18,85379,0,1
29,92969,0,0
55,26559,1,0
45,78728,1,1
62,19952,0,0
34,76726,1,1
18,55610,1,1
49,113329,0,0
25,101467,0,0
57,17153,1,0
60,109447,0,0
63,23019,1,1
41,100409,0,0
27,112167,0,0
64,52929,0,1
56,32028,0,1
56,49620,0,1
27,63474,1,0
53,25623,1,1
42,100504,1,0
27,18809,0,1
36,114615,0,0
63,107907,0,0
62,66046,0,1
32,77496,0,1
33,119542,0,0
19,46739,0,1
46,68452,0,1
21,88324,0,0
46,21977,0,0
48,119713,1,0
34,49838,1,1
27,83192,0,0
44,19134,1,0
58,68420,0,0
32,44431,0,1
61,84020,0,0
48,64565,1,1
38,71993,0,1
58,73035,0,0
63,62312,0,0
62,53916,0,1
43,107810,0,0
55,35693,1,0
53,53559,1,0
34,97839,1,0
20,65058,1,0
31,100130,0,0
30,99639,0,0
58,26858,0,0
44,95538,0,0
18,85431,0,1
34,58324,1,1
65,64944,0,1
51,105687,1,0
31,90455,0,0
34,59187,0,1
20,102463,0,0
51,43147,0,1
57,92914,0,0
42,117029,0,0
19,102081,0,0
51,93593,0,0
43,16360,1,1
48,17048,0,0
26,54020,1,1
47,58935,0,1
37,37482,0,1
38,106199,1,0
46,47973,1,0
42,30185,1,0
55,34699,0,0
61,70885,0,0
42,56582,0,1
26,33061,0,1
56,92015,1,0
61,59597,0,0
43,25892,0,0
54,38931,0,1
33,115175,1,0
54,39654,0,0
29,103478,1,0
41,73820,0,1
43,68886,1,1
37,87470,0,0
26,110269,1,0
40,100148,0,0
56,115639,1,0
46,112391,0,0
48,115029,0,0
36,89842,0,1
37,119289,1,0
40,80324,0,1
60,97080,0,0
44,80027,0,1
47,16425,0,1
38,16733,0,0
61,60375,0,0
52,79411,0,0
24,25603,0,0
39,27152,0,0
27,30801,0,0
40,99442,0,0
32,71318,0,1
47,109973,0,0
51,31985,1,0
30,107471,0,0
21,36068,1,1
35,28531,0,1
40,49288,1,1
50,115694,0,0
51,106017,0,0
51,106762,0,0
53,81653,1,0
52,113197,0,0
34,55068,0,1
45,27459,0,1
31,101641,1,0
51,119445,1,0
65,100000,0,0
28,47554,1,1
30,85313,0,0
50,91968,1,0
19,29271,0,1
51,18801,0,1
46,87593,0,1
54,41511,1,0
21,88046,1,0
29,88635,1,0
43,95729,0,0
45,70233,0,1
20,35011,0,1
37,77963,1,1
27,63900,1,0
35,35764,0,0
44,66694,0,1
48,84986,1,0
44,95085,0,0
59,21960,0,0
18,31583,0,0
23,87532,0,1
28,99103,1,0
51,29201,1,1
56,85579,0,0
37,75019,0,1
38,35420,0,1
38,55602,1,1
35,67645,0,1
38,68124,0,1
36,115156,1,0
21,64031,1,0
30,27629,1,1
35,72731,1,1
46,43675,0,0
42,16662,1,1
30,95270,0,0
44,22589,0,0
36,64364,0,1
18,19655,0,0
55,89285,0,0
36,25797,1,0
18,112466,0,0
57,21645,1,0
34,92431,0,0
38,49762,0,1
39,62634,0,1
32,36432,1,1
56,62890,0,0
65,97394,1,0
56,74111,1,0
49,88769,1,1
21,58611,0,0
61,112540,0,0
62,41671,1,0
49,51760,0,0
21,108977,0,0
18,43233,0,1
50,52591,1,1
24,116821,0,0
26,82804,0,1
18,106756,0,0
33,65091,1,1
35,19438,0,0
64,119602,0,0
23,99905,0,0
19,60896,0,0
26,107139,0,0
21,26319,0,1
62,95258,0,0
40,118293,0,0
60,21028,0,1
62,40940,1,1
60,111984,0,0
25,23422,0,0
56,66651,0,0
42,74648,0,1
33,58441,1,1
52,35688,1,0
34,61280,0,1
35,29472,1,0
44,95436,1,0
32,50671,0,1
34,75809,0,1
60,88299,0,0
22,25960,1,1
33,91620,0,0
32,17074,0,0
59,88361,1,0
63,49833,0,1
51,105741,0,0
65,50976,0,0
36,85210,0,0
25,80658,0,1
64,65108,0,0
27,36480,0,0
22,65138,1,1
65,24443,0,0
43,84969,0,1
39,15990,0,0
61,86092,1,0
40,107198,1,0
30,76336,0,1
26,44097,0,1
37,85245,1,1
45,104893,0,0
61,116884,0,0
54,34186,0,1
41,66356,1,1
61,114175,1,0
50,99744,0,0
37,103015,0,0
65,108014,1,0
47,27922,0,0
61,107615,0,0
26,45766,0,0
62,34787,0,0
34,37537,1,0
53,90919,0,0
31,118854,0,0
36,68034,0,1
24,112431,1,0
20,60542,1,0
50,18207,0,0
61,43234,1,0
49,45568,0,0
64,83633,1,0
28,99558,0,0
59,69703,0,1
19,67623,0,0
43,68454,0,1
21,114928,1,0
34,96504,1,0
34,91685,0,0
45,75631,0,1
47,90253,1,0
57,31642,0,0
40,94176,0,0
63,97373,1,0
41,23990,0,0
46,68622,0,1
21,66663,0,1
55,19170,0,1
46,39817,1,1
36,20136,0,0
44,16712,0,0
46,109330,0,0
53,115306,0,0
52,88687,0,1
23,119558,1,0
40,67479,0,1
56,25473,1,0
63,95839,0,0
61,100031,0,0
65,36625,1,0
25,28761,0,1
19,89454,0,0
30,115135,0,0
57,16821,0,1
38,115120,1,0
48,63646,0,0
65,51200,1,1
53,98889,0,0
65,63250,0,1
55,99304,1,0
44,51447,1,1
53,44184,1,1
65,64754,0,0
40,31811,0,1
38,41595,0,1
30,106568,0,0
54,119567,0,0
64,32757,1,0
43,26954,1,0
57,110329,0,0
24,76349,0,1
63,52930,1,0
56,107342,0,0
39,103760,0,0
56,109772,0,0
40,18811,0,0
47,45368,0,0
35,116610,0,0
59,47719,0,1
35,23637,0,0
63,27133,0,1
27,61986,0,0
56,43871,1,0
47,108107,0,0
43,56472,0,1
24,73333,1,1
24,70508,0,0
22,16401,0,0
18,25004,1,1
63,113849,0,0
35,50301,1,1
30,115313,1,0
42,108544,0,0
57,20901,0,0
25,84621,0,1
27,82751,0,1
49,63809,1,1
34,96299,0,0
55,73171,0,0
32,82720,0,0
32,79744,0,1
65,25354,0,1
57,114579,0,0
37,73860,1,1
32,24504,0,1
52,69320,0,1
23,18523,0,1
47,89243,0,0
25,101703,0,0
48,48787,0,0
65,106407,0,0
64,38982,0,1
49,16049,0,0
62,28381,1,0
32,82876,0,0
35,63390,1,1
30,116289,0,0
41,27061,1,0
57,86241,0,0
31,65296,0,1
45,39014,1,0
28,79535,1,1
23,114009,1,0
42,80191,0,0
18,66576,0,1
42,43147,0,1
19,83020,0,1
49,71148,1,0
30,16745,0,0
50,37148,0,0
49,31216,0,0
41,113083,0,0
44,56929,0,1
21,77637,0,0
41,74991,0,1
40,37012,0,0
46,81313,0,1
51,24525,0,1
38,58348,1,1
47,75447,0,0
43,83650,0,0
37,116240,0,0
33,101030,1,0
20,81881,0,1
54,17041,1,1
57,94866,0,0
61,93734,0,0
42,66826,0,1
40,90283,0,0
61,32073,0,0
18,110822,0,0
50,43028,0,1
32,106646,0,0
34,38440,0,0
51,47887,1,1
34,53937,0,1
58,80045,0,1
61,119136,0,0
21,76503,0,0
30,92782,1,0
21,42428,0,0
24,16613,0,0
63,63343,0,0
26,88159,0,0
40,116337,1,0
50,75127,0,0
50,67088,1,0
37,86195,1,0
21,60023,1,0
18,44653,0,1
59,92616,0,0
51,92512,0,0
44,30718,1,0
38,89877,0,1
41,69219,1,1
32,68954,1,1
52,31296,1,1
42,41285,0,1
26,67310,0,0
34,29134,0,0
38,68642,0,1
30,109873,1,0
20,15455,1,1
21,88179,0,1
21,85156,0,0
60,23867,0,1
45,40577,0,1
24,43647,0,0
43,63894,0,1
28,106007,1,0
41,85635,1,1
60,28887,0,1
27,58314,0,0
54,63203,0,0
30,108205,1,0
61,15059,0,0
59,27673,0,0
56,70351,0,0
36,103231,0,0
36,86067,1,0
29,83300,1,1
39,16794,0,0
64,25721,1,1
54,74286,0,0
47,20686,0,0
63,62443,1,1
29,110003,0,0
46,118291,0,0
38,79263,1,1
28,77722,0,0
54,67573,0,0
65,27888,0,0
35,54348,0,1
61,28533,0,0
44,36916,0,0
54,76422,0,0
65,65525,1,0
29,18553,1,1
40,23144,0,0
51,106045,1,0
55,74931,0,1
40,78712,1,1
42,20437,1,1
21,105083,0,0
47,47518,0,0
47,38830,1,0
30,89285,0,0
59,61553,0,0
31,102885,0,0
64,109825,0,0
25,20915,0,1
41,43695,0,1
35,90270,0,0
52,29703,0,1
42,103035,0,0
34,36478,1,0
49,82918,1,0
41,45128,0,1
24,68250,1,0
30,106119,1,0
44,52126,1,1
65,61799,1,1
22,109228,1,0
53,73248,0,1
43,47907,0,1
59,22644,0,0
62,49583,0,0
48,69560,1,0
27,117605,0,0
63,30185,1,1
43,56988,1,1
39,25446,0,0
29,38162,0,0
49,29150,0,0
44,56304,0,1
50,110373,1,0
37,51003,1,1
56,66746,0,0
58,81923,0,0
57,92745,0,0
30,15983,0,1
31,62114,1,1
61,112687,0,0
57,66274,0,0
39,102339,0,0
35,34378,0,1
65,22548,0,1
46,54621,0,0
60,81311,0,1
33,101901,0,0
63,111243,0,0
52,104673,0,0
51,36531,1,0
20,32870,1,1
21,64547,0,0
22,60738,1,1
27,82537,1,0
46,29756,0,0
49,72707,1,0
48,55830,0,0
19,108399,1,0
29,25046,0,0
44,38652,1,0
22,70029,0,0
54,51956,0,1
44,28886,0,1
40,101281,0,0
50,119653,0,0
21,46823,0,0
38,53948,0,1
41,28322,0,0
61,88330,0,0
48,21162,0,0
61,97293,0,0
65,20905,0,0
41,109301,0,0
27,72483,0,1
19,53457,0,0
48,99940,0,0
42,30380,0,0
21,30508,0,1
28,34676,0,1
34,103796,0,0
61,87433,0,0
19,16564,1,1
23,28870,1,1
26,29219,1,1
22,96977,0,0
37,34880,0,0
46,25379,1,1
38,69294,0,1
26,17948,0,0
45,110129,0,0
25,50902,0,0
48,98507,0,0
37,23969,1,0
44,77805,1,1
25,35646,0,0
38,75566,1,1
45,70818,0,1
40,78451,0,1
23,18678,0,0
20,108055,0,0
22,83879,0,1
26,19014,0,0
24,20107,0,1
21,117632,0,0
56,52423,1,0
22,119162,1,0
28,118924,0,0
32,47332,0,1
51,49010,1,0
30,103935,1,0
65,17661,0,1
24,19798,0,1
57,81076,0,1
23,37329,0,0
56,71060,1,0
47,40850,0,1
39,99705,1,0
42,18157,0,0
45,52485,0,1
37,20336,0,1
56,87701,0,1
20,108154,0,0
22,57280,0,0
18,67145,1,1
32,94290,0,0
43,20209,0,0
20,76402,0,1
57,95026,0,0
58,108137,0,0
64,22645,0,1
59,53508,0,0
51,117458,1,0
22,72822,0,1
48,115969,0,0
30,21018,0,1
60,65908,0,0
18,41374,0,1
39,20713,0,0
32,110608,0,0
43,102071,0,0
35,111856,1,0
65,108099,0,0
26,99498,0,0
18,16026,0,1
60,85009,0,0
26,85203,0,0
40,66106,0,1
60,108425,1,0
62,106676,0,0
19,97506,0,0
31,96477,0,0
55,109564,0,0
57,48452,0,0
35,102962,1,0
33,18268,1,0
46,95729,1,0
61,108602,0,0
28,15658,0,1
23,49064,1,1
20,49293,1,1
31,58042,0,1
19,22792,1,1
49,21604,1,0
48,62821,0,1
28,53557,0,0
39,22420,0,0
20,53521,1,1
48,76951,0,1
50,38018,0,1
41,78076,0,1
18,20108,0,0
61,107686,0,0
32,85783,0,1
54,88937,0,0
44,32007,1,1
55,24997,0,1
65,20261,0,1
44,84804,0,1
61,86520,0,0
29,35926,1,1
20,112398,0,0
47,112994,0,0
49,80546,0,1
40,32144,0,0
19,40903,1,1
24,16177,0,0
51,107482,0,0
49,75952,1,0
56,24168,0,0
49,17389,0,1
60,21364,0,0
60,42033,1,1
31,63545,1,1
20,26865,0,1
63,33936,0,0
49,92863,0,0
60,112788,0,0
53,115614,1,0
34,18741,0,0
65,104537,0,0
20,18839,0,0
27,34139,0,0
64,61905,0,0
57,105934,0,0
35,67749,0,1
20,40036,0,0
56,118541,0,0
27,60272,0,1
26,16740,0,0
63,99044,0,0
63,73788,0,0
28,46611,1,1
50,85827,0,1
53,46109,1,1
43,34481,1,1
44,20247,0,0
55,68621,1,1
39,36383,1,0
43,79535,1,1
39,40319,0,1
22,54334,0,0
52,38728,0,0
19,114156,0,0
52,45442,1,0
26,101846,0,0
35,57521,0,1
60,79777,1,1
29,101988,1,0
20,27137,0,1
35,58636,1,1
55,29905,0,0
24,102309,0,0
50,45024,1,0
23,79966,1,0
35,32702,0,1
62,31505,0,0
39,84790,0,0
56,76071,0,0
26,23498,0,0
52,92710,0,0
40,73456,0,1
29,109958,0,0
41,44733,1,1
57,82432,0,1
26,119280,1,0
30,72158,0,1
57,18911,0,1
59,64105,0,0
34,88876,1,0
24,97959,1,0
34,79322,0,1
41,51672,0,1
19,85412,0,0
52,81239,0,1
45,78804,0,1
36,76727,0,1
50,118774,0,0
38,21440,0,0
27,112473,0,0
63,82560,0,0
62,30751,0,0
26,27730,0,0
55,79792,1,1
23,36380,0,0
59,43972,0,0
52,79385,0,1
35,52113,0,1
36,25149,0,1
22,70014,0,0
42,53402,1,1
28,97917,1,0
27,64557,1,0
34,112895,0,0
53,15243,0,1
43,17414,0,0
48,18856,0,1
49,86799,0,0
38,96335,1,0
35,73949,0,1
35,56392,0,1
18,27470,0,0
31,28772,0,0
25,42382,0,0
19,114445,0,0
32,84662,0,0
51,99944,1,0
53,95399,0,0
18,28584,0,1
38,38391,0,0
59,100376,1,0
18,51965,0,1
49,106207,1,0
37,119128,0,0
64,27097,1,1
53,33839,0,0
56,98310,0,0
47,52693,0,1
24,66988,1,1
39,64769,1,1
62,17469,0,0
27,27468,0,0
25,116006,0,0
44,54025,0,1
27,18165,0,1
31,72603,0,1
63,91906,0,0
28,58251,1,1
23,62526,0,1
38,117734,0,0
50,119296,0,0
36,43942,0,1
56,60017,0,1
41,75555,0,1
35,47209,1,1
52,54365,0,1
60,16407,0,0
54,79081,0,1
36,40976,0,1
41,56969,0,1
51,53325,0,1
39,71741,0,1
21,30515,1,1
27,51174,1,1
19,92330,0,0
25,20700,0,0
50,88663,0,1
55,68379,0,1
60,42391,0,1
45,91276,0,0
27,82081,0,0
62,104227,0,0
18,72284,1,1
51,97054,1,0
20,77206,0,0
26,116163,0,0
22,108590,0,0
59,93593,1,0
27,74485,1,1
29,86539,1,0
35,49032,0,1
38,33156,0,0
38,64316,0,1
18,63787,1,0
20,108099,1,0
22,56579,0,0
42,72574,0,1
25,87261,1,1
34,102218,0,0
26,108263,1,0
49,74235,0,0
23,67904,0,0
57,96721,0,0
38,51740,0,1
24,88130,0,1
24,64554,1,1
64,22199,1,1
56,54032,0,0
44,107886,0,0
25,96410,0,0
26,19480,0,1
45,45435,1,1
32,45120,0,1
19,87155,0,0
24,17607,1,1
64,89918,0,1
35,89116,1,1
39,100324,0,0
27,37026,1,1
50,32173,1,1
24,103816,1,0
20,49262,1,1
31,66903,0,1
61,62156,0,0
63,87246,0,1
53,114124,1,0
30,92764,0,0
33,77301,1,1
33,106591,0,0
22,79314,1,1
42,111688,0,0
55,35449,0,0
55,108242,0,0
55,45466,0,0
56,103121,0,0
65,39279,0,1
58,26837,0,0
43,39209,1,0
30,27220,0,1
61,18965,0,1
43,57276,1,1
18,119304,1,0
25,42230,0,0
21,104165,1,0
38,56920,1,1
39,80165,1,0
54,76544,1,0
20,108406,0,0
36,97909,0,0
18,109691,0,0
46,114010,0,0
40,38036,0,1
50,80322,0,1
58,19847,0,1
40,101250,0,0
22,65772,0,0
24,27893,0,1
23,19649,1,1
39,45571,0,1
30,26613,1,0
29,119900,0,0
21,68833,0,1
25,77423,0,0
54,104964,0,0
48,56382,0,0
54,67348,1,0
62,103069,1,0
43,68705,1,1
60,90642,0,0
25,112849,0,0
57,100930,0,0
50,92813,0,0
62,70817,0,1
46,95984,0,0
22,93669,1,0
45,59142,0,1
57,85182,1,1
34,28708,0,0
40,21090,0,0
62,67902,1,0
26,107170,0,0
19,106757,0,0
49,95928,0,0
48,58752,0,0
24,115840,0,0
47,34643,0,1
20,54647,0,0
26,80082,1,1
27,95329,0,0
63,112330,0,0
64,87974,0,1
43,99431,1,0
18,33474,0,0
47,52402,0,1
55,97487,0,0
32,31504,1,1
42,21768,0,1
23,89043,0,0
35,110346,0,0
18,15620,0,0
20,35447,0,1
34,113757,1,0
65,34118,0,0
25,77051,0,1
57,61599,0,0
34,81494,0,0
42,25200,0,1
58,109854,0,0
29,114066,1,0
46,73704,0,0
42,68487,0,1
53,61465,0,0
42,44840,1,1
46,103440,1,0
28,33435,1,1
21,62897,0,0
31,112607,0,0
63,78876,0,0
55,104727,0,0
34,64412,0,1
19,87282,1,0
25,43484,0,0
53,53658,0,1
27,21053,0,0
24,114584,0,0
53,97055,0,0
33,70251,0,1
31,55645,0,1
33,17545,1,1
42,94983,1,0
58,110495,0,0
21,92213,0,0
46,23560,0,1
23,77375,0,1
18,18662,1,1
56,93591,0,0
18,54497,0,1
57,67606,0,0
20,77112,0,0
18,93334,0,0
18,85344,0,0
56,23048,1,1
38,93643,0,0
62,21520,0,1
47,31928,1,1
49,70368,0,1
50,38501,1,0
65,68751,0,1
39,51191,1,1
47,44476,0,0
63,41948,0,1
21,19483,1,1
40,71123,1,1
61,54887,0,0
42,98017,0,0
29,91254,1,0
34,95909,0,0
32,103780,0,0
27,118739,0,0
52,76055,0,0
46,108165,0,0
29,46257,1,1
18,33327,1,1
18,115023,1,0
27,86304,0,0
35,39866,0,1
64,59649,0,1
19,24166,0,0
25,111279,0,0
39,97334,0,0
39,24042,0,0
43,26969,0,0
43,66880,0,1
26,87739,1,0
38,78588,1,1
48,19641,1,0
60,43536,1,1
23,94910,0,0
31,29546,1,1
50,29102,1,1
24,113895,0,0
41,114053,1,0
26,115523,0,0
28,24029,0,0
40,62545,0,1
65,26322,0,1
19,27654,0,0
32,71663,0,1
52,90501,0,0
53,74687,0,0
45,22508,1,0
56,62859,1,1
61,115874,1,0
21,37132,0,1
27,80800,0,1
23,31025,0,0
47,92024,0,0
63,80924,0,1
52,82607,0,1
60,39970,0,0
27,62736,0,0
49,94990,0,0
59,22840,0,1
59,44654,1,1
20,92385,0,0
43,67408,1,1
32,100939,0,0
34,90967,1,0
44,37442,0,1
35,80243,0,0
36,21630,0,0
29,62736,1,1
41,28008,0,1
22,62487,0,0
41,83395,0,1
44,17393,0,0
65,109680,0,0
47,70971,1,0
32,94627,0,0
64,102991,0,0
55,115354,0,0
61,83657,0,0
51,89652,0,0
44,85507,0,0
37,44644,0,1
58,104615,1,0
49,108863,0,0
21,51122,0,1
22,117778,1,0
25,18397,0,1
39,69569,0,1
59,119585,0,0
24,92948,0,0
39,67133,0,1
63,63519,0,1
47,86057,0,0
54,44151,1,1
33,18472,0,1
32,66769,1,1
22,20481,1,1
20,53977,0,0
40,34883,1,0
27,103915,0,0
22,39265,0,1
40,67744,1,1
32,38656,0,0
35,24304,0,0
42,101616,0,0
25,60911,0,1
48,58013,0,1
38,92981,0,0
19,55314,1,0
39,37857,0,0
25,43894,1,1
40,53570,0,1
49,81080,0,0
25,54420,0,0
21,96588,1,0
47,71210,1,0
36,42734,0,1
40,115932,0,0
35,51219,1,1
46,81972,0,0
40,70813,0,1
50,26007,0,0
64,43341,1,1
35,111550,0,0
61,116366,0,0
50,64411,0,0
24,88087,0,0
45,93649,0,0
18,63431,1,1
56,117715,1,0
51,19841,0,0
56,55729,0,1
36,97638,1,0
48,118500,0,0
30,99647,0,0
41,91629,1,0
22,88082,1,1
40,72804,0,1
36,112335,0,0
18,67006,0,1
50,36584,1,0
50,75591,1,0
49,34361,0,0
45,95020,1,0
54,62871,1,0
58,29101,0,1
29,57774,0,1
26,116784,0,0
28,57701,1,1
50,28261,0,0
36,28209,0,1
59,43647,0,0
51,23221,0,1
24,62833,0,0
48,100413,0,0
19,40557,0,1
36,113534,0,0
55,22526,0,0
49,118585,0,0
27,16251,0,0
58,47588,0,1
25,69492,0,1
43,21889,0,1
47,109302,0,0
28,44146,1,1
58,67318,0,0
37,115082,0,0
37,88588,0,0
26,113084,0,0
25,52638,0,0
32,16147,0,1
51,17847,0,0
41,100770,1,0
50,75335,0,1
58,99990,0,0
58,48388,1,1
62,79347,0,0
57,114267,0,0
44,54983,0,1
38,58820,0,1
22,41076,0,1
52,45752,0,1
38,75533,0,1
21,31003,1,1
65,87954,0,0
33,32710,1,0
48,80657,0,0
43,52081,0,1
52,65228,1,0
23,108309,1,0
50,98102,1,0
38,114098,0,0
33,35655,1,0
64,23483,0,1
56,113224,1,0
51,55094,1,0
59,56450,0,1
32,40209,0,1
23,61316,1,1
19,33556,0,1
41,42962,0,1
45,30638,0,0
18,53754,0,1
18,117211,0,0
45,101619,0,0
53,87617,0,1
37,69376,0,1
65,28353,0,0
25,100388,0,0
18,86296,1,1
43,28771,0,0
60,81026,1,0
42,19263,1,0
27,22769,0,0
29,40334,0,1
58,98117,1,0
24,47749,0,0
29,26635,0,0
64,80110,0,1
57,16904,0,1
34,85805,0,0
22,45968,0,1
31,16650,0,0
51,27467,0,1
65,116495,1,0
34,113331,0,0
52,61900,0,1
18,103180,1,0
53,50518,0,0
32,107816,0,0
36,83415,1,0
59,19357,1,0
22,108837,0,0
36,25865,0,0
60,83368,0,0
56,116413,0,0
22,109404,0,0
29,76039,0,0
36,111939,0,0
64,86294,0,0
29,17921,0,0
53,114737,1,0
29,19428,1,1
35,88647,1,0
65,103783,0,0
60,67557,0,0
51,110983,1,0
65,27366,0,1
50,61923,0,1
35,45564,0,1
46,90511,0,0
62,17642,1,0
22,28849,0,0
42,117015,0,0
41,34344,0,0
46,36214,0,1
55,53226,0,1
50,106691,1,0
27,37522,0,1
54,21680,1,0
50,27507,0,1
40,89955,0,1
28,64007,1,0
41,64353,1,1
41,119289,1,0
24,103095,0,0
38,83696,0,1
37,59233,0,1
27,65865,0,0
42,22872,0,0
64,22839,0,0
53,30652,1,0
65,21859,0,1
64,48520,0,1
32,93840,0,0
61,64266,0,0
57,84516,1,0
57,54093,0,0
23,66970,1,1
54,64620,1,0
19,15425,1,1
29,88677,1,1
21,65727,0,1
40,90593,0,0
30,64985,0,1
34,112339,0,0
48,62084,1,0
33,84642,1,0
58,100623,0,0
43,16408,0,0
45,100401,0,0
18,70337,0,0
64,119125,0,0
29,54612,0,0
54,54163,0,1
37,30843,0,0
19,64364,0,0
53,43477,0,0
32,112993,0,0
55,76082,1,1
39,42330,0,1
61,109747,0,0
49,52569,1,0
37,113203,0,0
53,63114,0,1
50,82294,0,0
32,79106,0,1
63,53548,0,1
20,77598,0,1
46,109705,0,0
64,26260,0,0
44,47350,0,1
22,56741,0,0
48,113214,0,0
39,60181,0,1
52,98446,0,0
24,15840,0,1
23,77422,0,1
43,32725,0,0
18,27299,0,0
36,65652,0,1
24,110525,1,0
53,105041,0,0
29,86095,0,0
37,119230,0,0
40,47597,0,1
42,23707,0,1
47,63943,1,1
46,78803,0,0
48,108555,1,0
35,103377,0,0
58,100176,0,0
36,115898,1,0
21,116960,0,0
18,113162,0,0
58,90276,0,0
32,18155,1,0
25,38572,0,0
32,74694,0,1
32,81514,0,1
56,91033,0,0
39,59843,0,1
35,99967,0,0
33,50357,0,1
19,38167,1,1
53,86478,0,1
37,33983,1,1
33,50276,0,1
20,60279,0,1
47,74483,1,0
19,98113,0,0
52,86451,0,1
43,106869,0,0
22,17045,0,1
19,104716,1,0
37,57344,0,1
51,24564,1,0
51,26105,1,1
37,71754,0,1
42,35056,1,0
37,78565,0,1
42,62689,0,1
31,47135,1,1
64,47812,0,1
61,85047,0,1
60,37772,0,0
60,95957,0,0
56,107652,0,0
29,22775,0,1
65,107482,0,0
22,69523,1,0
19,25707,0,1
33,28372,0,0
47,110350,0,0
64,76526,1,1
60,80106,0,0
55,103143,1,0
62,68475,0,0
59,72201,0,0
41,42957,0,1
47,110814,0,0
54,71243,0,0
56,88752,0,1
28,90542,0,0
31,48993,1,1
40,49016,1,1
33,40354,0,1
38,63637,1,1
21,99762,0,0
50,119002,0,0
64,98502,0,0
31,19848,0,0
36,57673,1,1
22,26783,0,0
53,79694,0,0
48,76865,0,0
62,116442,0,0
35,68907,0,1
61,65669,0,0
48,25924,0,1
47,85178,1,0
38,85732,0,1
64,91691,0,0
47,92591,0,0
58,35152,0,1
21,119502,0,0
22,23072,1,1
58,96501,1,0
62,59687,1,1
27,112526,0,0
44,36942,0,1
33,62417,1,1
47,107379,1,0
30,76259,0,1
53,20490,1,1
38,36719,1,0
62,64200,0,1
57,53684,0,0
62,33894,0,0
32,45837,1,1
37,67812,0,1
37,82282,0,1
62,105607,0,0
22,88706,0,0
49,113937,0,0
23,71132,0,0
47,93425,1,0
43,75161,1,1
54,34104,1,1
30,30140,0,0
46,108272,0,0
22,23152,1,1
42,63486,0,1
30,100277,0,0
41,117696,0,0
48,53147,0,0
37,102890,0,0
25,23666,0,1
26,108939,1,0
38,49726,0,1
37,119983,1,0
32,63689,0,1
43,61116,0,1
59,86420,0,0
28,92848,1,0
54,100534,1,0
58,18820,0,0
28,19322,0,1
44,53235,0,1
47,118806,1,0
36,74961,0,1
51,65356,1,1
55,119753,0,0
40,39923,0,0
18,103478,0,0
20,48750,1,1
20,112869,0,0
45,103448,0,0
31,36983,1,0
47,102610,0,0
22,20905,0,1
32,70483,0,1
55,40028,0,0
31,84609,0,0
31,67046,1,1
25,17234,0,0
25,95809,0,0
36,88167,1,1
49,70011,1,0
48,27061,1,0
46,64253,1,0
58,104354,1,0
28,59667,1,0
62,104240,1,0
30,73796,1,1
44,109898,0,0
36,79065,0,1
43,91386,1,0
54,45638,0,0
65,97455,1,0
26,38884,0,0
45,112016,1,0
49,45697,0,1
20,98620,0,0
49,110837,1,0
22,22114,0,1
25,45550,0,1
31,22469,0,0
20,62771,0,0
41,21492,0,0
30,117648,0,0
60,16971,1,0
46,61350,0,1
25,24644,0,0
59,106705,1,0
48,79194,0,1
43,97632,0,0
35,116959,0,0
35,27534,0,1
24,27768,0,1
65,37625,1,0
55,119776,0,0
65,43660,0,0
33,104680,0,0
50,90176,0,0
20,35032,0,0
55,79935,0,1
21,52892,0,1
53,107125,0,0
21,89186,1,0
59,83379,0,0
26,39357,1,1
57,97512,0,0
34,15497,0,0
34,17134,0,1
50,33833,1,0
37,85948,0,1
31,47666,0,1
39,71600,1,1
44,84828,1,0
60,107923,0,0
20,112362,0,0
41,15026,0,1
47,27108,0,0
25,29470,0,0
39,44785,1,1
42,17253,0,1
27,79538,0,1
46,79889,0,0
57,35026,0,1
18,67807,0,0
38,77878,0,1
56,59258,0,1
41,109810,1,0
26,61147,0,0
61,60417,0,0
43,16086,0,0
26,39406,1,1
37,115319,1,0
52,101987,0,0
53,90443,0,0
59,87659,0,0
53,106838,0,0
26,22084,1,1
39,100383,0,0
18,68493,0,0
22,37805,0,0
26,76786,0,0
54,29248,1,0
55,85003,0,0
36,40384,0,1
25,17896,0,1
59,25362,0,1
60,100048,0,0
49,101175,0,0
30,71032,0,1
37,76022,1,1
53,98254,0,0
60,105629,0,0
61,103998,1,0
54,98208,1,0
47,23937,1,0
27,62391,0,0
48,109079,0,0
42,102567,0,0
46,53696,0,0
41,68954,1,1
56,97617,0,0
38,26226,1,1
58,31858,0,1
26,110868,0,0
59,71848,0,0
59,54300,0,1
19,56470,1,0
21,40113,0,0
25,67096,0,0
49,37016,1,0
31,85920,1,1
30,32750,1,1
38,32445,0,1
41,109440,1,0
35,50075,1,1
62,31691,0,0
57,109610,0,0
43,89724,1,0
49,40860,1,0
61,45171,1,0
50,44421,0,1
48,57089,0,1
35,46990,0,1
52,80839,0,0
29,21486,0,1
42,86102,0,1
62,102077,0,0
48,84427,0,1
27,24046,0,1
64,44741,0,0
51,74089,0,0
20,20724,0,1
63,63347,1,1
56,37664,0,0
25,85886,1,0
49,94561,1,0
60,108761,0,0
46,24164,1,0
39,117437,0,0
37,89906,0,0
23,47872,0,1
60,105366,0,0
46,104491,0,0
59,74879,0,0
34,62037,0,1
48,37985,0,1
51,103591,0,0
55,105702,0,0
54,72868,1,1
21,92925,0,0
19,34347,0,1
29,56623,0,0
52,31360,0,1
23,29214,0,1
63,42222,1,0
25,87279,0,0
38,115892,1,0
63,49303,1,1
52,29698,0,1
65,115332,1,0
32,44602,0,1
24,29947,1,1
32,67338,0,1
62,50537,0,1
23,37469,1,1
64,21486,0,1
34,87777,1,1
21,111390,0,0
39,34371,0,0
49,47524,0,0
39,80101,1,0
44,37474,0,0
63,93203,0,0
32,94337,0,0
61,62141,1,0
39,19405,0,0
45,17153,0,1
59,40131,0,0
55,34680,0,0
26,100233,1,0
51,68644,0,1
53,119600,1,0
26,115887,0,0
32,43283,0,1
62,108980,0,0
37,116347,1,0
25,75357,0,1
45,102899,0,0
36,34646,0,1
33,54804,1,1
28,31036,0,0
59,21726,1,1
25,117326,0,0
50,56160,0,0
27,33274,0,1
35,105123,0,0
52,102091,1,0
60,25168,0,1
20,30103,0,0
57,106437,0,0
44,45567,0,1
45,93743,1,0
63,119968,1,0
23,38691,0,1
64,84092,0,1
31,55072,0,1
24,69118,1,1
27,48133,1,1
32,30893,1,0
48,96402,0,0
46,15656,0,1
59,56120,0,0
34,95632,0,0
46,72518,0,0
61,95983,0,0
32,34854,0,1
43,68212,0,1
29,102519,0,0
42,64696,0,1
58,111732,1,0
22,92582,0,0
21,119730,1,0
61,115065,0,0
65,81492,1,1
58,72795,0,0
48,39560,0,0
20,104711,0,0
20,101831,1,0
43,95391,0,0
34,66317,0,1
27,98539,1,0
19,93572,0,0
41,119309,0,0
28,94380,1,0
41,15645,1,1
52,48146,0,0
40,54877,1,1
49,67736,0,0
40,59693,0,1
51,98060,1,0
58,35119,0,0
36,62679,0,1
19,107125,1,0
19,97581,0,0
32,28163,0,1
38,105123,0,0
52,102129,0,0
22,113691,0,0
60,45802,0,0
44,67175,1,1
41,108945,1,0
24,25111,0,1
23,74936,0,0
63,80526,0,1
50,36119,0,1
34,105211,0,0
63,76896,0,0
59,50539,0,0
47,117473,0,0
25,104183,1,0
57,70387,0,1
63,107489,0,0
24,57823,0,0
23,84555,0,0
21,101190,0,0
18,119160,0,0
32,62418,0,1
48,108870,1,0
42,63695,1,1
64,76936,0,0
50,31418,0,1
52,41742,0,0
22,94218,0,0
22,63028,0,0
53,92700,0,0
34,22618,0,1
31,83916,0,1
46,69628,0,0
25,104463,0,0
51,95699,1,0
57,100096,1,0
18,29725,0,0
46,56135,0,1
53,85223,0,1
54,60969,0,0
46,110498,0,0
22,82122,0,0
49,23056,0,0
41,85958,0,1
36,100578,1,0
29,75346,0,1
18,15952,0,0
24,110068,0,0
34,118669,0,0
51,27521,0,0
60,25906,1,0
24,83514,1,1
34,57769,0,1
20,46275,0,1
46,58766,0,0
39,27343,1,0
55,92487,1,0
60,95227,0,0
46,92056,1,0
59,118212,0,0
22,91862,0,0
47,45521,0,1
40,115263,0,0
38,118486,1,0
43,15805,0,0
64,50868,1,0
38,49343,1,1
37,92458,1,0
40,89327,0,1
21,50383,1,0
38,30040,0,1
38,40187,1,1
18,77678,0,1
32,111396,0,0
34,41525,1,1
31,53394,1,1
36,105672,1,0
51,97546,0,0
23,78989,0,1
62,54652,0,0
23,92510,0,0
22,89402,0,0
24,64200,0,0
50,98822,1,0
30,30015,1,0
18,75911,0,1
30,117676,0,0
60,107206,0,0
44,117146,0,0
24,71221,1,0
20,35695,0,1
42,39805,0,0
50,39190,0,0
57,22997,1,0
34,37752,1,1
62,33069,1,1
31,76485,0,1
54,72291,0,0
40,45508,0,1
41,102053,0,0
46,66574,0,1
55,66902,1,0
44,77426,0,1
55,23524,0,0
57,25071,1,0
62,119613,0,0
40,56466,0,1
48,101132,0,0
53,65094,1,0
34,90317,0,0
54,55239,0,1
20,62560,1,0
53,115295,0,0
22,60924,1,1
63,69542,0,0
32,107375,0,0
23,64264,0,1
27,82799,0,0
49,105538,0,0
40,53022,0,1
65,106178,0,0
34,50579,0,1
63,27571,0,0
37,97753,1,0
61,63225,0,1
58,22227,0,0
32,56189,0,1
61,29207,0,1
63,93208,1,0
39,68406,1,1
23,56783,1,0
21,115822,0,0
40,100587,0,0
61,43879,0,1
62,43845,0,0
36,25015,1,1
62,97961,1,0
48,36496,0,0
61,15707,0,1
20,32767,0,0
45,41467,1,1
20,98222,0,0
31,22118,0,0
35,78884,1,1
44,26213,1,0
27,112021,0,0
32,96037,0,0
36,23868,1,1
26,66716,0,1
21,109869,1,0
32,57523,0,1
65,49028,1,0
25,25545,1,1
18,15357,1,1
24,36788,0,1
48,118716,0,0
35,116538,0,0
29,31802,1,1
65,69739,0,0
47,100875,0,0
50,16593,0,1
64,19602,1,0
24,90113,1,0
45,110865,1,0
20,25943,0,0
60,48012,1,0
23,85108,0,1
48,31250,1,0
55,97169,0,0
32,59053,0,1
24,54388,0,0
60,106707,0,0
47,86405,0,1
44,86507,0,0
34,64662,0,1
35,76311,0,1
39,94493,0,0
43,86504,1,0
44,101789,1,0
57,106477,1,0
41,71657,0,1
25,88183,1,1
38,40499,1,1
46,46785,0,1
60,96993,0,0
38,89536,0,1
20,67030,0,0
48,52909,1,0
44,49894,0,1
63,99124,0,0
44,87006,0,1
26,30473,0,0
50,96697,1,0
50,35063,0,0
43,93444,0,0
45,26850,0,0
61,15984,0,1
60,65450,1,0
48,71700,1,1
18,87723,0,0
37,108392,0,0
29,35339,0,1
34,53481,0,1
32,79351,0,1
51,67839,0,0
33,79236,1,1
21,94619,0,0
25,63287,1,0
51,75306,0,1
63,67197,0,1
42,40435,0,1
32,82621,0,0
45,45837,0,1
26,119837,1,0
19,96719,0,0
34,50495,0,1
27,113680,1,0
26,54760,0,0
48,37084,0,1
19,52458,1,0
41,66946,0,1
36,81601,0,1
34,84218,0,1
60,74351,0,1
27,62561,0,0
45,65203,1,1
55,113024,0,0
65,111996,0,0
45,23820,0,0
18,72232,1,0
20,33757,1,1
32,61588,0,1
27,103682,1,0
38,23058,0,0
54,103388,0,0
32,94654,1,0
40,51742,0,1
31,87195,1,0
32,71980,0,1
27,85377,1,0
26,33335,0,0
61,62351,1,0
56,100841,0,0
22,83960,0,0
42,62501,0,1
59,70877,1,1
43,29538,0,1
25,18769,0,1
39,46586,1,1
42,106983,0,0
65,100551,0,0
29,115614,1,0
26,82879,0,0
27,83922,1,1
65,67219,0,0
27,50107,0,1
26,15683,0,0
43,105987,1,0
52,81590,1,1
44,76097,0,1
48,104131,0,0
36,78402,0,1
60,100934,1,0
55,38685,0,0
23,80884,0,0
32,109426,1,0
46,31362,1,0
64,114326,0,0
62,105561,1,0
22,15503,1,1
31,56045,1,1
19,28576,0,0
40,48290,0,1
61,75495,1,0
63,26884,0,1
36,66660,0,1
41,40205,0,1
37,78739,0,1
64,47785,0,1
44,16268,1,0
41,81712,0,1
34,33016,0,0
42,76939,0,1
63,93281,0,0
48,92497,0,0
45,116917,1,0
45,64266,0,1
39,56712,0,1
22,119894,1,0
61,21768,0,0
59,74214,1,1
25,33972,0,1
55,113625,1,0
45,88162,0,1
64,78412,1,0
29,60281,0,1
42,43403,0,1
55,109568,0,0
61,45226,0,1
32,64985,1,1
61,43783,0,0
58,88939,0,1
51,110155,0,0
62,83155,1,0
30,81883,0,0
25,83700,0,1
30,94095,0,0
53,42788,1,0
23,114214,0,0
55,22166,0,0
49,50219,0,0
38,80441,0,0
61,15403,0,0
61,90569,0,0
24,42224,1,1
43,98610,1,0
32,18485,1,0
59,89984,0,0
40,80491,1,0
55,101208,0,0
58,93946,0,0
32,29262,0,0
65,108296,0,0
57,90370,0,0
33,112815,0,0
49,42928,0,1
54,78179,0,1
35,101365,0,0
37,103379,1,0
63,49712,1,1
19,100491,1,0
40,49328,1,1
47,46632,1,0
20,52515,1,0
63,77074,1,1
56,87690,0,0
64,79947,1,1
18,43170,0,0
58,61857,0,0
39,64744,1,1
46,111699,0,0
31,92621,0,0
65,107780,0,0
45,20327,1,0
38,76246,1,1
62,97675,0,0
49,106411,0,0
23,48264,1,1
18,93596,1,0
38,30656,0,0
21,33805,1,1
20,114902,0,0
47,43855,0,0
48,19127,1,0
51,76722,1,1
36,53319,0,1
37,84126,0,1
40,27973,0,1
57,97381,1,0
42,118270,1,0
32,63087,0,1
55,72711,0,1
40,42281,0,1
19,31549,1,1
32,76426,0,1
61,42623,0,1
52,115032,1,0
27,104616,0,0
31,19697,0,0
44,30730,0,1
31,43245,0,1
52,59134,1,0
50,46313,0,1
18,99093,0,0
51,80573,0,0
36,68595,0,1
41,44908,0,1
59,82557,0,1
21,54648,1,0
53,52289,1,0
30,77710,1,1
49,23839,1,1
26,111541,1,0
56,83838,1,1
33,23511,0,1
20,101527,0,0
37,119672,0,0
27,90450,0,0
39,24948,1,1
65,59638,0,1
20,108890,0,0
28,20873,0,0
42,46461,0,1
59,88034,1,0
65,104092,0,0
25,113142,1,0
26,42091,0,0
32,86171,1,0
49,67999,0,0
20,48532,1,1
21,37690,0,0
47,32036,0,0
30,60040,0,1
61,71196,0,0
38,62911,0,1
58,59562,0,1
63,25321,0,0
36,44152,0,1
56,100884,0,0
65,101531,0,0
39,69911,1,1
37,105298,0,0
54,15145,0,0
48,85637,0,0
27,19247,0,0
35,90114,0,0
60,84724,0,1
56,112310,1,0
63,78289,1,1
37,58547,0,1
35,17696,0,0
28,77041,0,0
39,34713,0,0
61,59549,0,1
35,58548,1,1
51,67633,0,1
40,111411,0,0
18,105886,0,0
27,19641,1,1
18,86095,0,0
55,114564,1,0
56,26631,0,1
26,50816,0,0
48,17023,0,1
24,40656,0,0
34,101190,0,0
52,102253,1,0
65,49842,0,0
54,113086,0,0
35,70189,0,1
50,60923,0,0
21,50080,1,0
40,18474,0,1
28,94707,0,0
26,18260,0,1
47,75218,1,0
25,64109,0,0
57,20618,0,0
22,60765,0,0
29,49118,0,0
18,24285,1,1
32,119352,0,0
42,72083,0,1
35,88677,0,0
55,43352,0,1
59,59056,0,1
63,78045,1,0
43,38707,0,1
57,37161,0,1
20,82390,0,0
39,33650,1,0
43,31944,0,1
36,22546,0,1
61,69139,1,0
61,22207,0,1
64,109804,0,0
56,87022,0,0
53,46222,0,0
38,44121,0,1
58,99303,1,0
65,53915,0,1
43,25017,0,1
30,30094,0,1
53,46236,0,1
41,22664,1,0
58,44921,0,0
43,110381,1,0
38,95109,1,0
35,82219,1,0
32,78590,0,1
32,24390,0,0
23,48777,0,1
60,63588,0,0
48,112313,0,0
45,57667,0,1
25,109647,1,0
46,44980,0,0
38,115916,0,0
34,38808,0,1
41,78470,0,1
53,87762,0,0
48,102983,0,0
64,117645,0,0
51,32926,0,0
19,32621,0,1
59,26167,0,1
20,86245,0,1
47,93776,0,0
25,50031,0,1
24,47146,0,0
29,22998,0,0
36,55508,1,1
43,91348,0,0
45,46101,0,1
32,94764,1,0
31,39747,0,0
65,75800,0,1
31,110326,1,0
20,16882,0,0
46,53955,1,1
23,99195,0,0
40,74965,0,1
45,103794,0,0
31,104422,0,0
31,56560,0,1
37,46343,1,1
30,98943,0,0
44,18950,1,0
52,18889,0,1
62,45410,1,0
19,109504,0,0
58,33976,0,1
62,38016,0,1
57,89747,0,1
65,37742,0,1
41,38553,0,0
46,78338,0,0
20,44332,0,0
62,93625,0,0
21,19436,1,1
19,32087,0,0
37,70702,0,1
32,40428,1,1
49,89033,0,1
59,43154,1,1
18,107045,1,0
55,59747,0,0
52,49349,1,1
24,84493,0,1
62,52358,1,1
30,67484,0,1
18,95449,0,0
31,65837,1,1
46,90333,1,0
20,22531,0,1
63,28825,0,1
41,79028,0,1
18,87447,1,0
65,47316,0,0
27,86267,1,0
30,32279,0,1
53,59223,0,0
26,104952,0,0
31,43000,1,1
53,27045,1,0
27,66498,0,1
57,51299,1,1
40,91202,1,0
52,33245,1,1
24,113102,1,0
59,42339,0,0
52,85388,0,0
19,96950,0,0
32,78819,1,1
26,94817,1,0
64,43031,0,0
34,31626,1,1
56,38302,1,0
35,61691,0,1
32,45112,0,1
35,86047,1,0
41,118812,0,0
40,85204,0,1
29,21087,0,0
40,87551,1,0
38,111955,0,0
43,119966,1,0
25,46314,0,1
47,92150,0,0
51,84539,0,1
19,41235,1,1
22,75572,0,1
48,48366,0,0
50,66347,0,0
21,47837,1,1
23,23139,0,0
40,24585,0,0
62,18659,0,1
36,106761,0,0
60,20634,0,1
62,18682,0,1
25,50451,0,0
56,85098,0,1
30,19652,0,0
18,101851,0,0
23,90038,1,0
24,85249,0,0
65,20413,0,0
44,36984,1,0
32,35487,0,0
51,17075,0,0
40,48550,0,1
65,100726,0,0
41,112799,0,0
32,57293,1,1
52,92445,0,0
21,44212,0,1
61,29962,1,1
54,30853,0,1
34,65209,0,1
48,115358,0,0
55,94911,1,0
27,60964,0,0
44,82645,0,1
59,75501,0,1
23,81856,0,0
23,96523,0,0
32,52185,0,1
21,84235,0,1
65,64884,1,1
57,77858,1,1
24,108745,1,0
62,79326,0,0
64,54330,0,0
43,61415,0,1
48,76006,0,0
19,64127,0,1
45,37547,0,1
59,37939,0,0
30,94738,0,0
35,109756,0,0
47,102298,0,0
28,89332,1,1
30,16722,0,0
41,58364,1,1
46,26674,1,0
22,17812,1,1
52,17278,1,1
36,50118,0,1
30,84159,0,0
22,21530,1,1
61,64866,0,0
31,96523,0,0
55,15924,0,0
39,34546,0,0
26,68305,1,1
57,117833,0,0
43,92806,0,0
62,33953,1,1
22,50583,0,1
46,103892,1,0
39,85114,1,0
20,19462,1,1
45,15888,0,1
55,102868,1,0
31,100398,0,0
64,100509,0,0
31,82259,0,0
60,38410,0,0
28,23602,1,1
26,33614,0,0
55,33444,0,0
64,68050,0,0
61,83149,1,0
23,103618,1,0
18,96516,0,0
42,59866,0,1
33,81213,0,1
32,91638,0,0
51,72239,0,0
34,58211,1,1
20,18004,0,0
20,78789,0,0
54,89522,1,0
34,79084,0,1
55,114032,0,0
18,41269,1,1
24,94709,0,0
43,36118,1,0
64,113494,1,0
56,29089,0,1
36,57956,0,1
47,100786,0,0
60,106601,0,0
31,94226,0,0
30,28740,0,0
37,119343,1,0
43,119749,1,0
44,84581,0,1
42,86160,0,0
26,101078,0,0
58,58779,1,0
65,35495,0,1
29,54602,0,1
27,24033,0,0
23,68103,0,0
51,102140,1,0
58,35442,0,1
36,18247,0,1
23,65368,0,1
19,70244,1,1
32,40474,0,1
34,79784,0,1
33,20586,1,1
45,71228,0,1
38,22940,0,1
25,33606,0,1
27,55747,1,1
27,79727,0,1
27,49282,0,1
26,72760,0,0
45,77996,0,1
41,17883,0,0
36,51594,1,1
50,111031,0,0
21,93103,1,0
20,84875,0,1
59,113978,1,0
29,103209,1,0
35,30426,0,0
40,31486,1,0
37,91085,0,0
23,18993,0,0
51,27219,0,1
59,18708,0,1
19,43788,1,1
47,16495,0,0
26,109970,0,0
44,51160,0,1
59,22537,0,0
51,50553,1,1
57,37203,1,0
41,69032,0,1
34,86124,0,0
46,108844,0,0
53,118106,0,0
29,95747,0,0
48,52659,0,1
26,79043,1,1
36,18525,0,1
63,100437,0,0
63,19777,1,1
34,84725,0,0
19,60791,0,0
57,103853,0,0
22,46501,0,0
56,80258,1,1
65,98833,0,0
33,91185,1,0
34,38719,1,0
44,81686,0,1
24,94837,0,0
25,43434,0,0
25,117441,0,0
40,35520,0,1
49,71881,0,1
60,16510,0,0
64,43546,1,0
35,28982,0,0
55,84451,0,0
29,95270,1,0
32,103245,0,0
45,34636,0,1
55,113220,1,0
48,73087,0,0
26,25957,0,0
25,51706,0,1
63,114377,0,0
36,77871,0,1
25,76737,0,1
51,115496,0,0
21,55975,0,1
48,112364,1,0
55,43129,0,1
20,52939,0,0
52,80059,1,0
36,23298,0,0
60,79422,0,0
46,21480,0,0
27,108080,1,0
29,75389,1,0
63,83393,1,0
47,19349,0,0
47,81964,0,0
35,54491,0,1
41,61778,1,1
49,103699,0,0
26,42677,0,1
64,111440,0,0
41,96254,0,0
43,95345,0,0
20,28272,0,1
40,26828,0,0
28,59431,0,0
27,22856,0,1
53,26223,0,0
30,54413,0,1
46,71822,0,1
55,50689,1,0
30,88702,0,0
43,71396,0,1
37,27637,0,1
22,61534,0,0
37,81414,0,0
31,91240,1,0
62,89038,0,1
31,30266,1,1
25,63068,1,1
65,114625,0,0
30,59356,0,1
41,101295,0,0
32,30046,0,1
18,40270,1,1
39,91342,1,0
51,52988,0,1
57,67179,0,0
20,50892,0,0
43,44512,0,1
31,74165,0,1
58,20099,1,0
25,68487,0,0
33,110847,0,0
59,89088,0,1
38,92163,1,0
27,105845,1,0
42,65003,1,1
55,81886,0,0
39,92812,0,0
65,26739,0,0
64,101838,0,0
63,119034,1,0
21,27384,0,0
21,48094,0,0
47,17120,1,0
19,15993,0,0
46,102295,0,0
60,33150,0,1
53,79681,0,1
38,60388,1,1
38,106292,1,0
65,66116,0,1
38,70753,0,1
21,116085,0,0
18,54787,0,1
43,50673,0,1
19,23290,1,1
26,75123,0,1
62,31627,0,0
35,88474,0,1
65,73844,0,0
65,77904,0,0
59,79705,0,1
58,118798,0,0
28,83245,0,0
42,42629,0,1
43,59186,1,1
53,104621,0,0
59,61537,0,0
52,45832,0,0
55,38472,0,0
20,63850,0,1
58,101298,1,0
52,24507,1,0
57,90114,0,0
39,70696,0,1
25,87247,0,1
32,71373,0,1
62,76264,0,0
24,30979,1,1
36,30049,0,0
57,74081,0,0
59,39997,0,1
34,71144,0,1
18,55830,0,1
62,96369,1,0
46,100721,0,0
30,36746,0,0
65,102393,1,0
46,24603,1,1
58,91977,1,0
59,19570,0,1
23,47316,1,1
22,66604,1,0
51,33467,1,0
28,93381,1,0
26,59638,1,1
55,41943,0,0
57,85369,0,0
58,18340,0,0
26,58532,0,0
25,92848,0,0
61,117148,0,0
57,81175,0,0
20,73918,0,1
30,59188,0,1
36,30211,0,1
51,28496,1,1
49,109381,1,0
33,72248,0,1
53,110625,0,0
35,56145,0,1
31,118704,0,0
47,44672,1,1
19,96481,0,0
30,98238,0,0
44,89255,1,0
34,51027,1,1
48,51251,0,0
32,34403,0,1
37,107345,0,0
22,40150,0,0
24,90762,1,0
35,61940,1,1
28,65476,0,1
49,117708,1,0
44,119241,0,0
43,49202,0,1
54,23729,0,0
62,38938,1,0
45,118257,1,0
19,90302,0,0
37,88920,0,0
21,40762,0,1
30,43724,1,1
41,105586,0,0
65,35653,0,1
55,28507,1,1
57,87914,0,1
65,57773,0,0
62,50205,1,0
46,26571,0,0
53,52320,0,0
19,63853,0,1
58,45190,0,1
35,104116,0,0
25,51522,0,0
32,86801,0,1
58,59489,0,1
34,87277,0,1
40,16837,0,0
19,68763,0,1
23,97945,0,0
46,71964,0,1
